# Weber-f modular polynomial Phi_311^f(X,Y); r=q^(1/48).
312 0 1
0 312 1
311 23 -15785371642
23 311 -15785371642
311 47 1568831671508
47 311 1568831671508
311 71 -7978339895952
71 311 -7978339895952
311 95 8590056147898
95 311 8590056147898
311 119 -3349686265357
119 311 -3349686265357
311 143 615442870091
143 311 615442870091
311 167 -61565167829
167 311 -61565167829
311 191 3638774951
191 311 3638774951
311 215 -132476359
215 311 -132476359
311 239 2998351
239 311 2998351
311 263 -41052
263 311 -41052
311 287 311
287 311 311
311 311 -1
310 22 2234490973103998
22 310 2234490973103998
310 46 47553885050988806545
46 310 47553885050988806545
310 70 6228103343409108630652
70 310 6228103343409108630652
310 94 63674465629380352125090
94 310 63674465629380352125090
310 118 113890327399848333269000
118 310 113890327399848333269000
310 142 52675195645442541396660
142 310 52675195645442541396660
310 166 7710319739715378574040
166 310 7710319739715378574040
310 190 391994967493287893631
190 310 391994967493287893631
310 214 6981839191308448175
214 310 6981839191308448175
310 238 39932998123833360
238 310 39932998123833360
310 262 56836591890360
262 310 56836591890360
310 286 9594494615
286 310 9594494615
310 310 933
309 21 -12052319013064239581
21 309 -12052319013064239581
309 45 10581131734486833935300748
45 309 10581131734486833935300748
309 69 -12454491334313572499271748564
69 309 -12454491334313572499271748564
309 93 421527004752020691224167012975
93 309 421527004752020691224167012975
309 117 -1230750073986417485204875847331
117 309 -1230750073986417485204875847331
309 141 523233743966050325794456848056
141 309 523233743966050325794456848056
309 165 -46112539019253135224858379895
165 309 -46112539019253135224858379895
309 189 1179611164874110562540452343
189 309 1179611164874110562540452343
309 213 -10435600716720612990966008
213 309 -10435600716720612990966008
309 237 25930421740758330341676
237 309 25930421740758330341676
309 261 -9854559422398630360
261 309 -9854559422398630360
309 285 142119164538801
285 309 142119164538801
309 309 -399946
308 20 10224802370559076972516
20 308 10224802370559076972516
308 44 188700999778544416464107168865
44 308 188700999778544416464107168865
308 68 885942401547003958647441699887832
68 308 885942401547003958647441699887832
308 92 43674160382204928387914329479356528
92 308 43674160382204928387914329479356528
308 116 72622851355219427931093942810395464
116 308 72622851355219427931093942810395464
308 140 3536772953081905552418488515372867
140 308 3536772953081905552418488515372867
308 164 -131439804543262397143488038345875
164 308 -131439804543262397143488038345875
308 188 1119971848599472344407554987108
188 308 1119971848599472344407554987108
308 212 -7291898619118846500259911608
212 308 -7291898619118846500259911608
308 236 86310426774787621357067234
236 308 86310426774787621357067234
308 260 46933013742839716486728
260 308 46933013742839716486728
308 284 282370442159257773
284 308 282370442159257773
308 308 104418561
307 19 -2399260278647551173133880
19 307 -2399260278647551173133880
307 43 621842008580235306703979952189460
43 307 621842008580235306703979952189460
307 67 -6445599430218507178202596925036595671
67 307 -6445599430218507178202596925036595671
307 91 218401051447300509487632267974498323170
91 307 218401051447300509487632267974498323170
307 115 -73946349994814030594406167410708870020
115 307 -73946349994814030594406167410708870020
307 139 2721618675788551941350903336403101164
139 307 2721618675788551941350903336403101164
307 163 -6647015211129061944975127052714672
163 307 -6647015211129061944975127052714672
307 187 729265711123546131450304678232852
187 307 729265711123546131450304678232852
307 211 -11516454586525183527194832804370
211 307 -11516454586525183527194832804370
307 235 5825854779686074031654581723
235 307 5825854779686074031654581723
307 259 -21971923678017132869923954
259 307 -21971923678017132869923954
307 283 159884040334628023896
283 307 159884040334628023896
307 307 -18558136304
306 18 208641925328608157860561617
18 306 208641925328608157860561617
306 42 596797640802891022226458913589550718
42 306 596797640802891022226458913589550718
306 66 8031843175103542639344094930584542713714
66 306 8031843175103542639344094930584542713714
306 90 82177916646921088326045137861102475977921
90 306 82177916646921088326045137861102475977921
306 114 -3554982724511654188912207376665650966079
114 306 -3554982724511654188912207376665650966079
306 138 -34713167698451361806145370096573371469
138 306 -34713167698451361806145370096573371469
306 162 -920678861625714915541375005769928535
162 306 -920678861625714915541375005769928535
306 186 477325869101219079918168719582306239
186 306 477325869101219079918168719582306239
306 210 -1965742498005362993840579649792121
210 306 -1965742498005362993840579649792121
306 234 2247631623000581120369345468789
234 306 2247631623000581120369345468789
306 258 1050671897420193221230729953
258 306 1050671897420193221230729953
306 282 34260138135080552576703
282 306 34260138135080552576703
306 306 2377498613636
305 17 -7994192075508589216196159920
17 305 -7994192075508589216196159920
305 41 221451077078471513563950278738184043952
41 305 221451077078471513563950278738184043952
305 65 -2230454606807889803050640464141443040185307
65 305 -2230454606807889803050640464141443040185307
305 89 3147977659283774076314596764603838439673410
89 305 3147977659283774076314596764603838439673410
305 113 217591426390638330770517138607330018617580
113 305 217591426390638330770517138607330018617580
305 137 -18631059691505399112767989539189435192611
137 305 -18631059691505399112767989539189435192611
305 161 -3262473587997965362131035220162249038190
161 305 -3262473587997965362131035220162249038190
305 185 73069005961977314446046169173730978920
185 305 73069005961977314446046169173730978920
305 209 -150464321192687825700283653156444801
209 305 -150464321192687825700283653156444801
305 233 78258106489500675411137419087626
233 305 78258106489500675411137419087626
305 257 -1515372447449323624860637606
257 305 -1515372447449323624860637606
305 281 3220211945264514790148538
281 305 3220211945264514790148538
305 305 -226826520179550
304 16 150675080254339726102921700944
16 304 150675080254339726102921700944
304 40 38513519088433246354417055165955202500188
40 304 38513519088433246354417055165955202500188
304 64 145011800522372203957979945631130414820862935
64 304 145011800522372203957979945631130414820862935
304 88 27739259195418725966002325294192151310591391
88 304 27739259195418725966002325294192151310591391
304 112 56288418211420154716799388008854289266949480
112 304 56288418211420154716799388008854289266949480
304 136 3486440181535782660170458805820613454626001
136 304 3486440181535782660170458805820613454626001
304 160 -382422138794965937425437212253194874967708
160 304 -382422138794965937425437212253194874967708
304 184 4738922728672202520073762424776566779806
184 304 4738922728672202520073762424776566779806
304 208 1218305928097679155641128215851188978
208 304 1218305928097679155641128215851188978
304 232 -13642081699986512998302432572864596
232 304 -13642081699986512998302432572864596
304 256 -300686644299251054147179556169
256 304 -300686644299251054147179556169
304 280 150436121639627142215903661
280 304 150436121639627142215903661
304 304 16424897138353477
303 15 -1502524284515757041544465053960
15 303 -1502524284515757041544465053960
303 39 3602749496712161345134673531694829086059220
39 303 3602749496712161345134673531694829086059220
303 63 -1098521111552579423419307419583936393370659146
63 303 -1098521111552579423419307419583936393370659146
303 87 -457312226236086588079685824557433228536930080
87 303 -457312226236086588079685824557433228536930080
303 111 2876913168445766503634701703090638524195408312
111 303 2876913168445766503634701703090638524195408312
303 135 472360563589218521301987316143313398588525140
135 303 472360563589218521301987316143313398588525140
303 159 -21422193112645635202817545504906413214183238
159 303 -21422193112645635202817545504906413214183238
303 183 190203166743050033153348177589945042918327
183 303 190203166743050033153348177589945042918327
303 207 232591359532126538498150155653515262331
207 303 232591359532126538498150155653515262331
303 231 -187877257760412023076760643711600980
231 303 -187877257760412023076760643711600980
303 255 -31541485038857263965742954772506
255 303 -31541485038857263965742954772506
303 279 4282495096494924122711083878
279 303 4282495096494924122711083878
303 303 -912240204190205935
302 14 8319770267285671843103058065504
14 302 8319770267285671843103058065504
302 38 200684227000599688188113168156644048882129008
38 302 200684227000599688188113168156644048882129008
302 62 -23790026834024448704193609227971991689934047337
62 302 -23790026834024448704193609227971991689934047337
302 86 51237492935412735566047341093918675874414019347
86 302 51237492935412735566047341093918675874414019347
302 110 69659074683797049559748866457658609145817701044
110 302 69659074683797049559748866457658609145817701044
302 134 26220264628796660928271033447217327987568048809
134 302 26220264628796660928271033447217327987568048809
302 158 -778316186293991524731083157589407172953858130
158 302 -778316186293991524731083157589407172953858130
302 182 4853095636244648879520043186932676698007185
182 302 4853095636244648879520043186932676698007185
302 206 12610902051942193150830940250120790278685
206 302 12610902051942193150830940250120790278685
302 230 13693470840099566771185442194415601175
230 302 13693470840099566771185442194415601175
302 254 -473083919552837941664836006143180
254 302 -473083919552837941664836006143180
302 278 98063888229957129679352184913
278 302 98063888229957129679352184913
302 302 39052172598111061500
301 13 -26382621879447096744957283258944
13 301 -26382621879447096744957283258944
301 37 7187356952784760698172534617715395094379927968
37 301 7187356952784760698172534617715395094379927968
301 61 -103567566914621884208101653766193337675809630200
61 301 -103567566914621884208101653766193337675809630200
301 85 1050341021748961647763808002116949626564547674662
85 301 1050341021748961647763808002116949626564547674662
301 109 1175211206583097561017391124371155935020521298961
109 301 1175211206583097561017391124371155935020521298961
301 133 876479330856230821373757182676156233169543595236
133 301 876479330856230821373757182676156233169543595236
301 157 -20523303944263972353863177006044939554381676889
157 301 -20523303944263972353863177006044939554381676889
301 181 81420157854045601381886807383468997907116604
181 301 81420157854045601381886807383468997907116604
301 205 433932863339892878707771791301996514343572
205 301 433932863339892878707771791301996514343572
301 229 493076532080014256434464848044423446755
229 301 493076532080014256434464848044423446755
301 253 42551369651231332845096190624512345
253 301 42551369651231332845096190624512345
301 277 1986941714358038706556099795371
277 301 1986941714358038706556099795371
301 301 -1290384682099647213009
300 12 48744672657089442847803388979562
12 300 48744672657089442847803388979562
300 36 175518490500350011935016402689629496156779650494
36 300 175518490500350011935016402689629496156779650494
300 60 305593455179558436145306626250178292813085705714
60 300 305593455179558436145306626250178292813085705714
300 84 -12963271270660398903168835785512487673253941885597
84 300 -12963271270660398903168835785512487673253941885597
300 108 17641742862038194189405429126525090084552869610603
108 300 17641742862038194189405429126525090084552869610603
300 132 20097392210742001872857276173576660674230526642661
132 300 20097392210742001872857276173576660674230526642661
300 156 -401256998560394696897500701784827758503605177135
156 300 -401256998560394696897500701784827758503605177135
300 180 688983669854288223600015086702264018725059815
180 300 688983669854288223600015086702264018725059815
300 204 10433259164337633497354647330169026409505399
204 300 10433259164337633497354647330169026409505399
300 228 8347646384398656281704505712720676373331
228 300 8347646384398656281704505712720676373331
300 252 2649825624435599157106308603055731953
252 300 2649825624435599157106308603055731953
300 276 34978304843255847593100688171592
276 300 34978304843255847593100688171592
300 300 32906163071652146066304
299 11 -52765243758894193489914566517888
11 299 -52765243758894193489914566517888
299 35 3058924658489981167192377471413941712310771247952
35 299 3058924658489981167192377471413941712310771247952
299 59 11138130878456846720269282235299795878452162388804
59 299 11138130878456846720269282235299795878452162388804
299 83 -470106970645180920643987505079574241243902376131626
83 299 -470106970645180920643987505079574241243902376131626
299 107 151769317526680869302639682594160895121260429161287
107 299 151769317526680869302639682594160895121260429161287
299 131 344810680450865482194618482539811121689675410931568
131 299 344810680450865482194618482539811121689675410931568
299 155 -5901880077466677292873652400934232000329810290918
155 299 -5901880077466677292873652400934232000329810290918
299 179 -5774734694834541983799537928707508291119137580
179 299 -5774734694834541983799537928707508291119137580
299 203 192126399045603249894889703615714967262864339
203 299 192126399045603249894889703615714967262864339
299 227 123976441204498565488746013628964155759417
227 299 123976441204498565488746013628964155759417
299 251 71740568319727572531708772359398538236
251 299 71740568319727572531708772359398538236
299 275 557110435183928908307254830735292
275 299 557110435183928908307254830735292
299 299 -647790024769113219721901
298 10 33279081069142687372412232262016
10 298 33279081069142687372412232262016
298 34 39429750754877138987746230276451785934644119097744
34 298 39429750754877138987746230276451785934644119097744
298 58 246425466353393363867872909396152531668593195317966
58 298 246425466353393363867872909396152531668593195317966
298 82 -4448397633319331835435713701363399824152411990127541
82 298 -4448397633319331835435713701363399824152411990127541
298 106 -1632941997398592338675892482344923017405940055930623
106 298 -1632941997398592338675892482344923017405940055930623
298 130 4693419505007837945012158417577754914254203025164850
130 298 4693419505007837945012158417577754914254203025164850
298 154 -66076394106234304339556153362563903326592741191015
154 298 -66076394106234304339556153362563903326592741191015
298 178 -285187047272906870336696111000260135725601062502
178 298 -285187047272906870336696111000260135725601062502
298 202 2769964470252078804679419297547377467695518404
202 298 2769964470252078804679419297547377467695518404
298 226 2537264684807197863088310070073881891380107
226 298 2537264684807197863088310070073881891380107
298 250 1059953606004150661382802652349185083299
250 298 1059953606004150661382802652349185083299
298 274 8147939990469486055732692362080495
274 298 8147939990469486055732692362080495
298 298 9854273176399390295249651
297 9 -12020194276126056332355720431680
9 297 -12020194276126056332355720431680
297 33 386687618236483188065190476821296465581112896220328
33 297 386687618236483188065190476821296465581112896220328
297 57 5081389194647633221401834565317261352431821430003246
57 297 5081389194647633221401834565317261352431821430003246
297 81 -9277768368619811508144758545465901275552289513465784
81 297 -9277768368619811508144758545465901275552289513465784
297 105 -80388822581347620883013779806893402005210549103810705
105 297 -80388822581347620883013779806893402005210549103810705
297 129 52522823462173876389693291956551292560833397485727644
129 297 52522823462173876389693291956551292560833397485727644
297 153 -557253228364655027257264934631286601910277745377847
153 297 -557253228364655027257264934631286601910277745377847
297 177 -4395501229964202955591489179612639714886466351100
177 297 -4395501229964202955591489179612639714886466351100
297 201 28934490588572511499788652401258187226874630408
201 297 28934490588572511499788652401258187226874630408
297 225 57858563215465457497002553212913274480267370
225 297 57858563215465457497002553212913274480267370
297 249 6004396323812489539083940798855879334706
249 297 6004396323812489539083940798855879334706
297 273 109884126514565881542608798280399177
273 297 109884126514565881542608798280399177
297 297 -115376908266225453854699289
296 8 2410801284069435617646747215104
8 296 2410801284069435617646747215104
296 32 2950852575361052045609881245917080662564334144457888
32 296 2950852575361052045609881245917080662564334144457888
296 56 84737857706515552345445391795120015499441394086253838
56 296 84737857706515552345445391795120015499441394086253838
296 80 208458415666375425067326707603485403573595042012246543
80 296 208458415666375425067326707603485403573595042012246543
296 104 -1460538770157320587778113434193195528667311052613475725
104 296 -1460538770157320587778113434193195528667311052613475725
296 128 492240815187471980004885123880192303527361881512072350
128 296 492240815187471980004885123880192303527361881512072350
296 152 -3273199825908516822861795582239388415976315211300091
152 296 -3273199825908516822861795582239388415976315211300091
296 176 -30531124442367856974632558196086987360738284999121
176 296 -30531124442367856974632558196086987360738284999121
296 200 156895240734112885470717528603927134746920640937
200 296 156895240734112885470717528603927134746920640937
296 224 1122567236082369103511703487479558958064848349
224 296 1122567236082369103511703487479558958064848349
296 248 -101305768545804729677409852740022387472472
248 296 -101305768545804729677409852740022387472472
296 272 1379806274558839278586955623949324983
272 296 1379806274558839278586955623949324983
296 296 1011412015482295430496769255
295 7 -255814146416274854918277117440
7 295 -255814146416274854918277117440
295 31 17840021656931568353638191440478737632767858396593344
31 295 17840021656931568353638191440478737632767858396593344
295 55 1104012965238566353477347371645974994379047691366134184
55 295 1104012965238566353477347371645974994379047691366134184
295 79 3249768419094799231653620574296545480584812932301786424
79 295 3249768419094799231653620574296545480584812932301786424
295 103 -17351571025239406915486254818627203375554885194234201167
103 295 -17351571025239406915486254818627203375554885194234201167
295 127 3892109533291363605688423945285931670445560186005204184
127 295 3892109533291363605688423945285931670445560186005204184
295 151 -8658670244811269632850656624344199570711578179231898
151 295 -8658670244811269632850656624344199570711578179231898
295 175 140406428787104687970949541299328965900760991019806
175 295 140406428787104687970949541299328965900760991019806
295 199 -1076773258779618872842201196944512136833050348374
199 295 -1076773258779618872842201196944512136833050348374
295 223 17676799237119693434719257333680552962897803120
223 295 17676799237119693434719257333680552962897803120
295 247 -3190479213908073177982071280114398834009216
247 295 -3190479213908073177982071280114398834009216
295 271 16221340324255889963814671993303051894
271 295 16221340324255889963814671993303051894
295 295 -6028032969786305254458972089
294 6 13353083221030922103075943488
6 294 13353083221030922103075943488
294 30 86686173796612451847825987343418343661366347487800536
30 294 86686173796612451847825987343418343661366347487800536
294 54 11202275567519043764158065525000432060726611206122958170
54 294 11202275567519043764158065525000432060726611206122958170
294 78 38276424929671028001223454054036697950443652887544353994
78 294 38276424929671028001223454054036697950443652887544353994
294 102 -150437825162170037787328700129899888790739919853200415201
102 294 -150437825162170037787328700129899888790739919853200415201
294 126 26006993901306967413577651498273766734379427475830155160
126 294 26006993901306967413577651498273766734379427475830155160
294 150 61460677849068076992237226984068627251781055171922433
150 294 61460677849068076992237226984068627251781055171922433
294 174 6641929197649907143289003954919589672744394011007938
174 294 6641929197649907143289003954919589672744394011007938
294 198 -37812840936400026989635543240576634403762226302658
198 294 -37812840936400026989635543240576634403762226302658
294 222 228802148658334393803644785059571766431987096211
222 294 228802148658334393803644785059571766431987096211
294 246 -47228386211290517612777664424700998183133380
246 294 -47228386211290517612777664424700998183133380
294 270 179192543570854943865340782459147238237
270 294 179192543570854943865340782459147238237
294 294 15596200623147425085402435292
293 5 -307105315666886550161136640
5 293 -307105315666886550161136640
293 29 342441076686898666379831206705701073202499264883436928
29 293 342441076686898666379831206705701073202499264883436928
293 53 87567683928638130256818641261250809543345697957764304960
53 293 87567683928638130256818641261250809543345697957764304960
293 77 486990314381702651135517863829309321780048443600421723668
77 293 486990314381702651135517863829309321780048443600421723668
293 101 -971528384407732229136451485012242939200474566199492907243
101 293 -971528384407732229136451485012242939200474566199492907243
293 125 146917096402293841651407355723288033299347877932186713760
125 293 146917096402293841651407355723288033299347877932186713760
293 149 879571109595217986022802810538865083602250047917979748
149 293 879571109595217986022802810538865083602250047917979748
293 173 97054260526752808561056247371149597382893519767613995
173 293 97054260526752808561056247371149597382893519767613995
293 197 -507854819262081570922393228540116128771283462579685
197 293 -507854819262081570922393228540116128771283462579685
293 221 2472039147708978445679533117562620864669134361387
221 293 2472039147708978445679533117562620864669134361387
293 245 -474042402587225594265377232692469857378482600
245 293 -474042402587225594265377232692469857378482600
293 269 1866704907892773093137418582498220376374
269 293 1866704907892773093137418582498220376374
293 293 115014898408064948304774012212
292 4 2617549406863123704964096
4 292 2617549406863123704964096
292 28 1109746534650549556695646108184862103380574859623094912
28 292 1109746534650549556695646108184862103380574859623094912
292 52 504487085464732763938681955295628972193953902091587139080
52 292 504487085464732763938681955295628972193953902091587139080
292 76 6205475846841545794718198972513115349996792987742250168192
76 292 6205475846841545794718198972513115349996792987742250168192
292 100 -4371731652429710450522625037050275643233676791757153918981
100 292 -4371731652429710450522625037050275643233676791757153918981
292 124 705521703570369895356753421955303285402883661700037266564
124 292 705521703570369895356753421955303285402883661700037266564
292 148 3995401810572193322697107817319226030608564752921493564
148 292 3995401810572193322697107817319226030608564752921493564
292 172 935123854719607835983818860635250886302395058283608787
172 292 935123854719607835983818860635250886302395058283608787
292 196 -4489212643420200131868777416649484277458867403643064
196 292 -4489212643420200131868777416649484277458867403643064
292 220 22589788257208229736497636922203768065478788857365
220 292 22589788257208229736497636922203768065478788857365
292 244 -3323746161998996036347288749264773986303586517
244 292 -3323746161998996036347288749264773986303586517
292 268 18384542962351922134152813145824465581539
268 292 18384542962351922134152813145824465581539
292 292 -1604380384315621948869139812562
291 3 -6170787334688890665472
3 291 -6170787334688890665472
291 27 2970906837732516469709486378327938739846080689168955200
27 291 2970906837732516469709486378327938739846080689168955200
291 51 1795401490192061067831512707656276108893836171544873627496
51 291 1795401490192061067831512707656276108893836171544873627496
291 75 71385290071742384656518934022404712545995099251952015050748
75 291 71385290071742384656518934022404712545995099251952015050748
291 99 -8254683766876453330509537523252522702779621221736450081314
99 291 -8254683766876453330509537523252522702779621221736450081314
291 123 2955999448743435737271423486912794214436797141034769949320
123 291 2955999448743435737271423486912794214436797141034769949320
291 147 -12751457260945014331109086122534470723121650708946157204
147 291 -12751457260945014331109086122534470723121650708946157204
291 171 6550241232828208501375603965717982422133913467342581034
171 291 6550241232828208501375603965717982422133913467342581034
291 195 -27232848116697625124590675581015726240801290166107469
195 291 -27232848116697625124590675581015726240801290166107469
291 219 177508725112786139493621128259381123107287955215686
219 291 177508725112786139493621128259381123107287955215686
291 243 -12980015072514176111943477385483813170524389532
243 291 -12980015072514176111943477385483813170524389532
291 267 171516265424340756440272176619515897573675
267 291 171516265424340756440272176619515897573675
291 291 7322721701768823712430323890784
290 2 2288118756458493952
2 290 2288118756458493952
290 26 6604323097468940917148892135072351984509537893906128128
26 290 6604323097468940917148892135072351984509537893906128128
290 50 -740352640369039819188534806874348348813086180068702690464
50 290 -740352640369039819188534806874348348813086180068702690464
290 74 720480102016050542203825284802068175359824340560294263677404
74 290 720480102016050542203825284802068175359824340560294263677404
290 98 74140979847107731481353883647340733989129091490050323495559
98 290 74140979847107731481353883647340733989129091490050323495559
290 122 11700756939183825674037250036425200110946765450093409057900
122 290 11700756939183825674037250036425200110946765450093409057900
290 146 -318076853981305831190318661492992434788117412196136908104
146 290 -318076853981305831190318661492992434788117412196136908104
290 170 32303806908149323815457664039988581445343763993492008503
170 290 32303806908149323815457664039988581445343763993492008503
290 194 -90482322742647130679073298716153182519113394917748784
194 290 -90482322742647130679073298716153182519113394917748784
290 218 1233080505281491280628321979412031370537205542954539
218 290 1233080505281491280628321979412031370537205542954539
290 242 42545252737569852808888118100492521669671118034
242 290 42545252737569852808888118100492521669671118034
290 266 1518474572146612155297589113875461114387940
266 290 1518474572146612155297589113875461114387940
290 290 -4266025979090309941777594019734
289 1 -32328441122816
1 289 -32328441122816
289 25 12234670014000102780435522182088003404699608553395726848
25 289 12234670014000102780435522182088003404699608553395726848
289 49 -67538342483245330945998644516084753647592627949251416300736
49 289 -67538342483245330945998644516084753647592627949251416300736
289 73 6399793126690858253563388606819743833541760522756774724325248
73 289 6399793126690858253563388606819743833541760522756774724325248
289 97 1024869226091706476568451159520793476830322740462556520035628
97 289 1024869226091706476568451159520793476830322740462556520035628
289 121 50473513662523709166045347509179088738481891718245710407128
121 289 50473513662523709166045347509179088738481891718245710407128
289 145 -2151196708265700588191429074645732844407563397417681619212
145 289 -2151196708265700588191429074645732844407563397417681619212
289 169 81457663933756543099208206001357919574669380026770475580
169 289 81457663933756543099208206001357919574669380026770475580
289 193 246414789725184648623936188560837460523293819036694371
193 289 246414789725184648623936188560837460523293819036694371
289 217 7915718251922444382705382007020292449569040083270348
217 289 7915718251922444382705382007020292449569040083270348
289 241 1357258901118750192730333050519952386824004265061
241 289 1357258901118750192730333050519952386824004265061
289 265 12773985075297674085086239719818270763766279
265 289 12773985075297674085086239719818270763766279
289 289 -258484977318142859666438178093375
288 24 18927372525322576081279950507909027893593737895170698693
24 288 18927372525322576081279950507909027893593737895170698693
288 48 -598372518543069548344097137520150610514726527092726831522828
48 288 -598372518543069548344097137520150610514726527092726831522828
288 72 50482490238513571725117926549146923884063341904065070101174691
72 288 50482490238513571725117926549146923884063341904065070101174691
288 96 7797715968545753845158627899090686806051680662243231158816452
96 288 7797715968545753845158627899090686806051680662243231158816452
288 120 254150031295573665493273297610758348689552589256620205476508
120 288 254150031295573665493273297610758348689552589256620205476508
288 144 -4062852355190466302400133847903202050548300835690523282242
144 288 -4062852355190466302400133847903202050548300835690523282242
288 168 -327558192474309589712896131514974554167609485095009082348
168 288 -327558192474309589712896131514974554167609485095009082348
288 192 6424474622865540488975285758311637167723040860769967014
192 288 6424474622865540488975285758311637167723040860769967014
288 216 49439332943953751045205997528705848136928332132198925
216 288 49439332943953751045205997528705848136928332132198925
288 240 15148462769105966483531025449904597822519140911183
240 288 15148462769105966483531025449904597822519140911183
288 264 102190703750983669743015701634965693336802506
264 288 102190703750983669743015701634965693336802506
288 288 1253391255997919699892751045782313
287 23 24469340028000205560871044364176006809399217106791453696
23 287 24469340028000205560871044364176006809399217106791453696
287 47 -3479942988548611923207383138890073686130536655818252628038664
47 287 -3479942988548611923207383138890073686130536655818252628038664
287 71 356588167454002200644167635755006791060918003534027191449098876
71 287 356588167454002200644167635755006791060918003534027191449098876
287 95 45928082983973935439854496780258986835102770010640160226636374
95 287 45928082983973935439854496780258986835102770010640160226636374
287 119 1331849928100595384160090217638475872452115187556397959150170
119 287 1331849928100595384160090217638475872452115187556397959150170
287 143 57507658632084721219028920567986079463297624420375655015468
143 287 57507658632084721219028920567986079463297624420375655015468
287 167 -5552369424650092437617123260364242582554421948712697726927
167 287 -5552369424650092437617123260364242582554421948712697726927
287 191 56797998719805203873710246130292751500901221192625213814
191 287 56797998719805203873710246130292751500901221192625213814
287 215 307747545487196053212247689322766964021548705479889770
215 287 307747545487196053212247689322766964021548705479889770
287 239 120455771377523872579414857869122460311429236016001
239 287 120455771377523872579414857869122460311429236016001
287 263 777863607262690272357080554757554356728808490
263 287 777863607262690272357080554757554356728808490
287 287 4140731031426289223026509387562198
286 22 26417292389875763668595568540289407938038151575624512512
22 286 26417292389875763668595568540289407938038151575624512512
286 46 -15498048213077196100029856336480864623263561761389471052156072
46 286 -15498048213077196100029856336480864623263561761389471052156072
286 70 2271242120410499818516180385645362338204103852139341733949146999
70 286 2271242120410499818516180385645362338204103852139341733949146999
286 94 228383627847612687062546466089836750515216819374816295544509044
94 286 228383627847612687062546466089836750515216819374816295544509044
286 118 6291182483857394598880585907818678329763534201545680319619100
118 286 6291182483857394598880585907818678329763534201545680319619100
286 142 663219836998120253192627072138656632412488425123665627206048
142 286 663219836998120253192627072138656632412488425123665627206048
286 166 -39089532147027144897475095667054920429493594904846450484978
166 286 -39089532147027144897475095667054920429493594904846450484978
286 190 343005209834421095148168042930132854098839422803627652825
190 286 343005209834421095148168042930132854098839422803627652825
286 214 1853722966946038476352873252106857781507863933109267696
214 286 1853722966946038476352873252106857781507863933109267696
286 238 757524709926543236854931227696562100978490666456799
238 286 757524709926543236854931227696562100978490666456799
286 262 5636272244643166786946951474497336306873251364
262 286 5636272244643166786946951474497336306873251364
286 286 59141773946183499783359563141851479
285 21 23767254701860131757675891026623509918768645513351641600
21 285 23767254701860131757675891026623509918768645513351641600
285 45 -55268439403258917742456207631841355002686912257825981380948356
45 285 -55268439403258917742456207631841355002686912257825981380948356
285 69 13121552946776027147029724847725453597571036179132130538577276332
69 285 13121552946776027147029724847725453597571036179132130538577276332
285 93 993355073090159276109744555588086207569429919927218228563356357
93 285 993355073090159276109744555588086207569429919927218228563356357
285 117 24601282619028959587507875183247396273664913421124641659468111
117 285 24601282619028959587507875183247396273664913421124641659468111
285 141 3638016755808889023795257403677440087048508509786327010631140
141 285 3638016755808889023795257403677440087048508509786327010631140
285 165 -181457393112655187428071865413235883319619462072296924659666
165 285 -181457393112655187428071865413235883319619462072296924659666
285 189 1529298820824634578013864155199134476146883618207024325672
189 285 1529298820824634578013864155199134476146883618207024325672
285 213 10133668838129822471780051474454657451529710660329712699
213 285 10133668838129822471780051474454657451529710660329712699
285 237 3816085540231272419839945411672516326787608035947624
237 285 3816085540231272419839945411672516326787608035947624
285 261 38886515300683280819104457355183389889582291368
261 285 38886515300683280819104457355183389889582291368
285 285 1277565477262805829878482818112667728
284 20 17755944554408792907130337730957793654089197753969518592
20 284 17755944554408792907130337730957793654089197753969518592
284 44 -159292394838804654110360265181978727804855975670032321677263024
44 284 -159292394838804654110360265181978727804855975670032321677263024
284 68 69113214391569287276911683824084942982114776314070370081590224935
68 284 69113214391569287276911683824084942982114776314070370081590224935
284 92 3821293198968387791971991764236968978951733579933448993228602090
92 284 3821293198968387791971991764236968978951733579933448993228602090
284 116 72587685422143167126258434505943826550139239406219787749083722
116 284 72587685422143167126258434505943826550139239406219787749083722
284 140 9245104220472704312567549303088929356367661338658682155509360
140 284 9245104220472704312567549303088929356367661338658682155509360
284 164 -522223190155003801318135536159811118858847452314429767876101
164 284 -522223190155003801318135536159811118858847452314429767876101
284 188 4725945127674953146642227567490708682740779278922035714029
188 284 4725945127674953146642227567490708682740779278922035714029
284 212 46765193233710395326101961701559741791989685121607665702
212 284 46765193233710395326101961701559741791989685121607665702
284 236 14525024163769349200683602439405749709373313409457372
236 284 14525024163769349200683602439405749709373313409457372
284 260 255469178914575568789643109009031591079269579419
260 284 255469178914575568789643109009031591079269579419
284 284 12664460493804077464820445532956240606
283 19 10958114453980757324154598614582434342479976476269981696
19 283 10958114453980757324154598614582434342479976476269981696
283 43 -364238442576996109178201206457292028763579882927529542787398752
43 283 -364238442576996109178201206457292028763579882927529542787398752
283 67 333410411021546214577125741989697959434585370500165211946080865484
67 283 333410411021546214577125741989697959434585370500165211946080865484
283 91 12797320835847899681623549860653038768132799038551836980130121422
91 283 12797320835847899681623549860653038768132799038551836980130121422
283 115 97898566606331436123880491110816653553523725809591166299892042
115 283 97898566606331436123880491110816653553523725809591166299892042
283 139 -28282927761223531335332792510173681287407881487443928438433006
139 283 -28282927761223531335332792510173681287407881487443928438433006
283 163 -87449735354795245437554011428027071778514335898639521243848
163 283 -87449735354795245437554011428027071778514335898639521243848
283 187 6054567007041956936063548683843804508724899224218754908422
187 283 6054567007041956936063548683843804508724899224218754908422
283 211 165407804804953869473178067901890402878517087475555259824
211 283 165407804804953869473178067901890402878517087475555259824
283 235 30231548456565557174934179363857876930536111552778341
235 283 30231548456565557174934179363857876930536111552778341
283 259 1597632137516907312625039371387321052504446414413
259 283 1597632137516907312625039371387321052504446414413
283 283 109094663790777228828156065142826675826
282 18 5547915122983196918260863189978773994327446239219234304
18 282 5547915122983196918260863189978773994327446239219234304
282 42 -613187152415534854131007019500950503512151652979565987940246700
42 282 -613187152415534854131007019500950503512151652979565987940246700
282 66 1479233360177887191809305264163162208589502410408767553262880544874
66 282 1479233360177887191809305264163162208589502410408767553262880544874
282 90 34589261125858641420757660779111265725735063556196722251913431715
90 282 34589261125858641420757660779111265725735063556196722251913431715
282 114 -735380474757321947958970375622439445331783985753273456168376107
114 282 -735380474757321947958970375622439445331783985753273456168376107
282 138 -449171200558678379742708219519049936055317112007014301608556952
138 282 -449171200558678379742708219519049936055317112007014301608556952
282 162 9484211126344731977533992315562716959125411565588164367007111
162 282 9484211126344731977533992315562716959125411565588164367007111
282 186 -34774659688383359253379303027997041474482351445489205779278
186 282 -34774659688383359253379303027997041474482351445489205779278
282 210 341228210508767308466401742219559638537229878321325299904
210 282 341228210508767308466401742219559638537229878321325299904
282 234 -99801877666535349326244299688186063907381346939110414
234 282 -99801877666535349326244299688186063907381346939110414
282 258 9504015595394035795569195667263679385977093417305
258 282 9504015595394035795569195667263679385977093417305
282 282 804498539197442662164356611311300966387
281 17 2283522772087240749265688504381278416994285874763948032
17 281 2283522772087240749265688504381278416994285874763948032
281 41 -530732911398296070081091201058177666252023445491759351018526144
41 281 -530732911398296070081091201058177666252023445491759351018526144
281 65 6058561131981910354752880044350953292906420616901230737734424823376
65 281 6058561131981910354752880044350953292906420616901230737734424823376
281 89 52015413310947780209471658373688914167578262864069786932594867334
89 281 52015413310947780209471658373688914167578262864069786932594867334
281 113 -9325452869156152000177947741932070977211812860919467539381154718
113 281 -9325452869156152000177947741932070977211812860919467539381154718
281 137 -2683146209438568692561366429571245064508601926944431495451446022
137 281 -2683146209438568692561366429571245064508601926944431495451446022
281 161 66949667773424858459242724814755908070364019253112773245907099
161 281 66949667773424858459242724814755908070364019253112773245907099
281 185 -292830700193666101235955023487270814992523649085879249603844
185 281 -292830700193666101235955023487270814992523649085879249603844
281 209 -465994825615452181028485508407165242283750816995273999141
209 281 -465994825615452181028485508407165242283750816995273999141
281 233 -1572208018314676783247362127415414923916382798064216109
233 281 -1572208018314676783247362127415414923916382798064216109
281 257 53720608245253298162756061043974612148853263943995
257 281 53720608245253298162756061043974612148853263943995
281 281 4025253597172971315805268375057022388058
280 16 755418259292429323676129598954772649616469540981219328
16 280 755418259292429323676129598954772649616469540981219328
280 40 885413678408775474779696909394994833748888445899204773734688832
40 280 885413678408775474779696909394994833748888445899204773734688832
280 64 22986323768789464821796697149043335325548521259174088168640379982468
64 280 22986323768789464821796697149043335325548521259174088168640379982468
280 88 -173826272395596557165254072305559903594958601424565512492860570006
88 280 -173826272395596557165254072305559903594958601424565512492860570006
280 112 -71741691008167755210180234130412878933206122971675061377724627409
112 280 -71741691008167755210180234130412878933206122971675061377724627409
280 136 -9988439647686071674240306047168680059766942018301022766893627634
136 280 -9988439647686071674240306047168680059766942018301022766893627634
280 160 287541239557505840654229091121639670574082329331030814473810973
160 280 287541239557505840654229091121639670574082329331030814473810973
280 184 -1203263908955034004794319390205609351828986637792394554587900
184 280 -1203263908955034004794319390205609351828986637792394554587900
280 208 -7804307240459318731504265166617576829724947467610579016879
208 280 -7804307240459318731504265166617576829724947467610579016879
280 232 -10820766848420107544260609505510610580728476118130712675
232 280 -10820766848420107544260609505510610580728476118130712675
280 256 288074716312566601403966390486578264249300828489396
256 280 288074716312566601403966390486578264249300828489396
280 280 1829546310706584937861739207137499328829
279 15 197984060537079392289377524132503790377529802864807936
15 279 197984060537079392289377524132503790377529802864807936
279 39 5363180328635845972233349671896401015357791245756392538396645216
39 279 5363180328635845972233349671896401015357791245756392538396645216
279 63 81039234517498377230025944805093992908765997699194309813932248426252
63 279 81039234517498377230025944805093992908765997699194309813932248426252
279 87 -2130748786806483694111783986037042832794212324012350154621223353820
87 279 -2130748786806483694111783986037042832794212324012350154621223353820
279 111 -444740025489088303970605236343702072467726312512831468285528435096
111 279 -444740025489088303970605236343702072467726312512831468285528435096
279 135 -19428453222329822653454892597430450809243852860912478498045753348
135 279 -19428453222329822653454892597430450809243852860912478498045753348
279 159 812847865673767963231484533277243728588814086146178930882049860
159 279 812847865673767963231484533277243728588814086146178930882049860
279 183 -3044626229430959716365658473317642290165853018145871113705924
183 279 -3044626229430959716365658473317642290165853018145871113705924
279 207 -35685929023390051103038867384274937041428906098422986468937
207 279 -35685929023390051103038867384274937041428906098422986468937
279 231 -54221924395840761534928973600178120628187475361629132074
231 279 -54221924395840761534928973600178120628187475361629132074
279 255 1462600425327454711113525817799800633636777058679773
255 279 1462600425327454711113525817799800633636777058679773
279 279 -267370321833291247989992560273882867502744
278 14 40376064772994190323452139803086628797075577956089856
14 278 40376064772994190323452139803086628797075577956089856
278 38 14740461407933058897572554365189024961420897098529736426911018880
38 278 14740461407933058897572554365189024961420897098529736426911018880
278 62 266243241019119081528267232852366503651758146968794005230803714024464
62 278 266243241019119081528267232852366503651758146968794005230803714024464
278 86 -12874517782626854152374301140114791700193440559267098596538847522990
86 278 -12874517782626854152374301140114791700193440559267098596538847522990
278 110 -2298246313077969794096562404772638487756508552763075540382258656053
110 278 -2298246313077969794096562404772638487756508552763075540382258656053
278 134 35827080612123982953073359919272044671876765535591087400472594350
134 278 35827080612123982953073359919272044671876765535591087400472594350
278 158 920286528894816793911065768909074711983968607625724921650860261
158 278 920286528894816793911065768909074711983968607625724921650860261
278 182 -3102548253704777850900663347488214295504193813289755334543732
182 278 -3102548253704777850900663347488214295504193813289755334543732
278 206 -72858943802531246613516090859055143497604218918512882726676
206 278 -72858943802531246613516090859055143497604218918512882726676
278 230 -211791493174535720134929647745109145726626811588066612513
230 278 -211791493174535720134929647745109145726626811588066612513
278 254 7012463602382701490013157067850097404709588332443196
254 278 7012463602382701490013157067850097404709588332443196
278 278 -4277676517191264494168094255952649249348803
277 13 6264677700587481430409989061455752626812459515805696
13 277 6264677700587481430409989061455752626812459515805696
277 37 29376249245989015468000965746876317003874361186922692974390457088
37 277 29376249245989015468000965746876317003874361186922692974390457088
277 61 817201814725983294506562088380378977411987337542530408866813747631456
61 277 817201814725983294506562088380378977411987337542530408866813747631456
277 85 -60323108892625289235624352586621960680109013943186057576907942925328
85 277 -60323108892625289235624352586621960680109013943186057576907942925328
277 109 -9780574392153985940822698465494363047915910092908810082129367390986
109 277 -9780574392153985940822698465494363047915910092908810082129367390986
277 133 506834037855475592745539553913364458154724189457353786846436981144
133 277 506834037855475592745539553913364458154724189457353786846436981144
277 157 -5272915478697980847241310673825459775988786751070189948776301888
157 277 -5272915478697980847241310673825459775988786751070189948776301888
277 181 13146943908101780160744854572371687094447091026831495864712916
181 277 13146943908101780160744854572371687094447091026831495864712916
277 205 150339120630022495842542923893439701689208532709778760664264
205 277 150339120630022495842542923893439701689208532709778760664264
277 229 -616817794931151595444679126035464469151787970254430923243
229 277 -616817794931151595444679126035464469151787970254430923243
277 253 31638916750484463268575128513583745741043625444089655
253 277 31638916750484463268575128513583745741043625444089655
277 277 -46897758167878126777374538205651324659756488
276 12 718923737089433648885827185416722416258169448423424
12 276 718923737089433648885827185416722416258169448423424
276 36 46284916159207195750079368842381372983021837361948248006256435816
36 276 46284916159207195750079368842381372983021837361948248006256435816
276 60 2348777901979585761574327557615727145026192655301260764623776970138610
60 276 2348777901979585761574327557615727145026192655301260764623776970138610
276 84 -239117403672781804633029004780348034829826550930333933150777313747342
84 276 -239117403672781804633029004780348034829826550930333933150777313747342
276 108 -32685313117686350684328416795167771971338350940465336725383102140513
108 276 -32685313117686350684328416795167771971338350940465336725383102140513
276 132 2528056358410429512441442882138082460362297178094760418292471190340
132 276 2528056358410429512441442882138082460362297178094760418292471190340
276 156 -41426982189321679260281237395995118706845879812971165441011912703
156 276 -41426982189321679260281237395995118706845879812971165441011912703
276 180 99327768224604497616092007389341281796495033524031745669455176
180 276 99327768224604497616092007389341281796495033524031745669455176
276 204 1834808769616417126881301657260807375023909883196426108086096
204 276 1834808769616417126881301657260807375023909883196426108086096
276 228 -969806400853340762184678039206041743744556147160982530451
228 276 -969806400853340762184678039206041743744556147160982530451
276 252 133666285921880779345145757385552102071112820565144510
252 276 133666285921880779345145757385552102071112820565144510
276 276 -423334834099088952868338258786321926381925628
275 11 58878828157212759639429403588324516613160369913856
11 275 58878828157212759639429403588324516613160369913856
275 35 58752498491978030936001931493752634007748722373845385948780914176
35 275 58752498491978030936001931493752634007748722373845385948780914176
275 59 6334367276658543965035411839381415984809937533784992534155857862219440
59 275 6334367276658543965035411839381415984809937533784992534155857862219440
275 83 -824933849938000879572722882738604425349128565824352842413711434848968
83 275 -824933849938000879572722882738604425349128565824352842413711434848968
275 107 -72843338172539327399616569319222448101608276001235285249283396248314
107 275 -72843338172539327399616569319222448101608276001235285249283396248314
275 131 8148045880845842175772861455799985656328374333161662136080913360176
131 275 8148045880845842175772861455799985656328374333161662136080913360176
275 155 -167263967736150735327278143849413246964144165494229278791937784876
155 275 -167263967736150735327278143849413246964144165494229278791937784876
275 179 489338660420794952912434999526002443111105717285826459852881334
179 275 489338660420794952912434999526002443111105717285826459852881334
275 203 7080043341578794895768880583960836415612497445283361257604876
203 275 7080043341578794895768880583960836415612497445283361257604876
275 227 2444736674109799501773128297551755785313029383335859756834
227 275 2444736674109799501773128297551755785313029383335859756834
275 251 524796976798407397237685992082088979871141837370914051
251 275 524796976798407397237685992082088979871141837370914051
275 275 -3324050643531433549620559014565865757538642992
274 10 3288010375177825291274046147078456096884801667072
10 274 3288010375177825291274046147078456096884801667072
274 34 58961845631732235590290217460756099845683588394118945707644075520
34 274 58961845631732235590290217460756099845683588394118945707644075520
274 58 16058386842037537049227475827331210789296036375087684358623739592976496
58 274 16058386842037537049227475827331210789296036375087684358623739592976496
274 82 -2496706288134279440106085661829557606684661293606616838269640301587052
82 274 -2496706288134279440106085661829557606684661293606616838269640301587052
274 106 -4084276726529135474690174460665986874497909626398271402148827424077
106 274 -4084276726529135474690174460665986874497909626398271402148827424077
274 130 15606237863976860742752100602949031934517206484113509843347476134276
130 274 15606237863976860742752100602949031934517206484113509843347476134276
274 154 -439496795160713022760348759812431653448607055199714997661864918660
154 274 -439496795160713022760348759812431653448607055199714997661864918660
274 178 2311187925615089515075869419402500603157077927673506876145163340
178 274 2311187925615089515075869419402500603157077927673506876145163340
274 202 9200043703047612121280067058131455025214107352067612341967824
202 274 9200043703047612121280067058131455025214107352067612341967824
274 226 28188059316528833236729420372542808180315233678881044508533
226 274 28188059316528833236729420372542808180315233678881044508533
274 250 1891185796392004927873606555067638623282184383451399014
250 274 1891185796392004927873606555067638623282184383451399014
274 274 -23180615979159659078187070784266647706757987784
273 9 118054895508264102957372982286576159491988520960
9 273 118054895508264102957372982286576159491988520960
273 33 42905442629086767777866797375171208122862329966051140307173161728
33 273 42905442629086767777866797375171208122862329966051140307173161728
273 57 38330002134567247657593837015656660057484148155840868362556353798704216
57 273 38330002134567247657593837015656660057484148155840868362556353798704216
273 81 -6596751124446791652948025676733122141435929178152333025378720728895900
81 273 -6596751124446791652948025676733122141435929178152333025378720728895900
273 105 959554988377614803724770111034462263237191077372232754641956469669016
105 273 959554988377614803724770111034462263237191077372232754641956469669016
273 129 -6127318234843778114921525207797932541627883964816190680862507287540
129 273 -6127318234843778114921525207797932541627883964816190680862507287540
273 153 -537282019742539158003496462513170023079736205171672263947390189532
153 273 -537282019742539158003496462513170023079736205171672263947390189532
273 177 9774143127727182348132618350923211047551138286639682355429208844
177 273 9774143127727182348132618350923211047551138286639682355429208844
273 201 -54842027418335473196988786482967623023530456318944155992474064
201 273 -54842027418335473196988786482967623023530456318944155992474064
273 225 138524332972714433973563880598286044115374081367189872106157
225 273 138524332972714433973563880598286044115374081367189872106157
273 249 6115337819603501747225698246897147003602840910881561218
249 273 6115337819603501747225698246897147003602840910881561218
273 273 -144375539427501924586526679296979985152529221162
272 8 2524021986979561233083076127356040151052320768
8 272 2524021986979561233083076127356040151052320768
272 32 14166618854540407596475150550319917339982215134387276379755021312
32 272 14166618854540407596475150550319917339982215134387276379755021312
272 56 86265284721432892413631147085951152374985953538587243110702335595175264
56 272 86265284721432892413631147085951152374985953538587243110702335595175264
272 80 -14896184476471631305650238378296567689811479583877040589224868853166188
80 272 -14896184476471631305650238378296567689811479583877040589224868853166188
272 104 5858411390421369578783612526018005171041312079276428861798648640486967
104 272 5858411390421369578783612526018005171041312079276428861798648640486967
272 128 -199024394426175399901675376781115111543367294870580211203504094426876
128 272 -199024394426175399901675376781115111543367294870580211203504094426876
272 152 1691056790011856213678888956344318185270245263868898099783278425560
152 272 1691056790011856213678888956344318185270245263868898099783278425560
272 176 30860481687754225732036947574351819365218125768646945478043737600
176 272 30860481687754225732036947574351819365218125768646945478043737600
272 200 -413150593734768508894758294799813199542597441611142356590466587
200 272 -413150593734768508894758294799813199542597441611142356590466587
272 224 465015771907801342837187007423971963975103853394330846598821
224 272 465015771907801342837187007423971963975103853394330846598821
272 248 16906153373965547438587943856802296618233133598250897511
248 272 16906153373965547438587943856802296618233133598250897511
272 272 -798585641733662774171847006799822766953946117779
271 7 29026035574829418225854090934771259008876544
7 271 29026035574829418225854090934771259008876544
271 31 -16983453164745474242594918433861685320064750255736299232592836608
31 271 -16983453164745474242594918433861685320064750255736299232592836608
271 55 183291881189883319466652419917630264056971798045899289572522936153310016
55 271 183291881189883319466652419917630264056971798045899289572522936153310016
271 79 -27103608014076701439327221938930832277436210788380846597208979193970064
79 271 -27103608014076701439327221938930832277436210788380846597208979193970064
271 103 22937449299982153838674909406983078735820209428279332034196659828895864
103 271 22937449299982153838674909406983078735820209428279332034196659828895864
271 127 -982666867127591970309671001327889804456654609211518711331501746597176
127 271 -982666867127591970309671001327889804456654609211518711331501746597176
271 151 13855724918947037637300393914261027334076747448789340085816419244232
151 271 13855724918947037637300393914261027334076747448789340085816419244232
271 175 46983374590934071045423196937418510642238080909821424710443401622
175 271 46983374590934071045423196937418510642238080909821424710443401622
271 199 -1410085859308639813220449724685017948356954478185927079905104210
199 271 -1410085859308639813220449724685017948356954478185927079905104210
271 223 1018778693698454277251039482494215983814234657566677879142530
223 271 1018778693698454277251039482494215983814234657566677879142530
271 247 34719853108886317767951423584832869245643049166486535350
247 271 34719853108886317767951423584832869245643049166486535350
271 271 -3840411517741830515123771009837517005015355317949
270 6 156446920750633064130532845444019183419392
6 270 156446920750633064130532845444019183419392
270 30 -39243977754594230664384449248060832224777705790692223228175788800
30 270 -39243977754594230664384449248060832224777705790692223228175788800
270 54 368078925764820321579667550050022931863067764434983087768150310147706664
54 270 368078925764820321579667550050022931863067764434983087768150310147706664
270 78 -32076746745227127650337036174531556452085978980845561982797845527414868
78 270 -32076746745227127650337036174531556452085978980845561982797845527414868
270 102 65575891677337997156469327738283429217487923805328045030847201893542506
102 270 65575891677337997156469327738283429217487923805328045030847201893542506
270 126 -3143669913435043002162929810968628443473205021795076786178579600722540
126 270 -3143669913435043002162929810968628443473205021795076786178579600722540
270 150 54006557724633618539475641996924331257643720048715172826997817720652
150 270 54006557724633618539475641996924331257643720048715172826997817720652
270 174 -158012631710729199584496321863397214340040098893506678652360488204
174 270 -158012631710729199584496321863397214340040098893506678652360488204
270 198 -2072914358028841736492223236640453765930522964523485324701177478
198 270 -2072914358028841736492223236640453765930522964523485324701177478
270 222 408723939628857457652075406643138645465862599309351116081185
222 270 408723939628857457652075406643138645465862599309351116081185
270 246 16397800703022431030270705215744009668072855697386928815
246 270 16397800703022431030270705215744009668072855697386928815
270 270 -15153937578413988312484652460241400642784694582684
269 5 326024302994514408481216241173507604480
5 269 326024302994514408481216241173507604480
269 29 -46622520649855501974809754426533379681738225014723781476787040256
29 269 -46622520649855501974809754426533379681738225014723781476787040256
269 53 699264516713695564557671338191107632183152772474997620051313657472819840
53 269 699264516713695564557671338191107632183152772474997620051313657472819840
269 77 13637916393910578699775482297905524826461453166632091734427900717351040
77 269 13637916393910578699775482297905524826461453166632091734427900717351040
269 101 127154345371806778471917376699561066233651193523035299935352604578114420
101 269 127154345371806778471917376699561066233651193523035299935352604578114420
269 125 -6891107827098999184376235295155651222662357106940130389806194116778664
125 269 -6891107827098999184376235295155651222662357106940130389806194116778664
269 149 145438833425407040982792357667263811591979442260978570540406617759096
149 269 145438833425407040982792357667263811591979442260978570540406617759096
269 173 -1488298783760287321930299344471130975389076996589614948099041023942
173 269 -1488298783760287321930299344471130975389076996589614948099041023942
269 197 5783413798447922581979336542019741947617383002535968017140336303
197 269 5783413798447922581979336542019741947617383002535968017140336303
269 221 -8742735605049336841625248287630353979335607969875840931119576
221 269 -8742735605049336841625248287630353979335607969875840931119576
269 245 -316153121956203671651160388743114011095142085568322986402
245 269 -316153121956203671651160388743114011095142085568322986402
269 269 -39824841989432226335482842394530242174235325088358
268 4 197867339543786990038267638699786240
4 268 197867339543786990038267638699786240
268 28 -40778853078733991452252227886586554318043129771528274349379334144
28 268 -40778853078733991452252227886586554318043129771528274349379334144
268 52 1257732504521187932918693271071475104784605437439268523137276863414418816
52 268 1257732504521187932918693271071475104784605437439268523137276863414418816
268 76 224101497155147585028776519102958696204620344393681939044922440563017520
76 268 224101497155147585028776519102958696204620344393681939044922440563017520
268 100 69500575736665538753159938596368202509172339421402122788029293526941696
100 268 69500575736665538753159938596368202509172339421402122788029293526941696
268 124 -6931976984724075008215763125729252023231199415188271086385781577997960
124 268 -6931976984724075008215763125729252023231199415188271086385781577997960
268 148 256192130786153389433548972783270811932606118622155581016802270348316
148 268 256192130786153389433548972783270811932606118622155581016802270348316
268 172 -6017108340268753032847854962752827430546982361533298821531720714954
172 268 -6017108340268753032847854962752827430546982361533298821531720714954
268 196 49005927205350710176423225302668231858489604880997123074335989355
196 268 49005927205350710176423225302668231858489604880997123074335989355
268 220 -49713040127176568410272116598427331194068877702114222686161060
220 268 -49713040127176568410272116598427331194068877702114222686161060
268 244 -2171401650160603335687467134431341832997132004329036740552
244 268 -2171401650160603335687467134431341832997132004329036740552
268 268 33971548493655806960272020439888090613574763375851
267 3 22190241579242532761083834269696
3 267 22190241579242532761083834269696
267 27 -28297440974468565884137578307502773761375699076006902467045558272
27 267 -28297440974468565884137578307502773761375699076006902467045558272
267 51 2143166712209206275317758529116253953455284899006289091634805566708553920
51 267 2143166712209206275317758529116253953455284899006289091634805566708553920
267 75 825972119690470648636354793802735343608393154456237542441900354784103152
75 267 825972119690470648636354793802735343608393154456237542441900354784103152
267 99 -671343167031202200693755847513336886666811754290558879392251461677388516
99 267 -671343167031202200693755847513336886666811754290558879392251461677388516
267 123 21954012003914899715594305051582808629004406651475425578367623358280928
123 267 21954012003914899715594305051582808629004406651475425578367623358280928
267 147 60723821599449041001216603627770752776375427381662922596006003056400
147 267 60723821599449041001216603627770752776375427381662922596006003056400
267 171 -14373389331779756824011648296687652822628116198817094051756744565292
171 267 -14373389331779756824011648296687652822628116198817094051756744565292
267 195 166386940696990103339828057986427307694302261021082297330416795834
195 267 166386940696990103339828057986427307694302261021082297330416795834
267 219 -165073832176622099710064097329119444616007693684941625135929976
219 267 -165073832176622099710064097329119444616007693684941625135929976
267 243 -9653288334375544455376947058272051704990467135583149327344
243 267 -9653288334375544455376947058272051704990467135583149327344
267 267 1391399296351209697111591329328731048346853382268697
266 2 199455450284902555246919680
2 266 199455450284902555246919680
266 26 -15870001370191048806430572888556405374221887243662818357407817728
26 266 -15870001370191048806430572888556405374221887243662818357407817728
266 50 3461400977978114931258605268891138769056589403589087502010189708613174016
50 266 3461400977978114931258605268891138769056589403589087502010189708613174016
266 74 2144590567212146390846119902339742036773864056489738113431859858776686144
74 266 2144590567212146390846119902339742036773864056489738113431859858776686144
266 98 -3535741280725454136505991220087557720201083076690474784056689031440893444
98 266 -3535741280725454136505991220087557720201083076690474784056689031440893444
266 122 150879313260473818850164980632141079291465899719470129504676532400984392
122 266 150879313260473818850164980632141079291465899719470129504676532400984392
266 146 -1712608060720814894813941225269025207100019117646445608426692469416372
146 266 -1712608060720814894813941225269025207100019117646445608426692469416372
266 170 -10196161451855383638537703879779024176725860142390204085405548394618
170 266 -10196161451855383638537703879779024176725860142390204085405548394618
266 194 279617753017696617204871608152182196717274030084482941106674284599
194 266 279617753017696617204871608152182196717274030084482941106674284599
266 218 -338897753450676688719517690124347459897577950168137033744078136
218 266 -338897753450676688719517690124347459897577950168137033744078136
266 242 -33488931753123048807514287376369241092862819754542016430926
242 266 -33488931753123048807514287376369241092862819754542016430926
266 266 12143515028241548511194559440328679117725645319555833
265 1 13160313910265380864
1 265 13160313910265380864
265 25 -7126923240547557218728720668446870909195339071115781382223183872
25 265 -7126923240547557218728720668446870909195339071115781382223183872
265 49 5300534887929786500239224070393232997078129081233799801963769838186354176
49 265 5300534887929786500239224070393232997078129081233799801963769838186354176
265 73 4396871992612973877255221200720712039260624316293644069508128320691632000
73 265 4396871992612973877255221200720712039260624316293644069508128320691632000
265 97 -10749359860402365345319427865328985574519747163202107966974654094458836096
97 265 -10749359860402365345319427865328985574519747163202107966974654094458836096
265 121 504939666283264454563618533095360729402754833644072407741862199579728288
121 265 504939666283264454563618533095360729402754833644072407741862199579728288
265 145 -8490351578126068582086737643170760617730945482877490658572915487799736
145 265 -8490351578126068582086737643170760617730945482877490658572915487799736
265 169 82563995533815019210183092466484007552539813911403874980517090090032
169 265 82563995533815019210183092466484007552539813911403874980517090090032
265 193 -267049259677273205906635183411285582051314854062931850628631225148
193 265 -267049259677273205906635183411285582051314854062931850628631225148
265 217 -103924913829447807363560658575035880794571676776534745503334136
217 265 -103924913829447807363560658575035880794571676776534745503334136
265 241 -91052693240996102465728888323325083999398084071847909449032
241 265 -91052693240996102465728888323325083999398084071847909449032
265 265 77049177886138861265990018426181251527513325311510227
264 24 -2450933835952412870017421875282536900668319854971809101917503488
24 264 -2450933835952412870017421875282536900668319854971809101917503488
264 48 7697383505909291099096055406685376549237595283649911477449267392644314598
48 264 7697383505909291099096055406685376549237595283649911477449267392644314598
264 72 7087020847699899907713942722458654996712401702491432354689643585019675064
72 264 7087020847699899907713942722458654996712401702491432354689643585019675064
264 96 -22286959006976987374621752979988611963825845084307644710230032740965162901
96 264 -22286959006976987374621752979988611963825845084307644710230032740965162901
264 120 1124803992259346084001682989489090299137606712833408473228992340230420216
120 264 1124803992259346084001682989489090299137606712833408473228992340230420216
264 144 -26230908283140667821466466216514525079824088870787296052052281985815349
144 264 -26230908283140667821466466216514525079824088870787296052052281985815349
264 168 449549300993263315989193959428872458571013627529048825887241377670636
168 264 449549300993263315989193959428872458571013627529048825887241377670636
264 192 -3470837613534704660957837569625741482318832239400934939750065533968
192 264 -3470837613534704660957837569625741482318832239400934939750065533968
264 216 2554711363788736501985049565939955187346614573109723384746029830
216 264 2554711363788736501985049565939955187346614573109723384746029830
264 240 -167681620236937798251882887471008323430338733128831175458019
240 264 -167681620236937798251882887471008323430338733128831175458019
264 264 406286431279400308902485243017531384116741157614939728
263 23 -553274101622745751109620895875766301881078808160267602335629312
23 263 -553274101622745751109620895875766301881078808160267602335629312
263 47 10601069775859573000478448140786465994156258162467599603927539676372708352
47 263 10601069775859573000478448140786465994156258162467599603927539676372708352
263 71 7864663031699209495767332277169159635322668625069794619030377626881352204
71 263 7864663031699209495767332277169159635322668625069794619030377626881352204
263 95 -25240706821348374298652895121307488672829936002694780665782578874737711252
95 263 -25240706821348374298652895121307488672829936002694780665782578874737711252
263 119 1377672285679422907691483979639450713633470205824497140331024589485974912
119 263 1377672285679422907691483979639450713633470205824497140331024589485974912
263 143 -55040551323658216348308688158622848135208468273969371759719509517775048
143 263 -55040551323658216348308688158622848135208468273969371759719509517775048
263 167 1262939011925920365771534489690295791752679060194762887235111211325278
167 263 1262939011925920365771534489690295791752679060194762887235111211325278
263 191 -12066063323672950339495741707909532807226955719536605005096942332905
191 263 -12066063323672950339495741707909532807226955719536605005096942332905
263 215 12707924723040953472601673068578037768883634350382215907360746633
215 263 12707924723040953472601673068578037768883634350382215907360746633
263 239 -8158457288006595174811743813359214821990501205205553151259
239 263 -8158457288006595174811743813359214821990501205205553151259
263 263 1847756721957528031101085554730536362445369307795102621
262 22 -12129937659806348397584954275829323346953603974245624880562176
22 262 -12129937659806348397584954275829323346953603974245624880562176
262 46 13845603911912459725034421075564555076226357614356350008040758834452696064
46 262 13845603911912459725034421075564555076226357614356350008040758834452696064
262 70 1080993550168554473031266365749071090877015576756593163558665071421509884
70 262 1080993550168554473031266365749071090877015576756593163558665071421509884
262 94 27785660566218900128226572482639504740119332246020989301044962726948088547
94 262 27785660566218900128226572482639504740119332246020989301044962726948088547
262 118 -1428575145689626675543515238540214295782376131594845826129269441823454548
118 262 -1428575145689626675543515238540214295782376131594845826129269441823454548
262 142 -48017620665934367269862499359213553941338540825924948864416948397506506
142 262 -48017620665934367269862499359213553941338540825924948864416948397506506
262 166 1843730774383696947705160449012335154133983877220352611433965267284966
166 262 1843730774383696947705160449012335154133983877220352611433965267284966
262 190 -21695269556517358158323596948709001933886531164724821249334356260621
190 262 -21695269556517358158323596948709001933886531164724821249334356260621
262 214 35968014126662700505975532067206859841539443141419810181727109024
214 262 35968014126662700505975532067206859841539443141419810181727109024
262 238 1599549886146801399685799731181852304126806326536655349830861
238 262 1599549886146801399685799731181852304126806326536655349830861
262 262 7280230993277749156021441710702243759630241954935581761
261 21 58831716030613457070703008404480855536233223669182419025788928
21 261 58831716030613457070703008404480855536233223669182419025788928
261 45 17145333697673650202542068232930031627642279192050312733078444533668431360
45 261 17145333697673650202542068232930031627642279192050312733078444533668431360
261 69 -22905437966586785495116254378065874173646118149982295259349343911113500346
69 261 -22905437966586785495116254378065874173646118149982295259349343911113500346
261 93 239497337811762648255992223911612942099618067229892679247294564748950815484
93 261 239497337811762648255992223911612942099618067229892679247294564748950815484
261 117 -13711125051696267050060789289669333798297580337809474204618213813815050796
117 261 -13711125051696267050060789289669333798297580337809474204618213813815050796
261 141 199829203769005806632617112484665757634155968436230769145090529992737316
141 261 199829203769005806632617112484665757634155968436230769145090529992737316
261 165 -1697614095417329404001268169265211314663615763958899577112388172670159
165 261 -1697614095417329404001268169265211314663615763958899577112388172670159
261 189 3405755200469793085710270185258156224986978266039107577942354623202
189 261 3405755200469793085710270185258156224986978266039107577942354623202
261 213 55722123374713408504784695227780092397919726749017141478812543327
213 261 55722123374713408504784695227780092397919726749017141478812543327
261 237 8517500678548475604695066486449587743876752683469688368508001
237 261 8517500678548475604695066486449587743876752683469688368508001
261 261 24318573958910786929013329875157732854977986277864386039
260 20 33062065633016726417485460622254340321702962927474254746746880
20 260 33062065633016726417485460622254340321702962927474254746746880
260 44 20123720072339006926699092337143601676553686999028296370196429814630701056
44 260 20123720072339006926699092337143601676553686999028296370196429814630701056
260 68 -75524575192858151059759215159677546910583051914434147872928497901046823224
68 260 -75524575192858151059759215159677546910583051914434147872928497901046823224
260 92 734387223892785697025409323959824691251657869735672407642375718088421818195
92 260 734387223892785697025409323959824691251657869735672407642375718088421818195
260 116 -43861835157297796838108830978743512147306247793704407883866948514975227288
116 260 -43861835157297796838108830978743512147306247793704407883866948514975227288
260 140 1194149961405420950693002849508409544434739275248502982124795064277487998
140 260 1194149961405420950693002849508409544434739275248502982124795064277487998
260 164 -19746843690793985237026983000730640712982027545103427415309769699413752
164 260 -19746843690793985237026983000730640712982027545103427415309769699413752
260 188 164807194764743735138374043768323722718458014509907194149533916105618
188 260 164807194764743735138374043768323722718458014509907194149533916105618
260 212 -42263599776028492709299650111956729182554636978431687358529616681
212 260 -42263599776028492709299650111956729182554636978431687358529616681
260 236 29161872117230175097817312391234708397806984738807096421466460
236 260 29161872117230175097817312391234708397806984738807096421466460
260 260 63971927380105148473330395404547409049507915661525646267
259 19 11477671467894457009021732947394666108465407322720082979717120
19 259 11477671467894457009021732947394666108465407322720082979717120
259 43 22376464534838258065845482822115444229860888719199923841642037039130234880
43 259 22376464534838258065845482822115444229860888719199923841642037039130234880
259 67 -162076195914880900215005907302551341465978644458438051790104264477169430640
67 259 -162076195914880900215005907302551341465978644458438051790104264477169430640
259 91 1456367396112223705230345126036734875237579780878041958158771244207938318396
91 259 1456367396112223705230345126036734875237579780878041958158771244207938318396
259 115 -87424336951482140937509850004807053763909303016534960777517640983196791307
115 259 -87424336951482140937509850004807053763909303016534960777517640983196791307
259 139 3491721987434358799981486556776062765037131935946500081293348796330861392
139 259 3491721987434358799981486556776062765037131935946500081293348796330861392
259 163 -65895428050456241310789769245695127466016410074866694059314622682280708
163 259 -65895428050456241310789769245695127466016410074866694059314622682280708
259 187 594072445850641665661183389879064522031332510404771109435314681254436
187 259 594072445850641665661183389879064522031332510404771109435314681254436
259 211 -607154270235892032895405536784049374839064297321503156944889365475
211 259 -607154270235892032895405536784049374839064297321503156944889365475
259 235 70859770659162306623349926102185345281266138769392287782116358
235 259 70859770659162306623349926102185345281266138769392287782116358
259 259 96158684291198392356098928947338416028218480989100834480
258 18 2936609326371712208511451928985713262127116768017896746516480
18 258 2936609326371712208511451928985713262127116768017896746516480
258 42 23557051248948500581098723203201467639236336923838917617161619849453226496
42 258 23557051248948500581098723203201467639236336923838917617161619849453226496
258 66 -266412815493673930943548804526187922973409875880262254878182083513810788574
66 258 -266412815493673930943548804526187922973409875880262254878182083513810788574
258 90 1677818881117098920670828198423601863464141480281530309937825319329607007058
90 258 1677818881117098920670828198423601863464141480281530309937825319329607007058
258 114 -86493133682878677042325145959526049386650122626657092775221789630292746414
114 258 -86493133682878677042325145959526049386650122626657092775221789630292746414
258 138 5782934765721520946564640835437662454898600642534498617395545224172391864
138 258 5782934765721520946564640835437662454898600642534498617395545224172391864
258 162 -123315889019872028774788708279102996599589205002711980537743096491559893
162 258 -123315889019872028774788708279102996599589205002711980537743096491559893
258 186 1117202298013635841855360063735103023965451217483948110510008454769535
186 258 1117202298013635841855360063735103023965451217483948110510008454769535
258 210 -2225557961473764818054181190403458840242564823593452823535746789315
210 258 -2225557961473764818054181190403458840242564823593452823535746789315
258 234 97117328504027197275144033515476103605720485864333572856490850
234 258 97117328504027197275144033515476103605720485864333572856490850
258 258 -210768683452558670818676390426952518790978955541379685573
257 17 578820749518997476331931498785524937853002156010967759060992
17 257 578820749518997476331931498785524937853002156010967759060992
257 41 23461360792305064891731509749456673799292390149875109065282935827623682048
41 257 23461360792305064891731509749456673799292390149875109065282935827623682048
257 65 -331105852879706327065017620554483197399979367401611656452222132634519040864
65 257 -331105852879706327065017620554483197399979367401611656452222132634519040864
257 89 -670060291986531851103770774277288795181721164887465036404689321806589410160
89 257 -670060291986531851103770774277288795181721164887465036404689321806589410160
257 113 130036621077394871090525791624066120088171746228527598375493965743558745025
113 257 130036621077394871090525791624066120088171746228527598375493965743558745025
257 137 -325045032540111986916008335485939349824290825204952844727892860809731656
137 257 -325045032540111986916008335485939349824290825204952844727892860809731656
257 161 -42612947964656055847137650414501328687491900552633760273280679503501964
161 257 -42612947964656055847137650414501328687491900552633760273280679503501964
257 185 334352306833560188032308865286402115378272656533710093335230644092673
185 257 334352306833560188032308865286402115378272656533710093335230644092673
257 209 -4762878761037953433678223509437675742667793506565425948389700066001
209 257 -4762878761037953433678223509437675742667793506565425948389700066001
257 233 -122559043873774898977418078170550350679093533147317324374673505
233 257 -122559043873774898977418078170550350679093533147317324374673505
257 257 -2525164457517384235660618111316547702661594669693810421368
256 16 88854083882467251816177747146959765372342259245387704434688
16 256 88854083882467251816177747146959765372342259245387704434688
256 40 22083912888686820457889573654003495007996404105878334236339797912364867584
40 256 22083912888686820457889573654003495007996404105878334236339797912364867584
256 64 -244479361826243310329592452171286085649144009296400950668459294300033277792
64 256 -244479361826243310329592452171286085649144009296400950668459294300033277792
256 88 -9069230617506749763012702474160098917543940082204846843368833886651255578540
88 256 -9069230617506749763012702474160098917543940082204846843368833886651255578540
256 112 846325293320566471209133520927782000172817319162013971063814876908924562507
112 256 846325293320566471209133520927782000172817319162013971063814876908924562507
256 136 -36235696890186821574887972059795713989175416726408762869207287653982463420
136 256 -36235696890186821574887972059795713989175416726408762869207287653982463420
256 160 614307799791577616319466615881996063118456944093723637803102050819506172
160 256 614307799791577616319466615881996063118456944093723637803102050819506172
256 184 -5512853802347595420586314873797157672355901172081332399565130776298241
184 256 -5512853802347595420586314873797157672355901172081332399565130776298241
256 208 -3631939067063757272295820486007009951961653111521772077422357629913
208 256 -3631939067063757272295820486007009951961653111521772077422357629913
256 232 -1348154394052474088298806095752713968979424018740138030589296520
232 256 -1348154394052474088298806095752713968979424018740138030589296520
256 256 -12889386475292421994190913062657873456329720119169059135314
255 15 10656445512333673305529300162324225279775099175574167355392
15 255 10656445512333673305529300162324225279775099175574167355392
255 39 19624961092898430800688044552016209949431883855790524601628853144936558592
39 255 19624961092898430800688044552016209949431883855790524601628853144936558592
255 63 144795564352275249210855974150673300592894306584734285680240025001230309872
63 255 144795564352275249210855974150673300592894306584734285680240025001230309872
255 87 -26126486732357746434194308681701025194647966025560600787605676735388380083332
87 255 -26126486732357746434194308681701025194647966025560600787605676735388380083332
255 111 2194199497236598357486177513986900551837276903503703581399343092488685061374
111 255 2194199497236598357486177513986900551837276903503703581399343092488685061374
255 135 -124972395851227832879841287541592124136524827046478057182030409262455155624
135 255 -124972395851227832879841287541592124136524827046478057182030409262455155624
255 159 2493253012852155166873816059782055589740438905272603865806614759015654832
159 255 2493253012852155166873816059782055589740438905272603865806614759015654832
255 183 -21143372758837789212616981981864756219589123431524873706856356570252384
183 255 -21143372758837789212616981981864756219589123431524873706856356570252384
255 207 18052249885998167610463055830407261370787311439430815538385755225492
207 255 18052249885998167610463055830407261370787311439430815538385755225492
255 231 -5191521210825140788678189107183016945793658698480283620967182870
231 255 -5191521210825140788678189107183016945793658698480283620967182870
255 255 -47404809132165241223451956107520113426485150087149264712594
254 14 1033583319227903199644474815371920148187707113494926065664
14 254 1033583319227903199644474815371920148187707113494926065664
254 38 16443788126246437938408935247187159848239141248089788783230709343207931904
38 254 16443788126246437938408935247187159848239141248089788783230709343207931904
254 62 963453782260170502184665220216901585505296126311176529023669442947395907776
62 254 963453782260170502184665220216901585505296126311176529023669442947395907776
254 86 -46864481831239449968589261781666470300130607240651286813613739614776428796080
86 254 -46864481831239449968589261781666470300130607240651286813613739614776428796080
254 110 3365557416836501984330113471726102956355083025505041368757584867712908216011
110 254 3365557416836501984330113471726102956355083025505041368757584867712908216011
254 134 -221755222151046599672222208178016444796729561654315845111137756191107497108
134 254 -221755222151046599672222208178016444796729561654315845111137756191107497108
254 158 5220212058354364882168398884639710747245631633336154993761599261486988652
158 254 5220212058354364882168398884639710747245631633336154993761599261486988652
254 182 -41625394359438683103008590566056177045032888920819069099654624546749317
182 254 -41625394359438683103008590566056177045032888920819069099654624546749317
254 206 94760553990518451900445201673321138044301353164245815694833508515021
206 254 94760553990518451900445201673321138044301353164245815694833508515021
254 230 -13027535356598664030451738909636484114145107453443271754639393770
230 254 -13027535356598664030451738909636484114145107453443271754639393770
254 254 -130728833728375126252164776593898661132899766261941894898868
253 13 93433413792070132052424663113293750104350837032020344832
13 253 93433413792070132052424663113293750104350837032020344832
253 37 12972784182596698040392523447053139936890752069191664709951196901825413120
37 253 12972784182596698040392523447053139936890752069191664709951196901825413120
253 61 2195748495056125514852196922230900494995676941159679635645917190623711869824
61 253 2195748495056125514852196922230900494995676941159679635645917190623711869824
253 85 -48074449749922886142519480206200356986973593600656384861857412358403477635872
85 253 -48074449749922886142519480206200356986973593600656384861857412358403477635872
253 109 1417805426427186952805208544525208349324538108989462394087666829822967154536
109 253 1417805426427186952805208544525208349324538108989462394087666829822967154536
253 133 -63934594387603113138453382331689753793702525621431140703850303266789694216
133 253 -63934594387603113138453382331689753793702525621431140703850303266789694216
253 157 3739363743270101977322545034502252757776656829235118475315025430556423772
157 253 3739363743270101977322545034502252757776656829235118475315025430556423772
253 181 -25787877718531003548165746991865419074663668516476733312397399879724472
181 253 -25787877718531003548165746991865419074663668516476733312397399879724472
253 205 248598403019149752204113067746388140033418091209205454814546838892745
205 253 248598403019149752204113067746388140033418091209205454814546838892745
253 229 -19185741511594259619490795183521029108569972661281957536504735406
229 253 -19185741511594259619490795183521029108569972661281957536504735406
253 253 -227510330795571402158399222474433591739876684153804531281001
252 12 5127007405733770667832016654830511257036386511276212224
12 252 5127007405733770667832016654830511257036386511276212224
252 36 9620594286508383279408445675994018386027285116113964091898990469687746560
36 252 9620594286508383279408445675994018386027285116113964091898990469687746560
252 60 3549482624700953629089271080922312834680283540406824652168022699178483310484
60 252 3549482624700953629089271080922312834680283540406824652168022699178483310484
252 84 18344226381957405241642745731286721213288569293243096452690104956105207971226
84 252 18344226381957405241642745731286721213288569293243096452690104956105207971226
252 108 -9007743659907300765267881895586932084298952375493440612821230192900239712358
108 252 -9007743659907300765267881895586932084298952375493440612821230192900239712358
252 132 912091880329716793395031130652824741523506025205503188528840857031779077016
132 252 912091880329716793395031130652824741523506025205503188528840857031779077016
252 156 -16643188758557655787925687233556785514368643690384832768168179147981416094
156 252 -16643188758557655787925687233556785514368643690384832768168179147981416094
252 180 133826382724810466006681579858392225245797169501301273262210669128215341
180 252 133826382724810466006681579858392225245797169501301273262210669128215341
252 204 347338556281164206953199055250560444650975417962114226299013529009769
204 252 347338556281164206953199055250560444650975417962114226299013529009769
252 228 9255440178862786925955869558825806941674586447998616141026425300
228 252 9255440178862786925955869558825806941674586447998616141026425300
252 252 108024034849818260602265121239609463895302071951399688861139
251 11 -3475150881442129819372620790385278247895992281491046400
11 251 -3475150881442129819372620790385278247895992281491046400
251 35 6694517266235255148597756628012064582959000269148409109436938220596887552
35 251 6694517266235255148597756628012064582959000269148409109436938220596887552
251 59 4391496990112251029704393844461800989991353882319359271291834381247423739648
59 251 4391496990112251029704393844461800989991353882319359271291834381247423739648
251 83 209484944599313757176075740970775513217747685603538019693092486968077543302256
83 251 209484944599313757176075740970775513217747685603538019693092486968077543302256
251 107 -31973068175752919886986872911623585527796377645304821572011461788116486805516
107 251 -31973068175752919886986872911623585527796377645304821572011461788116486805516
251 131 3063877582442071491461187283374327435650502747099713567607631372567200235608
131 251 3063877582442071491461187283374327435650502747099713567607631372567200235608
251 155 -75573548517285459904108234492145496174026982412256315791577183583249697772
155 251 -75573548517285459904108234492145496174026982412256315791577183583249697772
251 179 573089413823756767638600068520060387212370256610966645276594689973431604
179 251 573089413823756767638600068520060387212370256610966645276594689973431604
251 203 -227282669233431780714997152674880576939698021047163207930168689176974
203 251 -227282669233431780714997152674880576939698021047163207930168689176974
251 227 167807817979072077875288459814303556116661269254782501918489245270
227 251 167807817979072077875288459814303556116661269254782501918489245270
251 251 2876540880731826841829312513566740943886271944783236855891365
250 10 -1596521675360897300764705151349117386128914151708295168
10 250 -1596521675360897300764705151349117386128914151708295168
250 34 4362129260857247031759130343053172795830405479936720981701488050576818176
34 250 4362129260857247031759130343053172795830405479936720981701488050576818176
250 58 3853815129040682008738660880867606342021184505244706116094677771789583631104
58 250 3853815129040682008738660880867606342021184505244706116094677771789583631104
250 82 530673426622587406944756816233878736901927523147939374476671534219356177201456
82 250 530673426622587406944756816233878736901927523147939374476671534219356177201456
250 106 -59306068569531223407497244992068194518065027458828110079936804865469303248074
106 250 -59306068569531223407497244992068194518065027458828110079936804865469303248074
250 130 4749834491150426151040404538566898584550469032327730343761580770496247123484
130 250 4749834491150426151040404538566898584550469032327730343761580770496247123484
250 154 -155969296136328575017538449021170236517460719604940067381301556259528177964
154 250 -155969296136328575017538449021170236517460719604940067381301556259528177964
250 178 1193393191362516807667901685312638700149064693253099686483026224635565968
178 250 1193393191362516807667901685312638700149064693253099686483026224635565968
250 202 -2925935106081281556393801023620460396339642089614109241257354600997035
202 250 -2925935106081281556393801023620460396339642089614109241257354600997035
250 226 623509156950159498064219743162066496644589430476577037693228158757
226 250 623509156950159498064219743162066496644589430476577037693228158757
250 250 14086093350561324154246546321499781601678565521568308027826483
249 9 -147441007752621762750889433190098648014724132438540288
9 249 -147441007752621762750889433190098648014724132438540288
249 33 2655493636669386825073490159373319959634444212607199143982931916431425536
33 249 2655493636669386825073490159373319959634444212607199143982931916431425536
249 57 1158364514818201993686847793205386404743154452677874285441920200009842478976
57 249 1158364514818201993686847793205386404743154452677874285441920200009842478976
249 81 829195480157674606199337564407410634654914140055034139660168465026450702370616
81 249 829195480157674606199337564407410634654914140055034139660168465026450702370616
249 105 -54971795516198873499956675011962820027607866876366083873314161168965790647658
105 249 -54971795516198873499956675011962820027607866876366083873314161168965790647658
249 129 -135125928868379802673987541781070692297924379463377850044645242803741111984
129 249 -135125928868379802673987541781070692297924379463377850044645242803741111984
249 153 -102011470201172027039050350532792844363516935672618303807554771007414680980
153 249 -102011470201172027039050350532792844363516935672618303807554771007414680980
249 177 1034530896588411122452958402494951599227421439227665972915231477045071156
177 249 1034530896588411122452958402494951599227421439227665972915231477045071156
249 201 -9342267087661436868204694587934334886293809330125993167588686908995091
201 249 -9342267087661436868204694587934334886293809330125993167588686908995091
249 225 1433390358717538836900546029429864318129053093075372810872953127732
225 249 1433390358717538836900546029429864318129053093075372810872953127732
249 249 45269255140750695334438364510016151605213360287538983906802381
248 8 38926308798604020771185351544347700697907500270223360
8 248 38926308798604020771185351544347700697907500270223360
248 32 1506431714511386366561268344359704023895147889241233042220015942531022848
32 248 1506431714511386366561268344359704023895147889241233042220015942531022848
248 56 -3911669789219892965273479234740577370386304148742415210695348708800532444672
56 248 -3911669789219892965273479234740577370386304148742415210695348708800532444672
248 80 702568482446850714015101571274203287650042672295015496488820563755678081994976
80 248 702568482446850714015101571274203287650042672295015496488820563755678081994976
248 104 48171481445317117423281309573689023227199444014019987508179531629249734091894
104 248 48171481445317117423281309573689023227199444014019987508179531629249734091894
248 128 -20596023524384897118842933360420895412973298356922534273900031384672284731124
128 248 -20596023524384897118842933360420895412973298356922534273900031384672284731124
248 152 468937892424889107330067784995815216168939505468588038510866947833718535916
152 248 468937892424889107330067784995815216168939505468588038510866947833718535916
248 176 -2409431152885594187908180398264215779449906326486367191803097712722433404
176 248 -2409431152885594187908180398264215779449906326486367191803097712722433404
248 200 -16867766707907147874659879077677601604946913228892025607010925609738327
200 248 -16867766707907147874659879077677601604946913228892025607010925609738327
248 224 1820004172017416923608207596609473916812476932237241723929808419679
224 248 1820004172017416923608207596609473916812476932237241723929808419679
248 248 98615584136277560102649748737027883157411210950477998667223787
247 7 -1197466198931553207359297728167719821980338418089984
7 247 -1197466198931553207359297728167719821980338418089984
247 31 794107724691132954018169493173168150007830363098478115256326530449539072
31 247 794107724691132954018169493173168150007830363098478115256326530449539072
247 55 -10595387292150602466080563857743462316799339756851573006471108244304609307648
55 247 -10595387292150602466080563857743462316799339756851573006471108244304609307648
247 79 -437785530741816605759957322925626691634881697172963913733464500164372390362048
79 247 -437785530741816605759957322925626691634881697172963913733464500164372390362048
247 103 306187900295469365308706959002968606762769341756869555780666957396788964022920
103 247 306187900295469365308706959002968606762769341756869555780666957396788964022920
247 127 -53959802454222074725083578488811691571383779670441229203810383807744020573344
127 247 -53959802454222074725083578488811691571383779670441229203810383807744020573344
247 151 1910278051871952640265798218155558864827313142523559312713592635903388634236
151 247 1910278051871952640265798218155558864827313142523559312713592635903388634236
247 175 -12388443958606868075215436372956816366148097007786734149028762636771540008
175 247 -12388443958606868075215436372956816366148097007786734149028762636771540008
247 199 -7576234355713299569278684557143678938375171198573854816898444573463462
199 247 -7576234355713299569278684557143678938375171198573854816898444573463462
247 223 -1431278483538163170140031050860248626473806666204036014609325904484
223 247 -1431278483538163170140031050860248626473806666204036014609325904484
247 247 82612524865224626969596861434261630910438762214231846456086493
246 6 8624125940917629262431102654395000279629180174336
6 246 8624125940917629262431102654395000279629180174336
246 30 387772149970472060009658519168787994008486519874195961482544557555449856
30 246 387772149970472060009658519168787994008486519874195961482544557555449856
246 54 -17050420191595131580387123489676027070298232056336784312203653344883890468736
54 246 -17050420191595131580387123489676027070298232056336784312203653344883890468736
246 78 -2981771834086229215825168960962354038449469492902006741989872152696186254750136
78 246 -2981771834086229215825168960962354038449469492902006741989872152696186254750136
246 102 651663282101709911246492962010793673086782035334830840499697758188565653815634
102 246 651663282101709911246492962010793673086782035334830840499697758188565653815634
246 126 -56381036661915354541485699251383213915147827408981769657394492977967404014184
126 246 -56381036661915354541485699251383213915147827408981769657394492977967404014184
246 150 3388765153289911499833543273985932312302689341416414571102444929008706418172
150 246 3388765153289911499833543273985932312302689341416414571102444929008706418172
246 174 -27438553905540294462659815548278441180590533299252953940002874714852975164
174 246 -27438553905540294462659815548278441180590533299252953940002874714852975164
246 198 66009173216332476541853212768549734936442100903059521095026523976585761
198 246 66009173216332476541853212768549734936442100903059521095026523976585761
246 222 -15746143009287532678707604502267880560718764823929222921148146117802
222 246 -15746143009287532678707604502267880560718764823929222921148146117802
246 246 -455032122561193595673264128898437511901367923427536750746399807
245 5 -13841819377952361232160698927651171005060087808
5 245 -13841819377952361232160698927651171005060087808
245 29 174803077573664421748212101016294763756039894728790618640786844802875392
29 245 174803077573664421748212101016294763756039894728790618640786844802875392
245 53 -20745753077104755227520756134726571707645266490680070629133345853077687121920
53 245 -20745753077104755227520756134726571707645266490680070629133345853077687121920
245 77 -6394261540401741799890135988384012387307782304293187694540164392500996360956800
77 245 -6394261540401741799890135988384012387307782304293187694540164392500996360956800
245 101 753102134026101692860038703770395478920454333635678473103309881721013275247424
101 245 753102134026101692860038703770395478920454333635678473103309881721013275247424
245 125 69095851687008674666297284879246302562520599386744167291756532483882814967696
125 245 69095851687008674666297284879246302562520599386744167291756532483882814967696
245 149 882830029807774470637092326194486412963661365451920285457013557671635440204
149 245 882830029807774470637092326194486412963661365451920285457013557671635440204
245 173 -28787969599236768465908615802923789674810790129191943663514597058487750824
173 245 -28787969599236768465908615802923789674810790129191943663514597058487750824
245 197 269770321878231265697229899002645551496027309078811846702041865878447892
197 245 269770321878231265697229899002645551496027309078811846702041865878447892
245 221 -50646709897679243745430189222138036179523368848475460993734295428582
221 245 -50646709897679243745430189222138036179523368848475460993734295428582
245 245 -2848306129841282008728518252797940278015978658555064454732672941
244 4 3805093640784081809173298495084885308342272
4 244 3805093640784081809173298495084885308342272
244 28 72470457893854156975674945777523693172413983688302652378673551701442560
28 244 72470457893854156975674945777523693172413983688302652378673551701442560
244 52 -19334291249371686671298359080877452009109261290095141855469695462667986745344
52 244 -19334291249371686671298359080877452009109261290095141855469695462667986745344
244 76 -8496590135918142841978562441844456586094594774790556528407560859117704940524672
76 244 -8496590135918142841978562441844456586094594774790556528407560859117704940524672
244 100 12269178326163741715237330280085274559868084334341750573367361322752979147624
100 244 12269178326163741715237330280085274559868084334341750573367361322752979147624
244 124 383743273814313061710176584199778319732512046557036760988222647388833708738432
124 244 383743273814313061710176584199778319732512046557036760988222647388833708738432
244 148 -12909656913250846118622708656117854018119449290274817913011542598467185421420
148 244 -12909656913250846118622708656117854018119449290274817913011542598467185421420
244 172 32900539993275156665625529589947876105335298786786320109620077666724384404
172 244 32900539993275156665625529589947876105335298786786320109620077666724384404
244 196 577183456520100040966143209213577997279948072980977251434198853185527540
196 244 577183456520100040966143209213577997279948072980977251434198853185527540
244 220 -101803139889193557105560904220799098137627653533658456394039319247118
220 244 -101803139889193557105560904220799098137627653533658456394039319247118
244 244 -9488053651240211393689353152851832841748938231737109202040212289
243 3 -106983265938384392986594287798229925888
3 243 -106983265938384392986594287798229925888
243 27 27517891005437238883447681523857130463053293665139305823238412214206464
27 243 27517891005437238883447681523857130463053293665139305823238412214206464
243 51 -11727584238892434173499522241569727576906812492790935172786864082490112177152
51 243 -11727584238892434173499522241569727576906812492790935172786864082490112177152
243 75 -5547875655940295758239588342373256543453582094398903421132091794898165181265984
75 243 -5547875655940295758239588342373256543453582094398903421132091794898165181265984
243 99 -2052864369702011614768706871135073649115754325547216824831668470787663373785784
99 243 -2052864369702011614768706871135073649115754325547216824831668470787663373785784
243 123 660377668390292060454374167946074995372345795695167810865782182374548934520496
123 243 660377668390292060454374167946074995372345795695167810865782182374548934520496
243 147 -39757870089904742843116452983930471282070231051855861874512431785674585790872
147 243 -39757870089904742843116452983930471282070231051855861874512431785674585790872
243 171 222603028730082650732582811465386514871207917882623397646271332324578238304
171 243 222603028730082650732582811465386514871207917882623397646271332324578238304
243 195 563238071884150830751610503542037209320306948380963825021643922962805164
195 243 563238071884150830751610503542037209320306948380963825021643922962805164
243 219 -107621713594805120913199842585817144788968038786600701964207375481944
219 243 -107621713594805120913199842585817144788968038786600701964207375481944
243 243 -20484318300020319086186612900380000280888725647685403502416463600
242 2 106998000704201514868646732627968
2 242 106998000704201514868646732627968
242 26 9526279910606241030801689456233885836578825603443449592069843054493696
26 242 9526279910606241030801689456233885836578825603443449592069843054493696
242 50 1106937395372599780384016758527048797058063950598751399484073033135626121216
50 242 1106937395372599780384016758527048797058063950598751399484073033135626121216
242 74 5992562306375552564302668879533320700982314946735997144319730215734967356325632
74 242 5992562306375552564302668879533320700982314946735997144319730215734967356325632
242 98 -4955060139609125359858556268795282050509754499830751102519165473013450468223008
98 242 -4955060139609125359858556268795282050509754499830751102519165473013450468223008
242 122 141070645075129728068665210364091324117349360981100251640489055223079627828784
122 242 141070645075129728068665210364091324117349360981100251640489055223079627828784
242 146 -52284694726320506475704954927907054750132371101549973563824989632669553171004
146 242 -52284694726320506475704954927907054750132371101549973563824989632669553171004
242 170 523330822633182493350759589401507054793553535502299129472968769959713119124
170 242 523330822633182493350759589401507054793553535502299129472968769959713119124
242 194 -1032919632088427339957751437277150508784425098546963678335415141919013680
194 242 -1032919632088427339957751437277150508784425098546963678335415141919013680
242 218 122546899081461676734734424208023662510362295116380081184885002096878
218 242 122546899081461676734734424208023662510362295116380081184885002096878
242 242 -17894266516457169934114318677854887989523527407464517123668308109
241 1 -274133671435887062286336
1 241 -274133671435887062286336
241 25 2991278354209982492341269782635536007547945251789568770407442424004608
25 241 2991278354209982492341269782635536007547945251789568770407442424004608
241 49 16106829888919981047331496503642438933140825344142939379774213379853009313792
49 241 16106829888919981047331496503642438933140825344142939379774213379853009313792
241 73 25908548261119934990849028471552887509917273586978324764738431484956981763640832
73 241 25908548261119934990849028471552887509917273586978324764738431484956981763640832
241 97 -6377951469910406801402295146135436016248402193808924658327770429869831795903936
97 241 -6377951469910406801402295146135436016248402193808924658327770429869831795903936
241 121 -2074320258169175946231796795184072466978270031251170784523059373854051886866944
121 241 -2074320258169175946231796795184072466978270031251170784523059373854051886866944
241 145 29150133376418910534513603202803833419261989260021082577598181955950405454544
145 241 29150133376418910534513603202803833419261989260021082577598181955950405454544
241 169 620237620518154707028387426245634298080304583346757948082787602963139698712
169 241 620237620518154707028387426245634298080304583346757948082787602963139698712
241 193 -6208158622895106444723416095430157266576924406904850080594322881059645588
193 241 -6208158622895106444723416095430157266576924406904850080594322881059645588
241 217 958330531269532143734335340336205666367680126799834862361448315491968
217 241 958330531269532143734335340336205666367680126799834862361448315491968
241 241 76225797281451079915286121065741810621106654022966928687854587382
240 24 846955642949433711763796079187172557738489644806350959142549644640256
24 240 846955642949433711763796079187172557738489644806350959142549644640256
240 48 29028437392178790021996309391190650866533997373404906924808780124240589062144
48 240 29028437392178790021996309391190650866533997373404906924808780124240589062144
240 72 46467336825418570524582322031849595025536350611958971952599674666191579811251414
72 240 46467336825418570524582322031849595025536350611958971952599674666191579811251414
240 96 -2462238798692677629355758248599754996433655266443212796042211112348331086115868
96 240 -2462238798692677629355758248599754996433655266443212796042211112348331086115868
240 120 -5289679691562924158187765470061827363004745115379651342597578785275377389456804
120 240 -5289679691562924158187765470061827363004745115379651342597578785275377389456804
240 144 295803682977805843188558536968786561672228467277961509874027479256856969066976
144 240 295803682977805843188558536968786561672228467277961509874027479256856969066976
240 168 -318080678662078769357844013157169963408398904376865826707078468267805774905
168 240 -318080678662078769357844013157169963408398904376865826707078468267805774905
240 192 -15277560893100826834423717160174000167398611441510688221007747695459023914
192 240 -15277560893100826834423717160174000167398611441510688221007747695459023914
240 216 2820542584873533164674400518859501900320022331853721257945953071891937
216 240 2820542584873533164674400518859501900320022331853721257945953071891937
240 240 459634913922245111417617539072336671146530926635907109883134089844
239 23 214741423283615788290831480697107830719996322621126650026690279899136
23 239 214741423283615788290831480697107830719996322621126650026690279899136
239 47 36019175363485482002474772076304073025623034399077532217410587203105849344000
47 239 36019175363485482002474772076304073025623034399077532217410587203105849344000
239 71 51817096522239869981698056943105775019834547173956649529476862969913963527281664
71 239 51817096522239869981698056943105775019834547173956649529476862969913963527281664
239 95 9582511365256266959508629782527370748885032080931194453041072080414477472246296
95 239 9582511365256266959508629782527370748885032080931194453041072080414477472246296
239 119 -4771319651328688726728908329219996927113734750493173266392748378351869502104412
119 239 -4771319651328688726728908329219996927113734750493173266392748378351869502104412
239 143 653184429563362314673160131127646209443391804531066272537399062356618745829480
143 239 653184429563362314673160131127646209443391804531066272537399062356618745829480
239 167 -3410096449514111552711342505557818146941770254197492801014868601225299629320
167 239 -3410096449514111552711342505557818146941770254197492801014868601225299629320
239 191 -19781029527537058300485877068882458846512035622217991314747871911475779316
191 239 -19781029527537058300485877068882458846512035622217991314747871911475779316
239 215 5563449964939605189003618001184062250609183521195037859139028207609629
215 239 5563449964939605189003618001184062250609183521195037859139028207609629
239 239 1396806207708741881871164733005630208055807737740712985608539109166
238 22 48350601180901261653882771317543260098950602734550471541107044909056
22 238 48350601180901261653882771317543260098950602734550471541107044909056
238 46 35136971853203806467622828479934333530502988701527869250467591926197225783296
46 238 35136971853203806467622828479934333530502988701527869250467591926197225783296
238 70 23970249225502210257210675518133282803929259786943988577278920862939869425302528
70 238 23970249225502210257210675518133282803929259786943988577278920862939869425302528
238 94 26901252417335518389199048185284524425128823939744984306956487596797038096100344
94 238 26901252417335518389199048185284524425128823939744984306956487596797038096100344
238 118 7548750691796330381771365773025591016913474603951290056404330692287639478428357
118 238 7548750691796330381771365773025591016913474603951290056404330692287639478428357
238 142 496290934627103275169307134813938265161978836838884123381676980738264356396208
142 238 496290934627103275169307134813938265161978836838884123381676980738264356396208
238 166 -8590885501225982994617052125610224385743045673014325371486336257556797100446
166 238 -8590885501225982994617052125610224385743045673014325371486336257556797100446
238 190 8267816331756015652826296957533892787142779752716928580088072936769209288
190 238 8267816331756015652826296957533892787142779752716928580088072936769209288
238 214 6851165628630497863700340859520488031118295310074383620550750414374395
214 238 6851165628630497863700340859520488031118295310074383620550750414374395
238 238 2591474767029891504360082285351049175994971211193526991873264939534
237 21 9581171446050219869900031713469061614416557720731499025133201260544
21 237 9581171446050219869900031713469061614416557720731499025133201260544
237 45 27065454418017342214516073883328031739359826885221991790736190825565492084736
45 237 27065454418017342214516073883328031739359826885221991790736190825565492084736
237 69 -44383005247522366065916706738986052347628656755191227369056734359185321450127872
69 237 -44383005247522366065916706738986052347628656755191227369056734359185321450127872
237 93 37700205538150907159373484587010954950272949548614087639403964972948502051965836
93 237 37700205538150907159373484587010954950272949548614087639403964972948502051965836
237 117 33360269536052121291013707418150222395003965553923563664905620030586013087957212
117 237 33360269536052121291013707418150222395003965553923563664905620030586013087957212
237 141 -1305647254861409785832643523116621245611108961441952122083837019405986823160052
141 237 -1305647254861409785832643523116621245611108961441952122083837019405986823160052
237 165 -11399545325275864037385954678222034786707531716927203690201789619050970291356
165 237 -11399545325275864037385954678222034786707531716927203690201789619050970291356
237 189 117016786861691845316510715634976574225674068919076056583701862268120800200
189 237 117016786861691845316510715634976574225674068919076056583701862268120800200
237 213 -1226739301553955471420348238876533353835754311453230538538293680797968
213 237 -1226739301553955471420348238876533353835754311453230538538293680797968
237 237 1065027339554617708331454765299472361668724095832908658669449393811
236 20 1665769738643896505150062132685289584956988724202193334364696215552
20 236 1665769738643896505150062132685289584956988724202193334364696215552
236 44 14686715717559752132445897955931501114465998890184339557248037064737916190720
44 236 14686715717559752132445897955931501114465998890184339557248037064737916190720
236 68 -135945442174690285471656999069511305377513516396648904454520973745883279048394752
68 236 -135945442174690285471656999069511305377513516396648904454520973745883279048394752
236 92 24362372768467877646648236102992225693955474566480146699370748002191534755638800
92 236 24362372768467877646648236102992225693955474566480146699370748002191534755638800
236 116 49761758703600877377554326520561003533734412541809286021416489709085472462016469
116 236 49761758703600877377554326520561003533734412541809286021416489709085472462016469
236 140 -5195683711755342506307710377252042215709693313531706164969049933450796203476200
140 236 -5195683711755342506307710377252042215709693313531706164969049933450796203476200
236 164 488880897085101669660013306327551219851573395589468372789638813767558378346
164 236 488880897085101669660013306327551219851573395589468372789638813767558378346
236 188 328610431368536983316095420050030099530688636988976886444525470686748205872
188 236 328610431368536983316095420050030099530688636988976886444525470686748205872
236 212 -37800374793810721555297933618223294289069677108974665930292093055474400
212 236 -37800374793810721555297933618223294289069677108974665930292093055474400
236 236 -12960887038734767218637896164942024217859604502982079414057087841128
235 19 261450934217271418427943311146333107914156071319938974370251145216
19 235 261450934217271418427943311146333107914156071319938974370251145216
235 43 1787548977582647371336972015751072950053955589456801527814933802824635514880
43 235 1787548977582647371336972015751072950053955589456801527814933802824635514880
235 67 -204616369292855737596484351628288396393849033737382006225285260560031883550617600
67 235 -204616369292855737596484351628288396393849033737382006225285260560031883550617600
235 91 -24503241549785815017709040695554621037062137655740792364683581577537609133343456
91 235 -24503241549785815017709040695554621037062137655740792364683581577537609133343456
235 115 2304251297892627293165292005276045393628110078826334350115193024988002352069668
115 235 2304251297892627293165292005276045393628110078826334350115193024988002352069668
235 139 -7991289698507615876289043824447026990104322272345353501695858487410188598644696
139 235 -7991289698507615876289043824447026990104322272345353501695858487410188598644696
235 163 45113036859991411362527889349029807647783136058868628773892554958042168238464
163 235 45113036859991411362527889349029807647783136058868628773892554958042168238464
235 187 497950483167138694268100694264752700178465256834062005947059836636750597806
187 235 497950483167138694268100694264752700178465256834062005947059836636750597806
235 211 -137803467217984734584052005511758088833513782127962448096286662686078664
211 235 -137803467217984734584052005511758088833513782127962448096286662686078664
235 235 -58188474452059047461257981207459286689534320164108385329499425488494
234 18 41098998320184041325988745787561558620246429460694741538419245056
18 234 41098998320184041325988745787561558620246429460694741538419245056
234 42 -8408726698780820150769952010936400334575626873954779000418558417938643156992
42 234 -8408726698780820150769952010936400334575626873954779000418558417938643156992
234 66 -190833397381518669812810813501590658460766047545728431487351817772555920304008704
66 234 -190833397381518669812810813501590658460766047545728431487351817772555920304008704
234 90 -98445191841772477819011235388684612233330921804252541095971389385064179687371004
90 234 -98445191841772477819011235388684612233330921804252541095971389385064179687371004
234 114 -152627775483084111662508549965923202504673958061480057547257261156910588354079242
114 234 -152627775483084111662508549965923202504673958061480057547257261156910588354079242
234 138 -469088854574595944415730513704488774106185266428988510924200920096185965753068
138 234 -469088854574595944415730513704488774106185266428988510924200920096185965753068
234 162 127381102354634992190361296715217717316049941453432168585201624922520455594064
162 234 127381102354634992190361296715217717316049941453432168585201624922520455594064
234 186 93047431493171169984600803442842218099332676690258568636041491646548565244
186 234 93047431493171169984600803442842218099332676690258568636041491646548565244
234 210 -335641537891045785792387663942028387562274480697046502635055138515449793
210 234 -335641537891045785792387663942028387562274480697046502635055138515449793
234 234 -144435972592676811140894003271292958449615476888886799939218071682471
233 17 6978824539792892311819114183298200522444187249257017346728394752
17 233 6978824539792892311819114183298200522444187249257017346728394752
233 41 -14210096438484245644221990535918168193072476081818617300757501283648176914432
41 233 -14210096438484245644221990535918168193072476081818617300757501283648176914432
233 65 -56036547934952525537274537334480216529264857238139380957883456021039665966342144
65 233 -56036547934952525537274537334480216529264857238139380957883456021039665966342144
233 89 -159039301743352746778143997715732501023103597825610735800423687455925096933011136
89 233 -159039301743352746778143997715732501023103597825610735800423687455925096933011136
233 113 -340573277265873580060438916523976945749605520799280260954218212157931354516284560
113 233 -340573277265873580060438916523976945749605520799280260954218212157931354516284560
233 137 27648746969603064217031231087692562574420827522067033927295918632517800993187784
137 233 27648746969603064217031231087692562574420827522067033927295918632517800993187784
233 161 193398730202222082682149134359600781362509231191858358347319399233320150137336
161 233 193398730202222082682149134359600781362509231191858358347319399233320150137336
233 185 -1849801463677027341264073679983768177778164935711977609922817615199061103962
185 233 -1849801463677027341264073679983768177778164935711977609922817615199061103962
233 209 -565455481645181714030485480326384005410946126036545476409321400101045881
209 233 -565455481645181714030485480326384005410946126036545476409321400101045881
233 233 -193606217740252868825237510475206269542469309735179959477178261979202
232 16 895322077863056497522266807304324343961952234590344933674057728
16 232 895322077863056497522266807304324343961952234590344933674057728
232 40 -15619781533600717267953504357760701761911762016143451712887056082577588748288
40 232 -15619781533600717267953504357760701761911762016143451712887056082577588748288
232 64 179857531506393782787866002246196041638410924107523967101138064321453588990713856
64 232 179857531506393782787866002246196041638410924107523967101138064321453588990713856
232 88 -154056299422906827497644785862394860458665029231744053514873433150627278001850560
88 232 -154056299422906827497644785862394860458665029231744053514873433150627278001850560
232 112 -279059587648578317089159233873505157097447269795081876445484606137825697270584820
112 232 -279059587648578317089159233873505157097447269795081876445484606137825697270584820
232 136 67833300814983606930299036557131546754121948488039943764188828740802725393491448
136 232 67833300814983606930299036557131546754121948488039943764188828740802725393491448
232 160 70110427614019376318207178752339917793627403763583418689135177558810845451236
160 232 70110427614019376318207178752339917793627403763583418689135177558810845451236
232 184 -5937951599060513012999116732338823685512086476383906896846346776088871119598
184 232 -5937951599060513012999116732338823685512086476383906896846346776088871119598
232 208 -358865349342824428131870721427552650175825857617482797500818409355002157
208 232 -358865349342824428131870721427552650175825857617482797500818409355002157
232 232 142629941028572345762016729531256054563775107204629208507072475938578
231 15 -79695423446170726170332351173185150123323535596518587790000128
15 231 -79695423446170726170332351173185150123323535596518587790000128
231 39 -13834389814135838008563257944012220565156641747820521508839034934045494476800
39 231 -13834389814135838008563257944012220565156641747820521508839034934045494476800
231 63 424548085840729398374060832976594244943316039708177479506006254093542759613755392
63 231 424548085840729398374060832976594244943316039708177479506006254093542759613755392
231 87 -46762644381548361644311699084837642251613123019969013074724000019290150965136928
87 231 -46762644381548361644311699084837642251613123019969013074724000019290150965136928
231 111 392017194042281280224980981094371424092394309921141889633127515575621254559654372
111 231 392017194042281280224980981094371424092394309921141889633127515575621254559654372
231 135 65215703127767338441167691292593469369893012152620786131036745835357557620883376
135 231 65215703127767338441167691292593469369893012152620786131036745835357557620883376
231 159 -534285898815568238462751920540510474120157972419954244292138622697896255915064
159 231 -534285898815568238462751920540510474120157972419954244292138622697896255915064
231 183 -9969883543513904291635297123368208285835443904526857771721477790280890329116
183 231 -9969883543513904291635297123368208285835443904526857771721477790280890329116
231 207 1720813610362247900231376146171028361491940613768469562340031086320957640
207 231 1720813610362247900231376146171028361491940613768469562340031086320957640
231 231 1677861457700589108426636272111941818106955288284583812113788238254012
230 14 -76422889418841320631072177031099651424427041668464253855596544
14 230 -76422889418841320631072177031099651424427041668464253855596544
230 38 -10471945171146760792754715515754360787947901602419407431221705395507778551808
38 230 -10471945171146760792754715515754360787947901602419407431221705395507778551808
230 62 543409588861529504711430979823491826587573783703489919464111651040620725454290944
62 230 543409588861529504711430979823491826587573783703489919464111651040620725454290944
230 86 162053044978445261141847218996489379054227447509967887057186544955335519630840192
86 230 162053044978445261141847218996489379054227447509967887057186544955335519630840192
230 110 1604656430870831453789980130283264820006653679647879074902813831228116235343087408
110 230 1604656430870831453789980130283264820006653679647879074902813831228116235343087408
230 134 -75739421445179499139747817355233596978249988888509093659246860571317718283415208
134 230 -75739421445179499139747817355233596978249988888509093659246860571317718283415208
230 158 -1792825112168679517725561051920430170113597747167347973095032001675404603010500
158 230 -1792825112168679517725561051920430170113597747167347973095032001675404603010500
230 182 -5134708471273082115147153851149070262448524206009615290825195862953103588366
182 230 -5134708471273082115147153851149070262448524206009615290825195862953103588366
230 206 8418032474688055084685279670684365740345842058229905617777067469861120119
206 230 8418032474688055084685279670684365740345842058229905617777067469861120119
230 230 5342378641498097700587338401901661532888606453486086987492849046811530
229 13 -16152752516341472593352780746795241949972600519216197290426368
13 229 -16152752516341472593352780746795241949972600519216197290426368
229 37 -6920046693060713682390779755924118991319102680302692848694399052065531756544
37 229 -6920046693060713682390779755924118991319102680302692848694399052065531756544
229 61 429025166539394574696603117508148251069947260116045864331453413310622808683020288
61 229 429025166539394574696603117508148251069947260116045864331453413310622808683020288
229 85 436530453456178663147851953815515620936207647130539999186409167521808471884015360
85 229 436530453456178663147851953815515620936207647130539999186409167521808471884015360
229 109 2246769179885049089797951451776744592952776127607224857963118878317139234493419040
109 229 2246769179885049089797951451776744592952776127607224857963118878317139234493419040
229 133 -388201969629562698988500959773785994720404908881122201423651696916214151831637184
133 229 -388201969629562698988500959773785994720404908881122201423651696916214151831637184
229 157 -3071367583892384277728427839762884811405064713468906738723349083308093047620136
157 229 -3071367583892384277728427839762884811405064713468906738723349083308093047620136
229 181 24955125513882027106050233304311066778772305903268484208502797831193340911400
181 229 24955125513882027106050233304311066778772305903268484208502797831193340911400
229 205 21809677018898258099612603807028281756275902290825728232443239357389802004
205 229 21809677018898258099612603807028281756275902290825728232443239357389802004
229 229 9870848432552485738210407682544634538412966464552055977739640701370424
228 12 -890829218506604441782790727442729682499661028827579014971392
12 228 -890829218506604441782790727442729682499661028827579014971392
228 36 -4011724330777453657198128347464931535515523287493213348600151560638926159872
36 228 -4011724330777453657198128347464931535515523287493213348600151560638926159872
228 60 75137951260497531869768686515350410089629979825123723070218669900206931850141696
60 228 75137951260497531869768686515350410089629979825123723070218669900206931850141696
228 84 714316981131198513941354444441631178267905890693762090595426590129812080587354312
84 228 714316981131198513941354444441631178267905890693762090595426590129812080587354312
228 108 339031717810216565167764749718057783459990722768517378402355783289922726568533974
108 228 339031717810216565167764749718057783459990722768517378402355783289922726568533974
228 132 -638362633773676162993933739538383240637262901224300755120678096403947827269813704
132 228 -638362633773676162993933739538383240637262901224300755120678096403947827269813704
228 156 -1894029894062629543072723415522960066240462023771844262378709513396414736347744
156 228 -1894029894062629543072723415522960066240462023771844262378709513396414736347744
228 180 92111864348972134360687273183874160665091560560355722392069981714368581674692
180 228 92111864348972134360687273183874160665091560560355722392069981714368581674692
228 204 34497450013053456721357628036870464537232203581221929883327057953561415757
204 228 34497450013053456721357628036870464537232203581221929883327057953561415757
228 228 5703543864644776800481342471738926658328533733326604730752265810719254
227 11 144357770817888479971322460848492717227972643062596411326464
11 227 144357770817888479971322460848492717227972643062596411326464
227 35 -2024107655366190569137089316411830689347391660943688432312442341147799453696
35 227 -2024107655366190569137089316411830689347391660943688432312442341147799453696
227 59 -393825892351368283279519581849193324437287678776577104788335922040041288793063424
59 227 -393825892351368283279519581849193324437287678776577104788335922040041288793063424
227 83 873060906912357326295703907631031241872415294261079998372818335043616943768030720
83 227 873060906912357326295703907631031241872415294261079998372818335043616943768030720
227 107 -5042793618393296109201056796645194207655999200915044905433516958065797639946253936
107 227 -5042793618393296109201056796645194207655999200915044905433516958065797639946253936
227 131 -213207523741103946176765667237763985838743545309414623362437359053536778898938720
131 227 -213207523741103946176765667237763985838743545309414623362437359053536778898938720
227 155 6252745487529646756735440051008561955916675337349217256943900733595206000425592
155 227 6252745487529646756735440051008561955916675337349217256943900733595206000425592
227 179 166271948764979779244367669769531020799243906853742882923036382071880540800144
179 227 166271948764979779244367669769531020799243906853742882923036382071880540800144
227 203 9821505857289882148485383790835567123907720936812766696857948266433262088
203 227 9821505857289882148485383790835567123907720936812766696857948266433262088
227 227 -33478589651491639928519742213118973600549403698283873428300844050894756
226 10 14084054815144239329156440191112804951310874640593681645568
10 226 14084054815144239329156440191112804951310874640593681645568
226 34 -863994262939887118059522252307008500596610376183939659389716389137072783360
34 226 -863994262939887118059522252307008500596610376183939659389716389137072783360
226 58 -767827670323027148285366465030823449397339869030830683154247509848497009394974720
58 226 -767827670323027148285366465030823449397339869030830683154247509848497009394974720
226 82 648212179913781044567388875985957516216909790039871548228746179821342078523360768
82 226 648212179913781044567388875985957516216909790039871548228746179821342078523360768
226 106 -10687844284374459303486318495404726138478811013584550461286886389991759700167222064
106 226 -10687844284374459303486318495404726138478811013584550461286886389991759700167222064
226 130 1484501854153492704501452965229518386394711894572853917560385965763438456482861296
130 226 1484501854153492704501452965229518386394711894572853917560385965763438456482861296
226 154 24384594696890486682400100714344544457234195815937674565808500894166386897181324
154 226 24384594696890486682400100714344544457234195815937674565808500894166386897181324
226 178 119291820151793548001018588304519129999625389357155227918403748186663471135484
178 226 119291820151793548001018588304519129999625389357155227918403748186663471135484
226 202 -139397188857266106201119253941775865386684949594468359080235601335948632766
202 226 -139397188857266106201119253941775865386684949594468359080235601335948632766
226 226 -147324645346542841243903555619256511725407018427425247198193482923799956
225 9 -251410055135352969065788679478908081954535503595348951040
9 225 -251410055135352969065788679478908081954535503595348951040
225 33 -285984261103922617092730624632675612856323069678537481693709299130260520960
33 225 -285984261103922617092730624632675612856323069678537481693709299130260520960
225 57 -856112717245898635155679106881979193578224550725569766608262815265206438570622976
57 225 -856112717245898635155679106881979193578224550725569766608262815265206438570622976
225 81 -374101155052386893154493592678701138012904984159752104597792000154321207721095424
81 225 -374101155052386893154493592678701138012904984159752104597792000154321207721095424
225 105 -8417283303358658395644532234279688580510930104433463738710483610805363590986774584
105 225 -8417283303358658395644532234279688580510930104433463738710483610805363590986774584
225 129 3873846364671896455383224355460925152298977897466553757814746220451689586337446832
129 225 3873846364671896455383224355460925152298977897466553757814746220451689586337446832
225 153 43600361055469120639938027039984437521690819274877186147226980520231738075102640
153 225 43600361055469120639938027039984437521690819274877186147226980520231738075102640
225 177 -288964807443177518586778630963355059587343387504490552387253052388879091273996
177 225 -288964807443177518586778630963355059587343387504490552387253052388879091273996
225 201 -522261313067274783364112358918072036177396318842793550252807254007297145268
201 225 -522261313067274783364112358918072036177396318842793550252807254007297145268
225 225 -333738722533884689773326462232326456460690168022584058545913552597442388
224 8 30499638031255219468791294719618270366431632067622076416
8 224 30499638031255219468791294719618270366431632067622076416
224 32 -46661134695292174214685044255199944056828751474525492947894723853980532736
32 224 -46661134695292174214685044255199944056828751474525492947894723853980532736
224 56 -594361097748922352468800469346556242660159657227376842727019897595576685595197440
56 224 -594361097748922352468800469346556242660159657227376842727019897595576685595197440
224 80 -2464900790766509239962316573798317767338640467707904856237974930410036448029608960
80 224 -2464900790766509239962316573798317767338640467707904856237974930410036448029608960
224 104 8996039068650807689347754934779343094045944559183255676803763493335896609759443232
104 224 8996039068650807689347754934779343094045944559183255676803763493335896609759443232
224 128 3973774383127643032355024958259556064747891975578235302346320173968306758977327344
128 224 3973774383127643032355024958259556064747891975578235302346320173968306758977327344
224 152 28737359624142508684219545534133596666703638185521631208055064924785352061876988
152 224 28737359624142508684219545534133596666703638185521631208055064924785352061876988
224 176 -1242761996156214505040232642577230439937211400891135087891307155087472138815492
176 224 -1242761996156214505040232642577230439937211400891135087891307155087472138815492
224 200 -1074718982613716246266279474779821881713226586436281763208363595042123758586
200 224 -1074718982613716246266279474779821881713226586436281763208363595042123758586
224 224 -384212590257056888688642246896198670846828378780109086130334433253842044
223 7 6922476080723169505906586271437259005166062013849272320
7 223 6922476080723169505906586271437259005166062013849272320
223 31 27925562382305474345434600269234804153437462815208878542147888952123588608
31 223 27925562382305474345434600269234804153437462815208878542147888952123588608
223 55 -87826142591258702787873442926072796962058556524129817251635438787833287168491520
55 223 -87826142591258702787873442926072796962058556524129817251635438787833287168491520
223 79 -5089257655787287896900607926903440032739315130419543545613557998589603101856356352
79 223 -5089257655787287896900607926903440032739315130419543545613557998589603101856356352
223 103 35502014481141192445557257841617386582583789610122607219367555785004037478887680960
103 223 35502014481141192445557257841617386582583789610122607219367555785004037478887680960
223 127 -2704273781980969563317799272690252795733856829364002181074557800810053320991703744
127 223 -2704273781980969563317799272690252795733856829364002181074557800810053320991703744
223 151 -80123800330963373408574577815885655749196118307403253308555006547611705751101728
151 223 -80123800330963373408574577815885655749196118307403253308555006547611705751101728
223 175 -2372976312361468338505609502764780521263072447048080158763404875501143634314760
175 223 -2372976312361468338505609502764780521263072447048080158763404875501143634314760
223 199 -1076649368039206096595644229812134991690222767683670838873677339502799727480
199 223 -1076649368039206096595644229812134991690222767683670838873677339502799727480
223 223 381089970345214281420670062341347341326187973496189710978818893765039188
222 6 361422299598786614735965442184444441425711424585334784
6 222 361422299598786614735965442184444441425711424585334784
222 30 37139936332091751205286282146936191559299450883586595053590915659763548160
30 222 37139936332091751205286282146936191559299450883586595053590915659763548160
222 54 439830152771560779460333587247556686895943904206921481568341280510340499258212352
54 222 439830152771560779460333587247556686895943904206921481568341280510340499258212352
222 78 -6300492277873438580416719064875815182933178995472162630142168920644107499991744256
78 222 -6300492277873438580416719064875815182933178995472162630142168920644107499991744256
222 102 44106526521242099337189655139533051982289608342660990290485207690220577326087812024
102 222 44106526521242099337189655139533051982289608342660990290485207690220577326087812024
222 126 -16875934019687184872390149301008673294482985996914748118332974464124023011975245040
126 222 -16875934019687184872390149301008673294482985996914748118332974464124023011975245040
222 150 -311093142091137310000345215265823894795174909373484449657658880886713607769265960
150 222 -311093142091137310000345215265823894795174909373484449657658880886713607769265960
222 174 -2034893070196483259375218361776507552490785276487097031167483815743578362945556
174 222 -2034893070196483259375218361776507552490785276487097031167483815743578362945556
222 198 1454745346423850858946846548552963886991413821960109927899442946470936334104
198 222 1454745346423850858946846548552963886991413821960109927899442946470936334104
222 222 3167312223595059264015122044988238336723748832461860774975848915500067332
221 5 1921075964678490430942245493605946286125033570959360
5 221 1921075964678490430942245493605946286125033570959360
221 29 27482037233193056781430979417465079356075249427760191515191136665999507456
29 221 27482037233193056781430979417465079356075249427760191515191136665999507456
221 53 763555949372885541967807185439547654268560228156986862159145858083291565075202048
53 221 763555949372885541967807185439547654268560228156986862159145858083291565075202048
221 77 -3136414918372584322266757209030991492743953619934821422679498441924813969067962368
77 221 -3136414918372584322266757209030991492743953619934821422679498441924813969067962368
221 101 1579631750107569184114685062415736176533274116729738028943708159621735532994288512
101 221 1579631750107569184114685062415736176533274116729738028943708159621735532994288512
221 125 -27474748215898474163357870302198611476083122586869863446307482626137582649086364160
125 221 -27474748215898474163357870302198611476083122586869863446307482626137582649086364160
221 149 -523467192707286384903766291727434911672830608483328587577744821764179987901440048
149 221 -523467192707286384903766291727434911672830608483328587577744821764179987901440048
221 173 2854100148917749835770235365640038807335605725391809600691578630789801937171816
173 221 2854100148917749835770235365640038807335605725391809600691578630789801937171816
221 197 9455418885057784784764100421992828190492239917938729791618311051829926635664
197 221 9455418885057784784764100421992828190492239917938729791618311051829926635664
221 221 8608352785081099229325392140474905122512392523246592897898666825971473564
220 4 768323954777411697852883135543726059045307547648
4 220 768323954777411697852883135543726059045307547648
220 28 16412329317996446504365355975379124158764208088319165282400971428347248640
28 220 16412329317996446504365355975379124158764208088319165282400971428347248640
220 52 770060817680601655044115607280497135453898402415952430516011760970284996435640320
52 220 770060817680601655044115607280497135453898402415952430516011760970284996435640320
220 76 6236767428727776677541948442366009777652601489018917555038911488561032897443532800
76 220 6236767428727776677541948442366009777652601489018917555038911488561032897443532800
220 100 -89924237142493449338099508266795965402703090894013314791586197774061281165011456896
100 220 -89924237142493449338099508266795965402703090894013314791586197774061281165011456896
220 124 -10390061495656041266911869073307904883081141954392750991753578380735591288765268416
124 220 -10390061495656041266911869073307904883081141954392750991753578380735591288765268416
220 148 -268148342235013687009964473661583326825279695153340196750052273675145206202413440
148 220 -268148342235013687009964473661583326825279695153340196750052273675145206202413440
220 172 14753997099988667822629608663519609101774361677237254001941074031120973737850056
172 220 14753997099988667822629608663519609101774361677237254001941074031120973737850056
220 196 23215390156026606808738917219150995638373568060822973580249893122453044796620
196 220 23215390156026606808738917219150995638373568060822973580249893122453044796620
220 220 13038216004164698172008216279869375626979767125870903444101024154619016372
219 3 14831162980685950637859729617466430796595200
3 219 14831162980685950637859729617466430796595200
219 27 8532855104475847500644773946329768617478738310902601983869337234617401344
27 219 8532855104475847500644773946329768617478738310902601983869337234617401344
219 51 502262320986613661315350604360686904750098228927303892068822291052391700593901568
51 219 502262320986613661315350604360686904750098228927303892068822291052391700593901568
219 75 19302505235533264465599224108549608934539750168890412871374830066149633050606508032
75 219 19302505235533264465599224108549608934539750168890412871374830066149633050606508032
219 99 -155764629023796725119800889824757268504269164568915150685638219229225420531724642240
99 219 -155764629023796725119800889824757268504269164568915150685638219229225420531724642240
219 123 52386168381695125543015000110179523131492821977759307539044004992988953958301238080
123 219 52386168381695125543015000110179523131492821977759307539044004992988953958301238080
219 147 1079759522070952779510538358320406648297369644126829366647798636630466722629178736
147 219 1079759522070952779510538358320406648297369644126829366647798636630466722629178736
219 171 29604474103883877623791580197664931330531329053367115048647409485600547807050912
171 219 29604474103883877623791580197664931330531329053367115048647409485600547807050912
219 195 30984694677141990143823129827546847806362107540455785919822191415817347565832
195 219 30984694677141990143823129827546847806362107540455785919822191415817347565832
219 219 1874350412181691068824135742734727332944993884566565899494087792005408808
218 2 4480692182523325138898545066911989760
2 218 4480692182523325138898545066911989760
218 26 3923600850189325450433277513344887365767069558255900621486147425424900096
26 218 3923600850189325450433277513344887365767069558255900621486147425424900096
218 50 116541507255534197683421225870224805289501475716814819509330091345489275585036288
50 218 116541507255534197683421225870224805289501475716814819509330091345489275585036288
218 74 27546882475351570830539825341731353011331915714298863930323443299120167010406752256
74 218 27546882475351570830539825341731353011331915714298863930323443299120167010406752256
218 98 -76688682112529293405169658075269743192592418608272791139953335076190316066280627968
98 218 -76688682112529293405169658075269743192592418608272791139953335076190316066280627968
218 122 132471612049400606010268774113504140151372162088920893212219232492534469349958822656
122 218 132471612049400606010268774113504140151372162088920893212219232492534469349958822656
218 146 3534693331460699289207168064718949066385755203177115307566758761207368908353324784
146 218 3534693331460699289207168064718949066385755203177115307566758761207368908353324784
218 170 28522799587106350135591643799512331072529885077903210016351179108822963438093560
170 218 28522799587106350135591643799512331072529885077903210016351179108822963438093560
218 194 -3508512358474529690681136537912722402066030793766686610546901776919528986188
194 218 -3508512358474529690681136537912722402066030793766686610546901776919528986188
218 218 -53945228703989697900158794270410914939688666713960693631805942709084058908
217 1 1208942927086408471144300544
1 217 1208942927086408471144300544
217 25 1578076915073137158644723509357997174934887535957672481580825395312197632
25 217 1578076915073137158644723509357997174934887535957672481580825395312197632
217 49 -211734395167217543428674065237760969940810583791693458651229067409255762510217216
49 217 -211734395167217543428674065237760969940810583791693458651229067409255762510217216
217 73 19624983276044834733073673794616055293716545701747086239828115620688849863160414208
73 217 19624983276044834733073673794616055293716545701747086239828115620688849863160414208
217 97 188291993363031914467210012991757975124978806975138087322525873030250731310019375616
97 217 188291993363031914467210012991757975124978806975138087322525873030250731310019375616
217 121 127941135866032048702804929459019259153896397511445788471806021752703681016557902336
121 217 127941135866032048702804929459019259153896397511445788471806021752703681016557902336
217 145 5091736672063736971794368404121941758424033063330259287150202298732455503753299456
145 217 5091736672063736971794368404121941758424033063330259287150202298732455503753299456
217 169 -23920477508744561156993003080890113147837645215606690669134656679683812218004640
169 217 -23920477508744561156993003080890113147837645215606690669134656679683812218004640
217 193 -138574009472483888983060792191192414214681594829307823969049821015654421953592
193 217 -138574009472483888983060792191192414214681594829307823969049821015654421953592
217 217 -179268897579093068105275350036171164985674101668820001428917646967029706016
216 24 535854961094415639113960876141243007522730613282724797191757494508060672
24 216 535854961094415639113960876141243007522730613282724797191757494508060672
216 48 -373913125243198424213302068043912620457290389361967565754786668982244586465263616
48 216 -373913125243198424213302068043912620457290389361967565754786668982244586465263616
216 72 -10085330119445207569841185786264596465392251971351399612588896716178764128730595328
72 216 -10085330119445207569841185786264596465392251971351399612588896716178764128730595328
216 96 462137322105734207276358969563399918857916123594827870072249522373028068760638979363
96 216 462137322105734207276358969563399918857916123594827870072249522373028068760638979363
216 120 -85048221380507612449020775491453398189369422030593869430990414009820178954504593248
120 216 -85048221380507612449020775491453398189369422030593869430990414009820178954504593248
216 144 1006374947930555118104010866929785571189779070303182986541334477594957507380803084
144 216 1006374947930555118104010866929785571189779070303182986541334477594957507380803084
216 168 -156800182687339629124983860025009333341412190875627990130667055875379029818280568
168 216 -156800182687339629124983860025009333341412190875627990130667055875379029818280568
216 192 -396968055763832835736442458104407275171793257439394438355152119401401747017774
192 216 -396968055763832835736442458104407275171793257439394438355152119401401747017774
216 216 -322112026588783397356051142115518659801697027992015923245216275423980937792
215 23 140856953879702694838172417136482784478603837165176837315346912474300416
23 215 140856953879702694838172417136482784478603837165176837315346912474300416
215 47 -360688664479400660618677260586086604089203788844858034034509276536040592582377472
47 215 -360688664479400660618677260586086604089203788844858034034509276536040592582377472
215 71 -52248178441506052517087601837141491845106910771682710801021095361493662072045043712
71 215 -52248178441506052517087601837141491845106910771682710801021095361493662072045043712
215 95 376583986726063828934420025983515950249957613950276174645051746060501462620038751232
95 215 376583986726063828934420025983515950249957613950276174645051746060501462620038751232
215 119 -487175787347003126503517088583910476569109727117356771077350236534569271455568746086
119 215 -487175787347003126503517088583910476569109727117356771077350236534569271455568746086
215 143 -13394986635162939924909916723733894051720194699729404417548188702243157021887482808
143 215 -13394986635162939924909916723733894051720194699729404417548188702243157021887482808
215 167 -329024031936299951307185369919277832565603603829008868863678678968444223712399472
167 215 -329024031936299951307185369919277832565603603829008868863678678968444223712399472
215 191 -612412150576259878251797631311647960848515158198270472597324603412542213455940
191 215 -612412150576259878251797631311647960848515158198270472597324603412542213455940
215 215 -215803564920183715514715205136372868583204565102629264545444959556129716242
214 22 20379717359150258361674532100346729590524484318205315123689363599261696
22 214 20379717359150258361674532100346729590524484318205315123689363599261696
214 46 -237279580747390322985017999974049979137124536846322642378689712501258642171887616
46 214 -237279580747390322985017999974049979137124536846322642378689712501258642171887616
214 70 -81183705327355909895922585907941901115551817725227026063674007109852372471365763072
70 214 -81183705327355909895922585907941901115551817725227026063674007109852372471365763072
214 94 -306754728450117173620678632301078972770369674433091164559813340304761264265122511872
94 214 -306754728450117173620678632301078972770369674433091164559813340304761264265122511872
214 118 -736452947116135945108273417624652872155277831922631407545371851148806174140102808926
118 214 -736452947116135945108273417624652872155277831922631407545371851148806174140102808926
214 142 -34177095932719979007559121418804648341487253471270265900893881663491420997211212742
142 214 -34177095932719979007559121418804648341487253471270265900893881663491420997211212742
214 166 -342049751548755553986933140150670919148294726253921723798578904773007235338846760
166 214 -342049751548755553986933140150670919148294726253921723798578904773007235338846760
214 190 -223544841038210611749324470544603745733607802094889066221800513738864412407638
190 214 -223544841038210611749324470544603745733607802094889066221800513738864412407638
214 214 722550684580223513269868116618407679436623753676014407299868281096829091412
213 21 -4538060392647226256257119062842166343415808184656079031088661850488832
21 213 -4538060392647226256257119062842166343415808184656079031088661850488832
213 45 -90106154587252464485715933639954526627012966664573064642254011991018155590811648
45 213 -90106154587252464485715933639954526627012966664573064642254011991018155590811648
213 69 -67268259666395516592740986753354093334225037739531200916084112450770153432212570112
69 213 -67268259666395516592740986753354093334225037739531200916084112450770153432212570112
213 93 -1246117032190373800958407118598058148034153316551321205485105753833803364253797137920
93 213 -1246117032190373800958407118598058148034153316551321205485105753833803364253797137920
213 117 -237788566216448101089920457038916656470373403107495408103982425639088298898661189459
117 213 -237788566216448101089920457038916656470373403107495408103982425639088298898661189459
213 141 -38415767391195111203504838428253796544344018818257604016009158367707229897487920488
141 213 -38415767391195111203504838428253796544344018818257604016009158367707229897487920488
213 165 175003365505474569819064245343394233757149489785971621328794134091166272523686592
165 213 175003365505474569819064245343394233757149489785971621328794134091166272523686592
213 189 1709976555082213508982865009347045844212549286623343246910584267296048458589882
189 213 1709976555082213508982865009347045844212549286623343246910584267296048458589882
213 213 3112754865960467046085133870346059219755081743876838773665152301340236204556
212 20 -4806769785362853202878489764403640882041345409646381684751776933216256
20 212 -4806769785362853202878489764403640882041345409646381684751776933216256
212 44 18656418740134349814690159558048098384450021115170854989972634749262442451173376
44 212 18656418740134349814690159558048098384450021115170854989972634749262442451173376
212 68 804072870783466977049793677235668553555514774935420965576203391647939241418686464
68 212 804072870783466977049793677235668553555514774935420965576203391647939241418686464
212 92 -1438787794279895189409592132268735446443249454304213036665379164384980498640183310336
92 212 -1438787794279895189409592132268735446443249454304213036665379164384980498640183310336
212 116 1302194943790351491440655147437370949186241726620744448216432275667714431076833401308
116 212 1302194943790351491440655147437370949186241726620744448216432275667714431076833401308
212 140 13098132480563349713916178199417632600481220850169036914569137247395284694207029594
140 212 13098132480563349713916178199417632600481220850169036914569137247395284694207029594
212 164 1525283196242797490478078079054742641272224279136709356574673003989670360362807360
164 212 1525283196242797490478078079054742641272224279136709356574673003989670360362807360
212 188 5687034104445982529622389178593311655540777616303106852981261250353180006805598
188 212 5687034104445982529622389178593311655540777616303106852981261250353180006805598
212 212 6372319680521535520708174028752973405430172977328240691795346864762175878688
211 19 -2136413510741466241877113574204527402738152780547383832777035020763136
19 211 -2136413510741466241877113574204527402738152780547383832777035020763136
211 43 68265469364524884246000248417340899628552721356600454484486293861427663905751040
43 211 68265469364524884246000248417340899628552721356600454484486293861427663905751040
211 67 98710602911069201086550992980593276213061790418295648826597032816936652013230358528
67 211 98710602911069201086550992980593276213061790418295648826597032816936652013230358528
211 91 50548216003442213891669921997303557649064771735351616926198661107895537055817232384
91 211 50548216003442213891669921997303557649064771735351616926198661107895537055817232384
211 115 3033143111975857159239241117499422269792058989242835213453560823845139903135898939832
115 211 3033143111975857159239241117499422269792058989242835213453560823845139903135898939832
211 139 139763177128741742829348027328887777438551191773395455645351276730319330397971650824
139 211 139763177128741742829348027328887777438551191773395455645351276730319330397971650824
211 163 3301921433182687019630105294725731620249575736154608879208942191750712535151889122
163 211 3301921433182687019630105294725731620249575736154608879208942191750712535151889122
211 187 9593854368150041967592952354874134937490188564158279833927487453991112897742596
187 211 9593854368150041967592952354874134937490188564158279833927487453991112897742596
211 211 6256845244582482987763598101722174256554763812397870353288809829445904938384
210 18 -661632552092555477696164833546353637488911302053024669923242256891904
18 210 -661632552092555477696164833546353637488911302053024669923242256891904
210 42 70411577540051320531294189365758243916960376004705955989776010826468584213970944
42 210 70411577540051320531294189365758243916960376004705955989776010826468584213970944
210 66 170829619423270642973800651033357496637661389870813895851952769122583354753845559296
66 210 170829619423270642973800651033357496637661389870813895851952769122583354753845559296
210 90 2822817697359494357580137928930115326866534933930303378591053292174116948869619969536
90 210 2822817697359494357580137928930115326866534933930303378591053292174116948869619969536
210 114 2724649491377676100838613737117831720236899306573734610418609183522019313520848058655
114 210 2724649491377676100838613737117831720236899306573734610418609183522019313520848058655
210 138 271987552252279117324090185151434448514931303517173718713337092881945888056576908460
138 210 271987552252279117324090185151434448514931303517173718713337092881945888056576908460
210 162 3555722673185912443453406610332747125062861692098845854057596550902534308089281916
162 210 3555722673185912443453406610332747125062861692098845854057596550902534308089281916
210 186 5851809334670718927171970679825523566129533243352853116718751114819510329074786
186 210 5851809334670718927171970679825523566129533243352853116718751114819510329074786
210 210 -7238130185245698542605906991731510335050525991163970623066458705484421647136
209 17 -152626032819454859821976986385461760233367629337129987639193670516736
17 209 -152626032819454859821976986385461760233367629337129987639193670516736
209 41 49257797298540722060374797939377538597870411615165294319799903798772345834831872
41 209 49257797298540722060374797939377538597870411615165294319799903798772345834831872
209 65 160530641870111042598971354121748404902438812651025625661134317759647692369648680960
65 209 160530641870111042598971354121748404902438812651025625661134317759647692369648680960
209 89 4544257853586072633031329003727025482570725070095693724079047140480516797297623162880
89 209 4544257853586072633031329003727025482570725070095693724079047140480516797297623162880
209 113 -1753573175765375897080658572772419789872324275309652628131403984032333822536023624528
113 209 -1753573175765375897080658572772419789872324275309652628131403984032333822536023624528
209 137 206792617767800969234318214292269303872742783932460902772705477819589355725511325152
137 209 206792617767800969234318214292269303872742783932460902772705477819589355725511325152
209 161 -1253587698327405338281433360657797994258113108667818670780096878252399618397403366
161 209 -1253587698327405338281433360657797994258113108667818670780096878252399618397403366
209 185 -18386885875815490941146058161772247979181311462480884083952953046016122595227220
185 209 -18386885875815490941146058161772247979181311462480884083952953046016122595227220
209 209 -46118605146120859132932216822174065002006426494473808255619912054567208449024
208 16 -25694069769690123057129449490178141967808640758719338773564987801600
16 208 -25694069769690123057129449490178141967808640758719338773564987801600
208 40 25161685328373670000404911259983281316781321645422021305095699647886384779231232
40 208 25161685328373670000404911259983281316781321645422021305095699647886384779231232
208 64 50511459328004841719234622467540541219483884206445022421376860557672169175141842944
64 208 50511459328004841719234622467540541219483884206445022421376860557672169175141842944
208 88 2302986001574606768473025263303511832075761807150913453261763454293989532098417467392
88 208 2302986001574606768473025263303511832075761807150913453261763454293989532098417467392
208 112 -9297457966760891158190400771222209510787516308121531311409395635912454656242299022160
112 208 -9297457966760891158190400771222209510787516308121531311409395635912454656242299022160
208 136 -294162022320557695732096669300714007330680683509580196958503031328813030006341638312
136 208 -294162022320557695732096669300714007330680683509580196958503031328813030006341638312
208 160 -13830532352076833490843644153320399326435174796031002638303224611809866928907982114
160 208 -13830532352076833490843644153320399326435174796031002638303224611809866928907982114
208 184 -70630039540546947544718061311619095531960065856656490789049224115497487719668214
184 208 -70630039540546947544718061311619095531960065856656490789049224115497487719668214
208 208 -105572091665701993692786985881031104406171837656272265659177891867475633847048
207 15 -2828430245485234842009197168131705708302828584919605960291972546560
15 207 -2828430245485234842009197168131705708302828584919605960291972546560
207 39 8242514587591031360966693224022608299099757536433490599374390453368079329001472
39 207 8242514587591031360966693224022608299099757536433490599374390453368079329001472
207 63 -115284210910387499958181140914687851946537893235504885527088539723818945788317270016
63 207 -115284210910387499958181140914687851946537893235504885527088539723818945788317270016
207 87 -4309649051319633098570000503951200553221596213469933434219767608732346158585228587008
87 207 -4309649051319633098570000503951200553221596213469933434219767608732346158585228587008
207 111 -13311773389314469504871568512267168007555425661067149377609394857055774657860328726136
111 207 -13311773389314469504871568512267168007555425661067149377609394857055774657860328726136
207 135 -1182959835089436042377810442604132379034732376409569350778721337051490398116011602808
135 207 -1182959835089436042377810442604132379034732376409569350778721337051490398116011602808
207 159 -30068618974281095918879790778313204494238586840608267091152767846892666707954664884
159 207 -30068618974281095918879790778313204494238586840608267091152767846892666707954664884
207 183 -125981730974695903862262584808563598176976977046132197587400642824964349519841128
183 207 -125981730974695903862262584808563598176976977046132197587400642824964349519841128
207 207 -125691373636783999377444654920757942858341346292115214343782748701867650927248
206 14 -114908077671905217266468686320168169494874542839536625744370204672
14 206 -114908077671905217266468686320168169494874542839536625744370204672
206 38 -70167339873026289819790940164379408022135113062976615772645111644634551943168
38 206 -70167339873026289819790940164379408022135113062976615772645111644634551943168
206 62 -248747680625459088462959324659211596539898216930672577420719260394457360490609770496
62 206 -248747680625459088462959324659211596539898216930672577420719260394457360490609770496
206 86 -10944352547199446326769990139294439565802302477910579672357771663351561932971235393536
86 206 -10944352547199446326769990139294439565802302477910579672357771663351561932971235393536
206 110 -4497309690227808363842632806526625770703818637032019717536466846630818209623619755616
110 206 -4497309690227808363842632806526625770703818637032019717536466846630818209623619755616
206 134 -1730820487109350342854212078216035337695745378530340449830255538682978183949785127072
134 206 -1730820487109350342854212078216035337695745378530340449830255538682978183949785127072
206 158 -32086555485154286554292859385512032152203322736960470916179847042339226015149221218
158 206 -32086555485154286554292859385512032152203322736960470916179847042339226015149221218
206 182 -93474962436140680989304724826176646896170170280674973094104894258085348721698182
182 206 -93474962436140680989304724826176646896170170280674973094104894258085348721698182
206 206 43423883926828030900017950800557581386057367770183917779921015159960919537792
205 13 21359632558107326581430280624987880984015650735608705000077787136
13 205 21359632558107326581430280624987880984015650735608705000077787136
205 37 -2502878041460198531641519105326219189963718643425977645975227154578541801111552
37 205 -2502878041460198531641519105326219189963718643425977645975227154578541801111552
205 61 -268209535483666349787337178001428902547156915886425188677547924447488266148645961728
61 205 -268209535483666349787337178001428902547156915886425188677547924447488266148645961728
205 85 -10327641330469470431643764319529357737279486363474011966327842730118753566609928060928
85 205 -10327641330469470431643764319529357737279486363474011966327842730118753566609928060928
205 109 19635068758069938410599881838724186665195188865859753084085441361035749119620267488832
109 205 19635068758069938410599881838724186665195188865859753084085441361035749119620267488832
205 133 -570685629855025709860592835202265370566164970129173076623761504884472489905165774272
133 205 -570685629855025709860592835202265370566164970129173076623761504884472489905165774272
205 157 10535492965605376633039631749941015719696939325607016067958763723983050240436148368
157 205 10535492965605376633039631749941015719696939325607016067958763723983050240436148368
205 181 178713944309757710833973174205385027094723768591257273833534523726973490623133204
181 205 178713944309757710833973174205385027094723768591257273833534523726973490623133204
205 205 594498116826516178624020625330042013464339143083279463610807512314694190221734
204 12 4965709161227582435910847547524455336287171363503612876520685568
12 204 4965709161227582435910847547524455336287171363503612876520685568
204 36 -2246117614399722805996444317739243383201338666237911428114370508232494906605568
36 204 -2246117614399722805996444317739243383201338666237911428114370508232494906605568
204 60 -151124861054895324915864552424751406355613732577366559744474148332008988106008035328
60 204 -151124861054895324915864552424751406355613732577366559744474148332008988106008035328
204 84 1388673916150647050927164414845164681052122000459847181936049288355523488024715157504
84 204 1388673916150647050927164414845164681052122000459847181936049288355523488024715157504
204 108 44333276666202739958553726720961092662063518912827555502112307996992068029012556443382
108 204 44333276666202739958553726720961092662063518912827555502112307996992068029012556443382
204 132 3209860378451790219771022835994009696841201171357206632792789386069848986028123556172
132 204 3209860378451790219771022835994009696841201171357206632792789386069848986028123556172
204 156 117535422637227238051547852871709714559336463739445382855594432521157366991826083572
156 204 117535422637227238051547852871709714559336463739445382855594432521157366991826083572
204 180 777708183934300331187486833265447839775833956403291907833918562672479198888260038
180 204 777708183934300331187486833265447839775833956403291907833918562672479198888260038
204 204 1505460200342579326282328877470670512869539526928702452776043174197124816565846
203 11 661585094006158646437092965274718477566533968580959768340856832
11 203 661585094006158646437092965274718477566533968580959768340856832
203 35 -1344231908812686355580072999800565560420790873827829146016662623534518886203392
35 203 -1344231908812686355580072999800565560420790873827829146016662623534518886203392
203 59 47573655770282047559189579353090075843242459909495504618971818679950323425111703552
59 203 47573655770282047559189579353090075843242459909495504618971818679950323425111703552
203 83 18405533121618322143624818292955091705469142037358386036433869851174004608970088775680
83 203 18405533121618322143624818292955091705469142037358386036433869851174004608970088775680
203 107 39270137516139876821199763677448373330390377731719506168170882722071498239240534977664
107 203 39270137516139876821199763677448373330390377731719506168170882722071498239240534977664
203 131 8020979707392504427161222392796762185772144503305509599180355458256325823223723203616
131 203 8020979707392504427161222392796762185772144503305509599180355458256325823223723203616
203 155 247782064804325296254409487072497434054895218329017464856539107730253701093137580232
155 203 247782064804325296254409487072497434054895218329017464856539107730253701093137580232
203 179 1426918877213919481189992731633367551078482699794747520974914667982728195321209940
179 203 1426918877213919481189992731633367551078482699794747520974914667982728195321209940
203 203 2013881929318859001148368546375694501869269175665071395238569159705902454037962
202 10 78429145697230485968758395216518209867385017771461196388499456
10 202 78429145697230485968758395216518209867385017771461196388499456
202 34 -631737136180637271278117721249382183714886441296748792468437009047075036332032
34 202 -631737136180637271278117721249382183714886441296748792468437009047075036332032
202 58 225858734970672121902139716078634888548031202467326352530326611855803548512764821504
58 202 225858734970672121902139716078634888548031202467326352530326611855803548512764821504
202 82 26290690963387702538895034454561010810989013887350850763207701810841456399861144092672
82 202 26290690963387702538895034454561010810989013887350850763207701810841456399861144092672
202 106 -17989238760911233455370531226106503082815274548128078870145867386523272838494479022464
106 202 -17989238760911233455370531226106503082815274548128078870145867386523272838494479022464
202 130 8466636977095623501203863622642442464928978799915403902970302182418777448555391121056
130 202 8466636977095623501203863622642442464928978799915403902970302182418777448555391121056
202 154 250296919085898070864275273959580624326182943782421571684980021278246939803022417916
154 202 250296919085898070864275273959580624326182943782421571684980021278246939803022417916
202 178 1146956132403599136861687321376220349781578971501315012746737785118109847999688794
178 202 1146956132403599136861687321376220349781578971501315012746737785118109847999688794
202 202 131788769202122495957058460001000650457120048577103147837010055078865721292630
201 9 6478232536694813508377409720412953423473270279848100810981376
9 201 6478232536694813508377409720412953423473270279848100810981376
201 33 -244498414681323605812461623734086530152487235548324702290688744808368463413248
33 201 -244498414681323605812461623734086530152487235548324702290688744808368463413248
201 57 294500471297838509990326537332010013829545531695142334280882890566325174645158838272
57 201 294500471297838509990326537332010013829545531695142334280882890566325174645158838272
201 81 12845619414377472990412176788500362824659576747495977439498322430381957269410754461696
81 201 12845619414377472990412176788500362824659576747495977439498322430381957269410754461696
201 105 -106494187114515756038972548098137344060443405288537195020875158856446197262882629809088
105 201 -106494187114515756038972548098137344060443405288537195020875158856446197262882629809088
201 129 -2223313606089273239821657066661454989263025398799228336031356437275788630805738937328
129 201 -2223313606089273239821657066661454989263025398799228336031356437275788630805738937328
201 153 -105951739939991521810728080438750611805191070921014686054836827322786538498029588164
153 201 -105951739939991521810728080438750611805191070921014686054836827322786538498029588164
201 177 -1627557699734493926726894154241355610082336061159122423933059808925495666816900064
177 201 -1627557699734493926726894154241355610082336061159122423933059808925495666816900064
201 201 -6783622689503424437469149763036051257158411574255403540764959952450444765850038
200 8 253500499282226449716518336112459755899712260312091674542080
8 200 253500499282226449716518336112459755899712260312091674542080
200 32 -78880823459793351042421174235071056382803882647116473076766714269552695312384
32 200 -78880823459793351042421174235071056382803882647116473076766714269552695312384
200 56 227183716036840014877334628055134704284982295873952758200885951582631035406167048192
56 200 227183716036840014877334628055134704284982295873952758200885951582631035406167048192
200 80 -18288449136137228588755139551134033975538304273290485854731279147848544896325046763520
80 200 -18288449136137228588755139551134033975538304273290485854731279147848544896325046763520
200 104 -148759327468174258531046412339555352172600260929944500982550330174599274499876784354560
104 200 -148759327468174258531046412339555352172600260929944500982550330174599274499876784354560
200 128 -24446384149426178370662944875468821991481288643924715017927451013890718537726078415808
128 200 -24446384149426178370662944875468821991481288643924715017927451013890718537726078415808
200 152 -929123911544915483050559421756771580387576520750830522035844795750485252683618653060
152 200 -929123911544915483050559421756771580387576520750830522035844795750485252683618653060
200 176 -7694614991503319211529025735277597265094036857254320325260890885373326417259463758
176 200 -7694614991503319211529025735277597265094036857254320325260890885373326417259463758
200 200 -18829031367777199641257720206520688479817551623803053927090216746226224816649406
199 7 1959889333623786991724059094052464578194995372440797839360
7 199 1959889333623786991724059094052464578194995372440797839360
199 31 -20506887727828500458480267126781589862745854721290910500544333615373364494336
31 199 -20506887727828500458480267126781589862745854721290910500544333615373364494336
199 55 69812879351219407026493016308734339040038285810342172157021163839241141567147212800
55 199 69812879351219407026493016308734339040038285810342172157021163839241141567147212800
199 79 -44639620597792581885681849666630706233292294822203262363791289503964378499158449848320
79 199 -44639620597792581885681849666630706233292294822203262363791289503964378499158449848320
199 103 -56114341624492028706581074328717433275914376809908884100204927489034682321152755984896
103 199 -56114341624492028706581074328717433275914376809908884100204927489034682321152755984896
199 127 -43227814274137254890342871169441147528178139635503654451696168340199944938935148498048
127 199 -43227814274137254890342871169441147528178139635503654451696168340199944938935148498048
199 151 -1833717562940592460098818176483317235917883269219018908111796506900309667858019378224
151 199 -1833717562940592460098818176483317235917883269219018908111796506900309667858019378224
199 175 -14162948411972102168076238889942622629407301344512230818953054185166833687509889008
175 199 -14162948411972102168076238889942622629407301344512230818953054185166833687509889008
199 199 -27147778903836839237337904443057751835725128301511571839493272386714195880487386
198 6 -64040875493676945767354698030693165515082764291445620736
6 198 -64040875493676945767354698030693165515082764291445620736
198 30 -3234237531340442934299434714246362174914961498262363565248578405368623792128
30 198 -3234237531340442934299434714246362174914961498262363565248578405368623792128
198 54 -92871295124129988258133127423647730443935783918970457819003866402174819188537819136
54 198 -92871295124129988258133127423647730443935783918970457819003866402174819188537819136
198 78 -40010455576237601367656641322266971997385250062068628205668207468717169273491748814848
78 198 -40010455576237601367656641322266971997385250062068628205668207468717169273491748814848
198 102 174377567448171270453671279175541230095161555620719015066790987745409236065334275753920
102 198 174377567448171270453671279175541230095161555620719015066790987745409236065334275753920
198 126 -29078216035964927344205771917977524551315933801055746927236108697301030197980459460880
126 198 -29078216035964927344205771917977524551315933801055746927236108697301030197980459460880
198 150 -1670006865088929845250790445999185552249892108268233159633618190700555554825738191020
150 198 -1670006865088929845250790445999185552249892108268233159633618190700555554825738191020
198 174 -11563652785027863084724699064551082676524590807546071371314642408783969429885423012
174 198 -11563652785027863084724699064551082676524590807546071371314642408783969429885423012
198 198 -8190121865371115631746195136706620089166926375920789249081127120601020660376374
197 5 -2664198034256421976056102583331785041829291808375439360
5 197 -2664198034256421976056102583331785041829291808375439360
197 29 861124898610117068162620854135554537194591412044319093531716912579908468736
29 197 861124898610117068162620854135554537194591412044319093531716912579908468736
197 53 -187742334040550067027333792724255869353052080783085901890040500042949752097851047936
53 197 -187742334040550067027333792724255869353052080783085901890040500042949752097851047936
197 77 1208091304469529778279044614862167287334494577007701183753194320684909777161902096384
77 197 1208091304469529778279044614862167287334494577007701183753194320684909777161902096384
197 101 388242318332909716382622863039926050533383550623082907322055785452177907601395064298496
101 197 388242318332909716382622863039926050533383550623082907322055785452177907601395064298496
197 125 40182819476948599916844723673196177892983326417999880124689027708351628247750799552256
125 197 40182819476948599916844723673196177892983326417999880124689027708351628247750799552256
197 149 1079527252532689367234892588808528288905367008754650053821967714483643747228407835776
149 197 1079527252532689367234892588808528288905367008754650053821967714483643747228407835776
197 173 14226243223353699947560321982463246722021780675672374724105999970677595726226704152
173 197 14226243223353699947560321982463246722021780675672374724105999970677595726226704152
197 197 69560612223425235314100601280103534228212072940380773054137242582409064990033854
196 4 5233027940831186177109303035417838797253955293282304
4 196 5233027940831186177109303035417838797253955293282304
196 28 1276976066479885750424134774977276529237788825583732520429060259659594596352
28 196 1276976066479885750424134774977276529237788825583732520429060259659594596352
196 52 -188385147543137053152529635542495055844859068770432586552253109887134367452126773248
52 196 -188385147543137053152529635542495055844859068770432586552253109887134367452126773248
196 76 52178985894386993597046405485623774841389095365440213899192817113194008372331380998144
76 196 52178985894386993597046405485623774841389095365440213899192817113194008372331380998144
196 100 333361905610329981808807717743966962991677882014910578743406662570934894355669350734848
100 196 333361905610329981808807717743966962991677882014910578743406662570934894355669350734848
196 124 141180473479791152564441895135968297973933941913727930600201932653613566251125454209280
124 196 141180473479791152564441895135968297973933941913727930600201932653613566251125454209280
196 148 6730245746095772913680195666710537449873013869294766203710354668151661051012514338448
148 196 6730245746095772913680195666710537449873013869294766203710354668151661051012514338448
196 172 68851106293457370535728764281255487889139383765616903325781675955470862943765609088
172 196 68851106293457370535728764281255487889139383765616903325781675955470862943765609088
196 196 209407668747502600480265043764216734989450467337311047004214484660787519683128418
195 3 -177369778386926085403092115751029319279031877632
3 195 -177369778386926085403092115751029319279031877632
195 27 865580681530430330513424171454444126802272822938843639538767507455163236352
27 195 865580681530430330513424171454444126802272822938843639538767507455163236352
195 51 -117777667376803552610586969622153718635591136053648647975581680992542152322797535232
51 195 -117777667376803552610586969622153718635591136053648647975581680992542152322797535232
195 75 69961555978070778269691978539388575196127356369341909386984150858383518519435643060224
75 195 69961555978070778269691978539388575196127356369341909386984150858383518519435643060224
195 99 -121747745902821427758039274003925328112831182391037648949239001927213209036114529003008
99 195 -121747745902821427758039274003925328112831182391037648949239001927213209036114529003008
195 123 182622157700629965331917316835584556442490487455027589317274665682525277124997185426560
123 195 182622157700629965331917316835584556442490487455027589317274665682525277124997185426560
195 147 12055075723450212959032672898801899108751574856191725243563691083944137221743170818896
147 195 12055075723450212959032672898801899108751574856191725243563691083944137221743170818896
195 171 124337887092159581103273123116365883031595051869730446774069992018464244507043612360
171 195 124337887092159581103273123116365883031595051869730446774069992018464244507043612360
195 195 316763371653969514922278719944420486347114753851299592389832964251514449129493620
194 2 32826651906499887635659155119733211136000
2 194 32826651906499887635659155119733211136000
194 26 442702610781561777847650790332820588532175385542920923100526373715207782400
26 194 442702610781561777847650790332820588532175385542920923100526373715207782400
194 50 -24542734122461527751634403897631436724867904873483420581549258084015647557609848832
50 194 -24542734122461527751634403897631436724867904873483420581549258084015647557609848832
194 74 31661755221604115705585166547264328504604254185251311688736909839984815414929971478528
74 194 31661755221604115705585166547264328504604254185251311688736909839984815414929971478528
194 98 -754127817846923207790871979647644541087004499888774561326460775576377522319465276340224
98 194 -754127817846923207790871979647644541087004499888774561326460775576377522319465276340224
194 122 46373723504708792715692865143286880243314945776158952224991365075757964413782485127680
122 194 46373723504708792715692865143286880243314945776158952224991365075757964413782485127680
194 146 9325335892124221554746796280104931158777044033991436315894096074603398852896015475904
146 194 9325335892124221554746796280104931158777044033991436315894096074603398852896015475904
194 170 98635804121377292250996819322069829207772849534635924081606792042197050796838924040
170 194 98635804121377292250996819322069829207772849534635924081606792042197050796838924040
194 194 140715357846994638155455987475305142758125208450544402387310526824759513959305962
193 1 -1930962664508141258804314505216
1 193 -1930962664508141258804314505216
193 25 187441213747101976923214443746648923290563446590001492463161314601871605760
25 193 187441213747101976923214443746648923290563446590001492463161314601871605760
193 49 47336459292789524229505204402074965491676926920052831466938185808112701581731823616
49 193 47336459292789524229505204402074965491676926920052831466938185808112701581731823616
193 73 -40024730197693048882547934241761499982761692237865037207848340188629519320309087338496
73 193 -40024730197693048882547934241761499982761692237865037207848340188629519320309087338496
193 97 -997736012486662403079202997419848656013536721136346667166413284422797867941004791984128
97 193 -997736012486662403079202997419848656013536721136346667166413284422797867941004791984128
193 121 -292362285604451046431304427296702244745864170624797919053811842133769994187185461132288
121 193 -292362285604451046431304427296702244745864170624797919053811842133769994187185461132288
193 145 -9811286221518563601625973346540645766071053694793207894957014010894312714472760841600
145 193 -9811286221518563601625973346540645766071053694793207894957014010894312714472760841600
193 169 -119858938481680771676590924861049393689525407765737796312120720962408844553871826688
169 193 -119858938481680771676590924861049393689525407765737796312120720962408844553871826688
193 193 -649776626753415634865957797860445388155908849264893687980888022385769363661023736
192 24 71536874139934091041338328431216692126062531558067715048367846606921269248
24 192 71536874139934091041338328431216692126062531558067715048367846606921269248
192 48 77295941778626057298126355981042473337390045365272846219645017925186558912916094976
48 192 77295941778626057298126355981042473337390045365272846219645017925186558912916094976
192 72 -88746098756164556193534309848568811023841017825669332579449580357582625944432923377664
72 192 -88746098756164556193534309848568811023841017825669332579449580357582625944432923377664
192 96 -348357514774559180591189096412993118983657152637312489189336735784223452997650813943808
96 192 -348357514774559180591189096412993118983657152637312489189336735784223452997650813943808
192 120 -636610677780598293739048603224354323492596859759482266572072422585327264840939330018825
120 192 -636610677780598293739048603224354323492596859759482266572072422585327264840939330018825
192 144 -43872277793264346655073007693251189152884684816434292842809239566811874503857905894360
144 192 -43872277793264346655073007693251189152884684816434292842809239566811874503857905894360
192 168 -558637348363463258579264491205154090116921608600661949967623789378812413834807648886
168 192 -558637348363463258579264491205154090116921608600661949967623789378812413834807648886
192 192 -2093274914087652699035759397805165428428796729456737335439876037353916737744661064
191 23 28414062165327676924596086532325932523698470468724794679741855208031911936
23 191 28414062165327676924596086532325932523698470468724794679741855208031911936
191 47 69398379300472790543040625634050175427441203929830767856232811434673854128834215936
47 191 69398379300472790543040625634050175427441203929830767856232811434673854128834215936
191 71 -69602638048960058783870481801821887076294607241255285009665648191948361962348565495808
71 191 -69602638048960058783870481801821887076294607241255285009665648191948361962348565495808
191 95 1048093785014534542973377982128285770988719288413763899161034930198148554887642335936512
95 191 1048093785014534542973377982128285770988719288413763899161034930198148554887642335936512
191 119 -584724571208902092862608854593404489491728341249595838107623684267539988374370922264576
119 191 -584724571208902092862608854593404489491728341249595838107623684267539988374370922264576
191 143 -69457248462552065284065994886827979968704176832901069122504991568036412655159341624848
143 191 -69457248462552065284065994886827979968704176832901069122504991568036412655159341624848
191 167 -971228241445259150261442270320914625217652617045750490496088808963756549125543518120
167 191 -971228241445259150261442270320914625217652617045750490496088808963756549125543518120
191 191 -3256551631618697436729571363616146014390725570815250468017419802574838184360782460
190 22 13173881147815255658241758381269593155638900609550624240128667271403929600
22 190 13173881147815255658241758381269593155638900609550624240128667271403929600
190 46 41473389830187147611243962625249237888959289036437745962974104686138388598172418048
46 190 41473389830187147611243962625249237888959289036437745962974104686138388598172418048
190 70 9467090734739150703317036263855195153771118306567563357707356900454140405132480741376
70 190 9467090734739150703317036263855195153771118306567563357707356900454140405132480741376
190 94 2170414891817379528872243595075651832240081503664879914388999905157684745829725350395904
94 190 2170414891817379528872243595075651832240081503664879914388999905157684745829725350395904
190 118 185494894018835170862771460573147520973259783104635808899965460303031857655129940510720
118 190 185494894018835170862771460573147520973259783104635808899965460303031857655129940510720
190 142 -41771079207009018078384310849393622588378694976084863596626918205522494598917425092432
142 190 -41771079207009018078384310849393622588378694976084863596626918205522494598917425092432
190 166 -721215598754523671384544896245773645882543846420001827895537729028556336857573427946
166 190 -721215598754523671384544896245773645882543846420001827895537729028556336857573427946
190 190 -1720655429003973257527222124446665751658904281337924712520279216767011125421238344
189 21 6656319007934164388417850390167806360936280112355415965676589515391631360
21 189 6656319007934164388417850390167806360936280112355415965676589515391631360
189 45 12069345737319157535436446899250656780467267021820393344866665905799971397187928064
45 189 12069345737319157535436446899250656780467267021820393344866665905799971397187928064
189 69 88634390273282417610624748483612612396486766728557604153138997461193603016161742553088
69 189 88634390273282417610624748483612612396486766728557604153138997461193603016161742553088
189 93 1716589965531385873793515523610362613972756790567216989439393955610262043305614969405440
93 189 1716589965531385873793515523610362613972756790567216989439393955610262043305614969405440
189 117 1460977261605039722655338534684676451539923899640220714538197325460202216999977483412480
117 189 1460977261605039722655338534684676451539923899640220714538197325460202216999977483412480
189 141 75657540077766881861092659262030680790856601065298747543862920990919332279571936958968
141 189 75657540077766881861092659262030680790856601065298747543862920990919332279571936958968
189 165 963211911967099947175661504621043497231727858991702426984413699201135099671132078936
165 189 963211911967099947175661504621043497231727858991702426984413699201135099671132078936
189 189 5603131779275959823626471928236918629495954842870561957119810041772998578721661662
188 20 3177387281301315398066711507798973202633053449585308804708946978740895744
20 188 3177387281301315398066711507798973202633053449585308804708946978740895744
188 44 -7621789298179735998499234287792607639121877436182515199695186615526530906807336960
44 188 -7621789298179735998499234287792607639121877436182515199695186615526530906807336960
188 68 103010300693277986046927391220189888356310669243031392944636556981348785913372178644992
68 188 103010300693277986046927391220189888356310669243031392944636556981348785913372178644992
188 92 -680923070179314320468336251588306854417605719123083328995562512759887710700520630910976
92 188 -680923070179314320468336251588306854417605719123083328995562512759887710700520630910976
188 116 2258887575676658441031070322175492767582943070619646889603230922457817060018007267348480
116 188 2258887575676658441031070322175492767582943070619646889603230922457817060018007267348480
188 140 252722088014025323942937082004100747273708497429606945117944601987320863661367434609312
140 188 252722088014025323942937082004100747273708497429606945117944601987320863661367434609312
188 164 4114643066569638000215754434913415887320738245066775650441607125337517189753067356918
164 188 4114643066569638000215754434913415887320738245066775650441607125337517189753067356918
188 188 18968440058984455798471268777590973354359576849694266256178240632314610234067466492
187 19 1323311561223451567508678980833872243293124011167825613532510432442449920
19 187 1323311561223451567508678980833872243293124011167825613532510432442449920
187 43 -15153706368307109914228021633174747766229625766185489742946987781013486976293142528
43 187 -15153706368307109914228021633174747766229625766185489742946987781013486976293142528
187 67 37095552910621085720006318996244772329368371211547981804605899676579792172834202058752
67 187 37095552910621085720006318996244772329368371211547981804605899676579792172834202058752
187 91 -3601170198154244805539642776249776403393167043706206741634414362773105232981047923179520
91 187 -3601170198154244805539642776249776403393167043706206741634414362773105232981047923179520
187 115 1285850223262355197339031157542277692575466445375996163990048886667252103928025585672192
115 187 1285850223262355197339031157542277692575466445375996163990048886667252103928025585672192
187 139 345611625021908164223730284841005149923036165020131229574837943924035940150498809421632
139 187 345611625021908164223730284841005149923036165020131229574837943924035940150498809421632
187 163 6772517302889835013332733278394160404373014566394077611293696015650300699844723375544
163 187 6772517302889835013332733278394160404373014566394077611293696015650300699844723375544
187 187 29838342440589442372423074647100440842365274585208930613599636472068967203540792340
186 18 468500352171811281874992368888090370313362540546571514624053177944637440
18 186 468500352171811281874992368888090370313362540546571514624053177944637440
186 42 -13826006494845604571794883380893410556613427426214729738696483021656112404533084160
42 186 -13826006494845604571794883380893410556613427426214729738696483021656112404533084160
186 66 -60538677144375864118981538384095646632233009431757279334678617977717912198734850031616
66 186 -60538677144375864118981538384095646632233009431757279334678617977717912198734850031616
186 90 -4423924847656877391187843298363617652108947881175219730732279257923327888451238635765760
90 186 -4423924847656877391187843298363617652108947881175219730732279257923327888451238635765760
186 114 -1861005826301755350029169402750561571284219763267567803343110956627265932670749405496320
114 186 -1861005826301755350029169402750561571284219763267567803343110956627265932670749405496320
186 138 136095616602041533932301187924540774813401604092263437005052777486956930199523637694888
138 186 136095616602041533932301187924540774813401604092263437005052777486956930199523637694888
186 162 4522782159380089518184285331906278052234689588671940196968121177828737159702138297124
162 186 4522782159380089518184285331906278052234689588671940196968121177828737159702138297124
186 186 17025565971429359540772451245072766560420948537828274632214374093240066633276319762
185 17 140228024350529121844368625669285828779190146541379891598363387978842112
17 185 140228024350529121844368625669285828779190146541379891598363387978842112
185 41 -8643629173096007622066667403720415811242325188876560817481450733981184421798084608
41 185 -8643629173096007622066667403720415811242325188876560817481450733981184421798084608
185 65 -115877793419752174032751080238047658600766091574707368660202858519734259951031824678912
65 185 -115877793419752174032751080238047658600766091574707368660202858519734259951031824678912
185 89 -1417818292607238570412762345080227257769712329353593975511217760271101235556098372534272
89 185 -1417818292607238570412762345080227257769712329353593975511217760271101235556098372534272
185 113 -5533160227089568625963887509688466883606801873344467769817109547545592952183699007750144
113 185 -5533160227089568625963887509688466883606801873344467769817109547545592952183699007750144
185 137 -487304124876265601678458816147435929657468029880999070964717003879057188088204809272192
137 185 -487304124876265601678458816147435929657468029880999070964717003879057188088204809272192
185 161 -7271752266655345243975400365172976957292317398299115134861892790966169693980550388192
161 185 -7271752266655345243975400365172976957292317398299115134861892790966169693980550388192
185 185 -45152628351983586118033990013708837833072656456784659182534179199152471090466813596
184 16 35469688829677567956586395532617164315379415704951371185755363318169600
16 184 35469688829677567956586395532617164315379415704951371185755363318169600
184 40 -3501274174122508406527661501986271864791673311990294772383018541734003849000124416
40 184 -3501274174122508406527661501986271864791673311990294772383018541734003849000124416
184 64 -88459247464879791641755024143715126593756730564232819911839741170541058597777733320704
64 184 -88459247464879791641755024143715126593756730564232819911839741170541058597777733320704
184 88 4166804447562451420294702650631972260149085576183923660393095022738991228101409997062144
88 184 4166804447562451420294702650631972260149085576183923660393095022738991228101409997062144
184 112 -6258274342253101662889713888120018429819209892844727044589427459556023945657876074446848
112 184 -6258274342253101662889713888120018429819209892844727044589427459556023945657876074446848
184 136 -1266746741289616276563656390428704663274376567639088241239630391543955428864578816647040
136 184 -1266746741289616276563656390428704663274376567639088241239630391543955428864578816647040
184 160 -27499548790899575609402977774866255672282051658185527204861007774426457204914451810968
160 184 -27499548790899575609402977774866255672282051658185527204861007774426457204914451810968
184 184 -156753858803756132553446720124723943449362973284129681911646797436797554384844152516
183 15 7569336581526163658214668441817673832962290925263497144859549990125568
15 183 7569336581526163658214668441817673832962290925263497144859549990125568
183 39 -215585844681428784518500191223248686634646898528815952900951587819896572246753280
39 183 -215585844681428784518500191223248686634646898528815952900951587819896572246753280
183 63 -1160722890662627081983419683722264430567328596952603791265086915528094844843907350528
63 183 -1160722890662627081983419683722264430567328596952603791265086915528094844843907350528
183 87 8124044651364396995199839723503590104994106095627778146308710665712701719366749298622464
87 183 8124044651364396995199839723503590104994106095627778146308710665712701719366749298622464
183 111 -1138336566317707898788688418130664954502669004185204908048054495885203778972538335911936
111 183 -1138336566317707898788688418130664954502669004185204908048054495885203778972538335911936
183 135 -1464758121652175359474749799347225357096567027137350178166544885443345147995999750744384
135 183 -1464758121652175359474749799347225357096567027137350178166544885443345147995999750744384
183 159 -42147923133202954439258141881532450790464473874907547060397027504324026139509783055304
159 183 -42147923133202954439258141881532450790464473874907547060397027504324026139509783055304
183 183 -245340812929655763356066136171639681810009157167093676127046176215469390285009924008
182 14 1352786069366189872266277573577171962906338151169677777761435280998400
14 182 1352786069366189872266277573577171962906338151169677777761435280998400
182 38 1098191359825961179395957409791475274770202876289788613901541263947463469264011264
38 182 1098191359825961179395957409791475274770202876289788613901541263947463469264011264
182 62 81601535203615526940726775471019200515171821421233474321451308122175452344391414317056
62 182 81601535203615526940726775471019200515171821421233474321451308122175452344391414317056
182 86 6226452064883411064461262177874029886128885678254499477839197097745452971779891065257984
86 182 6226452064883411064461262177874029886128885678254499477839197097745452971779891065257984
182 110 8669836264545918465232756349585861084087274291113373596641589434796828107320720507961344
110 182 8669836264545918465232756349585861084087274291113373596641589434796828107320720507961344
182 134 -211827992038511240759534943209936662311621776383110794512802795255397524342776770593024
134 182 -211827992038511240759534943209936662311621776383110794512802795255397524342776770593024
182 158 -23963472473250219723944235573976874466935929830522466355320861686169819237937525445216
158 182 -23963472473250219723944235573976874466935929830522466355320861686169819237937525445216
182 182 -142157736022142348415835900508829473669633038362150101193319606949821299740711842644
181 13 198769824254961274278807398024291423948690387425794476591825691869184
13 181 198769824254961274278807398024291423948690387425794476591825691869184
181 37 1146735512274219989811918388494332327074184010064696021990408994546168260332617728
37 181 1146735512274219989811918388494332327074184010064696021990408994546168260332617728
181 61 105274032124289926962557941083390566896915630278011428990738093641597732593758837407744
61 181 105274032124289926962557941083390566896915630278011428990738093641597732593758837407744
181 85 -1788514339314814491729985890316044873718770814130917984855128929655371051765868538101760
85 181 -1788514339314814491729985890316044873718770814130917984855128929655371051765868538101760
181 109 16426966440739849066826183460447768956461351942769683659121367978508955285962185121005568
109 181 16426966440739849066826183460447768956461351942769683659121367978508955285962185121005568
181 133 2614039177610380128771945164844603207870632346106069087723251610688772655801219423053312
133 181 2614039177610380128771945164844603207870632346106069087723251610688772655801219423053312
181 157 50734541927414807521115449626672408010076154484377065080139950109494581014371453350848
157 181 50734541927414807521115449626672408010076154484377065080139950109494581014371453350848
181 181 342832631179818485033109303980642196996198667460636251540632286627315918249585856928
180 12 23170715666282595443800166176113143209363360453903706902130260443136
12 180 23170715666282595443800166176113143209363360453903706902130260443136
180 36 711584604606801464606669032248773622065219678460319077860733349103697338082263040
36 180 711584604606801464606669032248773622065219678460319077860733349103697338082263040
180 60 62678476751412469193178360240892566317809785496265405983281501339841644295692564299776
60 180 62678476751412469193178360240892566317809785496265405983281501339841644295692564299776
180 84 -10709947793149860100600433037923195918951337342626758217622722489837855950836354791768064
84 180 -10709947793149860100600433037923195918951337342626758217622722489837855950836354791768064
180 108 13147588110138532740182109536231463718261559997879118367919265325342101446771194086080512
108 180 13147588110138532740182109536231463718261559997879118367919265325342101446771194086080512
180 132 5469155770878687986296179711068283052803039617179201942310365276006667791534521085256912
132 180 5469155770878687986296179711068283052803039617179201942310365276006667791534521085256912
180 156 166167035317151832312389631318919484957840149587960573359495492162416146943859882088340
156 180 166167035317151832312389631318919484957840149587960573359495492162416146943859882088340
180 180 1185265444742444003970742313297036987599883892501027279952220209234101610502399542700
179 11 2021023737775136155611989283780915002700219772431089562026269212672
11 179 2021023737775136155611989283780915002700219772431089562026269212672
179 35 285322198003075467885714765765978248328419855777063567518230355396322743631740928
35 179 285322198003075467885714765765978248328419855777063567518230355396322743631740928
179 59 -8787103743288976600238246308326134942791816905492762433248367161937398386161931517952
59 179 -8787103743288976600238246308326134942791816905492762433248367161937398386161931517952
179 83 -13025896592201226772946124236664237542398185527517810991360224055859717455072345339199488
83 179 -13025896592201226772946124236664237542398185527517810991360224055859717455072345339199488
179 107 -4675056679772370615177976505976957915678023435298185843701854248013598637303118022836224
107 179 -4675056679772370615177976505976957915678023435298185843701854248013598637303118022836224
179 131 5228078355220760257543890329689206415741264692212138175446503221377545311602438846106624
131 179 5228078355220760257543890329689206415741264692212138175446503221377545311602438846106624
179 155 233022823454894393251879727286783164364642386145687559760273161042045933904106441241568
155 179 233022823454894393251879727286783164364642386145687559760273161042045933904106441241568
179 179 1817074845863162197443149477160549654221923649992955246092394769626193394793867531344
178 10 120919627788087745310021168819274943816507756957094098999848206336
10 178 120919627788087745310021168819274943816507756957094098999848206336
178 34 40337706723633572840921257356063049513110538529701532641291782763976950441574400
34 178 40337706723633572840921257356063049513110538529701532641291782763976950441574400
178 58 -60955611318781434736908717041247000099337141443948941568444041484264206470353573117952
58 178 -60955611318781434736908717041247000099337141443948941568444041484264206470353573117952
178 82 -5082786533203234463357453269189211147844189462320467929141659908507523057072024649203712
82 178 -5082786533203234463357453269189211147844189462320467929141659908507523057072024649203712
178 106 -28357762860799596017323410689491522972807092281841097930018906745781914565833279521947648
106 178 -28357762860799596017323410689491522972807092281841097930018906745781914565833279521947648
178 130 -847311968154044963038139772839746649246487105532443178051211181021590097371107082372096
130 178 -847311968154044963038139772839746649246487105532443178051211181021590097371107082372096
178 154 103163847722736547126957810304673693652293683348303755762393737257095216797363026688352
154 178 103163847722736547126957810304673693652293683348303755762393737257095216797363026688352
178 178 1017783240414156188636895915056514976454929818816528217986596419324570645283924551416
177 9 4356757213521760282879329764577399589087676800834717676071813120
9 177 4356757213521760282879329764577399589087676800834717676071813120
177 33 -43748987346234850789067957268463631655365028099734965776500502320299380314210304
33 177 -43748987346234850789067957268463631655365028099734965776500502320299380314210304
177 57 -68704301194725071828975593940693812856005935520854979530040131412446767881173820506112
57 177 -68704301194725071828975593940693812856005935520854979530040131412446767881173820506112
177 81 8753103503731425878180589192297278686464631694201151160081662310535153451504052079689728
81 177 8753103503731425878180589192297278686464631694201151160081662310535153451504052079689728
177 105 -38763227876210640236636092583252209796210110510188768486317140772503237365465468200812544
105 177 -38763227876210640236636092583252209796210110510188768486317140772503237365465468200812544
177 129 -11718064973217402875797998394777802856772536217098801425332359083546761183967998005955072
129 177 -11718064973217402875797998394777802856772536217098801425332359083546761183967998005955072
177 153 -321220380012268876126460291094373739878962346751882917497471084628169154338243196546064
153 177 -321220380012268876126460291094373739878962346751882917497471084628169154338243196546064
177 177 -2458007060298641394122995065213390996015977671298394677094527105240807548966799398952
176 8 64313469757088052088811632094310787026477684861283294685167616
8 176 64313469757088052088811632094310787026477684861283294685167616
176 32 -44983933075331680740913006633414048352500545067974526256713105092202313981886464
32 176 -44983933075331680740913006633414048352500545067974526256713105092202313981886464
176 56 -39841570071327053310548750044309593094266396888856836109072493035192126603882575953920
56 176 -39841570071327053310548750044309593094266396888856836109072493035192126603882575953920
176 80 18208863036255296158859582094574276804928045121995512850554384713143285397044656275980288
80 176 18208863036255296158859582094574276804928045121995512850554384713143285397044656275980288
176 104 -19278202294800069147498687319291593184423489274483847787872454661165090734495605608415232
104 176 -19278202294800069147498687319291593184423489274483847787872454661165090734495605608415232
176 128 -20267947860633860425018502246859274612390025082225411859834086264703286861833261066352640
128 176 -20267947860633860425018502246859274612390025082225411859834086264703286861833261066352640
176 152 -901235534782820064835038340622767935048074691744467273059114197707907927666522053148736
152 176 -901235534782820064835038340622767935048074691744467273059114197707907927666522053148736
176 176 -8209593293110693264783106207406477263698087874055092024430342412374276626853765582088
175 7 -687364779902412256085704974138716416148235073431294812618752
7 175 -687364779902412256085704974138716416148235073431294812618752
175 31 -24167632538016193562490798946293194118273917175797203824334777185257225478733824
31 175 -24167632538016193562490798946293194118273917175797203824334777185257225478733824
175 55 -714781585657362837494699878285058956971434209611839982248174518358874901020632154112
55 175 -714781585657362837494699878285058956971434209611839982248174518358874901020632154112
175 79 14843808001228033364192122966532258044946377543566828629682301530117624675447231383339008
79 175 14843808001228033364192122966532258044946377543566828629682301530117624675447231383339008
175 103 27104721996061208639480556983716322197208142175595515448224052388769216033654220410322944
103 175 27104721996061208639480556983716322197208142175595515448224052388769216033654220410322944
175 127 -15593731996040499253710682116717949749038976956191970270870944124129830018822553896710144
127 175 -15593731996040499253710682116717949749038976956191970270870944124129830018822553896710144
175 151 -1135630938554240120142490530855561142873303736987910058537868251541863119137695045837696
151 175 -1135630938554240120142490530855561142873303736987910058537868251541863119137695045837696
175 175 -12141167725208167479371508431141647100626089178536918706895277921493860572827083165536
174 6 -2561379682084373975652823381089229615353379060101588975616
6 174 -2561379682084373975652823381089229615353379060101588975616
174 30 -8091549005846489102977652793507927343648119688441030395352453438896883281952768
30 174 -8091549005846489102977652793507927343648119688441030395352453438896883281952768
174 54 25433616070323562812287074240707459164648002309990664308194389436323237603303915257856
54 174 25433616070323562812287074240707459164648002309990664308194389436323237603303915257856
174 78 -503680322328997393419949096077514773296299337657388090194795421686556974310900767916032
78 174 -503680322328997393419949096077514773296299337657388090194795421686556974310900767916032
174 102 71299904897621456931806297496337632071498151629205987318389038876444822878703297091338240
102 174 71299904897621456931806297496337632071498151629205987318389038876444822878703297091338240
174 126 8710119462530658171667276027170609588057702661904859968323377759165243532769512812472832
126 174 8710119462530658171667276027170609588057702661904859968323377759165243532769512812472832
174 150 -327489144484517896614660291412887469489705250298491846602628243684827580112270333875440
150 174 -327489144484517896614660291412887469489705250298491846602628243684827580112270333875440
174 174 -6259356043462492983966949085511831055355568982933355124676349955647173204770589045112
173 5 401640025427997664439271734706202417769928104242621448192
5 173 401640025427997664439271734706202417769928104242621448192
173 29 -1018999863411143619113998797882416344360290584687777214066508831974515495927808
29 173 -1018999863411143619113998797882416344360290584687777214066508831974515495927808
173 53 30713511409161613296947794261640881707986562847800083773063730099327005643057225793536
53 173 30713511409161613296947794261640881707986562847800083773063730099327005643057225793536
173 77 -17161163953975955097795912534555373103463689893983849253671396371035393884185519621931008
77 173 -17161163953975955097795912534555373103463689893983849253671396371035393884185519621931008
173 101 73276156610473750864513218552207915057703127232489956649389930174385661095691760867213312
101 173 73276156610473750864513218552207915057703127232489956649389930174385661095691760867213312
173 125 44238288002804245020637476459648659190148629122576797385579256822276600339263847605968896
125 173 44238288002804245020637476459648659190148629122576797385579256822276600339263847605968896
173 149 1811992960464612295792352057986492581816431594561634107979869087308336185069862996988160
149 173 1811992960464612295792352057986492581816431594561634107979869087308336185069862996988160
173 173 16593588947213986586372904332550810809681948261783826333633253012237826851890241016576
172 4 1043871128197117940750494433626414639226040793958449152
4 172 1043871128197117940750494433626414639226040793958449152
172 28 666179966757156336624460184170951023100223770407397675059059148718341053480960
28 172 666179966757156336624460184170951023100223770407397675059059148718341053480960
172 52 21007708285976351458671311973062363833636716517290240332531578436706422048532534919168
52 172 21007708285976351458671311973062363833636716517290240332531578436706422048532534919168
172 76 -22315291622349086817870289782937343665684510211808552237623650316362146119091240514355200
76 172 -22315291622349086817870289782937343665684510211808552237623650316362146119091240514355200
172 100 13734387363939194989619370471632543521682196634186848051731247658324758043512830263558144
100 172 13734387363939194989619370471632543521682196634186848051731247658324758043512830263558144
172 124 64696854531590482929391892993049791302069375341979377950193818108754141097310063259983872
124 172 64696854531590482929391892993049791302069375341979377950193818108754141097310063259983872
172 148 4348531016759924368549707911801380476745075136911032674588622816755315494967378906582784
148 172 4348531016759924368549707911801380476745075136911032674588622816755315494967378906582784
172 172 52057074314773499187426465855523417519241582700315927308153463269483793215275198489888
171 3 308862686901459190692654628349954013198988840271872
3 171 308862686901459190692654628349954013198988840271872
171 27 524293468986513067097884336490584169324140393538276876275847108822898395054080
27 171 524293468986513067097884336490584169324140393538276876275847108822898395054080
171 51 7030865059623730199930391634014967648499812081637944647574238865638308984740393254912
51 171 7030865059623730199930391634014967648499812081637944647574238865638308984740393254912
171 75 -11215424519483864085211136122024216487836993047371418733495758737085661504158717427318784
75 171 -11215424519483864085211136122024216487836993047371418733495758737085661504158717427318784
171 99 -80563703415979609850652578919489305930564147752746570777381638489153952593976587427250176
99 171 -80563703415979609850652578919489305930564147752746570777381638489153952593976587427250176
171 123 38736660519816643512879441542159708564918579745432958742457815547350698127140831722991616
123 171 38736660519816643512879441542159708564918579745432958742457815547350698127140831722991616
171 147 4839741706342945068901691904250764324048693963707259269925420794965530958798365932092288
147 171 4839741706342945068901691904250764324048693963707259269925420794965530958798365932092288
171 171 73124507193592132986080519266228953206691206052152968373911439251146591163596815569824
170 2 62187894598659736330511034577876928000163840
2 170 62187894598659736330511034577876928000163840
170 26 191160103089245149997306649763879146350914733389507536583199772490331389427712
26 170 191160103089245149997306649763879146350914733389507536583199772490331389427712
170 50 -3378939664661247569207496559241513704783559644147031807150377066093118279143059881984
50 170 -3378939664661247569207496559241513704783559644147031807150377066093118279143059881984
170 74 8526213334098730088266652028021311575334700987468509324231726231627469386096807113654272
74 170 8526213334098730088266652028021311575334700987468509324231726231627469386096807113654272
170 98 -143349130178991138831321253203378011757293353183562761349182811436708721054286978448621568
98 170 -143349130178991138831321253203378011757293353183562761349182811436708721054286978448621568
170 122 -42773585107977234512265534309779069530499783655510900322945964242455034469291443294650368
122 170 -42773585107977234512265534309779069530499783655510900322945964242455034469291443294650368
170 146 503265926196392637468284678595575767178270604519712877640343877134676909022160408030720
146 170 503265926196392637468284678595575767178270604519712877640343877134676909022160408030720
170 170 32620546836344136503964318223732684080163278300537102396506173326340337351174027341184
169 1 1453173390919417818069983630983168
1 169 1453173390919417818069983630983168
169 25 33150908158260024090492223084154889544557582339382247396453614427013994512384
25 169 33150908158260024090492223084154889544557582339382247396453614427013994512384
169 49 -7746268950984181360154324518631754731981863563393499785254052282761365482531396255744
49 169 -7746268950984181360154324518631754731981863563393499785254052282761365482531396255744
169 73 22443246105848453610560669537314496568141873310202834052454015277781937619825223941488640
73 169 22443246105848453610560669537314496568141873310202834052454015277781937619825223941488640
169 97 -112365292047620919157618726708047933513412439019707679732280076133146564939061513383051264
97 169 -112365292047620919157618726708047933513412439019707679732280076133146564939061513383051264
169 121 -142248444851306629701767157528223702975906154153781389562890222731338573117766331647688704
121 169 -142248444851306629701767157528223702975906154153781389562890222731338573117766331647688704
169 145 -8974659191053603246642400758434310028648623600662710130438328732173366256499448888656896
145 169 -8974659191053603246642400758434310028648623600662710130438328732173366256499448888656896
169 169 -104743255938110562432357126052112904756973661751771079263638075764088156385671785718528
168 24 -4684149850341664281506293505367289722129333129221010485186530057654152200192
24 168 -4684149850341664281506293505367289722129333129221010485186530057654152200192
168 48 -7383344298096373036534860294430309766058229834254188957914527485869874207118216658944
48 168 -7383344298096373036534860294430309766058229834254188957914527485869874207118216658944
168 72 20327474310816447845321012442600724082984133414384813223291665651416305054277528857870336
72 168 20327474310816447845321012442600724082984133414384813223291665651416305054277528857870336
168 96 16884169878419676216336500780828269361534300454755686452729061458857762612149327593734144
96 168 16884169878419676216336500780828269361534300454755686452729061458857762612149327593734144
168 120 -179700849841210763899179039511556870770215669008114863484146645265661437967801982543298560
120 168 -179700849841210763899179039511556870770215669008114863484146645265661437967801982543298560
168 144 -18532935370905685063225865514892408376952058025882850342180199534825575562391527224756124
144 168 -18532935370905685063225865514892408376952058025882850342180199534825575562391527224756124
168 168 -301314176520637695478147895218902752014979252873493922357744735844041668733867703733424
167 23 -4960321891197975941887083310230553242447614458117503135732521268795171405824
23 167 -4960321891197975941887083310230553242447614458117503135732521268795171405824
167 47 -4779643025436633140443955804602438070645446223608905774283643165274505624608290373632
47 167 -4779643025436633140443955804602438070645446223608905774283643165274505624608290373632
167 71 4006363824824232906933945760741226241253187210486201278121586359355657728806607826976768
71 167 4006363824824232906933945760741226241253187210486201278121586359355657728806607826976768
167 95 170850331924668961885960052599058214440999644589266878793049936819061864393715831371988992
95 167 170850331924668961885960052599058214440999644589266878793049936819061864393715831371988992
167 119 -80374056726680073024519973654860970115654071867745959075487858777246209756960856814387200
119 167 -80374056726680073024519973654860970115654071867745959075487858777246209756960856814387200
167 143 -17949318382107206493284801516868620057297247201325420260876657464346732512998897777313792
143 167 -17949318382107206493284801516868620057297247201325420260876657464346732512998897777313792
167 167 -395456876555855756776443918619873632473619475778620771938676032805618463201217185552216
166 22 -1466870580290957935016245222547116334319713409759217437621378679923609174016
22 166 -1466870580290957935016245222547116334319713409759217437621378679923609174016
166 46 -1928225256023492436871232242947622716386629153263782560749444443561734425010533040128
46 166 -1928225256023492436871232242947622716386629153263782560749444443561734425010533040128
166 70 -14371907451576975726547775997472949624287999075333928407442745544950706178841297631051776
70 166 -14371907451576975726547775997472949624287999075333928407442745544950706178841297631051776
166 94 237209254062702989944300509480367151119008617467305399087815784626673795868511736877285376
94 166 237209254062702989944300509480367151119008617467305399087815784626673795868511736877285376
166 118 152786303256563245952971510253239192105403089452915692599608870086302086805848317557211136
118 166 152786303256563245952971510253239192105403089452915692599608870086302086805848317557211136
166 142 2013063704785570549873138714382303068713082418078851510561375508538707636088641632122880
142 166 2013063704785570549873138714382303068713082418078851510561375508538707636088641632122880
166 166 -138692534127189985369570824855912151024262234530585952847050647013482103848589016749624
165 21 -117611434329749037298572531276545455340231920995262214652066771696544120832
21 165 -117611434329749037298572531276545455340231920995262214652066771696544120832
165 45 136737890163895588732948137269510977911434070994329357593149546612346870035591987200
45 165 136737890163895588732948137269510977911434070994329357593149546612346870035591987200
165 69 -21857120229728953634108828708544382424877930693489229677686291259507613090578116521230336
69 165 -21857120229728953634108828708544382424877930693489229677686291259507613090578116521230336
165 93 144922869838729136861189410510614876370568022010871581435146509210038819090894556451831808
93 165 144922869838729136861189410510614876370568022010871581435146509210038819090894556451831808
165 117 395020721306016578241582625547940629995571604887690452781095029438681488482080221393584128
117 165 395020721306016578241582625547940629995571604887690452781095029438681488482080221393584128
165 141 38717933650743560551213535234006114592389551709658074159403366359724247670386927456738304
141 165 38717933650743560551213535234006114592389551709658074159403366359724247670386927456738304
165 165 611100210788910500285505372417579524865955481566728362150764419686888792640871048546260
164 20 73702154671261019725333875660159541859380948056878843419900732651469799424
20 164 73702154671261019725333875660159541859380948056878843419900732651469799424
164 44 1153786784743773781105463581284543740679982767702440465128273139617830271633101684736
44 164 1153786784743773781105463581284543740679982767702440465128273139617830271633101684736
164 68 -14194317886718129439696145981686347092358457887554752969917324372717419805226720737361920
68 164 -14194317886718129439696145981686347092358457887554752969917324372717419805226720737361920
164 92 -71980522523499958238761090031147110018340987296027865637730000107824399293158880066928640
92 164 -71980522523499958238761090031147110018340987296027865637730000107824399293158880066928640
164 116 441073385216132573670945303213541782314877836938101797926361803531987258639156139684528128
116 164 441073385216132573670945303213541782314877836938101797926361803531987258639156139684528128
164 140 69576496268158789896795326588822087627921202190576522793417965068085047919478062505324544
140 164 69576496268158789896795326588822087627921202190576522793417965068085047919478062505324544
164 164 1582749450571606653656787129699886537939357489446531664645971049443052428719877973896944
163 19 32450446306663443830018669232020593128307298223541821058578627139297345536
19 163 32450446306663443830018669232020593128307298223541821058578627139297345536
163 43 1309996552039725576244113964929401058685054930995586284761383897278269623420932063232
43 163 1309996552039725576244113964929401058685054930995586284761383897278269623420932063232
163 67 1941363766246961417180172198675396238947981312529767365855671113742481470725500707012608
67 163 1941363766246961417180172198675396238947981312529767365855671113742481470725500707012608
163 91 -281034309150840590508468041274566036450432014397959555608535733363812759036795084683083776
91 163 -281034309150840590508468041274566036450432014397959555608535733363812759036795084683083776
163 115 141495796043964660742211841400311419883404264571489491854552952272800153236721871850831872
115 163 141495796043964660742211841400311419883404264571489491854552952272800153236721871850831872
163 139 57983774734867593465355265855567762618125811025972291455355810793866757922235615903621120
139 163 57983774734867593465355265855567762618125811025972291455355810793866757922235615903621120
163 163 1908319326190822626290917220692855349641325471920572807801087358452314104746469405772256
162 18 4534997579513873844473285568008711836175772635630996094135649316647206912
18 162 4534997579513873844473285568008711836175772635630996094135649316647206912
162 42 972895652976892587107154572829342083425764702175672167504306736353014883484138733568
42 162 972895652976892587107154572829342083425764702175672167504306736353014883484138733568
162 66 14903946759377507019283842872904035169699542194412829594073976458991038223681577065381888
66 162 14903946759377507019283842872904035169699542194412829594073976458991038223681577065381888
162 90 -334033717822828949474224112069198393660155213589719890211050822333098606571792203031511040
90 162 -334033717822828949474224112069198393660155213589719890211050822333098606571792203031511040
162 114 -437782279641872425353423210676010497408995716829867713398995206983006435364238312346746880
114 162 -437782279641872425353423210676010497408995716829867713398995206983006435364238312346746880
162 138 -20959305247009145383338258650424798047341136019103478182568207595828965127185301368028160
138 162 -20959305247009145383338258650424798047341136019103478182568207595828965127185301368028160
162 162 436742377026188125488518930390095143154628363442712309410379928168349108036962724368860
161 17 -1277794192197420164544077505298243688299339847326776421528199078917177344
17 161 -1277794192197420164544077505298243688299339847326776421528199078917177344
161 41 499205100655343796765369735805506235408343182263255777878765032345867977326199832576
41 161 499205100655343796765369735805506235408343182263255777878765032345867977326199832576
161 65 16802983442547974491345830081153431070794126611844452674808048406264810700025294737113088
65 161 16802983442547974491345830081153431070794126611844452674808048406264810700025294737113088
161 89 -172064551026360832481831928848118000359155853210221923822123775069529071553878518864543744
89 161 -172064551026360832481831928848118000359155853210221923822123775069529071553878518864543744
161 113 -961396113638997339720289184112085426984915183452300985296117567009749555141945263770304512
113 161 -961396113638997339720289184112085426984915183452300985296117567009749555141945263770304512
161 137 -145360760134942735378238787949511826287782878334452487492847136197358479249624965867225088
137 161 -145360760134942735378238787949511826287782878334452487492847136197358479249624965867225088
161 161 -3245456820486885102318199697669444606295260925663125968386087463359955231679245359329088
160 16 -966078071850321100292974805354188722073529121309397935272224064479952896
16 160 -966078071850321100292974805354188722073529121309397935272224064479952896
160 40 121853483669755883935585748500957828888354207598853933573877644297063500634820444160
40 160 121853483669755883935585748500957828888354207598853933573877644297063500634820444160
160 64 8249642646814985635468390457426681242848319844311035005751140686041739910464394867245056
64 160 8249642646814985635468390457426681242848319844311035005751140686041739910464394867245056
160 88 123426019759082926842118939353086649378346738131032186739169475619109786925607831834984448
88 160 123426019759082926842118939353086649378346738131032186739169475619109786925607831834984448
160 112 -974257034672121297555223396228028516676483437822822865474257992548860824317978112751042560
112 160 -974257034672121297555223396228028516676483437822822865474257992548860824317978112751042560
160 136 -230716296904401936597769815199428591372307121086583621903133234613224429482629645606076416
136 160 -230716296904401936597769815199428591372307121086583621903133234613224429482629645606076416
160 160 -7488122547307235901945856955748792069551370596826522948835801899790718072750186905220928
159 15 -328944246012518897134558828511146718280335687996070033727760603822424064
15 159 -328944246012518897134558828511146718280335687996070033727760603822424064
159 39 -77430499324971738470527120676921453564952345783695635966431868553703256967195131904
39 159 -77430499324971738470527120676921453564952345783695635966431868553703256967195131904
159 63 -3589209524886834356246519565809102373553137043505409044844052637332398311992305500815360
63 159 -3589209524886834356246519565809102373553137043505409044844052637332398311992305500815360
159 87 374524249654063830172824835206993687009234718818087897837688244846448762747607661286522880
87 159 374524249654063830172824835206993687009234718818087897837688244846448762747607661286522880
159 111 -222196903318633099948412015348286723048480064764147790889273162093636434784219746877308928
111 159 -222196903318633099948412015348286723048480064764147790889273162093636434784219746877308928
159 135 -164464834566281664576747669040319354818028721536964053758705195329622607021180516631584768
135 159 -164464834566281664576747669040319354818028721536964053758705195329622607021180516631584768
159 159 -8166767889350118442932970201444706180930261615062147339306781726612207284608247140795616
158 14 -78009237209041561481121092979860645447342123734965156312963165307535360
14 158 -78009237209041561481121092979860645447342123734965156312963165307535360
158 38 -126676326586644120254554413898355069347174827221958399583971476964818665262326743040
38 158 -126676326586644120254554413898355069347174827221958399583971476964818665262326743040
158 62 -10975363499387623624058638581243729960813833808573950024789631730459895607227971425796096
62 158 -10975363499387623624058638581243729960813833808573950024789631730459895607227971425796096
158 86 418924146997438692777727885420864226079355766569249391337754044556925555623506804647919616
86 158 418924146997438692777727885420864226079355766569249391337754044556925555623506804647919616
158 110 1049821368909658622218313238669764850933806425838385927804598443167436252603576139554750464
110 158 1049821368909658622218313238669764850933806425838385927804598443167436252603576139554750464
158 134 105639780068082224258004797751985862299948731748663045900691186951265502000499739328872448
134 158 105639780068082224258004797751985862299948731748663045900691186951265502000499739328872448
158 158 -668565512049117505226263660841090130380593074164196636183640614231601748522943591748992
157 13 -13935420331872371040476853583885410452453891360609145811700262019006464
13 157 -13935420331872371040476853583885410452453891360609145811700262019006464
157 37 -96421112674437006979338044723364491056666976824481895341926398649607375718069567488
37 157 -96421112674437006979338044723364491056666976824481895341926398649607375718069567488
157 61 -10636031404422278053378921699346483607671243213445793903223516553210938829459425345929216
61 157 -10636031404422278053378921699346483607671243213445793903223516553210938829459425345929216
157 85 214842699033211269204889461946002763333215314199717243598183060459694546193687037771513856
85 157 214842699033211269204889461946002763333215314199717243598183060459694546193687037771513856
157 109 2078546611074081614762109458532248555292366467636542537835282811418868039019502650634797056
109 157 2078546611074081614762109458532248555292366467636542537835282811418868039019502650634797056
157 133 477230742435623717379849681483331920618787606826368122389039433814110072635609991662731264
133 157 477230742435623717379849681483331920618787606826368122389039433814110072635609991662731264
157 157 15456414241645659618755557724893351128425753985792863816362742963650536497951010286321920
156 12 -1894882601018481397579376714225680328912592069318417194525979008040960
12 156 -1894882601018481397579376714225680328912592069318417194525979008040960
156 36 -47762058637033802058964772231915321659453039148184407431445274998533250915791536128
36 156 -47762058637033802058964772231915321659453039148184407431445274998533250915791536128
156 60 -4684641168206067907924193335473019783944592604402785084618275505337095064092544979697664
60 156 -4684641168206067907924193335473019783944592604402785084618275505337095064092544979697664
156 84 -130156743242325415412172326709192515545868449024480730760348808427546802820256367414083584
84 156 -130156743242325415412172326709192515545868449024480730760348808427546802820256367414083584
156 108 1971917173236051013874237461964894170460332668832842908371004602804881716013136438521495552
108 156 1971917173236051013874237461964894170460332668832842908371004602804881716013136438521495552
156 132 680620176659053905151547929882294210387313252712286508480493535897256537882050077033840640
132 156 680620176659053905151547929882294210387313252712286508480493535897256537882050077033840640
156 156 31702916605313415670124053842620058499962798889852676347622211825872623192116152877916184
155 11 -193837125328277144496831024436977825271790944236234581818562458943488
11 155 -193837125328277144496831024436977825271790944236234581818562458943488
155 35 -12158515294730417706232216494904819686223995450095099310209332932862986506391781376
35 155 -12158515294730417706232216494904819686223995450095099310209332932862986506391781376
155 59 2105074645099246791843546997283142661960702460399437813666731461397467520494070728228864
59 155 2105074645099246791843546997283142661960702460399437813666731461397467520494070728228864
155 83 -422125546457994459401861719720880597107196184099602084982105635340794852212910552034312192
83 155 -422125546457994459401861719720880597107196184099602084982105635340794852212910552034312192
155 107 353512482300883949067717276858436815977502011209206479375229716180456028445298390755966976
107 155 353512482300883949067717276858436815977502011209206479375229716180456028445298390755966976
155 131 415617367469382103212977763341700366418543857536016917136506471296979607669730945850146816
131 155 415617367469382103212977763341700366418543857536016917136506471296979607669730945850146816
155 155 30912828483291319237511115449786702256851507971585727632725485927301072995902020572643840
154 10 -14701977084918689282139340691042064133292252043378447380046067793920
10 154 -14701977084918689282139340691042064133292252043378447380046067793920
154 34 4244072518251298931815040727970049323954042875672715823106374734070456084745682944
34 154 4244072518251298931815040727970049323954042875672715823106374734070456084745682944
154 58 5877436270199921900981889734858620115961698043570906483285859460381243759621079037902848
58 154 5877436270199921900981889734858620115961698043570906483285859460381243759621079037902848
154 82 -492808014349568650504725569359974756792935611454914315743683222225233918559869481254912000
82 154 -492808014349568650504725569359974756792935611454914315743683222225233918559869481254912000
154 106 -2153292288281673035389068116673450536065840085902788016089868754705145360515911026424676352
106 154 -2153292288281673035389068116673450536065840085902788016089868754705145360515911026424676352
154 130 -392617533001731599957102355644037111266278274343280088765576997866206318394368416894418944
130 154 -392617533001731599957102355644037111266278274343280088765576997866206318394368416894418944
154 154 -2674262048196470020905054643364360521522372296656786544734562456926406994091774366995968
153 9 -809307573957749645861348333438045895771306816588463809828889821184
9 153 -809307573957749645861348333438045895771306816588463809828889821184
153 33 7497198274472518421984321114171547724394000480680998019597257194838995281777786880
33 153 7497198274472518421984321114171547724394000480680998019597257194838995281777786880
153 57 5614306669810666241964356421803578305066659074189230378006653462350742765156105858318336
57 153 5614306669810666241964356421803578305066659074189230378006653462350742765156105858318336
153 81 -293726779152234332141292648048983440574916206834863802502544646961401306515973943519608832
81 153 -293726779152234332141292648048983440574916206834863802502544646961401306515973943519608832
153 105 -4035741722825699127582117823380549979616092215677139746991693401321385585402914647731863552
105 153 -4035741722825699127582117823380549979616092215677139746991693401321385585402914647731863552
153 129 -1381103145228794411065610793174055347501939879932970502075089797261689688539456571156201472
129 153 -1381103145228794411065610793174055347501939879932970502075089797261689688539456571156201472
153 153 -65334143114800947543463761611557649447442092920497178714454253812897658276865977126364928
152 8 -28894999848842729533504377438742279735645524132212486796149260288
8 152 -28894999848842729533504377438742279735645524132212486796149260288
152 32 5304199656754519359945954323197930264043696396826774496369012293265801794570682368
32 152 5304199656754519359945954323197930264043696396826774496369012293265801794570682368
152 56 2766596378232138213189479304661006849193567163637189452210081728425161137963821602701312
56 152 2766596378232138213189479304661006849193567163637189452210081728425161137963821602701312
152 80 77087230389961864293636280855993863782133293151738393353653959203390898652971259591131136
80 152 77087230389961864293636280855993863782133293151738393353653959203390898652971259591131136
152 104 -3712605258652497345150685442998295307293719000812289183350129164941604614360733760811433984
104 152 -3712605258652497345150685442998295307293719000812289183350129164941604614360733760811433984
152 128 -1802210429560394587137833551453634931738676537470846710897771005504812299381273513883598848
128 152 -1802210429560394587137833551453634931738676537470846710897771005504812299381273513883598848
152 152 -119809960756915774431133711291980673112821929549224367181372830396651489164002990483534848
151 7 -493011069542690036829972456442219059509660653446038816481607680
7 151 -493011069542690036829972456442219059509660653446038816481607680
151 31 2470006774472496719306392752438591031334547388653380336487662062547498348962643968
31 151 2470006774472496719306392752438591031334547388653380336487662062547498348962643968
151 55 -383823313149566698131147002983091380391928014335526991643005767848974777794993783308288
55 151 -383823313149566698131147002983091380391928014335526991643005767848974777794993783308288
151 79 425288305308913311564205309475427972898828015855172992289784539634420489388886030624489472
79 151 425288305308913311564205309475427972898828015855172992289784539634420489388886030624489472
151 103 -673014770873014978556821641003576929089123948049646914832338362475718749317465923536289792
103 151 -673014770873014978556821641003576929089123948049646914832338362475718749317465923536289792
151 127 -953123113095049411818343676663952435746218626029861618956618011897517794129418700481101824
127 151 -953123113095049411818343676663952435746218626029861618956618011897517794129418700481101824
151 151 -103854618255580323274182390325422227401448349621220030988354798827518567413735851498530816
150 6 -278258111848182791155451844680654129641076902645166285783040
6 150 -278258111848182791155451844680654129641076902645166285783040
150 30 699811261554839504370127306603520858671849507315588654076265574420746462774165504
30 150 699811261554839504370127306603520858671849507315588654076265574420746462774165504
150 54 -2221461567355028431984712803130096738572267023326406446539583386890103236162787540467712
54 150 -2221461567355028431984712803130096738572267023326406446539583386890103236162787540467712
150 78 560228012791383946726212788035596617105620371911890811932466758254882704043545734892486656
78 150 560228012791383946726212788035596617105620371911890811932466758254882704043545734892486656
150 102 3817928148744797518137957672792341144995753227933941135630641521622196034190363519336054784
102 150 3817928148744797518137957672792341144995753227933941135630641521622196034190363519336054784
150 126 1185620206388534186654901294047239353725010467532817090994011158040736473992957341761273856
126 150 1185620206388534186654901294047239353725010467532817090994011158040736473992957341761273856
150 150 27951512129676040031265211544966089161896215260333587802264315402774342914365614359607040
149 5 -4017874156052554300003220985600656629963098315309382107136
5 149 -4017874156052554300003220985600656629963098315309382107136
149 29 -12905303099228302775548376413413325826479151767647620467076457329703541427666944
29 149 -12905303099228302775548376413413325826479151767647620467076457329703541427666944
149 53 -2374133001707632464464613051448088110064976172277583210458802090158119732027121513529344
53 149 -2374133001707632464464613051448088110064976172277583210458802090158119732027121513529344
149 77 396818468734782756132741293346795014505265676847429819072989393229155870255375993391808512
77 149 396818468734782756132741293346795014505265676847429819072989393229155870255375993391808512
149 101 7090822284740544971357506128941729299322509572329584967936810532161935661587307085804077056
101 149 7090822284740544971357506128941729299322509572329584967936810532161935661587307085804077056
149 125 3550749551697505819470192065062717570087919060985618162669949296653264853320190329117212672
125 149 3550749551697505819470192065062717570087919060985618162669949296653264853320190329117212672
149 149 244264873752425296165237404248685484754089660405833319398539181881896205407548083938848768
148 4 -158900973437450152988560987108695218699230286524186624000
4 148 -158900973437450152988560987108695218699230286524186624000
148 28 -154133080610328202107919112428449582998370610851734731818086696032229845637267456
28 148 -154133080610328202107919112428449582998370610851734731818086696032229845637267456
148 52 -1422910046201651549558122169366454453380729164342856170581780677622372544966792023375872
52 148 -1422910046201651549558122169366454453380729164342856170581780677622372544966792023375872
148 76 8600483695082100326501386607008408998000286548788991193734492130442845310021077288615936
76 148 8600483695082100326501386607008408998000286548788991193734492130442845310021077288615936
148 100 6551041445001165297154216754474622237960863112069341799545423134029711719578792305948098560
100 148 6551041445001165297154216754474622237960863112069341799545423134029711719578792305948098560
148 124 4314515968171324735714234922343769977463230426059139344437458633057912424762512356847648768
124 148 4314515968171324735714234922343769977463230426059139344437458633057912424762512356847648768
148 148 405183859346331303336137505203170953712475517298312106149368588657421421752288761317617664
147 3 -111493278056724330142079118056402242654783296021463040
3 147 -111493278056724330142079118056402242654783296021463040
147 27 -107113538913013007567991057773441088071846588972678880840968650220278856330248192
27 147 -107113538913013007567991057773441088071846588972678880840968650220278856330248192
147 51 -244651974641292363042943440303828236557930346120775397276720818215627873115273479323648
51 147 -244651974641292363042943440303828236557930346120775397276720818215627873115273479323648
147 75 -401085844368011413247714891142773496508278245302968889033909879230433001131553681353736192
75 147 -401085844368011413247714891142773496508278245302968889033909879230433001131553681353736192
147 99 1503267463071895572665099142145597047243872529627668306382533738076395645974914595987390464
99 147 1503267463071895572665099142145597047243872529627668306382533738076395645974914595987390464
147 123 2020001787605627588419332875739030612306512542940166728155217158107058876545513981604790272
123 147 2020001787605627588419332875739030612306512542940166728155217158107058876545513981604790272
147 147 312883307923922176146178750677800716731369206562164921421191382879687061832125976855685120
146 2 37284818443305073311433440077331000891445084160
2 146 37284818443305073311433440077331000891445084160
146 26 -46148774110544127386317950330830268367907904189052022642255299981367943911964672
26 146 -46148774110544127386317950330830268367907904189052022642255299981367943911964672
146 50 531419214623099750755331922462980879633540571055335571727175275136087460862444336840704
50 146 531419214623099750755331922462980879633540571055335571727175275136087460862444336840704
146 74 -604529824095373965186373761817365672427324536013305236849243998405680765483797659877638144
74 146 -604529824095373965186373761817365672427324536013305236849243998405680765483797659877638144
146 98 -5876369986027321815488960993142864440800744093719465581835365149102257517406889250222243840
98 146 -5876369986027321815488960993142864440800744093719465581835365149102257517406889250222243840
146 122 -3024997470718493652982882196503233386019737185214799346749565479015389957907067659127619584
122 146 -3024997470718493652982882196503233386019737185214799346749565479015389957907067659127619584
146 146 -142021154946242545018440524652454042648844528159320015715379862541805674340955153151614976
145 1 -595421767819088201955083897622495232
1 145 -595421767819088201955083897622495232
145 25 -13110161635738906300211872520972177494980177069494344995287830213828042184196096
25 145 -13110161635738906300211872520972177494980177069494344995287830213828042184196096
145 49 728034772928158382474610187113438965190314357939845794226100324262028792297276953329664
49 145 728034772928158382474610187113438965190314357939845794226100324262028792297276953329664
145 73 -479928409354037631693324163141649274576248034365401933596403179585533622214011214847016960
73 145 -479928409354037631693324163141649274576248034365401933596403179585533622214011214847016960
145 97 -11305179654115742768886028908903683606456250023562667742907620867375607654758907535421341696
97 145 -11305179654115742768886028908903683606456250023562667742907620867375607654758907535421341696
145 121 -8147252996013632469956336720352186992417802484570918930579414551583839898046927360449576960
121 145 -8147252996013632469956336720352186992417802484570918930579414551583839898046927360449576960
145 145 -809895683186392589878157145333501199305972686394615340930408515185906612636092796010938368
144 24 -1546849829330043666843549156749713355262404208861042554032698760017587321438208
24 144 -1546849829330043666843549156749713355262404208861042554032698760017587321438208
144 48 518295056496109470008964387132225418916748660828791677152146095701084620778043380596736
48 144 518295056496109470008964387132225418916748660828791677152146095701084620778043380596736
144 72 -89531751618518276490386928931926094692521737323863735316441031830142948009372058050887680
72 144 -89531751618518276490386928931926094692521737323863735316441031830142948009372058050887680
144 96 -10775226506383185605385196405364109260738044196264509137174812346389721354779581800196866048
96 144 -10775226506383185605385196405364109260738044196264509137174812346389721354779581800196866048
144 120 -9372379459161069597248173490078970483175059082560763277588017321146841690387956243812581376
120 144 -9372379459161069597248173490078970483175059082560763277588017321146841690387956243812581376
144 144 -1234182867028532000678493778816625672253355019769831105977322438017194675133922114492104704
143 23 769345883867262870077475787343426080642236148209672982016240307993025299087360
23 143 769345883867262870077475787343426080642236148209672982016240307993025299087360
143 47 190379611914398011643532666465822659298071525220471650971407815301824087771166973886464
47 143 190379611914398011643532666465822659298071525220471650971407815301824087771166973886464
143 71 349162739580840580344104267198314757885896132813551254194571005819737564701960873279750144
71 143 349162739580840580344104267198314757885896132813551254194571005819737564701960873279750144
143 95 -3287605395352366213989019837864008913270473578197811367127094625901757475101924837640110080
95 143 -3287605395352366213989019837864008913270473578197811367127094625901757475101924837640110080
143 119 -4021798600875740698929696180067191329196409407147720816184905507324122130781462545318281216
119 143 -4021798600875740698929696180067191329196409407147720816184905507324122130781462545318281216
143 143 -858056752645001727445869576618908915769128237070508681327723116659410177111423268606181376
142 22 610201660048549081995653863623321467969261402604084021086910178135438736228352
22 142 610201660048549081995653863623321467969261402604084021086910178135438736228352
142 46 -47021495209149768955624364272591801611642035363740584229684536265275891369470351900672
46 142 -47021495209149768955624364272591801611642035363740584229684536265275891369470351900672
142 70 589218124450573952834928612012945837510254255566369506956586669311607461427211709632741376
70 142 589218124450573952834928612012945837510254255566369506956586669311607461427211709632741376
142 94 7840287450686980934802641646706345133135389465102892753513468129499715393306595890445680640
94 142 7840287450686980934802641646706345133135389465102892753513468129499715393306595890445680640
142 118 6619336764312148198360399412317356366807655902312345518706875108636084143126154983306690560
118 142 6619336764312148198360399412317356366807655902312345518706875108636084143126154983306690560
142 142 534455039366662332480951389777636295969395151675999885664357143778760087161635263957958656
141 21 247461117220949406621494727462788066205425982041869001151731308708425013133312
21 141 247461117220949406621494727462788066205425982041869001151731308708425013133312
141 45 -132571117237564160681239831955223998944917647140613630263116864710211574129759078055936
45 141 -132571117237564160681239831955223998944917647140613630263116864710211574129759078055936
141 69 501257458620172020625405964113972516550740887114676206082530344266058270249569225793339392
69 141 501257458620172020625405964113972516550740887114676206082530344266058270249569225793339392
141 93 16275231755706900604908931644048908240731881547216178920423689315299140576123927711612665856
93 141 16275231755706900604908931644048908240731881547216178920423689315299140576123927711612665856
141 117 16688348709830185589113051948142908437214440077997372538440603641696404946971873647871918080
117 141 16688348709830185589113051948142908437214440077997372538440603641696404946971873647871918080
141 141 2396143851719627013687886455315790338676857439916948467676330041381571499248740452591992832
140 20 70655960781755832596870404744140836553448341422239525367474250760714853548032
20 140 70655960781755832596870404744140836553448341422239525367474250760714853548032
140 44 -110996057616720936182271714433686451739389254537563662326777602296697749996198286065664
44 140 -110996057616720936182271714433686451739389254537563662326777602296697749996198286065664
140 68 148170859654002096533026171226954313988387592631626730633696765346904768208869734832144384
68 140 148170859654002096533026171226954313988387592631626730633696765346904768208869734832144384
140 92 16222191367610923588813234670360317272787153657602486674222600571591543916477662175172755456
92 140 16222191367610923588813234670360317272787153657602486674222600571591543916477662175172755456
140 116 18482078113988699076319315132155329144023607928682370565564120741551056789023223632655024128
116 140 18482078113988699076319315132155329144023607928682370565564120741551056789023223632655024128
140 140 3411612422292996042747180866307582690541016363847904612067145368828889872156275408233299968
139 19 14666425181799548818687676058504493151914576248538097805927547614138088816640
19 139 14666425181799548818687676058504493151914576248538097805927547614138088816640
139 43 -54908533538478427231405477555277153558196793209430193137753550801254740564708681580544
43 139 -54908533538478427231405477555277153558196793209430193137753550801254740564708681580544
139 67 -259298978319751755064780460231358326418848756201525635588228902362436471893633640754577408
67 139 -259298978319751755064780460231358326418848756201525635588228902362436471893633640754577408
139 91 6276232601144558253333776315211043218266763001296987658869324391349584880880842983899922432
91 139 6276232601144558253333776315211043218266763001296987658869324391349584880880842983899922432
139 115 7637656173655720589421062237738691274132843875212204031336536588929654075506632976838426624
115 139 7637656173655720589421062237738691274132843875212204031336536588929654075506632976838426624
139 139 2174954890489231649849069316676099874446632322568529685201977738820036441130957670524649472
138 18 2007399924772812582420756405407861248795168700315894955751880756375188406272
18 138 2007399924772812582420756405407861248795168700315894955751880756375188406272
138 42 -11659274310324575324488409344509955091984299702124008033164135755924394006046788550656
42 138 -11659274310324575324488409344509955091984299702124008033164135755924394006046788550656
138 66 -494289044578306151373167870673412796857695738999563011872340597470779581515139326857445376
66 138 -494289044578306151373167870673412796857695738999563011872340597470779581515139326857445376
138 90 -8949554367847350162665521414849327512622004330363289103199268543721430006645126398501453824
90 138 -8949554367847350162665521414849327512622004330363289103199268543721430006645126398501453824
138 114 -12416377633498497599414564911422173254266316114548151638269565417915452957605414215916453888
114 138 -12416377633498497599414564911422173254266316114548151638269565417915452957605414215916453888
138 138 -1640852630657431760789031901072413440175130275462081445803157082773172572591381294641840128
137 17 84870478500306799496439624448620243474529633067162219738487286507323260928
17 137 84870478500306799496439624448620243474529633067162219738487286507323260928
137 41 6933522294385512031656415047534204015208194380581248335456720817978436272827416969216
41 137 6933522294385512031656415047534204015208194380581248335456720817978436272827416969216
137 65 -446340732765457307488531659106284555105016589979364458864888413428115236048941484022431744
65 137 -446340732765457307488531659106284555105016589979364458864888413428115236048941484022431744
137 89 -20872920383027583066974311069535342427018708526182801451981438447379176488920018063542190080
89 137 -20872920383027583066974311069535342427018708526182801451981438447379176488920018063542190080
137 113 -30414700122177656838129070633493453754886943569148430219703332342303739495863028482974941184
113 137 -30414700122177656838129070633493453754886943569148430219703332342303739495863028482974941184
137 137 -6365468544313939711424729412346391875093051043236764035000711470904173172006365778692538368
136 16 -36909864640245799611196641511951735754809176127576705730742050103593271296
16 136 -36909864640245799611196641511951735754809176127576705730742050103593271296
136 40 9108406522966438477683857074610907997043083159329395616932674408079633141324159385600
40 136 9108406522966438477683857074610907997043083159329395616932674408079633141324159385600
136 64 -173617811876966825004098404097834605385814580585152255998837782648889355567352815911174144
64 136 -173617811876966825004098404097834605385814580585152255998837782648889355567352815911174144
136 88 -21862900245309927449840133587357130316947518506048595799290879319209954736225117463140892672
88 136 -21862900245309927449840133587357130316947518506048595799290879319209954736225117463140892672
136 112 -33048119743818073888965671687759633735037930666525926151703609020502921712862246787107258368
112 136 -33048119743818073888965671687759633735037930666525926151703609020502921712862246787107258368
136 136 -8608382496916838300813210374537454303259486190625192174609070725397769488279814099003506688
135 15 -10627669854103169384327082549255210464668155352683817662710104506708787200
15 135 -10627669854103169384327082549255210464668155352683817662710104506708787200
135 39 5769635738143690943766390938403454444888028827013532754897315054053045219867574140928
39 135 5769635738143690943766390938403454444888028827013532754897315054053045219867574140928
135 63 149091614732122670805254872119907557374542024626716236071991101278081379893419183840428032
63 135 149091614732122670805254872119907557374542024626716236071991101278081379893419183840428032
135 87 -10167045305658448450786478964566122130340012890961035064477504203050273760215136626563612672
87 135 -10167045305658448450786478964566122130340012890961035064477504203050273760215136626563612672
135 111 -13980614185425278596805261432240404072019522499919773325705479145094025579136596389960613888
111 135 -13980614185425278596805261432240404072019522499919773325705479145094025579136596389960613888
135 135 -5154814422519416396967827347002393354076899605318770993858141707809970032930821293110984704
134 14 -1379079939471499736939020409336261233820449350561497249773154757045649408
14 134 -1379079939471499736939020409336261233820449350561497249773154757045649408
134 38 2728569098884430369221767226693873197555761818094173759492749110663538964382781276160
38 134 2728569098884430369221767226693873197555761818094173759492749110663538964382781276160
134 62 343972168443309934119772147009305467595435775026173250382737553186762776866641445432328192
62 134 343972168443309934119772147009305467595435775026173250382737553186762776866641445432328192
134 86 8394415574749463255583637691695067174580445831827425976401432657683069532319641847910629376
86 134 8394415574749463255583637691695067174580445831827425976401432657683069532319641847910629376
134 110 19704556314480416662059100482754832457606249703357856002964247671079029177976777553630724096
110 134 19704556314480416662059100482754832457606249703357856002964247671079029177976777553630724096
134 134 4268892316402056958624487084105200991804817958781439570814053307958723955796945881702334464
133 13 -55849806992079073255104134210518375767562264243094707691016856157552640
13 133 -55849806992079073255104134210518375767562264243094707691016856157552640
133 37 1155418244371746562669903963436506308768248747308565251128922687797888570213879775232
37 133 1155418244371746562669903963436506308768248747308565251128922687797888570213879775232
133 61 330363554629970810616316355426835094125249862486998783791417581542774328056423452615114752
61 133 330363554629970810616316355426835094125249862486998783791417581542774328056423452615114752
133 85 23400696453129035512409578991120010169229258308455495674992988848681374317130945399705567232
85 133 23400696453129035512409578991120010169229258308455495674992988848681374317130945399705567232
133 109 49028559293430590141506447558744146353837541799361812121314660283012127134093575259600977920
109 133 49028559293430590141506447558744146353837541799361812121314660283012127134093575259600977920
133 133 15242728588606489314769183249304804113803262505720104321012631503644442921114995524372529152
132 12 13326882364475047452260431526017871323323831108781208446099690398679040
12 132 13326882364475047452260431526017871323323831108781208446099690398679040
132 36 469062123482116845472314736377950649549186201473941335466193045758012101112413290496
36 132 469062123482116845472314736377950649549186201473941335466193045758012101112413290496
132 60 154291314527180236248934072568739183884259072452706062947807016760270599416986899962658816
60 132 154291314527180236248934072568739183884259072452706062947807016760270599416986899962658816
132 84 25927184872402036214626366679164997771986066568139981573350716945631220307244289286001917952
84 132 25927184872402036214626366679164997771986066568139981573350716945631220307244289286001917952
132 108 53443699453269960561475596692891253738096877022054856494210022819289992295445702744859475968
108 132 53443699453269960561475596692891253738096877022054856494210022819289992295445702744859475968
132 132 19885454383780047422522001470524061700952573639410514897650868129885717285346625646179123200
131 11 3149789794139346097287157193912843486112773630345154755336354270281728
11 131 3149789794139346097287157193912843486112773630345154755336354270281728
131 35 124169374527574223440089142760282941331463059016605009088872642723866232281022595072
35 131 124169374527574223440089142760282941331463059016605009088872642723866232281022595072
131 59 -59462797559732297784657816257189217267892302329212339215652847800016365582238895092793344
59 131 -59462797559732297784657816257189217267892302329212339215652847800016365582238895092793344
131 83 14048486745662881847400369458405185634395635172644733476275743858291523959841336010263756800
83 131 14048486745662881847400369458405185634395635172644733476275743858291523959841336010263756800
131 107 24562257476786389174903669406510063310717199368106303444388714479817189609130232711414284288
107 131 24562257476786389174903669406510063310717199368106303444388714479817189609130232711414284288
131 131 11503554210304299128386483888985787915439552445798531779055041298640781321423287664452304896
130 10 375490087661775513389849165020037574564688414981765661600455159971840
10 130 375490087661775513389849165020037574564688414981765661600455159971840
130 34 -58605479539124765941778117046347908328067163920665973866610348650670655143189413888
34 130 -58605479539124765941778117046347908328067163920665973866610348650670655143189413888
130 58 -191963249178949631242931492235283034697131653239817930081586764557015969668891846606061568
58 130 -191963249178949631242931492235283034697131653239817930081586764557015969668891846606061568
130 82 -5781167789470395444672471241370031567148822914210375751600896759346778051374538051639312384
82 130 -5781167789470395444672471241370031567148822914210375751600896759346778051374538051639312384
130 106 -25694202026115373651470894010029310920831410496400009615671068878848944405532742225449975808
106 130 -25694202026115373651470894010029310920831410496400009615671068878848944405532742225449975808
130 130 -9540044173257851848478946893564567947686984501352313888568723211329012428602666311185596416
129 9 29432514463761886629077839587934318478546003670637555724773182406656
9 129 29432514463761886629077839587934318478546003670637555724773182406656
129 33 -115022726869844405804602768938173647214792133258790156970435671622545838331849080832
33 129 -115022726869844405804602768938173647214792133258790156970435671622545838331849080832
129 57 -195013193068661480417494690405395616217785284812401199395443987253786805375207414297526272
57 129 -195013193068661480417494690405395616217785284812401199395443987253786805375207414297526272
129 81 -22450181905748229805230075414634473431383121124437734448529240610594761273411316791554080768
81 129 -22450181905748229805230075414634473431383121124437734448529240610594761273411316791554080768
129 105 -69259189047013006161097969960602505587993771079434300407103470410572663494864761328095985664
105 129 -69259189047013006161097969960602505587993771079434300407103470410572663494864761328095985664
129 129 -32929086497091420379756851814696096127182356734162229572939977122727940017599304457806413824
128 8 1466625547225711969237548192845033776976237782942980731530312155136
8 128 1466625547225711969237548192845033776976237782942980731530312155136
128 32 -90916050459135438858348896439423220257362967175774298434805020718015056523454054400
32 128 -90916050459135438858348896439423220257362967175774298434805020718015056523454054400
128 56 -101694203207682673634730027007520680682965305175291999719407547412694062286649344399507456
56 128 -101694203207682673634730027007520680682965305175291999719407547412694062286649344399507456
128 80 -26742156608872967271416992096354705940555602779221793400594266786760476588226447584272580608
80 128 -26742156608872967271416992096354705940555602779221793400594266786760476588226447584272580608
128 104 -77658549745110017448241042143725281310430260641880538072343463042620476550690968345786712064
104 128 -77658549745110017448241042143725281310430260641880538072343463042620476550690968345786712064
128 128 -42078293567745891954780914688384648633947962643041168727087859780886382690980439569566007296
127 7 45227524055556941085244245462570083076043964986490705843102679040
7 127 45227524055556941085244245462570083076043964986490705843102679040
127 31 -44251324279994192704734810923866359247895970818415469352964091489107041239137517568
31 127 -44251324279994192704734810923866359247895970818415469352964091489107041239137517568
127 55 12335422869226188031401679135357764569847812407367306407328099282412023717451611961819136
55 127 12335422869226188031401679135357764569847812407367306407328099282412023717451611961819136
127 79 -16661530365050516851344335711008779947270958936022080679004595534330970707428525529895010304
79 127 -16661530365050516851344335711008779947270958936022080679004595534330970707428525529895010304
127 103 -40433189638098867672272169248832349425144740651901608020861364088454568773236508461566525440
103 127 -40433189638098867672272169248832349425144740651901608020861364088454568773236508461566525440
127 127 -24241132762526484888219447865658756269901820834216668562936299257820416781392552721018519552
126 6 590900805147091430482011187940134318675648474533244187271233536
6 126 590900805147091430482011187940134318675648474533244187271233536
126 30 -10509995991399664439080498501031022031755861873321885114793993741771362209189855232
30 126 -10509995991399664439080498501031022031755861873321885114793993741771362209189855232
126 54 82434979480070917339520869922441620483456678197895305678899801224289325701885765867274240
54 126 82434979480070917339520869922441620483456678197895305678899801224289325701885765867274240
126 78 1676193511201709741473182879694796754097466248512361774503457596725194251037372884866564096
78 126 1676193511201709741473182879694796754097466248512361774503457596725194251037372884866564096
126 102 25736529627994374882316103513826826959466125905864001049189075832948057913457053499595423744
102 126 25736529627994374882316103513826826959466125905864001049189075832948057913457053499595423744
126 126 18281062260794892400460814168835503379312595490817864602366791197893935216695654677257125888
125 5 1805574446155526961801664418764307611974516655882261491613696
5 125 1805574446155526961801664418764307611974516655882261491613696
125 29 3659761190699945039517398157191707077063729352954133004496232453425881484818907136
29 125 3659761190699945039517398157191707077063729352954133004496232453425881484818907136
125 53 87669618958795701226053420895396048330616873462216175034308541025040734940083503767748608
53 125 87669618958795701226053420895396048330616873462216175034308541025040734940083503767748608
125 77 17940556883523874114996620338885884276746342244125292117392344791834502464045585342773854208
77 125 17940556883523874114996620338885884276746342244125292117392344791834502464045585342773854208
125 101 84388435463764324908726727074346180101757673889654803772077813453500691600277999710495571968
101 125 84388435463764324908726727074346180101757673889654803772077813453500691600277999710495571968
125 125 64077352474590238976216878942531567322570772814766161156271825742512515797852139251113656320
124 4 5545831977015003053791631223245673942311404500451242016768
4 124 5545831977015003053791631223245673942311404500451242016768
124 28 5713317086928206052120612081503483685782872979516963381793077584135191974436143104
28 124 5713317086928206052120612081503483685782872979516963381793077584135191974436143104
124 52 48642498293299717390422942141338840057124474462815941290906098244041849909146618857259008
52 124 48642498293299717390422942141338840057124474462815941290906098244041849909146618857259008
124 76 23678877060182417727654240560070463461312610757638667618448867943951833001529853968428040192
76 124 23678877060182417727654240560070463461312610757638667618448867943951833001529853968428040192
124 100 100047362006352458396940340229908794756641820903140066741239796412821408066892189039505440768
100 124 100047362006352458396940340229908794756641820903140066741239796412821408066892189039505440768
124 124 81468829709474548626791666195379128221781801593835581169001901462609611738306673640715845632
123 3 11682303134285836947099914669234564159709357308070854656
3 123 11682303134285836947099914669234564159709357308070854656
123 27 3697617660802214569447406781620027577377555209379191926452323467249303930267500544
27 123 3697617660802214569447406781620027577377555209379191926452323467249303930267500544
123 51 2010403025944692528817793701705307329149860478651414237031758156234959534703489606221824
51 123 2010403025944692528817793701705307329149860478651414237031758156234959534703489606221824
123 75 16863896246605060691887639609522224701964154606458833966503443323198381277905638700508774400
75 123 16863896246605060691887639609522224701964154606458833966503443323198381277905638700508774400
123 99 60164451377191728024541654544615802594145157601979510912314674907452624729495580397560397824
99 123 60164451377191728024541654544615802594145157601979510912314674907452624729495580397560397824
123 123 48130535494337076002971250103279248906996534028843764733942676966294845502928036650134011904
122 2 7764260247332994861793532077017685399417078677504
2 122 7764260247332994861793532077017685399417078677504
122 26 1658671417724661543533299756752256414187775071486498094140172981488652311645388800
26 122 1658671417724661543533299756752256414187775071486498094140172981488652311645388800
122 50 -25613253447629941036931616156347389343459587075414636569965302442154061213336086253666304
50 122 -25613253447629941036931616156347389343459587075414636569965302442154061213336086253666304
122 74 2383035811255301966638396751939225991271212187657239239496505348889018637139390754583478272
74 122 2383035811255301966638396751939225991271212187657239239496505348889018637139390754583478272
122 98 -15730569731254407394484255966520744299805819504033608960747298631588599160325109032662597632
98 122 -15730569731254407394484255966520744299805819504033608960747298631588599160325109032662597632
122 122 -29560635181027659980552019416904285998473006542163079059139203891211230541409491645204791296
121 1 144146726585331125913997672900112416768
1 121 144146726585331125913997672900112416768
121 25 549316537238489317532827562508104270904881800583091082330040116007964101010522112
25 121 549316537238489317532827562508104270904881800583091082330040116007964101010522112
121 49 -28490186509947926015435121168383491031792474364207132364015589967674665637252678748733440
49 121 -28490186509947926015435121168383491031792474364207132364015589967674665637252678748733440
121 73 -11402987162780246311242216939300314941248912557059709663702660153563510310244613819578974208
73 121 -11402987162780246311242216939300314941248912557059709663702660153563510310244613819578974208
121 97 -86189347910387752340305100134606227888847618527128386390195350691939575497120593901592248320
97 121 -86189347910387752340305100134606227888847618527128386390195350691939575497120593901592248320
121 121 -111894262044301960262980305622635771434951293538899462545468096082893652754572634645363425280
120 24 124267411984657747166155620179281022921729185926777409545283430379474538593255424
24 120 124267411984657747166155620179281022921729185926777409545283430379474538593255424
120 48 -16390567213639556152802969050791868741782684234861587587377399231615054286693605706825728
48 120 -16390567213639556152802969050791868741782684234861587587377399231615054286693605706825728
120 72 -17613828491596530126221446989148102636024358506067451835719098887298523182861124250122584064
72 120 -17613828491596530126221446989148102636024358506067451835719098887298523182861124250122584064
120 96 -111736574250999239743829470933436294779851559559201280149400216268577675673508568152087199744
96 120 -111736574250999239743829470933436294779851559559201280149400216268577675673508568152087199744
120 120 -143848756760698848316235477569565435119544169882375147241223189675666348257925249095753007104
119 23 9532710452277931363459373372474591645424502008300837625286122300487559620329472
23 119 9532710452277931363459373372474591645424502008300837625286122300487559620329472
119 47 -2522208946350214470459158529377256433422019350233220676716432300499462886131621498454016
47 119 -2522208946350214470459158529377256433422019350233220676716432300499462886131621498454016
119 71 -14315039160692394486645666919879321313279829950659360375048259482069841656325155905419083776
71 119 -14315039160692394486645666919879321313279829950659360375048259482069841656325155905419083776
119 95 -78010232177939253175142422995405845075767194136739814606634208127469387294764180403287752704
95 119 -78010232177939253175142422995405845075767194136739814606634208127469387294764180403287752704
119 119 -89304619571555801857419714736857334851956936215990784985431754533919850007130488831991611392
118 22 -7000730635666565378368625859796326114314585659403646802093007988407077202558976
22 118 -7000730635666565378368625859796326114314585659403646802093007988407077202558976
118 46 5281830019464372394037361331960520163274131888931769411881399713336107006719861106671616
46 118 5281830019464372394037361331960520163274131888931769411881399713336107006719861106671616
118 70 -4763501025461361859850819117491277827573588226179213542446263776261304362881356034442526720
70 118 -4763501025461361859850819117491277827573588226179213542446263776261304362881356034442526720
118 94 -3950233737562667999679342810089601582812408077813504972313075857750403217988385690785677312
94 118 -3950233737562667999679342810089601582812408077813504972313075857750403217988385690785677312
118 118 38679543039857852336962382731124556529072576548369346665559234438967861473284773225460400128
117 21 -4214079133429681534971553306404942571262093023975846600908180396933339395653632
21 117 -4214079133429681534971553306404942571262093023975846600908180396933339395653632
117 45 6285920895477483111171023314249748988644615642321244568832107530875454085774452260339712
45 117 6285920895477483111171023314249748988644615642321244568832107530875454085774452260339712
117 69 5194954282308276881951710289083084062382829392196307721042580299156121719492815442004672512
69 117 5194954282308276881951710289083084062382829392196307721042580299156121719492815442004672512
117 93 69771329701082628838430961312819226207172476335498250136905890013374025514202508574207246336
93 117 69771329701082628838430961312819226207172476335498250136905890013374025514202508574207246336
117 117 174142505193535039382037898746627702596258863584053989940795272238462934717776738168403394560
116 20 -1389344019039007095723330075800776449116742821048829806147806762184750172995584
20 116 -1389344019039007095723330075800776449116742821048829806147806762184750172995584
116 44 3702783169543966317262482947866491214784197536144177286611238692510446929054920899297280
44 116 3702783169543966317262482947866491214784197536144177286611238692510446929054920899297280
116 68 10647155506005350090361562158778962027832012594121644314221376790517901431816408233819504640
68 116 10647155506005350090361562158778962027832012594121644314221376790517901431816408233819504640
116 92 104552822455942107417159481644762835087684395285416310601306941652657662273368486145708523520
92 116 104552822455942107417159481644762835087684395285416310601306941652657662273368486145708523520
116 116 230246166733343987388849217633105820629910697529770789750430716361619468964862166599223738368
115 19 -314346907454285479529353313053074815446236204200252507270869284454841156894720
19 115 -314346907454285479529353313053074815446236204200252507270869284454841156894720
115 43 873964783307401323274040153906063941166681261479003860571270261237991206433399731388416
43 115 873964783307401323274040153906063941166681261479003860571270261237991206433399731388416
115 67 9952768172739961592122406003485270559880003972269857835540155607156995333248104154680786944
67 115 9952768172739961592122406003485270559880003972269857835540155607156995333248104154680786944
115 91 85166841934756380610696493950186807570645183028175974038045282024533306070545071592269938688
91 115 85166841934756380610696493950186807570645183028175974038045282024533306070545071592269938688
115 115 152965403949746806156885181517813972482143976361626612764015357126177545741380592057773457408
114 18 -46810029794298884872297174535111319287051873878984672817578961373181763387392
18 114 -46810029794298884872297174535111319287051873878984672817578961373181763387392
114 42 -626499922317737590755523199464676886244563160370434547645426496643261941196680469676032
42 114 -626499922317737590755523199464676886244563160370434547645426496643261941196680469676032
114 66 4870617299355393495889259661591227129997002619766821273248399773920151748613574903520559104
66 114 4870617299355393495889259661591227129997002619766821273248399773920151748613574903520559104
114 90 26206362400293671376501195106902945640206721396227865342191444140325287418028871228992782336
90 114 26206362400293671376501195106902945640206721396227865342191444140325287418028871228992782336
114 114 -36020536895512019498377510384219322807980597933485661912383323170611232358949733766210256896
113 17 -2665961460550176656891928101725581155828462693630840386698731573021404823552
17 113 -2665961460550176656891928101725581155828462693630840386698731573021404823552
113 41 -852344601595848033972628751104748581589787596719808176065247307244164715277644705300480
41 113 -852344601595848033972628751104748581589787596719808176065247307244164715277644705300480
113 65 -1118054849618312094777248942254404670782101306340494636276868946073086449484385249432436736
65 113 -1118054849618312094777248942254404670782101306340494636276868946073086449484385249432436736
113 89 -38790381541680388658122584201367465865745696975746787347823997419380025421688471502339440640
89 113 -38790381541680388658122584201367465865745696975746787347823997419380025421688471502339440640
113 113 -238794388584484768654081805689049371389385503744811475796332884199336624549132794696761868288
112 16 776907601912307604004351994779382394034450116763078792366900537640251031552
16 112 776907601912307604004351994779382394034450116763078792366900537640251031552
112 40 -499468420155075696847571833732348443503767553264771682318882813035911752450038470541312
40 112 -499468420155075696847571833732348443503767553264771682318882813035911752450038470541312
112 64 -4978486008892823254673971008311390186573447853288056665581842142346438045827703780159782912
64 112 -4978486008892823254673971008311390186573447853288056665581842142346438045827703780159782912
112 88 -77441664154034096895217724794765331422370404216450326486726164128859735791431589303729258496
88 112 -77441664154034096895217724794765331422370404216450326486726164128859735791431589303729258496
112 112 -331243822858081159879331187075173265277830513750121724976237975005565612052696248597816016896
111 15 286553315327359365748874070746675225432374795881807138523953086423038427136
15 111 286553315327359365748874070746675225432374795881807138523953086423038427136
111 39 -132599885892078355205534449865745182915700643335830680171771672657453216949769001238528
39 111 -132599885892078355205534449865745182915700643335830680171771672657453216949769001238528
111 63 -5514701121098572886027917383407023662098966963761558830990140220032812701118116952163745792
63 111 -5514701121098572886027917383407023662098966963761558830990140220032812701118116952163745792
111 87 -75265787357433749366761448414297264582955602703589079395280900609427896162810149701414813696
87 111 -75265787357433749366761448414297264582955602703589079395280900609427896162810149701414813696
111 111 -238677504817731751435773503415631788592947721033603758152647522865351682703198542646126575616
110 14 54864798801967455956436143374002074682334397561012189049318091988387495936
14 110 54864798801967455956436143374002074682334397561012189049318091988387495936
110 38 44488681496788970192710950317778383407918596805443175810888803760789773651595384324096
38 110 44488681496788970192710950317778383407918596805443175810888803760789773651595384324096
110 62 -3454334469002470962526890818694545757849720029210700674104700229256705606774146329309347840
62 110 -3454334469002470962526890818694545757849720029210700674104700229256705606774146329309347840
110 86 -40178504178821010752637742228338556555615279410077870739328209050527355748395596987345403904
86 110 -40178504178821010752637742228338556555615279410077870739328209050527355748395596987345403904
110 110 9273810185473362066169172886559488753468343238403511982139167948585156177548029064453816320
109 13 7610910783432727504909427167898338722480842158906118087489830042260733952
13 109 7610910783432727504909427167898338722480842158906118087489830042260733952
109 37 68473977597001940546551558753301141281666675283286022567408305746553224589622439313408
37 109 68473977597001940546551558753301141281666675283286022567408305746553224589622439313408
109 61 -536656029662553080268490806982312095201415063569428764766146884015119307665052878296317952
61 109 -536656029662553080268490806982312095201415063569428764766146884015119307665052878296317952
109 85 5661712655245805709938586269676050799428312201035440850049646168936091924586303877959122944
85 109 5661712655245805709938586269676050799428312201035440850049646168936091924586303877959122944
109 109 283428684576518405028822035675174247295075024139136555157249872978609832534317135707856961536
108 12 826607952625579762514905564073811273762403338583062120344407942379864064
12 108 826607952625579762514905564073811273762403338583062120344407942379864064
108 36 35490363130314182252377555120275671473465465899636730259444905176859764938696174862336
36 108 35490363130314182252377555120275671473465465899636730259444905176859764938696174862336
108 60 1640259956390501731855891731004793917008981451102491265618330142222035099792353657276596224
60 108 1640259956390501731855891731004793917008981451102491265618330142222035099792353657276596224
108 84 39772851974149084175719196175844014616152074058231175711948874714296247549025232110414200832
84 108 39772851974149084175719196175844014616152074058231175711948874714296247549025232110414200832
108 108 423749374830247031778070743708658634061658153467123358655321856112111265014107838911113854976
107 11 68759406833946181164931073894700203300714444507292041357900421617680384
11 107 68759406833946181164931073894700203300714444507292041357900421617680384
107 35 5815963028089361645240104460213715759616493073900028719938949325340703991321065422848
35 107 5815963028089361645240104460213715759616493073900028719938949325340703991321065422848
107 59 2347945532225105610530763982999019969733179585980585076357446829601436877462745019098071040
59 107 2347945532225105610530763982999019969733179585980585076357446829601436877462745019098071040
107 83 50289691287235105395281295555945175529525150076735688645005573670819697872780157230732279808
83 107 50289691287235105395281295555945175529525150076735688645005573670819697872780157230732279808
107 107 334672687176544982506545199949021138666825748551480102176271936722400550223026653549201195008
106 10 3996554388890982735153761251988170249769526666015458080071524957552640
10 106 3996554388890982735153761251988170249769526666015458080071524957552640
106 34 -5637187734574802821417558612826473644029443657010339717104808944979167431553097662464
34 106 -5637187734574802821417558612826473644029443657010339717104808944979167431553097662464
106 58 1789976256251934981128909543682463282596947676666597786534295277433616324647235492683710464
58 106 1789976256251934981128909543682463282596947676666597786534295277433616324647235492683710464
106 82 38821322666186607800817771104194918154058739623711015239344079603900730059821323440751640576
82 106 38821322666186607800817771104194918154058739623711015239344079603900730059821323440751640576
106 106 48890946867960597638454848913757131405518371540902706091108253191412739749420486112164446208
105 9 147422288259400056291212448832138583678787373912908176286472604745728
9 105 147422288259400056291212448832138583678787373912908176286472604745728
105 33 -5522130047143846501179202117717379412737906891768741606470523245232496110172935028736
33 105 -5522130047143846501179202117717379412737906891768741606470523245232496110172935028736
105 57 681994718416200964374969883701403979039736600335773710439254334420854481224794712053907456
57 105 681994718416200964374969883701403979039736600335773710439254334420854481224794712053907456
105 81 15871704134454266957308580298007889395042931170289968363426160940016029260071669354064773120
81 105 15871704134454266957308580298007889395042931170289968363426160940016029260071669354064773120
105 105 -283031811737153102121380952373807460441817267898545973897764277638140010091183727067218837504
104 8 1544386241014633073065588410297549500976371942737023755593321545728
8 104 1544386241014633073065588410297549500976371942737023755593321545728
104 32 -2415316102962346688517831626478622635531403581708751937424226902168176659397003444224
32 104 -2415316102962346688517831626478622635531403581708751937424226902168176659397003444224
104 56 -274421557090027774812496670722093226900245784809425839779674006831114941343677231470215168
56 104 -274421557090027774812496670722093226900245784809425839779674006831114941343677231470215168
104 80 -6619897256249454453273806303881185680018363856742782617384752034237580256222356759182835712
80 104 -6619897256249454453273806303881185680018363856742782617384752034237580256222356759182835712
104 104 -475454432686379345161767748059468755300012044624761370997416712278672370250486200288891895808
103 7 -381472374145687639668149703529318679805561277234030707298220900352
7 103 -381472374145687639668149703529318679805561277234030707298220900352
103 31 -288436826364588401710372804206908264391400805252731237861140049109588045389514145792
31 103 -288436826364588401710372804206908264391400805252731237861140049109588045389514145792
103 55 -719745888739114673376954989019855559754413565130486503292239119795485899502873118372790272
55 103 -719745888739114673376954989019855559754413565130486503292239119795485899502873118372790272
103 79 -20861625109969671846154471998654526206332984716525691632333562754219507166685785962307387392
79 103 -20861625109969671846154471998654526206332984716525691632333562754219507166685785962307387392
103 103 -415399465901833880840420537843882198151716197998197066823551849292391677108049334751155191808
102 6 -9967498629962549744704821551926653317465892828572412131078569984
6 102 -9967498629962549744704821551926653317465892828572412131078569984
102 30 422420064322503412203150646825937905903721652871571915792678239841011726623751274496
30 102 422420064322503412203150646825937905903721652871571915792678239841011726623751274496
102 54 -672633620668633608200229123443873858832819232014736001216162060163232693422002500125327360
54 102 -672633620668633608200229123443873858832819232014736001216162060163232693422002500125327360
102 78 -24765974199929635057778686070319625925242659471640326558010929643239676478938272522360061952
78 102 -24765974199929635057778686070319625925242659471640326558010929643239676478938272522360061952
102 102 -130390561620526668563788786652800160583555006132218972286013389928776699475598286003397197824
101 5 -116790724552878354808042010695042019351526899215719793122344960
5 101 -116790724552878354808042010695042019351526899215719793122344960
101 29 409529888756706210749050765597648530855315525878406803303655328067826107468744753152
29 101 409529888756706210749050765597648530855315525878406803303655328067826107468744753152
101 53 -367002236888723913549034979581788371152153291404810516821321440518997113303498780101836800
53 101 -367002236888723913549034979581788371152153291404810516821321440518997113303498780101836800
101 77 -20336202337919906996382108365481856362706693625325567008431310416379265438895299909954568192
77 101 -20336202337919906996382108365481856362706693625325567008431310416379265438895299909954568192
101 101 225426607296132242321302540737026832653957562271557285376832028364628815870032243030556147712
100 4 -147897274581270446319656128124585439743641672332928486473728
4 100 -147897274581270446319656128124585439743641672332928486473728
100 28 231570020595711386421788067672346320541795677147202412781496225550028001619048660992
28 100 231570020595711386421788067672346320541795677147202412781496225550028001619048660992
100 52 -51093556999099903566378125737829293453864426720074619898605390621314262146276662083321856
52 100 -51093556999099903566378125737829293453864426720074619898605390621314262146276662083321856
100 76 -11156701435387645471270393007980730894043230086490482470176670096699771942124247010666086400
76 100 -11156701435387645471270393007980730894043230086490482470176670096699771942124247010666086400
100 100 459174024618919447822129442496372383180689734880947225656703199421215417007593618619622227968
99 3 -423318256393376831878450148291360059163699542536283488256
3 99 -423318256393376831878450148291360059163699542536283488256
99 27 100358995196635730532325206693062501983914443594000564345095506494363040325050564608
27 99 100358995196635730532325206693062501983914443594000564345095506494363040325050564608
99 51 134727827342885787939208448098382895988035673075323341413119594049488161439710296988975104
51 99 134727827342885787939208448098382895988035673075323341413119594049488161439710296988975104
99 75 -724139070109664724350641605856960951418691549631236343160143170458677333553166411645321216
75 99 -724139070109664724350641605856960951418691549631236343160143170458677333553166411645321216
99 99 448595252941928243594038077038141965485972183352339820825501138736061556414964782510565752832
98 2 566434089059784326021517340093598660033976152883200
2 98 566434089059784326021517340093598660033976152883200
98 26 36716766120406248835290513907802885416091907521546583249755845436452590853988286464
26 98 36716766120406248835290513907802885416091907521546583249755845436452590853988286464
98 50 173930643831945063137715839323264394430147694420703628514635060121633957774881556472528896
50 98 173930643831945063137715839323264394430147694420703628514635060121633957774881556472528896
98 74 8088428733308301517922038414368794419630236469796286589820885515534648367087542822481428480
74 98 8088428733308301517922038414368794419630236469796286589820885515534648367087542822481428480
98 98 208261055605234649879874693831314328587479544242892141939472736111602089320901305240049942528
97 1 -21495518208307251216260146067435738365952
1 97 -21495518208307251216260146067435738365952
97 25 12191136273612762727836247231340662337403859932509372771917061540646637345817231360
25 97 12191136273612762727836247231340662337403859932509372771917061540646637345817231360
97 49 122903506491226353057253945003653710270293633296306150489708288561578602805283630050443264
49 97 122903506491226353057253945003653710270293633296306150489708288561578602805283630050443264
97 73 13136324821776547166255433643924186865417579269419286740094462314987009931117812832526139392
73 97 13136324821776547166255433643924186865417579269419286740094462314987009931117812832526139392
97 97 -124402285383649795014683378781022369244985049622976170378036988979589766574949744266597892096
96 24 3916987505080390515806301013032879815920164228787318447544674611902916726672588800
24 96 3916987505080390515806301013032879815920164228787318447544674611902916726672588800
96 48 49415304469553685692406906416210399884397312197553383694624336117543188882218764499681280
48 96 49415304469553685692406906416210399884397312197553383694624336117543188882218764499681280
96 72 13319635766313284584734787419833332838770843341741418107067266605426645912079485203384369152
72 96 13319635766313284584734787419833332838770843341741418107067266605426645912079485203384369152
96 96 -371369882346700853278602906473267545892785620637117699324965524232301943673509029148719316992
95 23 1254295624160879676781987041616540953732116430640650840642056835534169475546873856
23 95 1254295624160879676781987041616540953732116430640650840642056835534169475546873856
95 47 -4020400372148636827300824402828965287539330149257284439248600615194177878279876826365952
47 95 -4020400372148636827300824402828965287539330149257284439248600615194177878279876826365952
95 71 9051175960755798126099850030127094588824823568222354682258803319100926981869295477463187456
71 95 9051175960755798126099850030127094588824823568222354682258803319100926981869295477463187456
95 95 -413365934252197454845269672200154619507014971679636555743899707977646560175244233723957215232
94 22 390778810662452704125226966254837114832533960800677916730272641613103243687100416
22 94 390778810662452704125226966254837114832533960800677916730272641613103243687100416
94 46 -26220943638778613665767520492037267308157365787549049803288161898922278019993458289147904
46 94 -26220943638778613665767520492037267308157365787549049803288161898922278019993458289147904
94 70 2314845475207614136076435744110211716592036534703336746043220607275134122307683505617764352
70 94 2314845475207614136076435744110211716592036534703336746043220607275134122307683505617764352
94 94 -248778456975057088848805064939734595892347667712630361902815334470475685641891466040502648832
93 21 112509520967485563746853255107070586183838223535586647727203815042976986817363968
21 93 112509520967485563746853255107070586183838223535586647727203815042976986817363968
93 45 -25543938286214479076069368726041863762500960766148222848386517626063610872666919773667328
45 93 -25543938286214479076069368726041863762500960766148222848386517626063610872666919773667328
93 69 -4065833384872833123519489405815791111240481134671214308698654861393661374362100006956040192
69 93 -4065833384872833123519489405815791111240481134671214308698654861393661374362100006956040192
93 93 17287831178983832543431223037568108488167474806780018065180400984636977644089652342228516864
92 20 28635958643278620604288959784165455870340051682947268172070469465956507965194240
20 92 28635958643278620604288959784165455870340051682947268172070469465956507965194240
92 44 -15385440712008161778815818647200343037334878310473032122080231923154838235747049652879360
44 92 -15385440712008161778815818647200343037334878310473032122080231923154838235747049652879360
92 68 -7692027770617879382872244202113374081312020385783021274989237178274549434658596783074050048
68 92 -7692027770617879382872244202113374081312020385783021274989237178274549434658596783074050048
92 92 240512633806570176555838622486083189887858501865113840034091229083590023189445920087083057152
91 19 6267363818761934334421536011318964957669689825197772009144896572358291330433024
19 91 6267363818761934334421536011318964957669689825197772009144896572358291330433024
91 43 -5411491229188234468492518793241133526922710609539783154171578004744807289592075111104512
43 91 -5411491229188234468492518793241133526922710609539783154171578004744807289592075111104512
91 67 -7653514409229528931279816015200019928352654088739674666174960654896948334513830057480290304
67 91 -7653514409229528931279816015200019928352654088739674666174960654896948334513830057480290304
91 91 317592161445191761325270879809860852114100967168747896703304127967578248968813672018474958848
90 18 1160164724320984667021111867834607590524097411056848201218577155984296817721344
18 90 1160164724320984667021111867834607590524097411056848201218577155984296817721344
90 42 505975729881023196900387471951459899684932608208192699472395346430312639734719384125440
42 90 505975729881023196900387471951459899684932608208192699472395346430312639734719384125440
90 66 -4758979710818023483174918364742744970981930466548945177715150788146412108854665797108236288
66 90 -4758979710818023483174918364742744970981930466548945177715150788146412108854665797108236288
90 90 233706391960759926948732489584624501552515284905487953515953417085581883386547373838117634048
89 17 179264041304389495716825078642956360695835725729073109524808031449700588584960
17 89 179264041304389495716825078642956360695835725729073109524808031449700588584960
89 41 2522373872200345771777808374334319117218512619020608482836371755633298145590426143293440
41 89 2522373872200345771777808374334319117218512619020608482836371755633298145590426143293440
89 65 -865154756904078720664470861989045694632432488042445559000261275777559361209279573070446592
65 89 -865154756904078720664470861989045694632432488042445559000261275777559361209279573070446592
89 89 56238953216125842512092306907456838319842317675440151190368776290945977469552388833189822464
88 16 22768368489861755070703367431890050285400979990773738809563102240314264387584
16 88 22768368489861755070703367431890050285400979990773738809563102240314264387584
88 40 2302646571775460110302385798566129560443134155762090034337794642582519974017527883759616
40 88 2302646571775460110302385798566129560443134155762090034337794642582519974017527883759616
88 64 2200250035358200298846374947402635026212217306531804215836813105190411386704405505721237504
64 88 2200250035358200298846374947402635026212217306531804215836813105190411386704405505721237504
88 88 -113399541157903365954327562897965019276884448612265526712100475565650989013934607560463089664
87 15 2347022156429687735343188284485917127446300797869185248140616740496044195840
15 87 2347022156429687735343188284485917127446300797869185248140616740496044195840
87 39 1371878545617785636424541267177388931256511413157378733550667491286323956521005265977344
39 87 1371878545617785636424541267177388931256511413157378733550667491286323956521005265977344
87 63 3465725228480615922549300989541033711515158495806050593666161344873031164875308402594545664
63 87 3465725228480615922549300989541033711515158495806050593666161344873031164875308402594545664
87 87 -197004569666218681364391908066065563990074851810598814762299259775498742311673042171913568256
86 14 205847366440558953978552459771352636703038640818515532320873447123318734848
14 86 205847366440558953978552459771352636703038640818515532320873447123318734848
86 38 558322036122917332453202128087538318324578503654212157133023438479054835361379120054272
38 86 558322036122917332453202128087538318324578503654212157133023438479054835361379120054272
86 62 3015105274412792127743743445920290810350850197882370796669273117040604807053635459825532928
62 86 3015105274412792127743743445920290810350850197882370796669273117040604807053635459825532928
86 86 -173930241821292840188084749761343303704006160595327613285552438419232717252474332904993849344
85 13 20116327693701426971742988706381312530899038495218063377859731890819301376
13 85 20116327693701426971742988706381312530899038495218063377859731890819301376
85 37 96845997260476643507860232534963755795478765497514278366948457898813239288070366298112
37 85 96845997260476643507860232534963755795478765497514278366948457898813239288070366298112
85 61 1622937631104737738233089242579175513808035807667913979222213082094450994823796545982300160
61 85 1622937631104737738233089242579175513808035807667913979222213082094450994823796545982300160
85 85 -79049084831975338476683323936654289495680021290692286760568893987139900751392966190812889088
84 12 2708966131117047196905960825417802047545366991352383968541506186810228736
12 84 2708966131117047196905960825417802047545366991352383968541506186810228736
84 36 -76835979134182266476393389131666947412738173749144930001020546833847548437971951681536
36 84 -76835979134182266476393389131666947412738173749144930001020546833847548437971951681536
84 60 179026249666013835708168138810360320366663950802421091477215469725581291941074865802444800
60 84 179026249666013835708168138810360320366663950802421091477215469725581291941074865802444800
84 84 26934224379975298421957809774687759735443293560971673436060294558132340145443568332291702784
83 11 320024966067038147577034166835069793605915909399608798720029985666498560
11 83 320024966067038147577034166835069793605915909399608798720029985666498560
83 35 -97738680996990904353257212708765605482946449262840069489796104964314956160571640119296
35 83 -97738680996990904353257212708765605482946449262840069489796104964314956160571640119296
83 59 -742212425018192152882839658910725921411361101775883679184704960124648816927267285570158592
59 83 -742212425018192152882839658910725921411361101775883679184704960124648816927267285570158592
83 83 93227527590744464900791578012292121829677486277214073670456143401104411641043819399068254208
82 10 17775141406371811872237332759105181062182708320767318677221920682803200
10 82 17775141406371811872237332759105181062182708320767318677221920682803200
82 34 -67119403361483289019948259578134001584870298487439906115186222367469150514703312617472
34 82 -67119403361483289019948259578134001584870298487439906115186222367469150514703312617472
82 58 -1007956726946214417408094370036987830607051747877727653891751240864962864980484768955105280
58 82 -1007956726946214417408094370036987830607051747877727653891751240864962864980484768955105280
82 82 100914679341637139453381911724546454449022133328711857337912545422997927326894971657146859520
81 9 -487757247629762706214850866676232378148734979773829702620575474647040
9 81 -487757247629762706214850866676232378148734979773829702620575474647040
81 33 -34367227502958608108535930943609936720191881495316756314568262653288561166248325414912
33 81 -34367227502958608108535930943609936720191881495316756314568262653288561166248325414912
81 57 -803348996459969970050835138277471499319524030750973993833941968068649214056341850931855360
57 81 -803348996459969970050835138277471499319524030750973993833941968068649214056341850931855360
81 81 63387813685952535865780174139277100871693446336871262124080826567397553254002285021354786816
80 8 -70833737954715432287284948625478448018764932320407353391625290121216
8 80 -70833737954715432287284948625478448018764932320407353391625290121216
80 32 -13716951590329475522096776715445033643049278573500565660001867694513748290023771340800
32 80 -13716951590329475522096776715445033643049278573500565660001867694513748290023771340800
80 56 -417233575884019453124067690227696730628696054909451843633980836433861541687833994062725120
56 80 -417233575884019453124067690227696730628696054909451843633980836433861541687833994062725120
80 80 10776813647472065527742451646938691234314734450104091658519094360794697958520967727685828608
79 7 812678640960636728866386741387683477332654089853875647432928264192
7 79 812678640960636728866386741387683477332654089853875647432928264192
79 31 -3986020876200470216275730046398656684772072754063084256429419802579089156450149203968
31 79 -3986020876200470216275730046398656684772072754063084256429419802579089156450149203968
79 55 -75860373793939771574698851555721925362877612887650511775118157900728932738787485218242560
55 79 -75860373793939771574698851555721925362877612887650511775118157900728932738787485218242560
79 79 -29256944433015444817415707119610838739160970834976954748330145834820666111403295846321618944
78 6 46681482460997813496829694583116785059462198800344640143518334976
6 78 46681482460997813496829694583116785059462198800344640143518334976
78 30 -506055640511551433210814941231499608720347706532284877302895405884521931727129542656
30 78 -506055640511551433210814941231499608720347706532284877302895405884521931727129542656
78 54 120225429463566610157800332870734987100254206204277395759387299914999364423232698869350400
54 78 120225429463566610157800332870734987100254206204277395759387299914999364423232698869350400
78 78 -43653094137109482485833602889756084404763603312746276004689150040490835014174050499348660224
77 5 241996539766752900135184298846497252576392116753224333487243264
5 77 241996539766752900135184298846497252576392116753224333487243264
77 29 306584324374353045621601248673796109899434451875061528487342330836702780585020489728
29 77 306584324374353045621601248673796109899434451875061528487342330836702780585020489728
77 53 175440294547112844797280803621934676928820076439595963544828040768622672499204286928912384
53 77 175440294547112844797280803621934676928820076439595963544828040768622672499204286928912384
77 77 -35172774584540197109170817388255683480375308443389693511809373608230218433249100008859369472
76 4 7170389724824480653744137816072926469963692386454224894951424
4 76 7170389724824480653744137816072926469963692386454224894951424
76 28 294602489592508021559653113168225589634010051866697078213424463188247869203731709952
28 76 294602489592508021559653113168225589634010051866697078213424463188247869203731709952
76 52 144402596457756634455828182579020711193992310321768046605544103978216924369016991158108160
52 76 144402596457756634455828182579020711193992310321768046605544103978216924369016991158108160
76 76 -15668750986235052487643694031778746215438675865868841955667785107652794084771123931568406528
75 3 4308430315040725604378104433295624660813132133833136668672
3 75 4308430315040725604378104433295624660813132133833136668672
75 27 154798820019086065301784490583797798324172451571900349221139555120137749582439251968
27 75 154798820019086065301784490583797798324172451571900349221139555120137749582439251968
75 51 84353240996924424308515202141700487663954338215678418180804416601728531827430851495329792
51 75 84353240996924424308515202141700487663954338215678418180804416601728531827430851495329792
75 75 2575078098766108366052952064191948161022556889736461868927211913372736862212825474475753472
74 2 13270014765456455726736987847393066114739114700963840
2 74 13270014765456455726736987847393066114739114700963840
74 26 61457705806470265682598038545172753567060734489785911665304533005247331067427291136
26 74 61457705806470265682598038545172753567060734489785911665304533005247331067427291136
74 50 31682349582327949930811688716198399315702245861052235755868249927478989036928566846029824
50 74 31682349582327949930811688716198399315702245861052235755868249927478989036928566846029824
74 74 12531603026968967126884465925767857056797315337555155490984300001710784351312148427425447936
73 1 1992746045194849146218501401499315719897088
1 73 1992746045194849146218501401499315719897088
73 25 19545066353622081561335651619579229278897326902249168431792867760940482652828336128
25 73 19545066353622081561335651619579229278897326902249168431792867760940482652828336128
73 49 -323189789939935406290167922460122971489705926662387993295889212007371667282640095936512
49 73 -323189789939935406290167922460122971489705926662387993295889212007371667282640095936512
73 73 13509080715976741917353492426410847138579523405412014634601115915715783762339920982707273728
72 24 4915957227978794103760931988526880310783705039727864512726860169492841836574670848
24 72 4915957227978794103760931988526880310783705039727864512726860169492841836574670848
72 48 -13285106658787263621584505215998150957347739213170958479736251734802941464185931388944384
48 72 -13285106658787263621584505215998150957347739213170958479736251734802941464185931388944384
72 72 8890632240591195223191412679710283380767105075212660401770330931003417018190265726170824704
71 23 880911391062164858748481414531951142360948107355028974804327447191702437973983232
23 71 880911391062164858748481414531951142360948107355028974804327447191702437973983232
71 47 -14427875154918194446424769802550547260395779397547807762380256446121849987091349062549504
47 71 -14427875154918194446424769802550547260395779397547807762380256446121849987091349062549504
71 71 2948842702536218213422088829424043763911111711683246005090872170359906514105084274146279424
70 22 55226895533713555480494335337957266320428550151367228962347931038942657895202816
22 70 55226895533713555480494335337957266320428550151367228962347931038942657895202816
70 46 -10613066109462160886363495989063492460250215900936180487345198435824287987859350873964544
46 70 -10613066109462160886363495989063492460250215900936180487345198435824287987859350873964544
70 70 -1384501812147878361728240515952684426996725042838669296772881775970555979413488839243595776
69 21 -33698045742375034733012814528878469520284171661893200800034037545635882033217536
21 69 -33698045742375034733012814528878469520284171661893200800034037545635882033217536
69 45 -6118498375623661886607448821394717090855622458277022778733158462420504749404311542300672
45 69 -6118498375623661886607448821394717090855622458277022778733158462420504749404311542300672
69 69 -3169794725132673487240907449654056806223213326309828402254164867358785783064513919896780800
68 20 -17257876755514577396339743096327107939403731403604972164086820298091870271045632
20 68 -17257876755514577396339743096327107939403731403604972164086820298091870271045632
68 44 -2752578605162656613871327338338231142732408463960784477095167344968403426574649683607552
44 68 -2752578605162656613871327338338231142732408463960784477095167344968403426574649683607552
68 68 -2936410377439525762580153259929220522481669877801399056479589972773414224085163069285597184
67 19 -4922737755531906996079851411285772690609170212419738919772786457239899812659200
19 67 -4922737755531906996079851411285772690609170212419738919772786457239899812659200
67 43 -801543389623620391792350077533325091416726326162949128128419485930006606393468522594304
43 67 -801543389623620391792350077533325091416726326162949128128419485930006606393468522594304
67 67 -1763016101136253050013172950575547453373719563543722110982668342154469394393231759761211392
66 18 -980895205434213298090904110075064352196154277085749058084118234813907777617920
18 66 -980895205434213298090904110075064352196154277085749058084118234813907777617920
66 42 83146727614437066997177224492286347861354131320161946589874465049068324898939349237760
42 66 83146727614437066997177224492286347861354131320161946589874465049068324898939349237760
66 66 -563302483679513971938756241179020176325143154042368100556301111950525155681545265262624768
65 17 -132527321596764437557765443098654833864820695943844831722971809327505251237888
17 65 -132527321596764437557765443098654833864820695943844831722971809327505251237888
65 41 352101141066525578763430858310483686286046487635355217687867799046592420274317872332800
41 65 352101141066525578763430858310483686286046487635355217687867799046592420274317872332800
65 65 204538704554241259021303459772929157201700067298843595366261443096697700081910000191012864
64 16 -8416153980349412014933865971634901150820977922269868510992735231174867156992
16 64 -8416153980349412014933865971634901150820977922269868510992735231174867156992
64 40 342897527552926909696097546253035531882848622451990585786146496168767717308520963506176
40 64 342897527552926909696097546253035531882848622451990585786146496168767717308520963506176
64 64 488320720399256666313790711831357693265942258164596531042936797943521940536473038882865152
63 15 997651461424949025970088893250740294812364016845555791313967325194414456832
15 63 997651461424949025970088893250740294812364016845555791313967325194414456832
63 39 248067573043800660559678908042368935274958407877706738969671321587956141852024662654976
39 63 248067573043800660559678908042368935274958407877706738969671321587956141852024662654976
63 63 448324987898886549985102183234749059430442719144766416627437782691228949828676585103818752
62 14 352230001833472888800518150434402649786590571209356917131207996765745709056
14 62 352230001833472888800518150434402649786590571209356917131207996765745709056
62 38 153431219836123333404899031462562477609830639626274226394537999013924530826583417552896
38 62 153431219836123333404899031462562477609830639626274226394537999013924530826583417552896
62 62 279003823292342711808600449004951269949698046362560961894117814831417896984140782944387072
61 13 47679785922051155493917249979629186815154719467151840172976424488395603968
13 61 47679785922051155493917249979629186815154719467151840172976424488395603968
61 37 85153177937467048457570655878065245384434527224983235897321705311422024289625233686528
37 61 85153177937467048457570655878065245384434527224983235897321705311422024289625233686528
61 61 113951524188773123085351795719106673305373596958625101303997394528339518214257068285624320
60 12 3522222403948044667270852514410251945691280116472691600837799658733436928
12 60 3522222403948044667270852514410251945691280116472691600837799658733436928
60 36 43377189780262476672404398635189357625027113954920875571042785092038174704038114754560
36 60 43377189780262476672404398635189357625027113954920875571042785092038174704038114754560
60 60 8558545788527955547778173327633375584279277254691886516961531508737408430924739016392704
59 11 113120943598818638583827321710341843173434292400706543415999577131581440
11 59 113120943598818638583827321710341843173434292400706543415999577131581440
59 35 20534831006373176927771806556930559001304491714129093750325707854068704313764856463360
35 59 20534831006373176927771806556930559001304491714129093750325707854068704313764856463360
59 59 -36050450923891138990090786817363148566371387216846089128326749014263709722878432008732672
58 10 -2515345560901164605726588624412000821499907540000442556410172769566720
10 58 -2515345560901164605726588624412000821499907540000442556410172769566720
58 34 9102698183310380384691498852011977508860521402222216906117909230317099158161225416704
34 58 9102698183310380384691498852011977508860521402222216906117909230317099158161225416704
58 58 -41429621135727782324705378215975650543310077579996624927479027180600330013149759738478592
57 9 -335406599538241202674618212453481557861911779799039230984362968219648
9 57 -335406599538241202674618212453481557861911779799039230984362968219648
57 33 3797127796859722917308817834119011702640813303738540567691201437225200623280250159104
33 57 3797127796859722917308817834119011702640813303738540567691201437225200623280250159104
57 57 -30046367375046959276176564857252217765415200971993040739795027360448625652550483597852672
56 8 -6394897688978966057381681576224482145305010083418445558561063829504
8 56 -6394897688978966057381681576224482145305010083418445558561063829504
56 32 1495769444533051227750598559626903318422737914262216179513166445811185308574486102016
32 56 1495769444533051227750598559626903318422737914262216179513166445811185308574486102016
56 56 -16339238501978060877304997807607317081010994003682975871414636212110520541066558716248064
55 7 -64456815398103910186998458407093515060018596144084379799799201792
7 55 -64456815398103910186998458407093515060018596144084379799799201792
55 31 557866690860817717951280235144453715811726762011998995737269730022662834150745047040
31 55 557866690860817717951280235144453715811726762011998995737269730022662834150745047040
55 55 -6402052480493806819171327553046774250277519728681821754809664531449935682657517605748736
54 6 89381280027864202077963827160957320752983628730807767478034235392
6 54 89381280027864202077963827160957320752983628730807767478034235392
54 30 197390681277721845822699641043275451505786563106510178965110144866585527704480645120
30 54 197390681277721845822699641043275451505786563106510178965110144866585527704480645120
54 54 -1068724192351798724308492702210514764164879409636922446952302518089032076010240492961792
53 5 -3738329097480940896440865024455835397607845494204125956655808512
5 53 -3738329097480940896440865024455835397607845494204125956655808512
53 29 66363042629786556548739927939876491280652336866018915764883989566074622623229149184
29 53 66363042629786556548739927939876491280652336866018915764883989566074622623229149184
53 53 975164910871155646029878930489787270393806531379478672379070346848789199090339377315840
52 4 15970477003146431846909264013769180312078780429852664521555968
4 52 15970477003146431846909264013769180312078780429852664521555968
52 28 21223549042089960821624676889192258674877650072384164020292077841365381923244867584
28 52 21223549042089960821624676889192258674877650072384164020292077841365381923244867584
52 52 1297504834258351907581733095514799225711211953342108026614163814051516096739981259702272
51 3 -6706665610433684293265093561621069033798395152002522808320
3 51 -6706665610433684293265093561621069033798395152002522808320
51 27 6461130599523337824327905273024858159577510380536795284844732140776636546333802496
27 51 6461130599523337824327905273024858159577510380536795284844732140776636546333802496
51 51 986478556022651135261805637537704861822038264446665893760443370465494930572978052661248
50 2 77361960064684467983052145486540742857101324991856640
2 50 77361960064684467983052145486540742857101324991856640
50 26 1872972714861296406872919928899233070454456642749860204701537769004404344845500416
26 50 1872972714861296406872919928899233070454456642749860204701537769004404344845500416
50 50 590642508059436636584550654987680846239094349057677481143318903453599690578177455816704
49 1 -111754173814706926416787635074311588933533696
1 49 -111754173814706926416787635074311588933533696
49 25 516979041837905360662952399113051826811730032901366909057980128792014981557125120
25 49 516979041837905360662952399113051826811730032901366909057980128792014981557125120
49 49 299815669461146367219966287441377530772847656238789188875317983589667562993351537983488
48 24 135834744334770108047608623877018987979020880942461701020569258821544283740307456
24 48 135834744334770108047608623877018987979020880942461701020569258821544283740307456
48 48 131847485049834772036492730536858297879182588828232659120897103447856210442917267898368
47 23 33959077159648709996240238475800913452030004089296369432901310128901987298705408
23 47 33959077159648709996240238475800913452030004089296369432901310128901987298705408
47 47 50007775536361240024020735277644549701655195944443575240151799014586260714652354740224
46 22 8073595648739195662030144148215983866914451339981344645098398455095898155253760
22 46 8073595648739195662030144148215983866914451339981344645098398455095898155253760
46 46 15763183733177265236077239839078292159088264085161258465612764201807367237322504404992
45 21 1823873773876081016581070472737100576440603591900652572463357062208410773094400
21 45 1823873773876081016581070472737100576440603591900652572463357062208410773094400
45 45 3612279097705977880409083045542072785992640961415161960576417050986221246068562067456
44 20 390995987124299608480129067258232666394486092139419493134453437427570310119424
20 44 390995987124299608480129067258232666394486092139419493134453437427570310119424
44 44 176390364523172602131645632614137773010333024286333503525184041541045953870950301696
43 19 79400845550085656506031229184044938398153822931093393407221216403492142317568
19 43 79400845550085656506031229184044938398153822931093393407221216403492142317568
43 43 -413564803906749687606964375285916269895204924451039904485117492155800035496858484736
42 18 15244015715218478670383076245658267512561295832327730938631707074887856160768
18 42 15244015715218478670383076245658267512561295832327730938631707074887856160768
42 42 -314734969931327298544500435089193501712184163343845885951752582891705556423625670656
41 17 2759918040083928829929604549068446487256842333975054355441304392029366648832
17 41 2759918040083928829929604549068446487256842333975054355441304392029366648832
41 41 -159524453272415008187685960313032879061532871798034539634678145780083455626242424832
40 16 469523744999244106300643035545975029900677706056330529637547248088407605248
16 40 469523744999244106300643035545975029900677706056330529637547248088407605248
40 40 -66343899501515464961775426979731772634601965336266340485149694679568909728474988544
39 15 74783261314832660531068031476061793961308973113398717070631760070048743424
15 39 74783261314832660531068031476061793961308973113398717070631760070048743424
39 39 -23988501114198060454060718465100505017693035156372687662950375278073637944283889664
38 14 11090401221946902004253920206186723548561458591749490359173729125012602880
14 38 11090401221946902004253920206186723548561458591749490359173729125012602880
38 38 -7703080929759547211778047587420906805134638438436599420510401885216348864979664896
37 13 1516598860165931218018313352678243870505672127295131922448296353743241216
13 37 1516598860165931218018313352678243870505672127295131922448296353743241216
37 37 -2209210587394423624540902717037085213354471110721084231129744121429606596603805696
36 12 190440005807123604467476190732517312264007420401974370264240842690527232
12 36 190440005807123604467476190732517312264007420401974370264240842690527232
36 36 -562708513075471870985305514475917412957362946501687880821581950032377834245193728
35 11 21635879343862420211157276322934496314447780110450059973484296255045632
11 35 21635879343862420211157276322934496314447780110450059973484296255045632
35 35 -124675626192588621300434151991573483605517569442668275036953338301566113783218176
34 10 2135642367767050925670374918659110936893282748087171317991155005652992
10 34 2135642367767050925670374918659110936893282748087171317991155005652992
34 34 -22744029534249374930356174879465780095092094057598425652317781935338353812570112
33 9 186528968673613509302025414331938831220245926855383104234400832815104
9 33 186528968673613509302025414331938831220245926855383104234400832815104
33 33 -2843168936182669274937081712689278600282512454522663639743429863490887564132352
32 8 13104834442736264709947832229595805580021652591362432847045770346496
8 32 13104834442736264709947832229595805580021652591362432847045770346496
32 32 38910146812419213915797729902184787319306228664715826922823202492493609304064
31 7 561040047473504578320406951600693929709550790216017623466624679936
7 31 561040047473504578320406951600693929709550790216017623466624679936
31 31 171215352687880056677905946506688608567826420669341512148878400213844079149056
30 6 11937915797138961411637188453763740628869959165186280000828997632
6 30 11937915797138961411637188453763740628869959165186280000828997632
30 30 68439166775635794694412060542267167689714950055724944779536433001609841082368
29 5 111422913900441637149335470825825826913560400880909412254875648
5 29 111422913900441637149335470825825826913560400880909412254875648
29 29 18561495206584838224050092481702331715941187463042196119573024695798965731328
28 4 393566955136877301473081202578652290067303785925327452110848
4 28 393566955136877301473081202578652290067303785925327452110848
28 28 4309492592608368607932920504364759994694577237011930644948272552766221582336
27 3 396170409525981250373451029541361968027615943759497265152
3 27 396170409525981250373451029541361968027615943759497265152
27 27 869466008998931918387809750736975841226433534984148572757832004830742183936
26 2 53491094929447292411014707949270451564425597901864960
2 26 53491094929447292411014707949270451564425597901864960
26 26 80499611289241649603754211464859041088019990614894453530817864432873373696
25 1 3467765878371511898508804191396820214179954688
1 25 3467765878371511898508804191396820214179954688
25 25 11272142049253732200868827249088567367876808860721936286789681299329122304
24 24 6824111092303680383594698446894050178386186337160619007726301701260443648
23 23 -2814652156650327835297192835896999688184776155651643610687895165206528000
22 22 -92905818720708134716138894601696648243959137062643184497499567927853056
21 21 318949513341595877158346548305287672099486824788959992733516129487552512
20 20 -139761242781809851767073084169596114522576417470324733900057042204229632
19 19 20038421433071420367941454676698668026115189075960870462998703257944064
18 18 5434482752530863321719201756221296862051376628540813090829939819675648
17 17 -4200925853360819993163968272022809213814688773334117111397896297644032
16 16 1409702603000186256044397365440337722161521510663370358037215581306880
15 15 -321623879129916931645057336429898259804994529250998648113109850390528
14 14 54939408805899453861832165625660487285147807526436578677198059208704
13 13 -7223100142262917535714995115361502452085603676926697160123936145408
12 12 733831958122212297939490220253515812061769513340773601665261502464
11 11 -57553080007182344233619647625774119467623970031857957081068863488
10 10 3483570202238057700498449846269599621073536603364948847886336000
9 9 -162749090828010641972519538488765660403415907506463016935751680
8 8 5860599135911930789652921552918351962685248472359981560102912
7 7 -161868813785392293152710010129535271678640328250595318169600
6 6 3393279410723599366610710348876604936870104842429859364864
5 5 -52974114441613420131670597579309021169952162724175675392
4 4 596124601051706107615349512225624977270340590822752256
3 3 -4566576045655822644717897922699582254525871850258432
2 2 21305953556714569104438092951942063395921641603072
1 1 -45671926166590716193865151022383844364247891968
