# Weber-f modular polynomial Phi_389^f(X,Y); r=q^(1/48).
390 0 1
0 390 1
389 5 -8242521
5 389 -8242521
389 29 5297580485259
29 389 5297580485259
389 53 -843153493658658
53 389 -843153493658658
389 77 8561976109720361
77 389 8561976109720361
389 101 -18714440036295875
101 389 -18714440036295875
389 125 14652053035921363
125 389 14652053035921363
389 149 -5361308130670307
149 389 -5361308130670307
389 173 1071388959116779
173 389 1071388959116779
389 197 -128848137029615
197 389 -128848137029615
389 221 9919395576451
221 389 9919395576451
389 245 -507769492837
245 389 -507769492837
389 269 17627111768
269 389 17627111768
389 293 -416215607
293 389 -416215607
389 317 6577212
317 389 6577212
389 341 -66519
341 389 -66519
389 365 389
365 389 389
389 389 -1
388 10 27535385625558
10 388 27535385625558
388 34 543468224998320295754
34 388 543468224998320295754
388 58 4314017999690664122531618
58 388 4314017999690664122531618
388 82 777188053899732646879235183
82 388 777188053899732646879235183
388 106 15136622453282413014954505815
106 388 15136622453282413014954505815
388 130 60458032472284979596837460753
130 388 60458032472284979596837460753
388 154 69828363386551069470297379539
154 388 69828363386551069470297379539
388 178 28492804363997651761371847190
178 388 28492804363997651761371847190
388 202 4624037774875552294234103560
202 388 4624037774875552294234103560
388 226 318165086025781834090660371
226 388 318165086025781834090660371
388 250 9471641837745805928624778
250 388 9471641837745805928624778
388 274 119141839937747943520677
274 388 119141839937747943520677
388 298 583921250566202725585
298 388 583921250566202725585
388 322 931739436313025184
322 388 931739436313025184
388 346 322106277868448
346 388 322106277868448
388 370 6995622345
370 388 6995622345
387 15 -47968114999746090018
15 387 -47968114999746090018
387 39 5119428423392635524168707462
39 387 5119428423392635524168707462
387 63 -229659450507456080240518703156239
63 387 -229659450507456080240518703156239
387 87 155025916611186898466636972138198530
87 387 155025916611186898466636972138198530
387 111 -6664870431396812550573654872202038004
111 387 -6664870431396812550573654872202038004
387 135 36591505074758364397916419144556936003
135 387 36591505074758364397916419144556936003
387 159 -37780186577830301556904379027479865614
159 387 -37780186577830301556904379027479865614
387 183 9483684161201253397195715327444918030
183 387 9483684161201253397195715327444918030
387 207 -721434809035507496326182325759144359
207 387 -721434809035507496326182325759144359
387 231 20482779867600501749063954191746050
231 387 20482779867600501749063954191746050
387 255 -243011016388229605547378199756778
255 387 -243011016388229605547378199756778
387 279 1138407165008906659804185937982
279 387 1138407165008906659804185937982
387 303 -1644470378346500854978944706
303 387 -1644470378346500854978944706
387 327 453329349085777053716937
327 387 453329349085777053716937
387 351 -9619026910263696277
351 387 -9619026910263696277
387 375 647420520845
375 387 647420520845
386 20 46788646322143082821430489
20 386 46788646322143082821430489
386 44 10175366137232170443997941265965497
44 386 10175366137232170443997941265965497
386 68 857403625092369217215680164967080174254
68 386 857403625092369217215680164967080174254
386 92 713844898311142909242638082544559969337327
92 386 713844898311142909242638082544559969337327
386 116 22207213240086849589085029854068678051721225
116 386 22207213240086849589085029854068678051721225
386 140 46661692530405282664433562196494772851926109
140 386 46661692530405282664433562196494772851926109
386 164 6736943784674058964483404874339750676257581
164 386 6736943784674058964483404874339750676257581
386 188 -186680182700006809943732701693560394535757
188 386 -186680182700006809943732701693560394535757
386 212 516916465308863826841465467107201284935
212 386 516916465308863826841465467107201284935
386 236 23416427446032965728632464034450637936
236 386 23416427446032965728632464034450637936
386 260 -378092658767392709642539202285284725
260 386 -378092658767392709642539202285284725
386 284 2124559005213447852673233862157727
284 386 2124559005213447852673233862157727
386 308 8467205609799374170061628966861
308 386 8467205609799374170061628966861
386 332 1216297172696934051227818679
332 386 1216297172696934051227818679
386 356 2533844893577278597618
356 386 2533844893577278597618
386 380 406535229968
380 386 406535229968
385 1 32970084
1 385 32970084
385 25 -25613279064147336901060185484649
25 385 -25613279064147336901060185484649
385 49 5360182767881044921956984156772870254047
49 385 5360182767881044921956984156772870254047
385 73 -360683540277176417865092407211897021251835532
73 385 -360683540277176417865092407211897021251835532
385 97 142893576669286881509651413707375334763113767617
97 385 142893576669286881509651413707375334763113767617
385 121 -1036196666719445124210155140305413389953694729289
121 385 -1036196666719445124210155140305413389953694729289
385 145 206412994671506595047350891911431429169107301477
145 385 206412994671506595047350891911431429169107301477
385 169 -9896893306682437957615187001166516673809163128
169 385 -9896893306682437957615187001166516673809163128
385 193 17825204908828395398083511352301924249071516
193 385 17825204908828395398083511352301924249071516
385 217 2256672624324546822613371740330609075895013
217 385 2256672624324546822613371740330609075895013
385 241 20114977043765927452156424394002608134346
241 385 20114977043765927452156424394002608134346
385 265 -333134992478881349526148086493863004150
265 385 -333134992478881349526148086493863004150
385 289 -657885435824730015333908128234640997
289 385 -657885435824730015333908128234640997
385 313 -1832695839783396376976204096678127
313 385 -1832695839783396376976204096678127
385 337 194334951015545211195784364199
337 385 194334951015545211195784364199
385 361 -43075319841194433023754
361 385 -43075319841194433023754
385 385 1245405673
384 6 1163265347654827473
6 384 1163265347654827473
384 30 7534186958368742480155035155597447492
30 384 7534186958368742480155035155597447492
384 54 771538889340625376748492510396299890457423167
54 384 771538889340625376748492510396299890457423167
384 78 18430501059076725526799045276966737518963495709822
78 384 18430501059076725526799045276966737518963495709822
384 102 1185949034803907032442365647413197944043657839216716
102 384 1185949034803907032442365647413197944043657839216716
384 126 470318886299644665566280161057265471183989813771287
126 384 470318886299644665566280161057265471183989813771287
384 150 -31105365569850476540077400688331114339392817572492
150 384 -31105365569850476540077400688331114339392817572492
384 174 -2279824272594793433764616864147171159836311989338
174 384 -2279824272594793433764616864147171159836311989338
384 198 121067273555464292455081231992544987177097886756
198 384 121067273555464292455081231992544987177097886756
384 222 -160427841056051467623741587111571983027783643
222 384 -160427841056051467623741587111571983027783643
384 246 7494702502184754097058344184051860149621020
246 384 7494702502184754097058344184051860149621020
384 270 16361480072084709156817220105267487709505
270 384 16361480072084709156817220105267487709505
384 294 195734404571806330714469030273075963811
294 384 195734404571806330714469030273075963811
384 318 15239944591122397120468637741616602
318 384 15239944591122397120468637741616602
384 342 4975711072295764999871171072480
342 384 4975711072295764999871171072480
384 366 80305579553930375922814
366 384 80305579553930375922814
383 11 64050960483322049489532040
11 383 64050960483322049489532040
383 35 -1091503658391068744924438146540511015751984
35 383 -1091503658391068744924438146540511015751984
383 59 27688795854217218248585658410079266443305729958816
59 383 27688795854217218248585658410079266443305729958816
383 83 -96447690276883566608856556784478638474696150329487861
83 383 -96447690276883566608856556784478638474696150329487861
383 107 17545238994951098728243277979692010359835703362183623
107 383 17545238994951098728243277979692010359835703362183623
383 131 -95447376643456298767778573685491289353348250946713806
131 383 -95447376643456298767778573685491289353348250946713806
383 155 -1321468367333993537367263297075884098509065211049833
155 383 -1321468367333993537367263297075884098509065211049833
383 179 168457414605207672423516003317372697206867924588231
179 383 168457414605207672423516003317372697206867924588231
383 203 17472229357787192020072426062573225390281981219701
203 383 17472229357787192020072426062573225390281981219701
383 227 -176180903535242333927769607067204560409908563617
227 383 -176180903535242333927769607067204560409908563617
383 251 798338115975620608184627607199373048082953279
251 383 798338115975620608184627607199373048082953279
383 275 -6368525800241111067480592131653875002778467
275 383 -6368525800241111067480592131653875002778467
383 299 -4672246941653148391723163468848043095515
299 383 -4672246941653148391723163468848043095515
383 323 -671939349616718095826242106632145152
323 383 -671939349616718095826242106632145152
383 347 32460314898704195302134204784978
347 383 32460314898704195302134204784978
383 371 -18440431381628612790775
371 383 -18440431381628612790775
382 16 426897796859864776703419982780442
16 382 426897796859864776703419982780442
382 40 67946543520325112803119826740197886260676426282
40 382 67946543520325112803119826740197886260676426282
382 64 198712520559876216253721383946898452177329972329386455
64 382 198712520559876216253721383946898452177329972329386455
382 88 41866917054793711116059142199374829283884678623284461505
88 382 41866917054793711116059142199374829283884678623284461505
382 112 -21036666448092149572583515757943212054840833043042248220
112 382 -21036666448092149572583515757943212054840833043042248220
382 136 2690040135544765145655372963999434580563333321789837292
136 382 2690040135544765145655372963999434580563333321789837292
382 160 274014942038825438550352146846296800001991699222654485
160 382 274014942038825438550352146846296800001991699222654485
382 184 36162682047770313587569348724315388256679790900453538
184 382 36162682047770313587569348724315388256679790900453538
382 208 54139760664658208677920333059791714200900716643715
208 382 54139760664658208677920333059791714200900716643715
382 232 -6295544607080429522102303550983394448825532452272
232 382 -6295544607080429522102303550983394448825532452272
382 256 17914920421070541955617051494001905617980929632
256 382 17914920421070541955617051494001905617980929632
382 280 173152803905058493066375820056481417196824673
280 382 173152803905058493066375820056481417196824673
382 304 71213948635736780264458087402465297567209
304 382 71213948635736780264458087402465297567209
382 328 932861042276561832640306361532761041
328 382 932861042276561832640306361532761041
382 352 68275066271387299702967565976888
352 382 68275066271387299702967565976888
382 376 396923563387666067699
376 382 396923563387666067699
381 21 644271369703898278486664338088886802760
21 381 644271369703898278486664338088886802760
381 45 -1495251921530152672436810562605167812869615324782504
45 381 -1495251921530152672436810562605167812869615324782504
381 69 172134505257261940286362799106035247286604201983824634688
69 381 172134505257261940286362799106035247286604201983824634688
381 93 -5414896340291088822979147213920232800640668509922105488359
93 381 -5414896340291088822979147213920232800640668509922105488359
381 117 1603592201433942296128137221847454038591027897541249758978
117 381 1603592201433942296128137221847454038591027897541249758978
381 141 -83093529104420198785017159407816894596796330254269258700
141 381 -83093529104420198785017159407816894596796330254269258700
381 165 41249646103391160274298827338668703037902024576734783661
165 381 41249646103391160274298827338668703037902024576734783661
381 189 523272402031429999718405643476514929318255860176679011
189 381 523272402031429999718405643476514929318255860176679011
381 213 -16393367720653725201121160157107979092552833104465477
213 381 -16393367720653725201121160157107979092552833104465477
381 237 173130168645877050940071516062072568839949810353752
237 381 173130168645877050940071516062072568839949810353752
381 261 -381323434718217723195732527804748141527559183887
261 381 -381323434718217723195732527804748141527559183887
381 285 -2338574611472867172578864602960842150258079454
285 381 -2338574611472867172578864602960842150258079454
381 309 -202747240193464123957147065375189565675290
309 381 -202747240193464123957147065375189565675290
381 333 16502100174722923646557139527297524305
333 381 16502100174722923646557139527297524305
381 357 49772687601835368717992169412205
357 381 49772687601835368717992169412205
381 381 -360810044362982361
380 2 440566170008928
2 380 440566170008928
380 26 262313959376834444092513841251020035308338453
26 380 262313959376834444092513841251020035308338453
380 50 8924714980747862635786279471387792953631916770053737381
50 380 8924714980747862635786279471387792953631916770053737381
380 74 -18438205390076373482441223216050183731839622812724533038696
74 380 -18438205390076373482441223216050183731839622812724533038696
380 98 341951325121438504405532347811357708560156465288866949657529
98 380 341951325121438504405532347811357708560156465288866949657529
380 122 -80288731597395143605397877007748533409529288329370219448100
122 380 -80288731597395143605397877007748533409529288329370219448100
380 146 12150646609351768638890293855172506985517842870532905617247
146 380 12150646609351768638890293855172506985517842870532905617247
380 170 310434311429702724783918062880024097649436679440079983154
170 380 310434311429702724783918062880024097649436679440079983154
380 194 -34510229953806029347456467142106120369149957795289861
194 380 -34510229953806029347456467142106120369149957795289861
380 218 101714570464395091691874481136884098947961341879412627
218 380 101714570464395091691874481136884098947961341879412627
380 242 -368524701368616740119605815097405515187669429748612
242 380 -368524701368616740119605815097405515187669429748612
380 266 -5280964773160018891479014532402167822279819570697
266 380 -5280964773160018891479014532402167822279819570697
380 290 16813202817877975628828740712177972796906200939
290 380 16813202817877975628828740712177972796906200939
380 314 1497151674670322431338531266526173743285595
314 380 1497151674670322431338531266526173743285595
380 338 58647442647665005466009349355291382290
338 380 58647442647665005466009349355291382290
380 362 12186634051827183203626761064090
362 380 12186634051827183203626761064090
379 7 -256203841933288197958128160
7 379 -256203841933288197958128160
379 31 28914190561762321355115607950324990994289209655604
31 379 28914190561762321355115607950324990994289209655604
379 55 -10463718161845043636572708471542789447921274310632785728100
55 379 -10463718161845043636572708471542789447921274310632785728100
379 79 164599368077928218705869216866177065306135426030799351187316
79 379 164599368077928218705869216866177065306135426030799351187316
379 103 -12780253560474298517024861604872925072079113944058544370260088
103 379 -12780253560474298517024861604872925072079113944058544370260088
379 127 3066098771050198710294702443194485702667265051090602761252989
127 379 3066098771050198710294702443194485702667265051090602761252989
379 151 -187704365030731175868140843478699309886386958570377351917515
151 379 -187704365030731175868140843478699309886386958570377351917515
379 175 11462521593385108069998267208777044926117278418524915461272
175 379 11462521593385108069998267208777044926117278418524915461272
379 199 -129096801990265030303292301158324175905878957770305822557
199 379 -129096801990265030303292301158324175905878957770305822557
379 223 2932141866436317146986770125495184383493017023371089465
223 379 2932141866436317146986770125495184383493017023371089465
379 247 -22904989800301993392366631412379393497684738678873849
247 379 -22904989800301993392366631412379393497684738678873849
379 271 100242535236424954325567941082886387404683310770973
271 379 100242535236424954325567941082886387404683310770973
379 295 -88184467521821055470010115033570331804198856098
295 379 -88184467521821055470010115033570331804198856098
379 319 4540091086467179014829824942525551397864410
319 379 4540091086467179014829824942525551397864410
379 343 53781623337442413241050577205319021832
343 379 53781623337442413241050577205319021832
379 367 858066871178454165080730693771
367 379 858066871178454165080730693771
378 12 130548212899016561982289623192660848
12 378 130548212899016561982289623192660848
378 36 769311104535992809721034786665230170290908095924145020
36 378 769311104535992809721034786665230170290908095924145020
378 60 2387921643195185689562865934416919213519898739293951363684941
60 378 2387921643195185689562865934416919213519898739293951363684941
378 84 58010851683074153390279489266893815476421864658492204292584687
84 378 58010851683074153390279489266893815476421864658492204292584687
378 108 295317928987936588494753661760076285368867156888836989538375873
108 378 295317928987936588494753661760076285368867156888836989538375873
378 132 -58960674159045245558999636901209604495494070087698105689257575
132 378 -58960674159045245558999636901209604495494070087698105689257575
378 156 4370202890426220454924754511222800431857728629712573595577468
156 378 4370202890426220454924754511222800431857728629712573595577468
378 180 -129361506580053105417103251413894098449794828456473494261834
180 378 -129361506580053105417103251413894098449794828456473494261834
378 204 3374630557688210572381830681048450803073287635853571093339
204 378 3374630557688210572381830681048450803073287635853571093339
378 228 -31659698173623639292097609818569949676291507332103795072
228 378 -31659698173623639292097609818569949676291507332103795072
378 252 259584769603005263155496943121060581456404254276025751
252 378 259584769603005263155496943121060581456404254276025751
378 276 -495698469972706674426752078256888772911279456804236
276 378 -495698469972706674426752078256888772911279456804236
378 300 382340195628531640922607265798332443952057962744
300 378 382340195628531640922607265798332443952057962744
378 324 12638289178239140489997800718160871167363925
324 378 12638289178239140489997800718160871167363925
378 348 23450297922352318181678536630649919874
348 378 23450297922352318181678536630649919874
378 372 12067342303822861461709342843
372 378 12067342303822861461709342843
377 17 -2168243614537133701651820738930979784543696
17 377 -2168243614537133701651820738930979784543696
377 41 3830072792707048018744042248291122485276583055540411664246
41 377 3830072792707048018744042248291122485276583055540411664246
377 65 -240082351047538214842448256953693271244889541191452847912982008
65 377 -240082351047538214842448256953693271244889541191452847912982008
377 89 -3590216750582166166239326823492239363611120595061234178907807220
89 377 -3590216750582166166239326823492239363611120595061234178907807220
377 113 -3837470741425774198837798675202728701375519717964054277298245342
113 377 -3837470741425774198837798675202728701375519717964054277298245342
377 137 678943027974272395078504705176393579026529511683865510129189700
137 377 678943027974272395078504705176393579026529511683865510129189700
377 161 -35580576031715253280338874553297662584557898770197845013702367
161 377 -35580576031715253280338874553297662584557898770197845013702367
377 185 1090872207744132268591078094565166264323322891991589159543840
185 377 1090872207744132268591078094565166264323322891991589159543840
377 209 -14749996207233706532415981958340318557389247500714608390285
209 377 -14749996207233706532415981958340318557389247500714608390285
377 233 200456057675960598748126425007847201272736123740851467269
233 377 200456057675960598748126425007847201272736123740851467269
377 257 -608583888707631854013464334464547778315832831524194131
257 377 -608583888707631854013464334464547778315832831524194131
377 281 1129038761239706474216751017643244589149155609885428
281 377 1129038761239706474216751017643244589149155609885428
377 305 -424327984315475089286342749680043606730495421337
305 377 -424327984315475089286342749680043606730495421337
377 329 4087173088380872970087615267520001270783814
329 377 4087173088380872970087615267520001270783814
377 353 782648265284999607351865994661006542
353 377 782648265284999607351865994661006542
377 377 16575756744509878496278564
376 22 3285511988521788432427013030570981658774929261126
22 376 3285511988521788432427013030570981658774929261126
376 46 1860752931764596611434296093075056423476271142374543795324786
46 376 1860752931764596611434296093075056423476271142374543795324786
376 70 13394240151484767342609539232027001813351199528918637826472295315
70 376 13394240151484767342609539232027001813351199528918637826472295315
376 94 100728487966625449422400760151085377822605226616911212202296828264
94 376 100728487966625449422400760151085377822605226616911212202296828264
376 118 24987999233117765790119436948252594646658045195311145898939839884
118 376 24987999233117765790119436948252594646658045195311145898939839884
376 142 -3599188363331031121639041852465675329618173423394180695297054587
142 376 -3599188363331031121639041852465675329618173423394180695297054587
376 166 188508466100595812377217237855252690135817641674955819289797147
166 376 188508466100595812377217237855252690135817641674955819289797147
376 190 -3919679157028799319179454648054976467942235285718842704755409
190 376 -3919679157028799319179454648054976467942235285718842704755409
376 214 60417610387400559326827884274262385108037093260907602607980
214 376 60417610387400559326827884274262385108037093260907602607980
376 238 -93357242126791524797197488690555747602996893282708856322
238 376 -93357242126791524797197488690555747602996893282708856322
376 262 -454306584688428448092226907875058863288241792452042481
262 376 -454306584688428448092226907875058863288241792452042481
376 286 1324376325133371898597408130063029745137316554216781
286 376 1324376325133371898597408130063029745137316554216781
376 310 1382447771930399564409462192986422432280510573072
310 376 1382447771930399564409462192986422432280510573072
376 334 5369838721386003978198320829578139767560617
334 376 5369838721386003978198320829578139767560617
376 358 -75699031047831874775002808240609286
358 376 -75699031047831874775002808240609286
375 3 3069959359983749761152
3 375 3069959359983749761152
375 27 -598636859812398738504028237916255465639827148113523062
27 375 -598636859812398738504028237916255465639827148113523062
375 51 -289987227413076852335094682942522006696009544083498236975194786
51 375 -289987227413076852335094682942522006696009544083498236975194786
375 75 -454241615031403561980732857284259884845997008734808879223449140337
75 375 -454241615031403561980732857284259884845997008734808879223449140337
375 99 -1563482170855537375692563238091380649650510352708978750751720778766
99 375 -1563482170855537375692563238091380649650510352708978750751720778766
375 123 -82912269844775362642821380821175156673134050256328458122902202325
123 375 -82912269844775362642821380821175156673134050256328458122902202325
375 147 16594585871447541393979337245354041303564055398232595900179671163
147 375 16594585871447541393979337245354041303564055398232595900179671163
375 171 -574446289356442541203137061701666404764238753025458330237193381
171 375 -574446289356442541203137061701666404764238753025458330237193381
375 195 11163826507616898584151346752792320124667792912549925324367518
195 375 11163826507616898584151346752792320124667792912549925324367518
375 219 16224730718565906567941445746792677619244804582451000093869
219 375 16224730718565906567941445746792677619244804582451000093869
375 243 -1306604917391416726208602736111884157696976329133227030830
243 375 -1306604917391416726208602736111884157696976329133227030830
375 267 6669439397636117100841411606718764094315007969679396764
267 375 6669439397636117100841411606718764094315007969679396764
375 291 -1350720892769601338134387929913001551516518892075646
291 375 -1350720892769601338134387929913001551516518892075646
375 315 -1629793147579750594155802816982347240127307607805
315 375 -1629793147579750594155802816982347240127307607805
375 339 5253575843687939613929629225764603282028009
339 375 5253575843687939613929629225764603282028009
375 363 -103592194856894849537957089978105669
363 375 -103592194856894849537957089978105669
374 8 6830364749757836427254719724487072
8 374 6830364749757836427254719724487072
374 32 12704802379828820473945886049306189011304895807527992424726
32 374 12704802379828820473945886049306189011304895807527992424726
374 56 14740542708665446618723258079061282303568969549043494794644458728
56 374 14740542708665446618723258079061282303568969549043494794644458728
374 80 9727299378326291950254121637280979410378694056761977886736908389482
80 374 9727299378326291950254121637280979410378694056761977886736908389482
374 104 14339201067348023841493913277045283567487766902031961814370604847656
104 374 14339201067348023841493913277045283567487766902031961814370604847656
374 128 91717881484078253428265218894295875538876235966782072192203336288
128 374 91717881484078253428265218894295875538876235966782072192203336288
374 152 -57893054269735247343367729357452923291540689288603266897474396326
152 374 -57893054269735247343367729357452923291540689288603266897474396326
374 176 1845247194807540248326980320664124236652088667950242892523725167
176 374 1845247194807540248326980320664124236652088667950242892523725167
374 200 7368121292082985696960512316496589098108889745844918639116505
200 374 7368121292082985696960512316496589098108889745844918639116505
374 224 -590815315063295499468467715341789449412027577852048665633375
224 374 -590815315063295499468467715341789449412027577852048665633375
374 248 3455682985264645576963920532393450693606143677010910534017
248 374 3455682985264645576963920532393450693606143677010910534017
374 272 -704112763206450473791308184446199003806894909441739629
272 374 -704112763206450473791308184446199003806894909441739629
374 296 10325963290321299363269033933520897784667493547823746
296 374 10325963290321299363269033933520897784667493547823746
374 320 952280053754222008569913496347967939190231851951
320 374 952280053754222008569913496347967939190231851951
374 344 1180251886151121650613904731317497698851634
344 374 1180251886151121650613904731317497698851634
374 368 2865959814161682673849422829623660
368 374 2865959814161682673849422829623660
373 13 8672974458148534806607282955723919138174784
13 373 8672974458148534806607282955723919138174784
373 37 -24404469101816721088867756636352881604115263385225743562107994
37 373 -24404469101816721088867756636352881604115263385225743562107994
373 61 -213922936357992723439528858016388671044148545938467612175493266700
61 373 -213922936357992723439528858016388671044148545938467612175493266700
373 85 -133508014947603206918289304860915589118509774404607648958268850778840
85 373 -133508014947603206918289304860915589118509774404607648958268850778840
373 109 -84789314884267094916517696296569703829591311553586858453932948852222
109 373 -84789314884267094916517696296569703829591311553586858453932948852222
373 133 1136141635048032631933112882095253260956339383168068675344095189241
133 373 1136141635048032631933112882095253260956339383168068675344095189241
373 157 141729724719339087502802499761956700287677529711447453129552781318
157 373 141729724719339087502802499761956700287677529711447453129552781318
373 181 -178909813201680962761792715822182997037108227355218284970749179
181 373 -178909813201680962761792715822182997037108227355218284970749179
373 205 -68067073082823340458149065595267344126016395820522777777072505
205 373 -68067073082823340458149065595267344126016395820522777777072505
373 229 80055093014137850770477418392526387542789827284008245131853
229 373 80055093014137850770477418392526387542789827284008245131853
373 253 5354392061230491433768318344551448679602113968896838212214
253 373 5354392061230491433768318344551448679602113968896838212214
373 277 4012633540228247258978975188351337456493591905286509625
277 373 4012633540228247258978975188351337456493591905286509625
373 301 -11555986906200383151974447852029066736064523568078750
301 373 -11555986906200383151974447852029066736064523568078750
373 325 -1201479263623173738294881682246617567620640255822
325 373 -1201479263623173738294881682246617567620640255822
373 349 192654131238906590301479395586450954396841
349 373 192654131238906590301479395586450954396841
373 373 -32272825467742603807983540176781
372 18 156143147699174642681194617912147575173275107370384
18 372 156143147699174642681194617912147575173275107370384
372 42 5125755554702908762802254506899808129038145126515780116629430924
42 372 5125755554702908762802254506899808129038145126515780116629430924
372 66 -7694110250825968216363034423299549894841709106591778675456971359257
66 372 -7694110250825968216363034423299549894841709106591778675456971359257
372 90 1196178662192215706597624800097231282498969688343882425584018232270919
90 372 1196178662192215706597624800097231282498969688343882425584018232270919
372 114 377258244710702943221876269558833101003102504570615624930024601172580
114 372 377258244710702943221876269558833101003102504570615624930024601172580
372 138 -6304835390147490871511197357161526707853059602806311912263290429315
138 372 -6304835390147490871511197357161526707853059602806311912263290429315
372 162 28676667565779879947788433223654088788340170970563050012836679309
162 372 28676667565779879947788433223654088788340170970563050012836679309
372 186 -2372035720304235593573642321003094993364291084059041149613801549
186 372 -2372035720304235593573642321003094993364291084059041149613801549
372 210 -73766111062866342038160396651699387311840908829783293332992514
210 372 -73766111062866342038160396651699387311840908829783293332992514
372 234 1772776951013126102039438084445933046359997841845899292778426
234 372 1772776951013126102039438084445933046359997841845899292778426
372 258 -1295285884634761155549584215411549475663781169507314343020
258 372 -1295285884634761155549584215411549475663781169507314343020
372 282 32403018738492601789049828839052037008207273315784578705
282 372 32403018738492601789049828839052037008207273315784578705
372 306 -116668423731092405165332435291118676152681096731690
306 372 -116668423731092405165332435291118676152681096731690
372 330 639206036815481602277767232540862373557627792331
330 372 639206036815481602277767232540862373557627792331
372 354 -28785602559527362240491333560466117567968
354 372 -28785602559527362240491333560466117567968
371 23 107227667371729879823431406800208021492956824546220461592
23 371 107227667371729879823431406800208021492956824546220461592
371 47 -475932611762866976967093832126004173311877741790153913391599809584
47 371 -475932611762866976967093832126004173311877741790153913391599809584
371 71 391593225904998685160510843270942454305449538899491498980916369538128
71 371 391593225904998685160510843270942454305449538899491498980916369538128
371 95 -7372714861543703776302542739461519779335696713150821887075784559594345
95 371 -7372714861543703776302542739461519779335696713150821887075784559594345
371 119 -1438356412449100483722106093194585194261311808153862322024549920229587
119 371 -1438356412449100483722106093194585194261311808153862322024549920229587
371 143 13602488111606214567187594707677458141201661213790305637113274572103
143 371 13602488111606214567187594707677458141201661213790305637113274572103
371 167 643835887343712498177088975549523343424407818400394222387443291812
167 371 643835887343712498177088975549523343424407818400394222387443291812
371 191 -18460542410158185203317934442391594215865423764941669844336451912
191 371 -18460542410158185203317934442391594215865423764941669844336451912
371 215 231680900040499992345250347201151981493683214353748614599546785
215 371 231680900040499992345250347201151981493683214353748614599546785
371 239 -969696368555931945665521609362863005553508524164485621792249
239 371 -969696368555931945665521609362863005553508524164485621792249
371 263 18550657454582242020672743552340571851030065131607644941403
263 371 18550657454582242020672743552340571851030065131607644941403
371 287 -23122918730583318675711367577882167511234535643732220308
287 371 -23122918730583318675711367577882167511234535643732220308
371 311 -486142180902738368240492220642825977288015111900674
311 371 -486142180902738368240492220642825977288015111900674
371 335 -195771542492643537402558327142028115164713198428
335 371 -195771542492643537402558327142028115164713198428
371 359 5237048416683674066020605354240308852161
359 371 5237048416683674066020605354240308852161
370 4 11977893458468629202286205184
4 370 11977893458468629202286205184
370 28 3355612023466435352462795594435057732122842033876641842911882
28 370 3355612023466435352462795594435057732122842033876641842911882
370 52 25607101392338883869650763311258214538928168016787257252942565489810
52 370 25607101392338883869650763311258214538928168016787257252942565489810
370 76 -7601667334831912215351098321696211607173225883659657942914157209375764
76 370 -7601667334831912215351098321696211607173225883659657942914157209375764
370 100 35482098244702912457583569191641717920382057387260144984754610214347572
100 370 35482098244702912457583569191641717920382057387260144984754610214347572
370 124 4691867889050195925636488087856803245219205800533325803054175341556366
124 370 4691867889050195925636488087856803245219205800533325803054175341556366
370 148 19672583211674542225916434852851740628246793187189496524275302450180
148 370 19672583211674542225916434852851740628246793187189496524275302450180
370 172 -2629546197338351360316189468521699305561024581917611642284207433031
172 370 -2629546197338351360316189468521699305561024581917611642284207433031
370 196 -13423638040977509970066058016776954921308504593514270835716060647
196 370 -13423638040977509970066058016776954921308504593514270835716060647
370 220 744872278040071527455651605285853908053906530193401700907854017
220 370 744872278040071527455651605285853908053906530193401700907854017
370 244 -5955854287208523631179893573929079321134951700882066041865235
244 370 -5955854287208523631179893573929079321134951700882066041865235
370 268 25084259450735593170558248649028574226819429257277942428343
268 370 25084259450735593170558248649028574226819429257277942428343
370 292 -4613128584584541176045359561597908131809108750033756181
292 370 -4613128584584541176045359561597908131809108750033756181
370 316 -4362378873760941280537832397054909988106119819896990
316 370 -4362378873760941280537832397054909988106119819896990
370 340 83496778616891988341693281050574419422332799065
340 370 83496778616891988341693281050574419422332799065
370 364 -200224951118094206738961412912037129387
364 370 -200224951118094206738961412912037129387
369 9 -41233367661049489823146517637688755376640
9 369 -41233367661049489823146517637688755376640
369 33 2675867542460477887146495045184431081279072026940784320843865904
33 369 2675867542460477887146495045184431081279072026940784320843865904
369 57 -843034467850048379278689981395341873514073370228701730300238988325280
57 369 -843034467850048379278689981395341873514073370228701730300238988325280
369 81 83593672391016969106478435249506058698373306340010924475122170070654752
81 369 83593672391016969106478435249506058698373306340010924475122170070654752
369 105 -149544132089661528865073123821277107807122358321831703349917376501019800
105 369 -149544132089661528865073123821277107807122358321831703349917376501019800
369 129 -10507497543153382601498480270698615581659902809620441298086047095772748
129 369 -10507497543153382601498480270698615581659902809620441298086047095772748
369 153 -10872215890577045908875778325224908811632534025388111201866536546091
153 369 -10872215890577045908875778325224908811632534025388111201866536546091
369 177 7450084914468032348851472411718334992578484958100706736477295836524
177 369 7450084914468032348851472411718334992578484958100706736477295836524
369 201 -121583279651437928136278504482352655529417616942725682595041357711
201 369 -121583279651437928136278504482352655529417616942725682595041357711
369 225 455772610958658338194119602246313321602564909402946700224538790
225 369 455772610958658338194119602246313321602564909402946700224538790
369 249 3357710604625154364000399457285543049844848365908841916220031
249 369 3357710604625154364000399457285543049844848365908841916220031
369 273 2121855047466096122267906475552237093318014223216020431338
273 369 2121855047466096122267906475552237093318014223216020431338
369 297 9424539575175085609303642700573512543232073914656055122
297 369 9424539575175085609303642700573512543232073914656055122
369 321 4280111959536198871824504471490228281108410208578637
321 369 4280111959536198871824504471490228281108410208578637
369 345 -12973587399950877366167476710394476426688002861
345 369 -12973587399950877366167476710394476426688002861
369 369 1844319085501811069080546526779752626
368 14 52568191816348614918832208489135706540398868178016
14 368 52568191816348614918832208489135706540398868178016
368 38 -500545432668827854041478920823662889597436729451668530797525228922
38 368 -500545432668827854041478920823662889597436729451668530797525228922
368 62 16544581154013462828454050467863904106638661923481693705816166434253040
62 368 16544581154013462828454050467863904106638661923481693705816166434253040
368 86 -579138071378060943932144879639206639388585880767628456044369412202774758
86 368 -579138071378060943932144879639206639388585880767628456044369412202774758
368 110 533033104926838243962137251017515806688150932599998971741467511588725624
110 368 533033104926838243962137251017515806688150932599998971741467511588725624
368 134 12754600160219883042310681614796923521029156701679244385820157512030142
134 368 12754600160219883042310681614796923521029156701679244385820157512030142
368 158 -331979307671149156580576584541491079817767111433537727131866720571890
158 368 -331979307671149156580576584541491079817767111433537727131866720571890
368 182 -12828122071914448606996416793631699832135190997146058650190067822596
182 368 -12828122071914448606996416793631699832135190997146058650190067822596
368 206 196736352113978150177362933785552403214238315509039567071078394546
206 368 196736352113978150177362933785552403214238315509039567071078394546
368 230 277912213220327910047822871472486774336244752362939303109007011
230 368 277912213220327910047822871472486774336244752362939303109007011
368 254 -1207628491422478491638839452902177517841687987895732464093307
254 368 -1207628491422478491638839452902177517841687987895732464093307
368 278 51289283796614738508034971047444694876051087200423953156192
278 368 51289283796614738508034971047444694876051087200423953156192
368 302 -23481102827228108148472700780603909961101477702081677440
302 368 -23481102827228108148472700780603909961101477702081677440
368 326 -628752305354834176175242264844639295162836478143453
326 368 -628752305354834176175242264844639295162836478143453
368 350 1355893207778065863697955772935716075263264140
350 368 1355893207778065863697955772935716075263264140
367 19 -428910669486919519293725627200832085971827298184881846368
19 367 -428910669486919519293725627200832085971827298184881846368
367 43 32340358639803209824041868482463507925707748921359316485896337216388
43 367 32340358639803209824041868482463507925707748921359316485896337216388
367 67 -205466362751267102151804292365166497045121699652195750992633034137803260
67 367 -205466362751267102151804292365166497045121699652195750992633034137803260
367 91 2901760098896371070440042090078106157451625636854447791659841519005301572
91 367 2901760098896371070440042090078106157451625636854447791659841519005301572
367 115 -1399095353935965903317666919917104896257086967152628243023028146043795948
115 367 -1399095353935965903317666919917104896257086967152628243023028146043795948
367 139 -2932706384623215549398823855990159625892338697523090174123099994818375
139 367 -2932706384623215549398823855990159625892338697523090174123099994818375
367 163 2497191448187742795736472446757107359242460973558340925327041044223217
163 367 2497191448187742795736472446757107359242460973558340925327041044223217
367 187 -36496899947974282119743915218358629462155119639455603773864092368139
187 367 -36496899947974282119743915218358629462155119639455603773864092368139
367 211 -104795898431685603876672306437560842264200986278981766143370755796
211 367 -104795898431685603876672306437560842264200986278981766143370755796
367 235 6347692498013697732531653815238243072979964158428296838069812757
235 367 6347692498013697732531653815238243072979964158428296838069812757
367 259 -45512015026219920151163049400792986171224533250891179727729674
259 367 -45512015026219920151163049400792986171224533250891179727729674
367 283 40722485003557894388863083696083805453733351015313339839055
283 367 40722485003557894388863083696083805453733351015313339839055
367 307 1220000942084019181560512866248572523281162982044284231
307 367 1220000942084019181560512866248572523281162982044284231
367 331 -7886642276476303786510115178830673538485506554011
331 367 -7886642276476303786510115178830673538485506554011
367 355 -99522593281693195119817308561195941463348230
355 367 -99522593281693195119817308561195941463348230
366 24 48815603912859439826941720325660565326586051599306350912572512
24 366 48815603912859439826941720325660565326586051599306350912572512
366 48 -829898413161131018372296972663813886086605375259630917802182184442060
48 366 -829898413161131018372296972663813886086605375259630917802182184442060
366 72 1983367999345574174668042934366881490473034509535564114239128342240804141
72 366 1983367999345574174668042934366881490473034509535564114239128342240804141
366 96 -12227172568234529786614082693140722626841071982528272076689180118780129314
96 366 -12227172568234529786614082693140722626841071982528272076689180118780129314
366 120 2537098359586128686438099947794107042079453391868545104531176543816415645
120 366 2537098359586128686438099947794107042079453391868545104531176543816415645
366 144 -31474383697177037518543666796408977285072664596659346906895260887139400
144 366 -31474383697177037518543666796408977285072664596659346906895260887139400
366 168 -3676606860129265697108952449779208376140506799475413445464085835468338
168 366 -3676606860129265697108952449779208376140506799475413445464085835468338
366 192 106690177567954510508258041437347487128439654344411752252752852168982
192 366 106690177567954510508258041437347487128439654344411752252752852168982
366 216 -1293093583548937238511815965993319901419585259691788201160126057379
216 366 -1293093583548937238511815965993319901419585259691788201160126057379
366 240 6930355682078731546293878620948398877564335156161312325951755243
240 366 6930355682078731546293878620948398877564335156161312325951755243
366 264 -10551167345811842923152692119920405942107921646079997102376621
264 366 -10551167345811842923152692119920405942107921646079997102376621
366 288 47184797786018282796660627849655397059580894472066648009681
288 366 47184797786018282796660627849655397059580894472066648009681
366 312 9025576502850245399616405748759552618608155976498769508
312 366 9025576502850245399616405748759552618608155976498769508
366 336 144831784748785538045401493721654397327678908415135
336 366 144831784748785538045401493721654397327678908415135
366 360 3751468417217745231206179944348550954773680
360 366 3751468417217745231206179944348550954773680
365 5 26227997761686872986685629936280576
5 365 26227997761686872986685629936280576
365 29 -61547504010183843395531959285691791229526676800284042104605152080
29 365 -61547504010183843395531959285691791229526676800284042104605152080
365 53 6824518817710856699827961615268971725841902281325266953366034939755441
53 365 6824518817710856699827961615268971725841902281325266953366034939755441
365 77 -14334772854499337119257197243829936235821714730895206101823595961491243956
77 365 -14334772854499337119257197243829936235821714730895206101823595961491243956
365 101 42821959255787374813228476212735658098308736152637449367991757595607592197
101 365 42821959255787374813228476212735658098308736152637449367991757595607592197
365 125 -3647100315197179349462718723879588926356785570471602337528703599208204082
125 365 -3647100315197179349462718723879588926356785570471602337528703599208204082
365 149 234647841030004260480134616459217785162561331422807481407334018753038289
149 365 234647841030004260480134616459217785162561331422807481407334018753038289
365 173 -6659297988363666555376997760246973910214758226377652309903974287817912
173 365 -6659297988363666555376997760246973910214758226377652309903974287817912
365 197 -58674707072221593012403475695747355467026510206720760544809870537951
197 365 -58674707072221593012403475695747355467026510206720760544809870537951
365 221 2224717581544446832930744990906936616064963649900645718810602230324
221 365 2224717581544446832930744990906936616064963649900645718810602230324
365 245 -5251710524378599008416554283009711815716542274414763750327441948
245 365 -5251710524378599008416554283009711815716542274414763750327441948
365 269 -25531484677580798631660816791523275407213910462546024306892767
269 365 -25531484677580798631660816791523275407213910462546024306892767
365 293 39683992396652447541570421720359895335236201104662533070301
293 365 39683992396652447541570421720359895335236201104662533070301
365 317 -4037387822732634496479448821039576578490526008062876016
317 365 -4037387822732634496479448821039576578490526008062876016
365 341 -28413824176770015777316925008158907734856112710179
341 365 -28413824176770015777316925008158907734856112710179
365 365 -31329530638543936429377907389261638421947
364 10 67152373600469617687683543360261129038934643968
10 364 67152373600469617687683543360261129038934643968
364 34 12411001651580403049573195890409001551594603225689574725917158696022
34 364 12411001651580403049573195890409001551594603225689574725917158696022
364 58 -96347248342232733145672255911318443098660698243357029764426835696803380
58 364 -96347248342232733145672255911318443098660698243357029764426835696803380
364 82 72616412705510796453147111824812151801596054150047500038190415191523087668
82 364 72616412705510796453147111824812151801596054150047500038190415191523087668
364 106 -104692280852604380743562360210541524137506251375859637485678157806698355177
106 364 -104692280852604380743562360210541524137506251375859637485678157806698355177
364 130 3369680495915414821582219966711942116131347308154731169973718592984940592
130 364 3369680495915414821582219966711942116131347308154731169973718592984940592
364 154 -338727050308933110384258308382904745155974500039719066559111883994970494
154 364 -338727050308933110384258308382904745155974500039719066559111883994970494
364 178 31364505109096724759251264998923705850674810246759391812224115236213679
178 364 31364505109096724759251264998923705850674810246759391812224115236213679
364 202 -435945420620811417472111376854652311397802961151251833135883369645299
202 364 -435945420620811417472111376854652311397802961151251833135883369645299
364 226 -498467896269314475821096065039766283489899713092397020455983181476
226 364 -498467896269314475821096065039766283489899713092397020455983181476
364 250 21125282716887001624661970168421656493198760337383326504999397067
250 364 21125282716887001624661970168421656493198760337383326504999397067
364 274 -51268807738868398696722940933268291501557360460619802976643650
274 364 -51268807738868398696722940933268291501557360460619802976643650
364 298 10294012609284509528520849201819650810169931559695155517298
298 364 10294012609284509528520849201819650810169931559695155517298
364 322 1410017392827476241910406810666577006511370668566095363
322 364 1410017392827476241910406810666577006511370668566095363
364 346 -85316836471180304643944798880091931879570668388
346 364 -85316836471180304643944798880091931879570668388
363 15 38312759027993519264257807226640349800948937479265475968
15 363 38312759027993519264257807226640349800948937479265475968
363 39 -190591968877939526988305423664546481405607779567690529919529733760602
39 363 -190591968877939526988305423664546481405607779567690529919529733760602
363 63 7536659405564973036657589384287832752093481620371457092616726291784395700
63 363 7536659405564973036657589384287832752093481620371457092616726291784395700
363 87 -284929829863496834269529525913864038279660676175565908705095860053725493613
87 363 -284929829863496834269529525913864038279660676175565908705095860053725493613
363 111 147743743005116598863613867432874221277119329424315868966658531075887667992
111 363 147743743005116598863613867432874221277119329424315868966658531075887667992
363 135 3396847130050745712590581663260495339824583594544926656533253616289426403
135 363 3396847130050745712590581663260495339824583594544926656533253616289426403
363 159 -815030321745288855179410143196462286417967024969182727003993663399552098
159 363 -815030321745288855179410143196462286417967024969182727003993663399552098
363 183 -23489723897224379625717617403485382749167955662418363549293912891977232
183 363 -23489723897224379625717617403485382749167955662418363549293912891977232
363 207 847791796222078445438128139920101494900449124759056350421946621360144
207 363 847791796222078445438128139920101494900449124759056350421946621360144
363 231 -4790617731527702361867196750390799997960292211580912839163371111347
231 363 -4790617731527702361867196750390799997960292211580912839163371111347
363 255 3963476251800400506107487648607760280609181331692930041311385311
255 363 3963476251800400506107487648607760280609181331692930041311385311
363 279 -31475606383537734769075989247312416319776153760617857705502347
279 363 -31475606383537734769075989247312416319776153760617857705502347
363 303 12788451045265212859005345043842419598873683259353001802554
303 363 12788451045265212859005345043842419598873683259353001802554
363 327 497507705755098520256422708021854033651172460130137000
327 363 497507705755098520256422708021854033651172460130137000
363 351 383774971076501765407452935994279627073541939632
351 363 383774971076501765407452935994279627073541939632
362 20 53689792375462965639404729510960923713965472542026269486590112
20 362 53689792375462965639404729510960923713965472542026269486590112
362 44 -22487441364030175116259431281921731113367852222508477652587666831179129
44 362 -22487441364030175116259431281921731113367852222508477652587666831179129
362 68 -68399574174155120139802959212907146097819417854775117997681511324252200338
68 362 -68399574174155120139802959212907146097819417854775117997681511324252200338
362 92 857773968100154817995518762693728260044689391066987469826164897519212172512
92 362 857773968100154817995518762693728260044689391066987469826164897519212172512
362 116 -186459536079456579566185661413388444216328135499590555382297242281433113542
116 362 -186459536079456579566185661413388444216328135499590555382297242281433113542
362 140 3591782733872396129567406501167982352879690924325797220034701965743323074
140 362 3591782733872396129567406501167982352879690924325797220034701965743323074
362 164 3600573232155559256720912112763186227784973328431169713166044956265092952
164 362 3600573232155559256720912112763186227784973328431169713166044956265092952
362 188 -68329502763119035204172561981596578440801269548066367554101459879297608
188 362 -68329502763119035204172561981596578440801269548066367554101459879297608
362 212 -292196846246910789702204515061427018440392128489643104919010138546207
212 362 -292196846246910789702204515061427018440392128489643104919010138546207
362 236 6885267147706432010923101963613130962041977826461564737712785989352
236 362 6885267147706432010923101963613130962041977826461564737712785989352
362 260 7756304554637345825409131889497472701436511731284849333988829509
260 362 7756304554637345825409131889497472701436511731284849333988829509
362 284 -22763609291603707695724891841389724466014717890753541868645651
284 362 -22763609291603707695724891841389724466014717890753541868645651
362 308 1719262813109830787106756202770701472821282407988270691270
308 362 1719262813109830787106756202770701472821282407988270691270
362 332 -159608082138369696249866385815965297491366842486422613
332 362 -159608082138369696249866385815965297491366842486422613
362 356 -19888684628095658535651382543066007140024975049
356 362 -19888684628095658535651382543066007140024975049
361 1 -86795558670483456
1 361 -86795558670483456
361 25 246190016040735373582127837142767164918106707201136168418420608320
25 361 246190016040735373582127837142767164918106707201136168418420608320
361 49 70874121361478168638062238888086379079098155012500933242540312952903925
49 361 70874121361478168638062238888086379079098155012500933242540312952903925
361 73 438881961943201030822125937055693016783761928487917193463643944407078503894
73 361 438881961943201030822125937055693016783761928487917193463643944407078503894
361 97 -1442961848093311434391816695825103412359680746153150262168584599129948370076
97 361 -1442961848093311434391816695825103412359680746153150262168584599129948370076
361 121 352884234549622892963363380818096955616322448290247746241910620942821830136
121 361 352884234549622892963363380818096955616322448290247746241910620942821830136
361 145 -80329066266286348307829476707926169721466052206095617115480935521796504989
145 361 -80329066266286348307829476707926169721466052206095617115480935521796504989
361 169 -3018438489774571804432942712446518577921176448888075149355506149115941046
169 361 -3018438489774571804432942712446518577921176448888075149355506149115941046
361 193 161353209947197126273982989906521904444618335729017378125553683792342129
193 361 161353209947197126273982989906521904444618335729017378125553683792342129
361 217 -1390056538870067528560191735276328967139111766516758299038810358236372
217 361 -1390056538870067528560191735276328967139111766516758299038810358236372
361 241 -5172955061778201458004700977965646909399543219577888502876927276924
241 361 -5172955061778201458004700977965646909399543219577888502876927276924
361 265 13813769833576134472704783722549645328589897275411959512755496537
265 361 13813769833576134472704783722549645328589897275411959512755496537
361 289 -20085267109552008453464144146092296017371147431855508810853175
289 361 -20085267109552008453464144146092296017371147431855508810853175
361 313 -451594315087627062634790485079279029067527779940494420006
313 361 -451594315087627062634790485079279029067527779940494420006
361 337 10683257511631854498729917736211396790704207275573733
337 361 10683257511631854498729917736211396790704207275573733
361 361 150999927663571878367444469006920399844440916
360 6 30860029781478369198715023997327144927232
6 360 30860029781478369198715023997327144927232
360 30 -63794732519563490755651430192958957935096246567603422335984246978304
30 360 -63794732519563490755651430192958957935096246567603422335984246978304
360 54 24625371826572158651477397306205984509423932855788485878535204294412766040
54 360 24625371826572158651477397306205984509423932855788485878535204294412766040
360 78 -1509438302651053601959808977495835873047510673437531153565956362427649830679
78 360 -1509438302651053601959808977495835873047510673437531153565956362427649830679
360 102 -826058220938151963825365951385020498872292995899613462600151527027841285688
102 360 -826058220938151963825365951385020498872292995899613462600151527027841285688
360 126 9311156448902370060288161338527849521411203060765378329985846351050996137
126 360 9311156448902370060288161338527849521411203060765378329985846351050996137
360 150 205537941543160324552364952570602286142355911856493117014198078363042978087
150 360 205537941543160324552364952570602286142355911856493117014198078363042978087
360 174 -5602434690141495304453253170583181235442482932966958237054065653076148069
174 360 -5602434690141495304453253170583181235442482932966958237054065653076148069
360 198 -51168314658439459702224732812691573564261642773602326705999637590969096
198 360 -51168314658439459702224732812691573564261642773602326705999637590969096
360 222 2458666902094318289410713006170383512188865830645840436325874651065823
222 360 2458666902094318289410713006170383512188865830645840436325874651065823
360 246 -2473344673739877969435387507243319048556562602216229041381224144403
246 360 -2473344673739877969435387507243319048556562602216229041381224144403
360 270 6599378341581122556844487856186538535406063590779158001556495833
270 360 6599378341581122556844487856186538535406063590779158001556495833
360 294 -10970479532373506052183050508079961340705707161072979819172886
294 360 -10970479532373506052183050508079961340705707161072979819172886
360 318 528456985728343287821871969273197289196881036516907906057
318 360 528456985728343287821871969273197289196881036516907906057
360 342 1077230581445573773883429968002940256503566915972499
342 360 1077230581445573773883429968002940256503566915972499
359 11 -29608131135244617067638382541132790778152150687338496
11 359 -29608131135244617067638382541132790778152150687338496
359 35 -6600049890215344734969577449289227311709008745839967044774302675045720
35 359 -6600049890215344734969577449289227311709008745839967044774302675045720
359 59 -29393537118313221137194299383416147710459786272231520873747925554094172512
59 359 -29393537118313221137194299383416147710459786272231520873747925554094172512
359 83 2870754125851701395861469654406825254474544489633451201324048195001712934480
83 359 2870754125851701395861469654406825254474544489633451201324048195001712934480
359 107 1825379713863814335705357144016738218850939584650390869346945675760370697328
107 359 1825379713863814335705357144016738218850939584650390869346945675760370697328
359 131 -1505003550289915652190055167545328589298341793564988587852270092087237667737
131 359 -1505003550289915652190055167545328589298341793564988587852270092087237667737
359 155 -107281925671027819460116677927162628293250923358771590502142661163418101541
155 359 -107281925671027819460116677927162628293250923358771590502142661163418101541
359 179 13604970840167079291201812721849386405177554912051222593711469674967681204
179 359 13604970840167079291201812721849386405177554912051222593711469674967681204
359 203 -273894813470117154620991551506256416796164716149293019273506624275962188
203 359 -273894813470117154620991551506256416796164716149293019273506624275962188
359 227 -1065276539908840066052790573700124619340418937131961013077844704238624
227 359 -1065276539908840066052790573700124619340418937131961013077844704238624
359 251 1752214459876001438371773945437344760639550260724330781532564479642
251 359 1752214459876001438371773945437344760639550260724330781532564479642
359 275 11661925334825170185235905399488228271135364602400853427353177790
275 359 11661925334825170185235905399488228271135364602400853427353177790
359 299 -4201900053493835321172839147123433265834230629493387795357010
299 359 -4201900053493835321172839147123433265834230629493387795357010
359 323 245601440826016021476570155260560949964110250656900729937
323 359 245601440826016021476570155260560949964110250656900729937
359 347 -394931387267785175746294750285175327879643875458186
347 359 -394931387267785175746294750285175327879643875458186
358 16 3252429409236178041330146828622384386894053326727166060729856
16 358 3252429409236178041330146828622384386894053326727166060729856
358 40 994106985489608654580472285463811405896799374272341456394191429150413146
40 358 994106985489608654580472285463811405896799374272341456394191429150413146
358 64 1899979084772321842425219246001038008510626916926732924575427902172095322508
64 358 1899979084772321842425219246001038008510626916926732924575427902172095322508
358 88 12181816772684173633156197096183533945161142145270800418475662234640516687343
88 358 12181816772684173633156197096183533945161142145270800418475662234640516687343
358 112 18050825369104078741900127285255569519117535676573894958536583739904278733261
112 358 18050825369104078741900127285255569519117535676573894958536583739904278733261
358 136 62994736932718059585045696829664653395618205706559365878678379776132339960
136 358 62994736932718059585045696829664653395618205706559365878678379776132339960
358 160 -290025773573855227153379281026800140794134444787423632854125162217210142544
160 358 -290025773573855227153379281026800140794134444787423632854125162217210142544
358 184 -754582404155682433720250377581719057784512225245355956285106559508830360
184 358 -754582404155682433720250377581719057784512225245355956285106559508830360
358 208 419358647134570621123563665162203300933436367481882353870946686271822855
208 358 419358647134570621123563665162203300933436367481882353870946686271822855
358 232 -758216692847034239901595053536396485926059338139962130619795350631166
232 358 -758216692847034239901595053536396485926059338139962130619795350631166
358 256 -2633430998413353853870249263360175726592110112892557975664563185720
256 358 -2633430998413353853870249263360175726592110112892557975664563185720
358 280 2804130398378457616526926568947620652390032645244763658549280620
280 358 2804130398378457616526926568947620652390032645244763658549280620
358 304 -5285129848879117660836960972851183496735260954076634778428
304 358 -5285129848879117660836960972851183496735260954076634778428
358 328 -38445327498581534455427749383522008152057188819240288508
328 358 -38445327498581534455427749383522008152057188819240288508
358 352 34602582036686643890859703702462597301484967673754
352 358 34602582036686643890859703702462597301484967673754
357 21 -171255522717470584777375682891803589201860609724210196534007417856
21 357 -171255522717470584777375682891803589201860609724210196534007417856
357 45 26211641684703432253958908127513160149455409753902702795763600270092822488
45 357 26211641684703432253958908127513160149455409753902702795763600270092822488
357 69 -8389674966511771736422682874181128061333108441863305790219166802396520975376
69 357 -8389674966511771736422682874181128061333108441863305790219166802396520975376
357 93 -95646563652851815654848022142166730766814518004887888404110390846844656083008
93 357 -95646563652851815654848022142166730766814518004887888404110390846844656083008
357 117 -36298122004526589576232770988408447491099191430619796635253523374022569270732
117 357 -36298122004526589576232770988408447491099191430619796635253523374022569270732
357 141 11790852369049198803264751564146551076035508893187890636113169172353697596654
141 357 11790852369049198803264751564146551076035508893187890636113169172353697596654
357 165 372625164644605424512283689655163573899543064190573409752968824127544866478
165 357 372625164644605424512283689655163573899543064190573409752968824127544866478
357 189 -27709405926650256369601367200332955966902631153920209197161546912473933419
189 357 -27709405926650256369601367200332955966902631153920209197161546912473933419
357 213 -176119605988965974454069305430917108295904962328038278423533513686402267
213 357 -176119605988965974454069305430917108295904962328038278423533513686402267
357 237 1587850648131953416772880872933919826495202028320711379349688617909399
237 357 1587850648131953416772880872933919826495202028320711379349688617909399
357 261 -2611862926967446719391617464142158991544249420135269302629096797760
261 357 -2611862926967446719391617464142158991544249420135269302629096797760
357 285 3898219341566897157942318469468821963490793332381799699152913608
285 357 3898219341566897157942318469468821963490793332381799699152913608
357 309 -671924125317314098648648905989793032987920530846025215467134
309 357 -671924125317314098648648905989793032987920530846025215467134
357 333 -12637402046721524991041888406300734135752733005416622333
333 357 -12637402046721524991041888406300734135752733005416622333
357 357 -375299725563806444031392220458317001951916553014
356 2 35616733593489918902534144
2 356 35616733593489918902534144
356 26 198576026425286448793171134246544024825513651611033195614674539136352
26 356 198576026425286448793171134246544024825513651611033195614674539136352
356 50 406543377063161458538602763571207587408386683928921452678637976014012021475
50 356 406543377063161458538602763571207587408386683928921452678637976014012021475
356 74 25875264122683486683062137440181778721033008751268595784616612498071572417822
74 356 25875264122683486683062137440181778721033008751268595784616612498071572417822
356 98 184383920415330008155880386274644966674450513705068748794573976535623146623358
98 356 184383920415330008155880386274644966674450513705068748794573976535623146623358
356 122 -54137130650429903533311724969306774137010318294886740047678189925414415257274
122 356 -54137130650429903533311724969306774137010318294886740047678189925414415257274
356 146 -23098852225665667809843400241611848417385918597265901456626839678517057047299
146 356 -23098852225665667809843400241611848417385918597265901456626839678517057047299
356 170 603852062763609216778287328264460026213918149286607603194016633832361411236
170 356 603852062763609216778287328264460026213918149286607603194016633832361411236
356 194 39312830067961023836207086928595561664589301543812845745775799977991853391
194 356 39312830067961023836207086928595561664589301543812845745775799977991853391
356 218 -246539921939375962969003548363369642341400409642757475560819047217888329
218 356 -246539921939375962969003548363369642341400409642757475560819047217888329
356 242 150247302754452694882783945717951579647457745679037068376931558149173
242 356 150247302754452694882783945717951579647457745679037068376931558149173
356 266 -206318927921942971423528599484274987434967340095399033260781966863
266 356 -206318927921942971423528599484274987434967340095399033260781966863
356 290 2828579153280745867161922240213086272901229332262787013172474356
290 356 2828579153280745867161922240213086272901229332262787013172474356
356 314 -207474315253597640384122976848423962726784845975941130475538
314 356 -207474315253597640384122976848423962726784845975941130475538
356 338 877853910066857321206374307790511308532767464901275820
338 356 877853910066857321206374307790511308532767464901275820
355 7 17883195939079270316841994592919732482080505856
7 355 17883195939079270316841994592919732482080505856
355 31 26400199560861378939878309797156909246836034983359868179097210700182880
31 355 26400199560861378939878309797156909246836034983359868179097210700182880
355 55 3366339604764023816895791744064261575051272505130699076589484979557164638488
55 355 3366339604764023816895791744064261575051272505130699076589484979557164638488
355 79 163027842552124356452507529135707819421664443599448991839789181623142710481268
79 355 163027842552124356452507529135707819421664443599448991839789181623142710481268
355 103 411948825467734740622137177257142033268437502257223449235024133524736262088896
103 355 411948825467734740622137177257142033268437502257223449235024133524736262088896
355 127 265070743832620154847053845410549465818270011035396559904431604564616158662932
127 355 265070743832620154847053845410549465818270011035396559904431604564616158662932
355 151 6187256966666356535198670546376884175996487443491805747218231728833334652106
151 355 6187256966666356535198670546376884175996487443491805747218231728833334652106
355 175 -1781587656132362571853861842375357980707725174124890308100264756684540724891
175 355 -1781587656132362571853861842375357980707725174124890308100264756684540724891
355 199 -10077899853600130725297455024004214516616585376949180513931300809528966593
199 355 -10077899853600130725297455024004214516616585376949180513931300809528966593
355 223 253601157072017129328123001282618685477556031654426814327722100488041250
223 355 253601157072017129328123001282618685477556031654426814327722100488041250
355 247 -751613629245467285857096355958803280981122700517735642368098038434003
247 355 -751613629245467285857096355958803280981122700517735642368098038434003
355 271 -882581158389052779596695248365750565163571681780495700105493243107
271 355 -882581158389052779596695248365750565163571681780495700105493243107
355 295 324255168642968448770133623762901908706581546583657488920885070
295 355 324255168642968448770133623762901908706581546583657488920885070
355 319 -7353011730203543644830479700585534278706865813700809390481
319 355 -7353011730203543644830479700585534278706865813700809390481
355 343 313887883261023631107262954860091736163944745868208282
343 355 313887883261023631107262954860091736163944745868208282
354 12 3151098284179426548617358486180782777511559560905298001920
12 354 3151098284179426548617358486180782777511559560905298001920
354 36 -5878621048780789242901105621095853229022179043978734945311411450794132880
36 354 -5878621048780789242901105621095853229022179043978734945311411450794132880
354 60 -19638158190843250124609155797034960191162465063957574819640322547559017271000
60 354 -19638158190843250124609155797034960191162465063957574819640322547559017271000
354 84 -580243173540640120738863101795136341750198148620561130432757756509319021386917
84 354 -580243173540640120738863101795136341750198148620561130432757756509319021386917
354 108 -1292245749832336547714286311512751842434054761299874160692201395213493849932332
108 354 -1292245749832336547714286311512751842434054761299874160692201395213493849932332
354 132 -148467638300420741683481551825665047589261495951353168826070291165402424038978
132 354 -148467638300420741683481551825665047589261495951353168826070291165402424038978
354 156 38831231381337472400415260467680602093665076062956936168688943268976581295236
156 354 38831231381337472400415260467680602093665076062956936168688943268976581295236
354 180 1421812237401025105823142890161960154045754584154917838172851500465006277316
180 354 1421812237401025105823142890161960154045754584154917838172851500465006277316
354 204 -22743307689505740824206556100571383874958216771959454322197064432309650050
204 354 -22743307689505740824206556100571383874958216771959454322197064432309650050
354 228 5338921079149453176228631404675835425934143855631039046858884428032709
228 354 5338921079149453176228631404675835425934143855631039046858884428032709
354 252 725723581603243947572831412730886625284067601556688578385806261024695
252 354 725723581603243947572831412730886625284067601556688578385806261024695
354 276 -1169195766930259028300175774937540429406353302832733026312121268106
276 354 -1169195766930259028300175774937540429406353302832733026312121268106
354 300 139320536990275479029793902326022106534005278482979407719297369
300 354 139320536990275479029793902326022106534005278482979407719297369
354 324 -2059908044909497722109000281897935469098787849984090362514
324 354 -2059908044909497722109000281897935469098787849984090362514
354 348 -21882570764724723267975688528883497230482174699560450
348 354 -21882570764724723267975688528883497230482174699560450
353 17 24990176360260322395000582795625350762614029706471161407598585856
17 353 24990176360260322395000582795625350762614029706471161407598585856
353 41 -600242218987618611719945574922875795772015784505389178517897036803471495024
41 353 -600242218987618611719945574922875795772015784505389178517897036803471495024
353 65 154994851590677985772490926504250807002001524842471095766218449538337675570188
65 353 154994851590677985772490926504250807002001524842471095766218449538337675570188
353 89 3344611807082615413629189935751239160580888633373299212962566371497320728215464
89 353 3344611807082615413629189935751239160580888633373299212962566371497320728215464
353 113 688672180697202331591828488120713326848656131702549626029519532697018756205728
113 353 688672180697202331591828488120713326848656131702549626029519532697018756205728
353 137 -664262556707144055983125750076089099184126195822510182764817883568177872493002
137 353 -664262556707144055983125750076089099184126195822510182764817883568177872493002
353 161 -41564885845813773944160449096018877474024774395156414279732874642855477398312
161 353 -41564885845813773944160449096018877474024774395156414279732874642855477398312
353 185 405386983394130718115777455530311359410546204738346153931926172649401224305
185 353 405386983394130718115777455530311359410546204738346153931926172649401224305
353 209 26334221124383142734862570273256279419422981975316452855504599710018509726
209 353 26334221124383142734862570273256279419422981975316452855504599710018509726
353 233 -247205717425851402710007898334679956094312401972134488640802843980277861
233 353 -247205717425851402710007898334679956094312401972134488640802843980277861
353 257 450082294373948162956744860402918987272210051699231762288237937723498
257 353 450082294373948162956744860402918987272210051699231762288237937723498
353 281 -75776141583895583694453205864488357230142654407682083326223642650
281 353 -75776141583895583694453205864488357230142654407682083326223642650
353 305 122726919804994011623275203496899788055677342143904272258449418
305 353 122726919804994011623275203496899788055677342143904272258449418
353 329 -3881057307631277501497326012538942057928284310921240045212
329 353 -3881057307631277501497326012538942057928284310921240045212
353 353 643099630516665574221293127099613175724038825734059
352 22 -128139630763219930634618603730857699736943802739627143884166458604032
22 352 -128139630763219930634618603730857699736943802739627143884166458604032
352 46 -8783816155290196439218998018989095809002153684592145887198730389512210994746
46 352 -8783816155290196439218998018989095809002153684592145887198730389512210994746
352 70 533202348462496713748952487349483073819019970693390385675459871982155339498540
70 352 533202348462496713748952487349483073819019970693390385675459871982155339498540
352 94 2594806176335957558049406103369052632574863852891255075329230296909990555544099
94 352 2594806176335957558049406103369052632574863852891255075329230296909990555544099
352 118 6671416968118937443684006722901440766790702679384250820268788405861435193255767
118 352 6671416968118937443684006722901440766790702679384250820268788405861435193255767
352 142 1335795470725487167198899924924041176579008345490551701750997250654779082000176
142 352 1335795470725487167198899924924041176579008345490551701750997250654779082000176
352 166 -30797513488444333775238007462086581590051753187217529893527389610673609665352
166 352 -30797513488444333775238007462086581590051753187217529893527389610673609665352
352 190 -1660749542273159345581347157849297247933408090101477030218978615888315723962
190 352 -1660749542273159345581347157849297247933408090101477030218978615888315723962
352 214 2900694870646512288834355339959105796096601204437790002851730047415867806
214 352 2900694870646512288834355339959105796096601204437790002851730047415867806
352 238 112243174000881046712919285787524484738655625387880383501032659382264147
238 352 112243174000881046712919285787524484738655625387880383501032659382264147
352 262 -330321051842427951142898205727689289559921365354065927228622042036743
262 352 -330321051842427951142898205727689289559921365354065927228622042036743
352 286 -143140019376356579141739766081148368990763017660467888405519361491
286 352 -143140019376356579141739766081148368990763017660467888405519361491
352 310 31247531978147246875789942508761243307596545110194072102147951
310 352 31247531978147246875789942508761243307596545110194072102147951
352 334 -568724978158926391048536577475350016285809587116933889142
334 352 -568724978158926391048536577475350016285809587116933889142
351 3 -1342027444621839046847681648918528
3 351 -1342027444621839046847681648918528
351 27 12197886008188129727251547114530974809958897892332193914849902960678528
27 351 12197886008188129727251547114530974809958897892332193914849902960678528
351 51 -16457813740730710943443438722853105484624275787136472354190918029363172240878
51 351 -16457813740730710943443438722853105484624275787136472354190918029363172240878
351 75 3813011867577304613533996062563780194612588878400245693411259098196764629227924
75 351 3813011867577304613533996062563780194612588878400245693411259098196764629227924
351 99 -18730685678157101915778014054598811493853854272131680440023690698420337782142035
99 351 -18730685678157101915778014054598811493853854272131680440023690698420337782142035
351 123 -11502394593768899689967560468977519660971055656389506463452475492352898976775368
123 351 -11502394593768899689967560468977519660971055656389506463452475492352898976775368
351 147 -438556694167596406521180806983343350224108269894641472902529779132204614330578
147 351 -438556694167596406521180806983343350224108269894641472902529779132204614330578
351 171 134664470814851944319122929547339431685693804448657025187955375165348235631390
171 351 134664470814851944319122929547339431685693804448657025187955375165348235631390
351 195 552518926802122462995454259452018876727604446578793764410490440994601516193
195 351 552518926802122462995454259452018876727604446578793764410490440994601516193
351 219 -12934478249886292542521991742951509415907103930215831557685658640804200240
219 351 -12934478249886292542521991742951509415907103930215831557685658640804200240
351 243 6576261404332032305375361284921245610897375380729130783320434777621010
243 351 6576261404332032305375361284921245610897375380729130783320434777621010
351 267 144832818370964299019488360199336386662027368956195422754383800577267
267 351 144832818370964299019488360199336386662027368956195422754383800577267
351 291 -161059939921865702514300165474452955448830691674228188634079735974
291 351 -161059939921865702514300165474452955448830691674228188634079735974
351 315 15632758188447423424296820623268570658785189382791596972017992
315 351 15632758188447423424296820623268570658785189382791596972017992
351 339 -22954342910186798763844752527308151135308966966420511686
339 351 -22954342910186798763844752527308151135308966966420511686
350 8 4452944676148026592665260965245608673979690272817152
8 350 4452944676148026592665260965245608673979690272817152
350 32 15905711767833738473287556567420982494348789988357463302307062866406610336
32 350 15905711767833738473287556567420982494348789988357463302307062866406610336
350 56 489897754826512521689703796982722549651927149753550830900728360525483972966108
56 350 489897754826512521689703796982722549651927149753550830900728360525483972966108
350 80 34935522505773334176009044331533237477515816129693058634563431407938403806755664
80 350 34935522505773334176009044331533237477515816129693058634563431407938403806755664
350 104 34587147700455261167592518923984503541070899133511148901384430301886112943537528
104 350 34587147700455261167592518923984503541070899133511148901384430301886112943537528
350 128 2764396228925791483272575189349007833271730410443010360633469190227124840212952
128 350 2764396228925791483272575189349007833271730410443010360633469190227124840212952
350 152 -2278967754387720670123088982878682273746130231735092884603011323662706272545802
152 350 -2278967754387720670123088982878682273746130231735092884603011323662706272545802
350 176 -124221524044652978683482530319897000096107041386992802060319477593762402844414
176 350 -124221524044652978683482530319897000096107041386992802060319477593762402844414
350 200 703553577316709874597544716983774115163241296261737571522662191033161559983
200 350 703553577316709874597544716983774115163241296261737571522662191033161559983
350 224 7744220720606909712785506377383493025899279779297438745486385066826088364
224 350 7744220720606909712785506377383493025899279779297438745486385066826088364
350 248 -48081143660145864147089070904067355106021632931282085869056848819923656
248 350 -48081143660145864147089070904067355106021632931282085869056848819923656
350 272 194101520342778266387418196702006416742539800350649233263843055810857
272 350 194101520342778266387418196702006416742539800350649233263843055810857
350 296 8908805900617327625545566394467576648331592837088731755003757528
296 350 8908805900617327625545566394467576648331592837088731755003757528
350 320 3843574265622463796178916710406081343881977441839045258583143
320 350 3843574265622463796178916710406081343881977441839045258583143
350 344 17654262568125017890518289004106663715037562593730911920
344 350 17654262568125017890518289004106663715037562593730911920
349 13 -62751912635712274739102388196001750798771536781974104707006464
13 349 -62751912635712274739102388196001750798771536781974104707006464
349 37 2400968875950474446879782299691503183088063138021556714071588147213885980096
37 349 2400968875950474446879782299691503183088063138021556714071588147213885980096
349 61 -185452260886953038792758592598857082309406302571047998930966130238457022383828
61 349 -185452260886953038792758592598857082309406302571047998930966130238457022383828
349 85 -18143698253715461601634191010081226362686116750711265747445368929300723739267836
85 349 -18143698253715461601634191010081226362686116750711265747445368929300723739267836
349 109 -19738287621868633926839233535453172675878654232259815502394867696169436560882976
109 349 -19738287621868633926839233535453172675878654232259815502394867696169436560882976
349 133 37009933656831591701991129461715733884234270394291910840786362481732924703132814
133 349 37009933656831591701991129461715733884234270394291910840786362481732924703132814
349 157 3144934133531515287650236290982955116060467451808680410347756068132336041778738
157 349 3144934133531515287650236290982955116060467451808680410347756068132336041778738
349 181 47047655702005613714664776528722647341470559169250327644571997441749756270782
181 349 47047655702005613714664776528722647341470559169250327644571997441749756270782
349 205 -955571244219332445940291673161816226897103118517764554151185088169532982806
205 349 -955571244219332445940291673161816226897103118517764554151185088169532982806
349 229 4159790839926098185061200796088188296575865999295389487069188676249018219
229 349 4159790839926098185061200796088188296575865999295389487069188676249018219
349 253 -36653934461752160398947124003526403444802530907904648016430209423313771
253 349 -36653934461752160398947124003526403444802530907904648016430209423313771
349 277 -69637962332052857626280974292731825050522303548858312793727277791424
277 349 -69637962332052857626280974292731825050522303548858312793727277791424
349 301 -2924685701533856640478435626799383589407791596872982902969057203
301 349 -2924685701533856640478435626799383589407791596872982902969057203
349 325 870191919153351903696375607568413329019233717418891002889757
325 349 870191919153351903696375607568413329019233717418891002889757
349 349 -444719768621015637599163905088514817898343026696022530
348 18 20995094752063114292438034460261614096540242438208635357714149064704
18 348 20995094752063114292438034460261614096540242438208635357714149064704
348 42 63061529191723732741643775650535823602041808851248086555851975301720194604688
42 348 63061529191723732741643775650535823602041808851248086555851975301720194604688
348 66 17131886264899090922054323430796383317829754902271470178822012247806065595182184
66 348 17131886264899090922054323430796383317829754902271470178822012247806065595182184
348 90 -102999401761942640323629182483133251920434196667337266039189014363640061341089303
90 348 -102999401761942640323629182483133251920434196667337266039189014363640061341089303
348 114 -166412616804201397195447574544251764409811280597773905552880101658913382059138204
114 348 -166412616804201397195447574544251764409811280597773905552880101658913382059138204
348 138 -55025623621558379242697441555413943507316549761646411998915532907280486944955115
138 348 -55025623621558379242697441555413943507316549761646411998915532907280486944955115
348 162 -796372309565708167673557689513804539679710912722965997379966197733422643609244
162 348 -796372309565708167673557689513804539679710912722965997379966197733422643609244
348 186 27167073578018329627701354454168027612539313911345755941433315959307341372453
186 348 27167073578018329627701354454168027612539313911345755941433315959307341372453
348 210 -102493726244015550394799390313139308545101169202823377452386203706454969704
210 348 -102493726244015550394799390313139308545101169202823377452386203706454969704
348 234 1851510453154576738900007128773775708900181258535189230265482878471076709
234 348 1851510453154576738900007128773775708900181258535189230265482878471076709
348 258 29333520552094674368344336203917543519818709647593185724713552713330219
258 348 29333520552094674368344336203917543519818709647593185724713552713330219
348 282 13458373211848550847155456655954574775867688072266164569507377584734
282 348 13458373211848550847155456655954574775867688072266164569507377584734
348 306 -5627865020898883369872871170214880846849410105760250599843784670
306 348 -5627865020898883369872871170214880846849410105760250599843784670
348 330 139247766721359672646941589859991557636908225930553049858393
330 348 139247766721359672646941589859991557636908225930553049858393
347 23 -33116527247158486859818873326042632115924734895471940081557849309581312
23 347 -33116527247158486859818873326042632115924734895471940081557849309581312
347 47 -142935023203768669446909125954206643754868619330256903856198903692522826222792
47 347 -142935023203768669446909125954206643754868619330256903856198903692522826222792
347 71 170138515452166856136570939253910759743735162934281296453764104889548348894865056
71 347 170138515452166856136570939253910759743735162934281296453764104889548348894865056
347 95 331243378979863433833836976700561818853729971621865735519884694752615288368214880
95 347 331243378979863433833836976700561818853729971621865735519884694752615288368214880
347 119 263051739999272041600826461312216728277301378637198123393731991232690061810016888
119 347 263051739999272041600826461312216728277301378637198123393731991232690061810016888
347 143 25398799204752304863981802802980451686879457443425951394862078272178021724114053
143 347 25398799204752304863981802802980451686879457443425951394862078272178021724114053
347 167 -3836593505518650436295921443457830818142272921326557139812815889070061745164653
167 347 -3836593505518650436295921443457830818142272921326557139812815889070061745164653
347 191 21052009915614817810375422361616799877573416820232159847968452469378748707935
191 347 21052009915614817810375422361616799877573416820232159847968452469378748707935
347 215 12804436303280709672577858415830529252607272732281421179712559847691127342
215 347 12804436303280709672577858415830529252607272732281421179712559847691127342
347 239 -3361456668154741274729853590602349204438480907337928676581054694221657670
239 347 -3361456668154741274729853590602349204438480907337928676581054694221657670
347 263 -5892388182399972126043130910782083350557779078739664729742182133116171
263 347 -5892388182399972126043130910782083350557779078739664729742182133116171
347 287 12810374851521440464379132720823929100394468006099151957496890278929
287 347 12810374851521440464379132720823929100394468006099151957496890278929
347 311 -3960877198545005040356797477708593709074211671263920230428574451
311 347 -3960877198545005040356797477708593709074211671263920230428574451
347 335 14653699245834087312687040113701836677883979319313298105676
335 347 14653699245834087312687040113701836677883979319313298105676
346 4 10669644722714360355485585260901036982272
4 346 10669644722714360355485585260901036982272
346 28 -5756784989191724829762414408171963165022170168962170279062442708781857024
28 346 -5756784989191724829762414408171963165022170168962170279062442708781857024
346 52 -5146273324711693930888153711681160116361948105863281285110020256735253828464950
52 346 -5146273324711693930888153711681160116361948105863281285110020256735253828464950
346 76 -127861216522456197936627316953464458797886228621974892513320657471050161505819540
76 346 -127861216522456197936627316953464458797886228621974892513320657471050161505819540
346 100 -665214976443497237351821309931771701818518561183982572947397967418649104533557806
100 346 -665214976443497237351821309931771701818518561183982572947397967418649104533557806
346 124 -129497220761803900710419209645327755586560917823585157478565354611760954777475179
124 346 -129497220761803900710419209645327755586560917823585157478565354611760954777475179
346 148 69638985012518157004013970494608324709690909701851123330751310148131617282438475
148 346 69638985012518157004013970494608324709690909701851123330751310148131617282438475
346 172 4980624288778049883141885809592703860361186818581804784153738682010226751828378
172 346 4980624288778049883141885809592703860361186818581804784153738682010226751828378
346 196 -57629922141852784660806825686901914605078051939650878774473182953609009516389
196 346 -57629922141852784660806825686901914605078051939650878774473182953609009516389
346 220 316376846145045185529127163127938391548212815206606612871060920229211882290
220 346 316376846145045185529127163127938391548212815206606612871060920229211882290
346 244 1677591131861078526933074905066068586583577895804250749092525432371514946
244 346 1677591131861078526933074905066068586583577895804250749092525432371514946
346 268 -13986512860355346331287301053380625519669641954869053036379881944490718
268 346 -13986512860355346331287301053380625519669641954869053036379881944490718
346 292 2594369562348940488531856167137956903571313742035332598855691253503
292 346 2594369562348940488531856167137956903571313742035332598855691253503
346 316 -643040300293172980503843491946859256149742423662513217042239943
316 346 -643040300293172980503843491946859256149742423662513217042239943
346 340 -735025555417845525135604206831251082715123329421435213221
340 346 -735025555417845525135604206831251082715123329421435213221
345 9 391971319717600342163275268123569111136892439699784728576
9 345 391971319717600342163275268123569111136892439699784728576
345 33 -1677545067821019664253370120160842249565146224249772978928870417285940639232
33 345 -1677545067821019664253370120160842249565146224249772978928870417285940639232
345 57 9471801103442558393883941313836520328222777956616710426691352406510972078775392
57 345 9471801103442558393883941313836520328222777956616710426691352406510972078775392
345 81 -463105724353708533411469984512199805032669524917188623306107078257870296988745248
81 345 -463105724353708533411469984512199805032669524917188623306107078257870296988745248
345 105 128294837204411537577008607337678152826520789790545666035184925401096624488458112
105 345 128294837204411537577008607337678152826520789790545666035184925401096624488458112
345 129 -1043095537417077068521191316223033516971773820972217617670131157625728113814619752
129 345 -1043095537417077068521191316223033516971773820972217617670131157625728113814619752
345 153 -107731447269653128542272205170777541991539220484334530881865783008322303559191368
153 345 -107731447269653128542272205170777541991539220484334530881865783008322303559191368
345 177 -3640742473057330795971150557112101343030215517378480858480262188421598459548403
177 345 -3640742473057330795971150557112101343030215517378480858480262188421598459548403
345 201 70053372557825001172355159949098668723811813931109309611313860990659706989408
201 345 70053372557825001172355159949098668723811813931109309611313860990659706989408
345 225 -549434500897381144769235296264682480135941127288550475001058799194580484681
225 345 -549434500897381144769235296264682480135941127288550475001058799194580484681
345 249 2976894354471589749468695702942344187496649106659752785761605512223306512
249 345 2976894354471589749468695702942344187496649106659752785761605512223306512
345 273 2072941583371940896751238249086842135755520051488778467935249705688922
273 345 2072941583371940896751238249086842135755520051488778467935249705688922
345 297 -2002283005660575779514306316313761227627038484093514080807769950160
297 345 -2002283005660575779514306316313761227627038484093514080807769950160
345 321 -232421073743226364809850634197817934278521133170611946199712189
321 345 -232421073743226364809850634197817934278521133170611946199712189
345 345 581470574970001741224739565354366618932438797365232937792
344 14 121946304136124603526958028755766897768940905586658102170405175296
14 344 121946304136124603526958028755766897768940905586658102170405175296
344 38 -140541058484643143027503968303825532944034458953474334195179686232195375915936
38 344 -140541058484643143027503968303825532944034458953474334195179686232195375915936
344 62 -36657683560149128884546950749511369299603650602458995325104008317393242183729764
62 344 -36657683560149128884546950749511369299603650602458995325104008317393242183729764
344 86 2164326744982670392554681322564375757559536819902723787021438506127077975127009896
86 344 2164326744982670392554681322564375757559536819902723787021438506127077975127009896
344 110 4011666139198433807540303898276864359923774363649403347596619900121888064335787288
110 344 4011666139198433807540303898276864359923774363649403347596619900121888064335787288
344 134 1616683729992218011829939788686377850537720925591258617968323584358428883872158472
134 344 1616683729992218011829939788686377850537720925591258617968323584358428883872158472
344 158 79267379584591377738153557500052486152556680593145464217538943206209957119481286
158 344 79267379584591377738153557500052486152556680593145464217538943206209957119481286
344 182 1353373688403377202982055580548691870482343092039131163470328678281367099333158
182 344 1353373688403377202982055580548691870482343092039131163470328678281367099333158
344 206 -33702145381609189109216347620450229751290384877693949218259975481632025959415
206 344 -33702145381609189109216347620450229751290384877693949218259975481632025959415
344 230 -3433421455153405231308512867152475828507051530763747909471063822189235131
230 344 -3433421455153405231308512867152475828507051530763747909471063822189235131
344 254 -1092484576567451269310851730038566726278838803779129095826168370285343938
254 344 -1092484576567451269310851730038566726278838803779129095826168370285343938
344 278 2676527380269498873140554930639380087202867401577815912019675665560873
278 344 2676527380269498873140554930639380087202867401577815912019675665560873
344 302 882754329670767449038946378244859205431735512208482206329805772453
302 344 882754329670767449038946378244859205431735512208482206329805772453
344 326 -34496403372258029074740389750391970670672012307484542906259690
326 344 -34496403372258029074740389750391970670672012307484542906259690
343 19 7797679911122812550628865345552452375541804921489881717007971280224256
19 343 7797679911122812550628865345552452375541804921489881717007971280224256
343 43 571740092815074677787636503816826575019474477321027615424795614770091304891168
43 343 571740092815074677787636503816826575019474477321027615424795614770091304891168
343 67 -1025847690920026092081075839531397301306629192977109712809559808010357453816992424
67 343 -1025847690920026092081075839531397301306629192977109712809559808010357453816992424
343 91 3421362580684231256412025712580394136714768449795196833422973541721813756863921580
91 343 3421362580684231256412025712580394136714768449795196833422973541721813756863921580
343 115 -8624330730663284622097092206914284662318995221672500060786498804611835948264270688
115 343 -8624330730663284622097092206914284662318995221672500060786498804611835948264270688
343 139 -1547487274200232852207042077209992993853856853363145896238524733292738909556225040
139 343 -1547487274200232852207042077209992993853856853363145896238524733292738909556225040
343 163 20507397370152340978345876827334580509980318482830552780409492295006093784471146
163 343 20507397370152340978345876827334580509980318482830552780409492295006093784471146
343 187 -1864982732576541769280314556766085729012972204098109712968559596743628071275199
187 343 -1864982732576541769280314556766085729012972204098109712968559596743628071275199
343 211 46417878488900869169348700840936654346809939280936779512796286833956149344929
211 343 46417878488900869169348700840936654346809939280936779512796286833956149344929
343 235 125704316474101904747639603188358460475841043498287180481340847707567486279
235 343 125704316474101904747639603188358460475841043498287180481340847707567486279
343 259 -947270497697220416354678278978200229411005654445523666468410579405168635
259 343 -947270497697220416354678278978200229411005654445523666468410579405168635
343 283 -1634221774262438479856138572154953722018062390254450068267051671688922
283 343 -1634221774262438479856138572154953722018062390254450068267051671688922
343 307 256920687978743051234019660157553952353382581845743943985311770785
307 343 256920687978743051234019660157553952353382581845743943985311770785
343 331 -4111461676535798212859429489460501343023044436306835871776855
331 343 -4111461676535798212859429489460501343023044436306835871776855
342 24 -3399263900307992651252928400030981677410735617063448239317738227474677760
24 342 -3399263900307992651252928400030981677410735617063448239317738227474677760
342 48 32487015412301581878649445510511711635568373204982282867893514419638774845438504
48 342 32487015412301581878649445510511711635568373204982282867893514419638774845438504
342 72 1311739986553048411139156994445004938946094150642511330747890047794020026370249752
72 342 1311739986553048411139156994445004938946094150642511330747890047794020026370249752
342 96 21970805727635645420205617931048677879230056777219773318127563431777982293127331315
96 342 21970805727635645420205617931048677879230056777219773318127563431777982293127331315
342 120 2522032200865975375495341909527875791102302997492369566703835187788250246611816520
120 342 2522032200865975375495341909527875791102302997492369566703835187788250246611816520
342 144 -975834106500275809663125107155878152701270994294328896995946777880168612661795770
144 342 -975834106500275809663125107155878152701270994294328896995946777880168612661795770
342 168 -42159138065907013975329794798991035526497973989202574290252830097333453570269633
168 342 -42159138065907013975329794798991035526497973989202574290252830097333453570269633
342 192 2180770718559543780424454855195911075225890651955280937176056502229483686374239
192 342 2180770718559543780424454855195911075225890651955280937176056502229483686374239
342 216 -53776571752263894280888972988850152150051657849630034711677703149273816854116
216 342 -53776571752263894280888972988850152150051657849630034711677703149273816854116
342 240 -2983770515350203256971261066073478953117839338701286554165564984783560070
240 342 -2983770515350203256971261066073478953117839338701286554165564984783560070
342 264 1240715022657343198585668207550232204073425597972137935610742147660625352
264 342 1240715022657343198585668207550232204073425597972137935610742147660625352
342 288 -109396899751943341784981765301150886156099570352859542016707159766686
288 342 -109396899751943341784981765301150886156099570352859542016707159766686
342 312 98408165834550490248399258416199961613683734626214061499647742920
312 342 98408165834550490248399258416199961613683734626214061499647742920
342 336 -115436848878256127481878615309849674882942121328673199952487
336 342 -115436848878256127481878615309849674882942121328673199952487
341 5 -22482236024054538240343866476689076798030348288
5 341 -22482236024054538240343866476689076798030348288
341 29 -72575100274153644685375732621400452176996510732800955640361280463773619200
29 341 -72575100274153644685375732621400452176996510732800955640361280463773619200
341 53 -290091695973213492449357808686000847680121354581995324704544229410091532721184120
53 341 -290091695973213492449357808686000847680121354581995324704544229410091532721184120
341 77 10173035444441624382722666482689137125609501793084564944352836178949909935072373135
77 341 10173035444441624382722666482689137125609501793084564944352836178949909935072373135
341 101 13811616487521337227124862932400058858571004070029141432623453735974075798969902250
101 341 13811616487521337227124862932400058858571004070029141432623453735974075798969902250
341 125 13307333874283535789624890399513517674048612952837713542142575747049521717343875998
125 341 13307333874283535789624890399513517674048612952837713542142575747049521717343875998
341 149 2631624919817878418921285489831493592580572912057479712943591839109732848040908806
149 341 2631624919817878418921285489831493592580572912057479712943591839109732848040908806
341 173 43945837352512891625948688663828565003721808549860904903958143928814547941452853
173 341 43945837352512891625948688663828565003721808549860904903958143928814547941452853
341 197 -2447104809826003283936227653878823497863091618195802570728815574270607863709927
197 341 -2447104809826003283936227653878823497863091618195802570728815574270607863709927
341 221 48132382121556940309342251589631826958461632221086176880562985334176061404502
221 341 48132382121556940309342251589631826958461632221086176880562985334176061404502
341 245 -140833156803437205560489915912602996335764615423463498158198703670533950325
245 341 -140833156803437205560489915912602996335764615423463498158198703670533950325
341 269 -170327230708849724377903097617424156597588719274387805779961498408867629
269 341 -170327230708849724377903097617424156597588719274387805779961498408867629
341 293 38228207842224932685642871885841717166873558853287820359534866373605
293 341 38228207842224932685642871885841717166873558853287820359534866373605
341 317 33865333069171366209228753056216694682338832047761264012493422984
317 341 33865333069171366209228753056216694682338832047761264012493422984
341 341 -131001691597406567851799669968982183714225756638992439509141
340 10 9358241935652670811182233782989926384147540759075867728019456
10 340 9358241935652670811182233782989926384147540759075867728019456
340 34 104075104528169333385882307474229142376546991085803891885731321859587077497600
34 340 104075104528169333385882307474229142376546991085803891885731321859587077497600
340 58 -2230378995102069712120642347808627102627740666023908245637768882331085900286066170
58 340 -2230378995102069712120642347808627102627740666023908245637768882331085900286066170
340 82 10572089152232124195352483144908702209567249653221663032917065681681737877250797686
82 340 10572089152232124195352483144908702209567249653221663032917065681681737877250797686
340 106 -47438557387731714480395597646033734364714863029326882701710116301220932452000404300
106 340 -47438557387731714480395597646033734364714863029326882701710116301220932452000404300
340 130 -39489287348052345130310023302429719148535859574288644343689531555634043834965290107
130 340 -39489287348052345130310023302429719148535859574288644343689531555634043834965290107
340 154 -3684827826915236756624469230668876657851289004895896311216704973084922995849872641
154 340 -3684827826915236756624469230668876657851289004895896311216704973084922995849872641
340 178 -19538527121700104257470013899590522678064405640110249801166242657438976222182208
178 340 -19538527121700104257470013899590522678064405640110249801166242657438976222182208
340 202 2193543944942233918832719525275705381845599975794075952410005168737914010701352
202 340 2193543944942233918832719525275705381845599975794075952410005168737914010701352
340 226 -19286247473106175083049474227100824699587857890616986870972559050328335602942
226 340 -19286247473106175083049474227100824699587857890616986870972559050328335602942
340 250 26607792888972567129610566136933413809070414119236437259322729623634347816
250 340 26607792888972567129610566136933413809070414119236437259322729623634347816
340 274 -122902766629896489715507195992092028421536901813005184680625535770833549
274 340 -122902766629896489715507195992092028421536901813005184680625535770833549
340 298 -7444885876074905675370271501269318879836645927194986823591316747285
298 340 -7444885876074905675370271501269318879836645927194986823591316747285
340 322 6190370189208837731275336339952527775168108964166097329011468680
322 340 6190370189208837731275336339952527775168108964166097329011468680
339 15 76018411742973618378531060565284488923318725924224561833625461981184
15 339 76018411742973618378531060565284488923318725924224561833625461981184
339 39 1053300079406765500380380078262598751015953650376734230668218753879243023416192
39 339 1053300079406765500380380078262598751015953650376734230668218753879243023416192
339 63 3443778496739115054339422465567757227863649188578790457355906824495022837169509150
63 339 3443778496739115054339422465567757227863649188578790457355906824495022837169509150
339 87 55735464693649665226082175980277358767798733722856297322622328768889775653336676890
87 339 55735464693649665226082175980277358767798733722856297322622328768889775653336676890
339 111 164479288475788762462053715850199102266758362514463614550085444326235100865104303294
111 339 164479288475788762462053715850199102266758362514463614550085444326235100865104303294
339 135 36997150260558782917011754639857878419226506654373416449650724252886237167582354708
135 339 36997150260558782917011754639857878419226506654373416449650724252886237167582354708
339 159 2709767586487590625222124455675876376630210216184111496638478160795832785613525054
159 339 2709767586487590625222124455675876376630210216184111496638478160795832785613525054
339 183 49848927929791180787028225040114889913190509425634536295943542392819113836059999
183 339 49848927929791180787028225040114889913190509425634536295943542392819113836059999
339 207 -2979366570732080809848157142243515780805521774984449349567269888134205121755767
207 339 -2979366570732080809848157142243515780805521774984449349567269888134205121755767
339 231 9351647500402274700303638516104096192474330724151156667081335966966929584376
231 339 9351647500402274700303638516104096192474330724151156667081335966966929584376
339 255 45983615936944537653985869901561836514578230906166159016833331160370010502
255 339 45983615936944537653985869901561836514578230906166159016833331160370010502
339 279 10888850873536843239044321913355173813810988960571353703175968504542356
279 339 10888850873536843239044321913355173813810988960571353703175968504542356
339 303 -13461190571612446502366099149336775848749971241973031373347947982008
303 339 -13461190571612446502366099149336775848749971241973031373347947982008
339 327 813235373366456098736012933326428457014852675717760061979630492
327 339 813235373366456098736012933326428457014852675717760061979630492
338 20 1678186996848321093281432424366618348023196419148169691328843971940188160
20 338 1678186996848321093281432424366618348023196419148169691328843971940188160
338 44 -82340373195387102894210459386898561861791169693812500561760324107764061255439200
44 338 -82340373195387102894210459386898561861791169693812500561760324107764061255439200
338 68 25627091265304063701866085947406644040040183790709593226786323249555419311176574317
68 338 25627091265304063701866085947406644040040183790709593226786323249555419311176574317
338 92 -158446222276275892461462584585833349418318847065742023503063277907739040892854072737
92 338 -158446222276275892461462584585833349418318847065742023503063277907739040892854072737
338 116 -28338356517334116848768572893682888006506086282271238586861756574222235583840877876
116 338 -28338356517334116848768572893682888006506086282271238586861756574222235583840877876
338 140 -11982039278524445126240405402351154428890735162832482959685294785761629133924614228
140 338 -11982039278524445126240405402351154428890735162832482959685294785761629133924614228
338 164 -2309309409330963734154854897324387167712142541050052985935764409493180005745656567
164 338 -2309309409330963734154854897324387167712142541050052985935764409493180005745656567
338 188 -55273169431272061470890140066741924523809244605668869743199110654195403911170257
188 338 -55273169431272061470890140066741924523809244605668869743199110654195403911170257
338 212 3103142847468310454773898954328548895733155675994159491944573968226723817082130
212 338 3103142847468310454773898954328548895733155675994159491944573968226723817082130
338 236 -8525251785017366857613323447939695511529390196951921128865298974775283895592
236 338 -8525251785017366857613323447939695511529390196951921128865298974775283895592
338 260 -24405108621263205298893711067686599179123100041018856264699849735110562846
260 338 -24405108621263205298893711067686599179123100041018856264699849735110562846
338 284 31880055966733391031374393214004894719270488243451097506377329128829435
284 338 31880055966733391031374393214004894719270488243451097506377329128829435
338 308 -7019116270845266022566161442184001240345917027608401009205405885385
308 338 -7019116270845266022566161442184001240345917027608401009205405885385
338 332 51903947056985050574270330321740012768001328833554153577514528
332 338 51903947056985050574270330321740012768001328833554153577514528
337 1 56583073137063742144512
1 337 56583073137063742144512
337 25 -111812916309374676169981323104566832756193726977233173763949116452953145344
25 337 -111812916309374676169981323104566832756193726977233173763949116452953145344
337 49 1160366783892853969797431234744003390720485418327981298818176917640366130884736480
49 337 1160366783892853969797431234744003390720485418327981298818176917640366130884736480
337 73 -100479909928938057009071311715895507250477712588471460533344580721110852692527405941
73 337 -100479909928938057009071311715895507250477712588471460533344580721110852692527405941
337 97 -258663264607336909431697451877344837937693574433198808181531355966512453938812865819
97 337 -258663264607336909431697451877344837937693574433198808181531355966512453938812865819
337 121 -209577628838904553470029521220911063556869176431843159355291851941351517611677785576
121 337 -209577628838904553470029521220911063556869176431843159355291851941351517611677785576
337 145 -41860463691137277217737949497314456133424884019483690372458861472782771480002292902
145 337 -41860463691137277217737949497314456133424884019483690372458861472782771480002292902
337 169 1718240086562932993680198732016662168377299009783938092877319134924261398759928071
169 337 1718240086562932993680198732016662168377299009783938092877319134924261398759928071
337 193 66842820626472954095708211863196300827450859138516684005840034331552059533587889
193 337 66842820626472954095708211863196300827450859138516684005840034331552059533587889
337 217 -2427998693754684359438208740758763910181209237239269514749399186830478011830189
217 337 -2427998693754684359438208740758763910181209237239269514749399186830478011830189
337 241 6595932306132936732450107883982135593770510982025549284490389791466423756280
241 337 6595932306132936732450107883982135593770510982025549284490389791466423756280
337 265 -12421079091781278409467156955349156346160504143879658431003775684237623391
265 337 -12421079091781278409467156955349156346160504143879658431003775684237623391
337 289 1788193718233604226811969115915872113958354613120763939573328827073391
289 337 1788193718233604226811969115915872113958354613120763939573328827073391
337 313 -3145957601644268060037366427700917436554372203086125715063855523108
313 337 -3145957601644268060037366427700917436554372203086125715063855523108
337 337 23119982190887752597822159494508618062864880418835449078166629
336 6 12944274598867769520790836521300968862980527276163072
6 336 12944274598867769520790836521300968862980527276163072
336 30 100865523001639561836451419366219712550600428977309638158480196789914689699840
30 336 100865523001639561836451419366219712550600428977309638158480196789914689699840
336 54 21669080584842423201729290777114351889845223469442538448389012635451970470345190728
54 336 21669080584842423201729290777114351889845223469442538448389012635451970470345190728
336 78 -615287995625389936047996243156362125805437591242162281439584967404362097574895451044
78 336 -615287995625389936047996243156362125805437591242162281439584967404362097574895451044
336 102 767206777283480292160639984372936067972838272341307749633041166135577136004334598674
102 336 767206777283480292160639984372936067972838272341307749633041166135577136004334598674
336 126 793183603300496810587121711648918154849666811390624777392016283398663449695793652540
126 336 793183603300496810587121711648918154849666811390624777392016283398663449695793652540
336 150 81796033038689597127265423287846672927224249601669458591722240139865577429399851574
150 336 81796033038689597127265423287846672927224249601669458591722240139865577429399851574
336 174 -1093065069129983466077620924321491520338267350368700623961653524446659431264665884
174 336 -1093065069129983466077620924321491520338267350368700623961653524446659431264665884
336 198 -79083689155979210509242694110974186112538491997282465369472705593228219380271187
198 336 -79083689155979210509242694110974186112538491997282465369472705593228219380271187
336 222 1367693452893287067217544714204447258126764104986601852089498903649722990025404
222 336 1367693452893287067217544714204447258126764104986601852089498903649722990025404
336 246 -566730479036851274525533616207151853147971647358816616342061208122928354718
246 336 -566730479036851274525533616207151853147971647358816616342061208122928354718
336 270 7928008021816026273972666314092357214692768461469891112693880003777842832
270 336 7928008021816026273972666314092357214692768461469891112693880003777842832
336 294 -1791358571739906071011906706468015303554306523263943056086961108781202
294 336 -1791358571739906071011906706468015303554306523263943056086961108781202
336 318 -727038149678205531396746520640590122005597319833151141288208285950
318 336 -727038149678205531396746520640590122005597319833151141288208285950
335 11 43888014941099313905051457433025807952573992526184335710512742400
11 335 43888014941099313905051457433025807952573992526184335710512742400
335 35 -3447131755278360388501290745921803852852503045253835854427632619066536589811712
35 335 -3447131755278360388501290745921803852852503045253835854427632619066536589811712
335 59 7166636145744017489565990385316902095162375565044088637548377330493347081572444936
59 335 7166636145744017489565990385316902095162375565044088637548377330493347081572444936
335 83 -1267158116845685342246370530692791879986171423057558035821286704570489915494700294928
83 335 -1267158116845685342246370530692791879986171423057558035821286704570489915494700294928
335 107 -1227546033912256187160508359495092122333299189919748755702783666834975871856917437440
107 335 -1227546033912256187160508359495092122333299189919748755702783666834975871856917437440
335 131 -803406016369620748661872759976628613801013466699910871825225237855883183684110214822
131 335 -803406016369620748661872759976628613801013466699910871825225237855883183684110214822
335 155 -110966972966741620949924334515093786498399277268898458401238124263486239099531901511
155 335 -110966972966741620949924334515093786498399277268898458401238124263486239099531901511
335 179 -148026310766448627700590633714297298787434866640919943485680510753319351836943353
179 335 -148026310766448627700590633714297298787434866640919943485680510753319351836943353
335 203 109854408184145044349724249229042190641454346335831960528295665079612227292552924
203 335 109854408184145044349724249229042190641454346335831960528295665079612227292552924
335 227 -868772271827603907936028112631638265561059226309095517614319545882208298808099
227 335 -868772271827603907936028112631638265561059226309095517614319545882208298808099
335 251 -1071800424956215073383620190342291107042838418049028036130791335249087302012
251 335 -1071800424956215073383620190342291107042838418049028036130791335249087302012
335 275 1483450724401555623141382869271646917033824430100905379340836424130091614
275 335 1483450724401555623141382869271646917033824430100905379340836424130091614
335 299 225529233144978687492353237437130593981882283024811480261148055226834
299 335 225529233144978687492353237437130593981882283024811480261148055226834
335 323 -94162826110999362582946821543015942237530143836071855837009692864
323 335 -94162826110999362582946821543015942237530143836071855837009692864
334 16 15456579311281579353674359063509763152747135813857831597789107955171328
16 334 15456579311281579353674359063509763152747135813857831597789107955171328
334 40 125413825235587205552564172027576972710893350336909012710586460294523897079323648
40 334 125413825235587205552564172027576972710893350336909012710586460294523897079323648
334 64 -339520579686325431926509463896440370871735198823010882322536782396657077042768140054
64 334 -339520579686325431926509463896440370871735198823010882322536782396657077042768140054
334 88 1336957914096162346660072604936030245765561157879625298229036438058318666965282211350
88 334 1336957914096162346660072604936030245765561157879625298229036438058318666965282211350
334 112 981260055376872217437002021963383723291994375361852294763804905689113852979823065946
112 334 981260055376872217437002021963383723291994375361852294763804905689113852979823065946
334 136 597441327974986763581503363896271079899945725812817070976194727987705193954414820511
136 334 597441327974986763581503363896271079899945725812817070976194727987705193954414820511
334 160 112965134886219958711765707423758936921649176204899480018101096975806090723707484352
160 334 112965134886219958711765707423758936921649176204899480018101096975806090723707484352
334 184 1156163345074864471660630758124129452852091480975389214749893945770210511199800357
184 334 1156163345074864471660630758124129452852091480975389214749893945770210511199800357
334 208 -115503214466702721289140947343456367417781578039262725895141826694473391979380417
208 334 -115503214466702721289140947343456367417781578039262725895141826694473391979380417
334 232 608076227139171529132927155966119909374342669724024475993564452333831436037242
232 334 608076227139171529132927155966119909374342669724024475993564452333831436037242
334 256 -334706865840201218584621084027061874131634629807285968893679406520012663021
256 334 -334706865840201218584621084027061874131634629807285968893679406520012663021
334 280 -1287687874856714560753217642313375298872383974652445241470593480123352630
280 334 -1287687874856714560753217642313375298872383974652445241470593480123352630
334 304 213871433074006374182230372485736607626326749667791487984615252009507
304 334 213871433074006374182230372485736607626326749667791487984615252009507
334 328 -9401595370985330346155091429097618179253432981252689672507470872
328 334 -9401595370985330346155091429097618179253432981252689672507470872
333 21 220996427540083082337632906482900500090473249565232786387825849355542200320
21 333 220996427540083082337632906482900500090473249565232786387825849355542200320
333 45 -606195270620323737208572244085537301006257789223469467308246554016702213041625088
45 333 -606195270620323737208572244085537301006257789223469467308246554016702213041625088
333 69 830098411846591222193335051000254691915089480266816148708786115960943929261450769704
69 333 830098411846591222193335051000254691915089480266816148708786115960943929261450769704
333 93 1865892078518898259132057292115679383494292351155880011527232584367918492115420907080
93 333 1865892078518898259132057292115679383494292351155880011527232584367918492115420907080
333 117 3474670554932695074967464270461933073536805436951117492524838067346807216024547446784
117 333 3474670554932695074967464270461933073536805436951117492524838067346807216024547446784
333 141 664489351405236066527336693706848689361705712843177913019006429941092786474059271986
141 333 664489351405236066527336693706848689361705712843177913019006429941092786474059271986
333 165 -102024050353081613372344226342625981061881046107376456740681464418820118750339743930
165 333 -102024050353081613372344226342625981061881046107376456740681464418820118750339743930
333 189 -1994317529811148740506761195291774298177303880944241047244384791110088152136577484
189 333 -1994317529811148740506761195291774298177303880944241047244384791110088152136577484
333 213 94014932549081964035652968593544277505619610157941633874456824102439136043516148
213 333 94014932549081964035652968593544277505619610157941633874456824102439136043516148
333 237 -314593222299290176836104388505184052050160923652419289909738658410378131982370
237 333 -314593222299290176836104388505184052050160923652419289909738658410378131982370
333 261 897412856069548811814685896620375975385843111577454538973579659091123939057
261 333 897412856069548811814685896620375975385843111577454538973579659091123939057
333 285 -537218271782173189857734668132455996929037388814263507034009988769843162
285 333 -537218271782173189857734668132455996929037388814263507034009988769843162
333 309 203342345100703659739780272759433315173692215955811530840346969085503
309 333 203342345100703659739780272759433315173692215955811530840346969085503
333 333 -3230856718736399902969604550599190647953837746979053849641327682
332 2 1158035388939171282674614752247808
2 332 1158035388939171282674614752247808
332 26 -6314213267356564399434776963404165486913827520076646302641477104225706311680
26 332 -6314213267356564399434776963404165486913827520076646302641477104225706311680
332 50 -35686063921633115393930277564938033642043850656382531930204302117297374404577058720
50 332 -35686063921633115393930277564938033642043850656382531930204302117297374404577058720
332 74 9151477558323204208476022547981021131519872366977543644596796954256858391804357446569
74 332 9151477558323204208476022547981021131519872366977543644596796954256858391804357446569
332 98 -11110580295945973833638721133437329737051232183910254875015310255439553506664861489717
98 332 -11110580295945973833638721133437329737051232183910254875015310255439553506664861489717
332 122 -8298731495560091734816490369894384430148889881943730928340073555385266651898714523752
122 332 -8298731495560091734816490369894384430148889881943730928340073555385266651898714523752
332 146 -1568481666852298450406841766870517104060052604289918074070137061581053823757327830812
146 332 -1568481666852298450406841766870517104060052604289918074070137061581053823757327830812
332 170 59001860289016243971511626901502517698763576780363053822212583154165070562431647538
170 332 59001860289016243971511626901502517698763576780363053822212583154165070562431647538
332 194 2881152267796254157255382219478216794342828820550454790691486432680170905501392573
194 332 2881152267796254157255382219478216794342828820550454790691486432680170905501392573
332 218 -64531071244608913304945633877247767439931965332448737838267906251933142092473094
218 332 -64531071244608913304945633877247767439931965332448737838267906251933142092473094
332 242 69870930622720577453926754813818346476911036656293522782069479679284344328272
242 332 69870930622720577453926754813818346476911036656293522782069479679284344328272
332 266 -251333222389814992863919329797701517057179658751681172219619279072193386575
266 332 -251333222389814992863919329797701517057179658751681172219619279072193386575
332 290 117836879107052666588312277719046487949290411146415621572006764735668103
290 332 117836879107052666588312277719046487949290411146415621572006764735668103
332 314 57940499397645335156152729047457384946007110809426105627338514373540
314 332 57940499397645335156152729047457384946007110809426105627338514373540
331 7 -1858163635304427125902653142592465720963567942226908545024
7 331 -1858163635304427125902653142592465720963567942226908545024
331 31 481583712146443815111791401097890164088173138284241237995486012278278922436608
31 331 481583712146443815111791401097890164088173138284241237995486012278278922436608
331 55 -28666544582976069958263961541267608380649502260176354550193509321973388326289779744
55 331 -28666544582976069958263961541267608380649502260176354550193509321973388326289779744
331 79 21304474695362805823929451263913839494833687123997304366456471281938208851341450852492
79 331 21304474695362805823929451263913839494833687123997304366456471281938208851341450852492
331 103 11436113456338410605235702509614806104555820254398193906642302260980971069867977979592
103 331 11436113456338410605235702509614806104555820254398193906642302260980971069867977979592
331 127 14292653280542768898683418781324696764048080421551228959192821284863503164351877800920
127 331 14292653280542768898683418781324696764048080421551228959192821284863503164351877800920
331 151 2613681674716751265289695701501243387029191053676270082165318044346312798629568012496
151 331 2613681674716751265289695701501243387029191053676270082165318044346312798629568012496
331 175 -12947920096301786489768712845069721847375217647758965441940075326552433024513251499
175 331 -12947920096301786489768712845069721847375217647758965441940075326552433024513251499
331 199 -3596190569676945702528981241822864277482425458568732158318452962473524701833620048
199 331 -3596190569676945702528981241822864277482425458568732158318452962473524701833620048
331 223 44116686043282744599741389825401395571833759694672718031090349961528182522791795
223 331 44116686043282744599741389825401395571833759694672718031090349961528182522791795
331 247 -19758722540608415016260325271765824743764533861976900383953408930939677398895
247 331 -19758722540608415016260325271765824743764533861976900383953408930939677398895
331 271 -40745142641040252938683390656859552465125605103799941035023328931720550701
271 331 -40745142641040252938683390656859552465125605103799941035023328931720550701
331 295 22622745457932787579648543143837500380062323441362785981972591998319811
295 331 22622745457932787579648543143837500380062323441362785981972591998319811
331 319 7492992465501160501991178818912564564459647931528651870492873023673
319 331 7492992465501160501991178818912564564459647931528651870492873023673
330 12 40062677198960560473905147360754487699773461447262309522036811104256
12 330 40062677198960560473905147360754487699773461447262309522036811104256
330 36 -80437895949693952510399102144655196943001456901970226461246761154801734742016000
36 330 -80437895949693952510399102144655196943001456901970226461246761154801734742016000
330 60 2142922063826309798932982268191369712767679797778863230512515302056644533981669693424
60 330 2142922063826309798932982268191369712767679797778863230512515302056644533981669693424
330 84 13575985405399961160855523684887613264630943982759966719357698690316570094169899355364
84 330 13575985405399961160855523684887613264630943982759966719357698690316570094169899355364
330 108 -1615040088456859879271556112874039610977267133553904890531340452428990515603588821290
108 330 -1615040088456859879271556112874039610977267133553904890531340452428990515603588821290
330 132 -8706227288149987863443217862508079714468879792428255674413762507814893826842702458330
132 330 -8706227288149987863443217862508079714468879792428255674413762507814893826842702458330
330 156 -2696476154504594571018255791014401214692821146117124357557703779506896215382917949663
156 330 -2696476154504594571018255791014401214692821146117124357557703779506896215382917949663
330 180 -36927566005359884229625621471732565633498343267174672218251641314377304992190812007
180 330 -36927566005359884229625621471732565633498343267174672218251641314377304992190812007
330 204 3650715083993510629126783348084521176476404054160303525799025677399763436168986127
204 330 3650715083993510629126783348084521176476404054160303525799025677399763436168986127
330 228 -27882247978192272298066715963301661452078403844577123465879731789029078173372351
228 330 -27882247978192272298066715963301661452078403844577123465879731789029078173372351
330 252 40762131654398689607151166863816276091035014651674569923513215689098377682251
252 330 40762131654398689607151166863816276091035014651674569923513215689098377682251
330 276 -24782149389829779973825263191248926705242701733128293077458055400306676808
276 330 -24782149389829779973825263191248926705242701733128293077458055400306676808
330 300 2249771919720492568155216477905498211704621023932977417357911340421829
300 330 2249771919720492568155216477905498211704621023932977417357911340421829
330 324 1053833437682785722562250127668237155526470254570879865367354787610
324 330 1053833437682785722562250127668237155526470254570879865367354787610
329 17 897257827658074311893309647293571068515156422823898459618120110492876800
17 329 897257827658074311893309647293571068515156422823898459618120110492876800
329 41 189903115148239911723784798821229652284832053832753150905309317364179990921039872
41 329 189903115148239911723784798821229652284832053832753150905309317364179990921039872
329 65 -5237507672175597949230709574900516517073088333329234506305001269206100140352622671504
65 329 -5237507672175597949230709574900516517073088333329234506305001269206100140352622671504
329 89 29422047746632889853390800091048509590929598864115471235584346403907350170730197730546
89 329 29422047746632889853390800091048509590929598864115471235584346403907350170730197730546
329 113 -49395263170100016325446028911530299683422994454681411008423654181328636712708779214928
113 329 -49395263170100016325446028911530299683422994454681411008423654181328636712708779214928
329 137 -5575100066767655312571175235067419059470880166164962118005023455029396379242300182728
137 329 -5575100066767655312571175235067419059470880166164962118005023455029396379242300182728
329 161 2461858031675266239741971365560311770180155863933900778949525561970483410589372562638
161 329 2461858031675266239741971365560311770180155863933900778949525561970483410589372562638
329 185 68222963154752124952444091711722105884540734148431906647394839097615523396819835892
185 329 68222963154752124952444091711722105884540734148431906647394839097615523396819835892
329 209 -3011640958412065611216368618767417098654505096517842164698021908632545361215204004
209 329 -3011640958412065611216368618767417098654505096517842164698021908632545361215204004
329 233 13341995799520045320697861696171143744145563314369526331743385563510684869153772
233 329 13341995799520045320697861696171143744145563314369526331743385563510684869153772
329 257 -27918550269623684366010523714082607753897879107523769580104902003920384930443
257 329 -27918550269623684366010523714082607753897879107523769580104902003920384930443
329 281 44790602598498179846770969871813638668755216313219613168212201107327719053
281 329 44790602598498179846770969871813638668755216313219613168212201107327719053
329 305 -7989103985142122744631729937637973913759885518835416657258635695232379
305 329 -7989103985142122744631729937637973913759885518835416657258635695232379
329 329 321045817198108834624697772841643269677918300285682402955798727858
328 22 17348250728150820798809034423390861112522741565076740459269892534963315671040
22 328 17348250728150820798809034423390861112522741565076740459269892534963315671040
328 46 -9384366991398176994444019391874910540698534554229502803226626129252669999034819584
46 328 -9384366991398176994444019391874910540698534554229502803226626129252669999034819584
328 70 -75596073568836868431601877550322428634459056855629090747264448636577549806809372090378
70 328 -75596073568836868431601877550322428634459056855629090747264448636577549806809372090378
328 94 94463561408418917968475930594403543080418312327577475748825055463581935509949667610974
94 328 94463561408418917968475930594403543080418312327577475748825055463581935509949667610974
328 118 83126710678025197632172877991055031842342341860422437672146835561140581833037045689442
118 328 83126710678025197632172877991055031842342341860422437672146835561140581833037045689442
328 142 26515702908802082522204171143057355233596361125844968058743250134632380049897802928595
142 328 26515702908802082522204171143057355233596361125844968058743250134632380049897802928595
328 166 -1384652098920408279368023579218958723050759706505863904118699419739368684000632810520
166 328 -1384652098920408279368023579218958723050759706505863904118699419739368684000632810520
328 190 -94651388190466917165300125750130896653532237975250103326339279866008466210556418328
190 328 -94651388190466917165300125750130896653532237975250103326339279866008466210556418328
328 214 2225397612250686877597495129875430600764368529527229136839129972064856652667199179
214 328 2225397612250686877597495129875430600764368529527229136839129972064856652667199179
328 238 -4626527933174194245081420228750234674391406815941199794604501052782468098365300
238 328 -4626527933174194245081420228750234674391406815941199794604501052782468098365300
328 262 3272363084325159832447726147951066621276943544512736304074784303418954843284
262 328 3272363084325159832447726147951066621276943544512736304074784303418954843284
328 286 -3832682452102494494937198596508447097423202703229714281903983677194480350
286 328 -3832682452102494494937198596508447097423202703229714281903983677194480350
328 310 -3458492488920342596793913469660546047018376269779173806233115944876411
310 328 -3458492488920342596793913469660546047018376269779173806233115944876411
327 3 246594957286713617197344911033094620839936
3 327 246594957286713617197344911033094620839936
327 27 -1975690043212424291721567111554749628964793645890655248086919097033528626380800
27 327 -1975690043212424291721567111554749628964793645890655248086919097033528626380800
327 51 -220401823791303363477723037796336462583273548069042589270778036767681461578848585600
51 327 -220401823791303363477723037796336462583273548069042589270778036767681461578848585600
327 75 -192205165887948947571032513317047323468571091086489194628348069119726903895598059057878
75 327 -192205165887948947571032513317047323468571091086489194628348069119726903895598059057878
327 99 -184633536263898403859727146058520510519511487232295110125324282100256872534754434443278
99 327 -184633536263898403859727146058520510519511487232295110125324282100256872534754434443278
327 123 -159697377098657515844389116940025882845704077330310992740879262244914521749642384740990
123 327 -159697377098657515844389116940025882845704077330310992740879262244914521749642384740990
327 147 -42296827501015932671968201825023167633467175297039157470435644490132506372834433251756
147 327 -42296827501015932671968201825023167633467175297039157470435644490132506372834433251756
327 171 129718067419479917417843538870047853930503470117496783591033399504835352412591300423
171 327 129718067419479917417843538870047853930503470117496783591033399504835352412591300423
327 195 104911095103674736956405455722983515078722676577680943879974325152182833301227458759
195 327 104911095103674736956405455722983515078722676577680943879974325152182833301227458759
327 219 -1526899884188262820238278092760822296898618767787188046742664125162646375719029089
219 327 -1526899884188262820238278092760822296898618767787188046742664125162646375719029089
327 243 2209482234148064920466862965930171326704571922117370135211040737660465225966552
243 327 2209482234148064920466862965930171326704571922117370135211040737660465225966552
327 267 155093464714233507947468855209658477301203578170332322359091451642761363105
267 327 155093464714233507947468855209658477301203578170332322359091451642761363105
327 291 -1421266004899937919362951737036222002523378367092562506262273921929924316
291 327 -1421266004899937919362951737036222002523378367092562506262273921929924316
327 315 -462072092568479758579332471393370091048481362376847399491742894006585
315 327 -462072092568479758579332471393370091048481362376847399491742894006585
326 8 53341486069399747413622311396736765795915763984706235248148480
8 326 53341486069399747413622311396736765795915763984706235248148480
326 32 124517029299638884265179168505924026925752445627710368944975242996750439055884288
32 326 124517029299638884265179168505924026925752445627710368944975242996750439055884288
326 56 -5432329274981206910824151422343045933947763181168174117160588518346513232684290240864
56 326 -5432329274981206910824151422343045933947763181168174117160588518346513232684290240864
326 80 -191436145334248086941993622630664483831149968996303457247497813943785819244114383366270
80 326 -191436145334248086941993622630664483831149968996303457247497813943785819244114383366270
326 104 28268098986525552890388134189861243553803500890247072072909447913810711546781557443792
104 326 28268098986525552890388134189861243553803500890247072072909447913810711546781557443792
326 128 73391829512436316865079881187323373928372560742254034659192953886038351080922094065444
128 326 73391829512436316865079881187323373928372560742254034659192953886038351080922094065444
326 152 45989267743889044189285593494222727690045288699294681595841142478138281321806002228840
152 326 45989267743889044189285593494222727690045288699294681595841142478138281321806002228840
326 176 1191037406268087459111310159653562113176491697998519579393655652788742301022663883086
176 326 1191037406268087459111310159653562113176491697998519579393655652788742301022663883086
326 200 -100128224465216318856348598048072423502251181291468933405343882829080836725175004788
200 326 -100128224465216318856348598048072423502251181291468933405343882829080836725175004788
326 224 921197715413233472445431609116486433672580455234132138680874393983730833883931615
224 326 921197715413233472445431609116486433672580455234132138680874393983730833883931615
326 248 -1507900469985349437166526078040863425082754080547933536012279805230768639586077
248 326 -1507900469985349437166526078040863425082754080547933536012279805230768639586077
326 272 2314449332513019851897314286914017255842820800538358641714603718528539331201
272 326 2314449332513019851897314286914017255842820800538358641714603718528539331201
326 296 -598074880566773503159318856047828329269921412830934818564628788167298278
296 326 -598074880566773503159318856047828329269921412830934818564628788167298278
326 320 -81472844555743896257622751511431755606517899192680854966036969387390
320 326 -81472844555743896257622751511431755606517899192680854966036969387390
325 13 16111653845249499594664641502942456037688402914839607133004993409318912
13 325 16111653845249499594664641502942456037688402914839607133004993409318912
325 37 -2539435648461668118896491339845645221920792983019046433033723077236124476541960192
37 325 -2539435648461668118896491339845645221920792983019046433033723077236124476541960192
325 61 20950030688702391796922838299602066068292353333316938025220005076824400561410490686016
61 325 20950030688702391796922838299602066068292353333316938025220005076824400561410490686016
325 85 -319151117790671407604862355573458654848105026935190412905201021694735719397931190309630
85 325 -319151117790671407604862355573458654848105026935190412905201021694735719397931190309630
325 109 370462599689554607453134911138609596982704654334168986808410935984742326437030746820088
109 325 370462599689554607453134911138609596982704654334168986808410935984742326437030746820088
325 133 35209300687228909182742633314841204033178365610835782501275288380467699428768616147152
133 325 35209300687228909182742633314841204033178365610835782501275288380467699428768616147152
325 157 -37304860583100618092455220819629726672207917258483997220117132644881058223778391970330
157 325 -37304860583100618092455220819629726672207917258483997220117132644881058223778391970330
325 181 -2039054212193610629763171789410414806210442514238356916480601993924478537746630978331
181 325 -2039054212193610629763171789410414806210442514238356916480601993924478537746630978331
325 205 80809624037449722025098956417864905575553223521076259299938145438296447591844903664
205 325 80809624037449722025098956417864905575553223521076259299938145438296447591844903664
325 229 -439368019466222820411321186312941745880935554411416262982965374334070067072736992
229 325 -439368019466222820411321186312941745880935554411416262982965374334070067072736992
325 253 496930416604989715334513728049691901456504510484029706796946798678314182158357
253 325 496930416604989715334513728049691901456504510484029706796946798678314182158357
325 277 -1195027032974821588626033140858343656601772644096347333462233070393497037955
277 325 -1195027032974821588626033140858343656601772644096347333462233070393497037955
325 301 119729921794628815610083233915661017581874781541232566406118982458216614
301 325 119729921794628815610083233915661017581874781541232566406118982458216614
325 325 -25235287275874231712429066640253137124089935164939764358171196369474
324 18 -129085749605921447175057362935131981288536639490457294662335507200068288512
18 324 -129085749605921447175057362935131981288536639490457294662335507200068288512
324 42 70172206141026676416734508772541986069830676079703941852454962167013644677866225664
42 324 70172206141026676416734508772541986069830676079703941852454962167013644677866225664
324 66 399633162946203600675254990803494141611141092478438642699690281383161949094301620376336
66 324 399633162946203600675254990803494141611141092478438642699690281383161949094301620376336
324 90 -501909927119793027952824141378064439826246579016382763784010070097768257612765333280780
90 324 -501909927119793027952824141378064439826246579016382763784010070097768257612765333280780
324 114 -1011920961216416329125576666742956933403858081072382661451655656268947736938156738092382
114 324 -1011920961216416329125576666742956933403858081072382661451655656268947736938156738092382
324 138 -333527599908532053867664947172318485993645749318591181336341313320735699852658425346746
138 324 -333527599908532053867664947172318485993645749318591181336341313320735699852658425346746
324 162 17567413835059844922246512328078324633923409776730017090068293432209824574897081728014
162 324 17567413835059844922246512328078324633923409776730017090068293432209824574897081728014
324 186 2535228356063345759259041993868220959827874980141439051927220662662784214241363164325
186 324 2535228356063345759259041993868220959827874980141439051927220662662784214241363164325
324 210 -59081670064916396144905850373689717548503872731357914787467917203294030048822858659
210 324 -59081670064916396144905850373689717548503872731357914787467917203294030048822858659
324 234 175086155463924426505286434550475050656113542697264431189519226745162239757454327
234 324 175086155463924426505286434550475050656113542697264431189519226745162239757454327
324 258 73944357802087267211515681654543180467936918052051921679276817661339142602657
258 324 73944357802087267211515681654543180467936918052051921679276817661339142602657
324 282 -174751749857035229088019740925406364297767694906203987913750498802764745694
282 324 -174751749857035229088019740925406364297767694906203987913750498802764745694
324 306 160252903323732456123206232852306074159771452615292417377809512324933508
306 324 160252903323732456123206232852306074159771452615292417377809512324933508
323 23 861788387153090611623721350684387299222342125338003247171404705616324764631040
23 323 861788387153090611623721350684387299222342125338003247171404705616324764631040
323 47 1050468035502106718291021659680150836537988293608560345916989243402606032708600242176
47 323 1050468035502106718291021659680150836537988293608560345916989243402606032708600242176
323 71 1154840568255031723754716581253772058596251061399424605038974342953532105253415611369240
71 323 1154840568255031723754716581253772058596251061399424605038974342953532105253415611369240
323 95 803114287819303959231278135911975447920599551990241604323754738793957710320898761245168
95 323 803114287819303959231278135911975447920599551990241604323754738793957710320898761245168
323 119 1397989916829319242092293986732929550362784766522824954442515906434370953428063414521760
119 323 1397989916829319242092293986732929550362784766522824954442515906434370953428063414521760
323 143 473887820945521587846145272188021689727714525193419397460031338064478740495336630360426
143 323 473887820945521587846145272188021689727714525193419397460031338064478740495336630360426
323 167 8746213861100382463024831808583489914318561709211790091564435015434501929420180899107
167 323 8746213861100382463024831808583489914318561709211790091564435015434501929420180899107
323 191 -2592703452858866719059215575821826876519986989594799014638172784871640526768934411522
191 323 -2592703452858866719059215575821826876519986989594799014638172784871640526768934411522
323 215 39212417326870336893879008365035637514704807387720852331377769531555831502477144912
215 323 39212417326870336893879008365035637514704807387720852331377769531555831502477144912
323 239 -78102155544491407730933234965227211985948156923212540103677564072673212243643445
239 323 -78102155544491407730933234965227211985948156923212540103677564072673212243643445
323 263 -22061599998088761482044319707442424549404560911236409194895434602633507945654
263 323 -22061599998088761482044319707442424549404560911236409194895434602633507945654
323 287 75007877103244346914130038811091544520939409510747498567384405796880520816
287 323 75007877103244346914130038811091544520939409510747498567384405796880520816
323 311 22878287285371441491282512950097065694325883195438702664888610106320069
311 323 22878287285371441491282512950097065694325883195438702664888610106320069
322 4 3682520529243570767098466486929494265030911197184
4 322 3682520529243570767098466486929494265030911197184
322 28 -71722151889238879255714027759633323626667093896488674129536888418339075221618688
28 322 -71722151889238879255714027759633323626667093896488674129536888418339075221618688
322 52 6560535363917840307677718002536100874250287050421655866057298751886187343661203025152
52 322 6560535363917840307677718002536100874250287050421655866057298751886187343661203025152
322 76 1379222101063373480440789794284880063027688598879894579250967423245023932789062255187674
76 322 1379222101063373480440789794284880063027688598879894579250967423245023932789062255187674
322 100 -957858072068541377758203638289445988792697588676833029186383755069146948005443605746754
100 322 -957858072068541377758203638289445988792697588676833029186383755069146948005443605746754
322 124 -853122179699242562573040726414126173648900892707640869187872851578289040665310262484320
124 322 -853122179699242562573040726414126173648900892707640869187872851578289040665310262484320
322 148 -553154833689880355590975640809064853332059756428258876418743963393580217804545658791199
148 322 -553154833689880355590975640809064853332059756428258876418743963393580217804545658791199
322 172 -31838733270107698439745081347902153550973028320752571160501911310723764762978236437864
172 322 -31838733270107698439745081347902153550973028320752571160501911310723764762978236437864
322 196 2299894631895160691550127209501806335310881473956201220877466713148673491397988960961
196 322 2299894631895160691550127209501806335310881473956201220877466713148673491397988960961
322 220 -22676851154716543055649563548267366125701381592166001145443221911996456425025766926
220 322 -22676851154716543055649563548267366125701381592166001145443221911996456425025766926
322 244 31870678989984717697147801722912187084833378043526580674788868844697555517504928
244 322 31870678989984717697147801722912187084833378043526580674788868844697555517504928
322 268 -34698190210361574030185787438532980010970489749799568581475400293666700658952
268 322 -34698190210361574030185787438532980010970489749799568581475400293666700658952
322 292 20978880382900695548064584106635750893073470069010462556178652014674668003
292 322 20978880382900695548064584106635750893073470069010462556178652014674668003
322 316 4616150645279675107315799148690772597171223751823778383378389489875559
316 322 4616150645279675107315799148690772597171223751823778383378389489875559
321 9 -184828017648270025008858274237859855829809446604176281746026790912
9 321 -184828017648270025008858274237859855829809446604176281746026790912
321 33 2199302954421261890072787779369337634510106379383814433071213262247433594568966144
33 321 2199302954421261890072787779369337634510106379383814433071213262247433594568966144
321 57 -53126298358181838220373443264016300282565726737076233517362311421500411472732849261056
57 321 -53126298358181838220373443264016300282565726737076233517362311421500411472732849261056
321 81 2583711218226141191930416617863171745617717038187000277282159688441569704855979044383248
81 321 2583711218226141191930416617863171745617717038187000277282159688441569704855979044383248
321 105 -1126936477186154586928139713124602932394361498667368292943001433761996316303637886834624
105 321 -1126936477186154586928139713124602932394361498667368292943001433761996316303637886834624
321 129 -629418649371256193555413134938828699481813896677026043082863617219299610929346867002304
129 321 -629418649371256193555413134938828699481813896677026043082863617219299610929346867002304
321 153 383214550828216145124751279141428370950206034920958942692127772649675500458072789454200
153 321 383214550828216145124751279141428370950206034920958942692127772649675500458072789454200
321 177 47473925765083471879987918898493025750845656460960862607998001505096566131627457366692
177 321 47473925765083471879987918898493025750845656460960862607998001505096566131627457366692
321 201 -1780454481080048121908765480334154838762506810569086412669873144485381449424570991292
201 321 -1780454481080048121908765480334154838762506810569086412669873144485381449424570991292
321 225 10676240633519504473431042577479324839242410065775343346304477498367519752074495312
225 321 10676240633519504473431042577479324839242410065775343346304477498367519752074495312
321 249 -874281453613246809333444125396444965677026252505878027038629445029722718764235
249 321 -874281453613246809333444125396444965677026252505878027038629445029722718764235
321 273 -5775327152376939871367514631753624345777436427067116278330754282154355408390
273 321 -5775327152376939871367514631753624345777436427067116278330754282154355408390
321 297 7338925600163446093845430624213655499697656200187950441588966672562225207
297 321 7338925600163446093845430624213655499697656200187950441588966672562225207
321 321 1657905959537610914129485185656962155734112286601132913477611764880380
320 14 3595488962837322598667299893699058036079756133692259731847939464248688640
14 320 3595488962837322598667299893699058036079756133692259731847939464248688640
320 38 34943949108838184632251350210935722725803292799362032315626938170222532329376317440
38 320 34943949108838184632251350210935722725803292799362032315626938170222532329376317440
320 62 -1209537177101389894905630040805158858151344909690065451956231178185240796908949953446048
62 320 -1209537177101389894905630040805158858151344909690065451956231178185240796908949953446048
320 86 6986513104205482733627610067789458131574951788117104312009067975879185529239077400694002
86 320 6986513104205482733627610067789458131574951788117104312009067975879185529239077400694002
320 110 8885713582400516124104991736631027129668225991538032644602158252104884783855619784759488
110 320 8885713582400516124104991736631027129668225991538032644602158252104884783855619784759488
320 134 3028118124578658301672502135425035880373059687632010627466404789363986007271966415559012
134 320 3028118124578658301672502135425035880373059687632010627466404789363986007271966415559012
320 158 -85707773608920825333337576168341190549990217836145820512862914455852657362964505105928
158 320 -85707773608920825333337576168341190549990217836145820512862914455852657362964505105928
320 182 -53380966625473310862837609639619423393682114357051812130096263489612252244854585013320
182 320 -53380966625473310862837609639619423393682114357051812130096263489612252244854585013320
320 206 1241929167687049021883950146603499519060815859106765883628458619478710206008837247892
206 320 1241929167687049021883950146603499519060815859106765883628458619478710206008837247892
320 230 -4318572301189405373847446280690830695209067052845841204134781693761539300448239627
230 320 -4318572301189405373847446280690830695209067052845841204134781693761539300448239627
320 254 -6630225031761403316135408644814909069985664649818922436092580880005673260087032
254 320 -6630225031761403316135408644814909069985664649818922436092580880005673260087032
320 278 17328105475706105203473818837453207398996881204205342785829081981804830576671
278 320 17328105475706105203473818837453207398996881204205342785829081981804830576671
320 302 -5563997137154702435993579364243782644715432516570491786510725201363447370
302 320 -5563997137154702435993579364243782644715432516570491786510725201363447370
319 19 -26279376540579833682615540351594992317810627564868684674266455238707974766592
19 319 -26279376540579833682615540351594992317810627564868684674266455238707974766592
319 43 -2787549437168301770941578268736073887641356909515264761098471094510360148293469077504
43 319 -2787549437168301770941578268736073887641356909515264761098471094510360148293469077504
319 67 -4619362273020126895018866325015088234385004245597698420155897371814128421013662445476960
67 319 -4619362273020126895018866325015088234385004245597698420155897371814128421013662445476960
319 91 3134767402034967101592725762865316661997874944469909497962961404798577535904978159365852
91 319 3134767402034967101592725762865316661997874944469909497962961404798577535904978159365852
319 115 -10959799583353962017145927333514103355139929730493600039322169575769386673069182498615816
115 319 -10959799583353962017145927333514103355139929730493600039322169575769386673069182498615816
319 139 -4119642975771413998066382718860195322438267426142093017120409821723661261738879280559208
139 319 -4119642975771413998066382718860195322438267426142093017120409821723661261738879280559208
319 163 -331327233252951127174703930947026206283713955349724787950783162537824229418918229492988
163 319 -331327233252951127174703930947026206283713955349724787950783162537824229418918229492988
319 187 51827045678581978524026555422461885902920872910681052720448890445507084771325729777833
187 319 51827045678581978524026555422461885902920872910681052720448890445507084771325729777833
319 211 -789731388263194297177505976344056589722800619670021321736433565959935261575866914344
211 319 -789731388263194297177505976344056589722800619670021321736433565959935261575866914344
319 235 1686976327524907885419229683364347024233062966960939781459519803808558668392717897
235 319 1686976327524907885419229683364347024233062966960939781459519803808558668392717897
319 259 2456207728422244725989573900630436860303293814855451283018674970201021704040986
259 319 2456207728422244725989573900630436860303293814855451283018674970201021704040986
319 283 -3278439876045175534646905565647810339420234128649196130835765309645593339201
283 319 -3278439876045175534646905565647810339420234128649196130835765309645593339201
319 307 -965436656904192554739312482454169767914948963517662670091843325816221891
307 319 -965436656904192554739312482454169767914948963517662670091843325816221891
318 24 33275393332508556572427484607146994012068042141932218826438531849495895087251456
24 318 33275393332508556572427484607146994012068042141932218826438531849495895087251456
318 48 5372886984921286292025987049246740229923201641031726410743357635764306028012542984192
48 318 5372886984921286292025987049246740229923201641031726410743357635764306028012542984192
318 72 -5321489745855649531921812421549303315711582841865019096915955215791867591163692500611520
72 318 -5321489745855649531921812421549303315711582841865019096915955215791867591163692500611520
318 96 8596027492445596649663074476251571728321825523806898789690518465164542278210599544936012
96 318 8596027492445596649663074476251571728321825523806898789690518465164542278210599544936012
318 120 11482910871697004200163723037013937139573230471281914777676055386595084385649855317746486
120 318 11482910871697004200163723037013937139573230471281914777676055386595084385649855317746486
318 144 4339877963794800787952647684397081416860773379405744452306354173892434559560848690310588
144 318 4339877963794800787952647684397081416860773379405744452306354173892434559560848690310588
318 168 667160884151121030009456096069303021499998121935822508175551453568290334172097794854341
168 318 667160884151121030009456096069303021499998121935822508175551453568290334172097794854341
318 192 -43565796864695462510061691123429677162153355771092380364253826633420855776914810529505
192 318 -43565796864695462510061691123429677162153355771092380364253826633420855776914810529505
318 216 434450461856282438965234553536164988211662434344145737100544685658900204437755335699
216 318 434450461856282438965234553536164988211662434344145737100544685658900204437755335699
318 240 -373078773578916931676802366994234821332417182445524117673736180597251705724482100
240 318 -373078773578916931676802366994234821332417182445524117673736180597251705724482100
318 264 -969661135535469323456377135009045708190435204488850269745254717340230400856803
264 318 -969661135535469323456377135009045708190435204488850269745254717340230400856803
318 288 92709759956981744838546754654313966675015072842020339556963605105074219960
288 318 92709759956981744838546754654313966675015072842020339556963605105074219960
318 312 -186638392003728078532001285056227318695274210147255428098665636711817824
312 318 -186638392003728078532001285056227318695274210147255428098665636711817824
317 5 6196496038783885959812008115972048993585802359643045888
5 317 6196496038783885959812008115972048993585802359643045888
317 29 -1840804368506215856381366106296441443068199791704585036213335650602386997196619776
29 317 -1840804368506215856381366106296441443068199791704585036213335650602386997196619776
317 53 102891427767232570377289023197076999424489177690594775586144850658417513157148063683584
53 317 102891427767232570377289023197076999424489177690594775586144850658417513157148063683584
317 77 -14844724832710282597501984621252828042516092511987529501792596880488831841158461492442352
77 317 -14844724832710282597501984621252828042516092511987529501792596880488831841158461492442352
317 101 -5518976101257689924509637699024802410550548333344634053314679910128663456727534689501115
101 317 -5518976101257689924509637699024802410550548333344634053314679910128663456727534689501115
317 125 5337468366914595128782916257246857514169548743808650808648291403215110703759120449142072
125 317 5337468366914595128782916257246857514169548743808650808648291403215110703759120449142072
317 149 -2001759818179653082360733361017900241373786937362734163157785101761329206963996409759570
149 317 -2001759818179653082360733361017900241373786937362734163157785101761329206963996409759570
317 173 -878222321731694009212051279715657473860999784167692797269646959444572387740548021660938
173 317 -878222321731694009212051279715657473860999784167692797269646959444572387740548021660938
317 197 32315415774759734771124779334694307030559955732887634985030731678864934526653715061727
197 317 32315415774759734771124779334694307030559955732887634985030731678864934526653715061727
317 221 -196790927063996641127976693295260220591219156469969004649367449346408055277169119968
221 317 -196790927063996641127976693295260220591219156469969004649367449346408055277169119968
317 245 -225558318086363813827382004879401241886644421121771049230057907810763426669492598
245 317 -225558318086363813827382004879401241886644421121771049230057907810763426669492598
317 269 1181235755614935453706364579385561448548425849822812172702953089798899704191344
269 317 1181235755614935453706364579385561448548425849822812172702953089798899704191344
317 293 -599697504002592397913269502227963802755519104861178413071030402199289169738
293 317 -599697504002592397913269502227963802755519104861178413071030402199289169738
317 317 -92496186892349810806499947421004662369786776026900023471119267937241970
316 10 -79191489147308947049366683955171481423042413897627402058070822486016
10 316 -79191489147308947049366683955171481423042413897627402058070822486016
316 34 27132180952706959732178563828476048804185908184370219093450149066777897119590121472
34 316 27132180952706959732178563828476048804185908184370219093450149066777897119590121472
316 58 2342778254930740277369861772283141409669087325946251173016780020289755748301915506321664
58 316 2342778254930740277369861772283141409669087325946251173016780020289755748301915506321664
316 82 -60742017943070279207584343368722241572846577850134203928912971840309869705616913379332154
82 316 -60742017943070279207584343368722241572846577850134203928912971840309869705616913379332154
316 106 -44370750377865180592408902759116721491471390137217420200791542304883539530399031670020328
106 316 -44370750377865180592408902759116721491471390137217420200791542304883539530399031670020328
316 130 -16138467271830250907522799914878609097544351155631042727639495274739567387390216803908224
130 316 -16138467271830250907522799914878609097544351155631042727639495274739567387390216803908224
316 154 -1892532304689706532002717276630921844269787980801910431575294855803116648816174688590135
154 316 -1892532304689706532002717276630921844269787980801910431575294855803116648816174688590135
316 178 921966155140166058830305935047186273450858775123286156215148991331218588379858314452750
178 316 921966155140166058830305935047186273450858775123286156215148991331218588379858314452750
316 202 -21550610084735346232000496974376222340619844398509871220691879174089051074390319059632
202 316 -21550610084735346232000496974376222340619844398509871220691879174089051074390319059632
316 226 77224301662998742850970230842330739390773414843496652515646735057862963734614632358
226 316 77224301662998742850970230842330739390773414843496652515646735057862963734614632358
316 250 225916722585472905542061093518311300533845781263638058563572742673346457264328068
250 316 225916722585472905542061093518311300533845781263638058563572742673346457264328068
316 274 -602958855968119915345637644079517939451852584309016980071202586684968306204453
274 316 -602958855968119915345637644079517939451852584309016980071202586684968306204453
316 298 127206272783518412967231835189559014782968506114712238500799311566163054989
298 316 127206272783518412967231835189559014782968506114712238500799311566163054989
315 15 487738220260525077921289151037132895244570787257457618268781983516682354688
15 315 487738220260525077921289151037132895244570787257457618268781983516682354688
315 39 -999558183014184940610255863824719595336522498939354007053601105037692666964324909056
39 315 -999558183014184940610255863824719595336522498939354007053601105037692666964324909056
315 63 12301130616828732644546080852291028701988549829535308456214276423662521849318275779704192
63 315 12301130616828732644546080852291028701988549829535308456214276423662521849318275779704192
315 87 -52213638950309675125813548302158919201053241782166551952757053258542773452522429152383770
87 315 -52213638950309675125813548302158919201053241782166551952757053258542773452522429152383770
315 111 82558678683053507183052987312093847550620754055192758611797439590457204382363837740189544
111 315 82558678683053507183052987312093847550620754055192758611797439590457204382363837740189544
315 135 27162606835856811207262218936981583888027307343313422778812089534418000865209986901761906
135 315 27162606835856811207262218936981583888027307343313422778812089534418000865209986901761906
315 159 6880631670565240294294917145984592029080909468558771663903276088315628654363266145860056
159 315 6880631670565240294294917145984592029080909468558771663903276088315628654363266145860056
315 183 -854193321891895219828058962345175291801185211571873680373778951278577994295391815362513
183 315 -854193321891895219828058962345175291801185211571873680373778951278577994295391815362513
315 207 13109685613789007434266197353216896205509467601833421796381892645105786941672941629736
207 315 13109685613789007434266197353216896205509467601833421796381892645105786941672941629736
315 231 -25745272370298117382529906342270392060010064412222658758178374748170401478016808123
231 315 -25745272370298117382529906342270392060010064412222658758178374748170401478016808123
315 255 -96046449862129935697320466213957479189845185143980614700925698331828542614149584
255 315 -96046449862129935697320466213957479189845185143980614700925698331828542614149584
315 279 92468119205453005601707364142600333239265486308109413283431704480283310367701
279 315 92468119205453005601707364142600333239265486308109413283431704480283310367701
315 303 36202552040665648188218167760193597269161191657966925854364902593207202978
303 315 36202552040665648188218167760193597269161191657966925854364902593207202978
314 20 -2040557037385909038879742278085357256244037761071183228710183759354470684688384
20 314 -2040557037385909038879742278085357256244037761071183228710183759354470684688384
314 44 -8379512686015689387974807843862246771778271878969746555752982608022743384445389373440
44 314 -8379512686015689387974807843862246771778271878969746555752982608022743384445389373440
314 68 22067553617013975687052636708558081008443017582078313268015478771920382924624996083002784
68 314 22067553617013975687052636708558081008443017582078313268015478771920382924624996083002784
314 92 -36282272834515008534549164389624646994983589135118219362249259780722053545679818834826165
92 314 -36282272834515008534549164389624646994983589135118219362249259780722053545679818834826165
314 116 -115348008960683170394252249699393113274370064751387237936174119008509703158575906065284804
116 314 -115348008960683170394252249699393113274370064751387237936174119008509703158575906065284804
314 140 -15531132325105410168436185891884096052722022144587617249029404436347991813958698089458312
140 314 -15531132325105410168436185891884096052722022144587617249029404436347991813958698089458312
314 164 -11047728967432225396681700182087778576305463099421335017324601851390620517657020467402882
164 314 -11047728967432225396681700182087778576305463099421335017324601851390620517657020467402882
314 188 688476808216495299538213701766875587727777719390570722214484962250237917665988650444820
188 314 688476808216495299538213701766875587727777719390570722214484962250237917665988650444820
314 212 -6804120905013089176847710295241807149148752108417713931782418251402417614651945572172
212 314 -6804120905013089176847710295241807149148752108417713931782418251402417614651945572172
314 236 763204339353283923196764424847535866392493812537167125918078035380294490629224238
236 314 763204339353283923196764424847535866392493812537167125918078035380294490629224238
314 260 55058752745982276740014631134762520026472061807728779313101303238585713402651229
260 314 55058752745982276740014631134762520026472061807728779313101303238585713402651229
314 284 -24087567867739614142141299512966454819133885353245298189647010558085341270756
284 314 -24087567867739614142141299512966454819133885353245298189647010558085341270756
314 308 4547633623223811702319743323670757195313758884020229527243710402752799028
308 314 4547633623223811702319743323670757195313758884020229527243710402752799028
313 1 -2353498072344464524820086784
1 313 -2353498072344464524820086784
313 25 961990321963487802826383030857358029978431382122442984539249853370665127834025984
25 313 961990321963487802826383030857358029978431382122442984539249853370665127834025984
313 49 -166675012721731573886528167652378822665986077377897512048276867955915324376225761443840
49 313 -166675012721731573886528167652378822665986077377897512048276867955915324376225761443840
313 73 59378899330841130390007938485011312170064370047950118007170387521955327364633845969769408
73 313 59378899330841130390007938485011312170064370047950118007170387521955327364633845969769408
313 97 31947174107888475353232645188618557394887554688115226862227889424941457191282023482980537
97 313 31947174107888475353232645188618557394887554688115226862227889424941457191282023482980537
313 121 19173272677805727875940417775604878831140634484791598593282212171868835188637457820882684
121 313 19173272677805727875940417775604878831140634484791598593282212171868835188637457820882684
313 145 -11220548863068479279936948806580241401034954394005882733820646096147169096184338946074536
145 313 -11220548863068479279936948806580241401034954394005882733820646096147169096184338946074536
313 169 13205897970543465888577680984961557682883594106878687098672578286065864875857956653122520
169 313 13205897970543465888577680984961557682883594106878687098672578286065864875857956653122520
313 193 -490890432004237651369184703092590623852869605022165639093756744618905960046292171949301
193 313 -490890432004237651369184703092590623852869605022165639093756744618905960046292171949301
313 217 2925209271411527352327924543500991960101835913127351009610243186750546645054163794520
217 313 2925209271411527352327924543500991960101835913127351009610243186750546645054163794520
313 241 7044793399195487087811173290770515785624264920701178490037735288546474957843437073
241 313 7044793399195487087811173290770515785624264920701178490037735288546474957843437073
313 265 -36458844537673993231945117640296347022933807430858106940762281470330686407948268
265 313 -36458844537673993231945117640296347022933807430858106940762281470330686407948268
313 289 19067106774543840825004575959766334786754551159996831598603617197169558139782
289 313 19067106774543840825004575959766334786754551159996831598603617197169558139782
313 313 4375412332935114651274812008765951816812224976461590565030759403173322916
312 6 1266534388762046401477924336457526395580230302264348735700992
6 312 1266534388762046401477924336457526395580230302264348735700992
312 30 -25324172442250098907657738534186777542666664830566922670105220139022965581665009664
30 312 -25324172442250098907657738534186777542666664830566922670105220139022965581665009664
312 54 -2520219630081597178052592611968459267299072373727896704776540026488267151666771767476224
54 312 -2520219630081597178052592611968459267299072373727896704776540026488267151666771767476224
312 78 343510194591760660829747064525060533307098198093875351986981336788048270580968872601168352
78 312 343510194591760660829747064525060533307098198093875351986981336788048270580968872601168352
312 102 60582268044298392957746537472650747471273816925870217214427184339169294959108839043828272
102 312 60582268044298392957746537472650747471273816925870217214427184339169294959108839043828272
312 126 -1002316160139441953617957901107578782245199908903871578291243283796601481552013034387898
126 312 -1002316160139441953617957901107578782245199908903871578291243283796601481552013034387898
312 150 57720260427015252764095423609260271577751073826889297097639636671103140145721999658500648
150 312 57720260427015252764095423609260271577751073826889297097639636671103140145721999658500648
312 174 -13420730864959077361743018867032906022011968490932840157964034594390114127443183776109431
174 312 -13420730864959077361743018867032906022011968490932840157964034594390114127443183776109431
312 198 318672041700891408073471210903964281086730524493308562913793266523869096747218040252156
198 312 318672041700891408073471210903964281086730524493308562913793266523869096747218040252156
312 222 -1107859998510845385550012564441548979157472992477154631596004810071650506243198993719
222 312 -1107859998510845385550012564441548979157472992477154631596004810071650506243198993719
312 246 -4699740285004632404600100268878505799939618558443345466450709132877467207075008932
246 312 -4699740285004632404600100268878505799939618558443345466450709132877467207075008932
312 270 11821049123946899572555535303589252337962562426208694360660977077139553173369847
270 312 11821049123946899572555535303589252337962562426208694360660977077139553173369847
312 294 -374064193325863195586382921865011598620731284394593709978013215602508566445
294 312 -374064193325863195586382921865011598620731284394593709978013215602508566445
311 11 -2827795611347872315108974918773448416140431531797241208350163960070144
11 311 -2827795611347872315108974918773448416140431531797241208350163960070144
311 35 -683788332127745396766178139484015849831564862446943304269595123638673963142424297472
35 311 -683788332127745396766178139484015849831564862446943304269595123638673963142424297472
311 59 -21815782088051513163703758094247771642709695614973239671251426592704725863773645672951808
59 311 -21815782088051513163703758094247771642709695614973239671251426592704725863773645672951808
311 83 289529292970342938124175433251862752306820820856679695417285922873659092614414292033460520
83 311 289529292970342938124175433251862752306820820856679695417285922873659092614414292033460520
311 107 -513920475078294467773310223017759904437782865601750946252942544762113612851280660339547072
107 311 -513920475078294467773310223017759904437782865601750946252942544762113612851280660339547072
311 131 -46033746392264556804023658174630624931273825045434611501746050110965202015339254731337824
131 311 -46033746392264556804023658174630624931273825045434611501746050110965202015339254731337824
311 155 -109170188788478115156833459436804616791309090558511153334242306979277381019784787244786824
155 311 -109170188788478115156833459436804616791309090558511153334242306979277381019784787244786824
311 179 11971579292839758567960680658509532795046457658137182261297209829818988670133267680949409
179 311 11971579292839758567960680658509532795046457658137182261297209829818988670133267680949409
311 203 -186001565565108309259668807935304968722357002269245915933216453345926625480377953620948
203 311 -186001565565108309259668807935304968722357002269245915933216453345926625480377953620948
311 227 303356359488105589258252450333467042457875652047310775740757213943721765960625752304
227 311 303356359488105589258252450333467042457875652047310775740757213943721765960625752304
311 251 2149976290597862531501063898823142377121206036534954185781420090697103807287747782
251 311 2149976290597862531501063898823142377121206036534954185781420090697103807287747782
311 275 -1462389166789330686181208177961633581235097238102680836940282033137416734522715
275 311 -1462389166789330686181208177961633581235097238102680836940282033137416734522715
311 299 -1263192148551940323269313103534242356645460434320216113690064060939772377539
299 311 -1263192148551940323269313103534242356645460434320216113690064060939772377539
310 16 41778432708312555143289511321327780930425853948982262679810213688973220380672
16 310 41778432708312555143289511321327780930425853948982262679810213688973220380672
310 40 36632550447013779656942859668981796021223624414009028650795984652010419710072627134464
40 310 36632550447013779656942859668981796021223624414009028650795984652010419710072627134464
310 64 -49007653205567510257150367393450107860774392063053685055359440369609169726493282141765120
64 310 -49007653205567510257150367393450107860774392063053685055359440369609169726493282141765120
310 88 100336294768388371607646990450187801099797765186856174277554152075516742454405109059630314
88 310 100336294768388371607646990450187801099797765186856174277554152075516742454405109059630314
310 112 934428531035010079203849197279178646428386455228123886640400282422193344154302033863198872
112 310 934428531035010079203849197279178646428386455228123886640400282422193344154302033863198872
310 136 -155632494075268435498315779984648789524320545059281302213007189804176092089547810411081486
136 310 -155632494075268435498315779984648789524320545059281302213007189804176092089547810411081486
310 160 151072614435341048141298469389051538876755166353611523613231265003016770924057164318868819
160 310 151072614435341048141298469389051538876755166353611523613231265003016770924057164318868819
310 184 -9325364134635620842688343785375970148671127039943825760948927841629750073880310151099188
184 310 -9325364134635620842688343785375970148671127039943825760948927841629750073880310151099188
310 208 91566669899368258592765709304926413787638380109845600520656441955188630346845480211560
208 310 91566669899368258592765709304926413787638380109845600520656441955188630346845480211560
310 232 58941262970277524030473654623018761386987781998040937886729770750681026230611558721
232 310 58941262970277524030473654623018761386987781998040937886729770750681026230611558721
310 256 -1272860647007181216332710852252367943402787086635169431946464172376625768318369004
256 310 -1272860647007181216332710852252367943402787086635169431946464172376625768318369004
310 280 646655308148685380443928908895593557148019197369021264668968460508336500177126
280 310 646655308148685380443928908895593557148019197369021264668968460508336500177126
310 304 -5290029580919631410365026703196214757651939828184029297991321665726783435
304 310 -5290029580919631410365026703196214757651939828184029297991321665726783435
309 21 -89758022267989001623341805281470530565842419782434094225843921514503042286747648
21 309 -89758022267989001623341805281470530565842419782434094225843921514503042286747648
309 45 121400387004978569782616387619966105690484119939891494467956133922831151133817634291712
45 309 121400387004978569782616387619966105690484119939891494467956133922831151133817634291712
309 69 -165357517966473036283546663543242991719533890443968017746058220060260461110782658840527872
69 309 -165357517966473036283546663543242991719533890443968017746058220060260461110782658840527872
309 93 197601705383595460053471413798153415442944053581577482183748468362883333962280080917468472
93 309 197601705383595460053471413798153415442944053581577482183748468362883333962280080917468472
309 117 -1013845213371572218625708582814473904802275634643666886534578032814322187135252118211247008
117 309 -1013845213371572218625708582814473904802275634643666886534578032814322187135252118211247008
309 141 426535945988417368764022746866148286666231974703592620976392026163043134789150924541609472
141 309 426535945988417368764022746866148286666231974703592620976392026163043134789150924541609472
309 165 -168566297622128984021393599914677274222127243667247326030229696069381689750206884863799708
165 309 -168566297622128984021393599914677274222127243667247326030229696069381689750206884863799708
309 189 6461580082636586006118050475964635245501633018639803193641571767595935243473196745028714
189 309 6461580082636586006118050475964635245501633018639803193641571767595935243473196745028714
309 213 -38090703162388383795443724286653544642903887804616891806496020679597410359518789413624
213 309 -38090703162388383795443724286653544642903887804616891806496020679597410359518789413624
309 237 -121605855990010160162820919704512781872723686056616836063909444516119042047432710940
237 309 -121605855990010160162820919704512781872723686056616836063909444516119042047432710940
309 261 621810740615284977795524949218002828781769906569960975419671410539116951573610251
261 309 621810740615284977795524949218002828781769906569960975419671410539116951573610251
309 285 -256923284828252180809201323969786798908437975285075246714981984633366392327747
285 309 -256923284828252180809201323969786798908437975285075246714981984633366392327747
309 309 -170195503347660234051528451027299760538403553884490640586554178918093111964
308 2 854527302231356667261396882554259243008
2 308 854527302231356667261396882554259243008
308 26 19492819857687984358823727597776442083202658323568693094411661516765827372687556608
26 308 19492819857687984358823727597776442083202658323568693094411661516765827372687556608
308 50 692852434680684491266620335384736708006199273273534908525252816514694373523508277149696
50 308 692852434680684491266620335384736708006199273273534908525252816514694373523508277149696
308 74 -971872287089124467321349493899555865165545245602147262862607549444957915289870614069314464
74 308 -971872287089124467321349493899555865165545245602147262862607549444957915289870614069314464
308 98 501261602040263542638818688233439736368282977389319781141745523204013361668087699145902055
98 308 501261602040263542638818688233439736368282977389319781141745523204013361668087699145902055
308 122 1137319397387569881223170777101784381407172065794043767175480206506742450017919556044226172
122 308 1137319397387569881223170777101784381407172065794043767175480206506742450017919556044226172
308 146 -912613742759820482274164422162553079042324103410100134157975755081891082265829209501861748
146 308 -912613742759820482274164422162553079042324103410100134157975755081891082265829209501861748
308 170 167521170725698505818358706631971313134871526882333805204108561081856080595181902032257538
170 308 167521170725698505818358706631971313134871526882333805204108561081856080595181902032257538
308 194 -4116701596638283710253692691085716413405556190349461499684623591875102404970273820321723
194 308 -4116701596638283710253692691085716413405556190349461499684623591875102404970273820321723
308 218 14104954550398801441726394092054096809470170161515177307039124865968783182497393461596
218 308 14104954550398801441726394092054096809470170161515177307039124865968783182497393461596
308 242 65001602430508518395534392358227508893503764375003973624471464680950013619499258574
242 308 65001602430508518395534392358227508893503764375003973624471464680950013619499258574
308 266 -123997991936614149181826298511285129846198180960925087154793583858076513434035765
266 308 -123997991936614149181826298511285129846198180960925087154793583858076513434035765
308 290 -97784256987710258824333290200371709640207941715428036475069941492085467046982
290 308 -97784256987710258824333290200371709640207941715428036475069941492085467046982
307 7 26511339232892934616632098262048171050203346508943999195135606784
7 307 26511339232892934616632098262048171050203346508943999195135606784
307 31 -192653048209220713143477529877714636674297597616760686520292170247815433087059230720
31 307 -192653048209220713143477529877714636674297597616760686520292170247815433087059230720
307 55 20761118586399708647364534774870702161693432595375030858895961367682906775465169632100352
55 307 20761118586399708647364534774870702161693432595375030858895961367682906775465169632100352
307 79 -1158117171881371752496701733007451009227283283426718781669143691494636370457657168133842080
79 307 -1158117171881371752496701733007451009227283283426718781669143691494636370457657168133842080
307 103 2563131716154156643267018769417897495920722711449251813618245653063575388654978853031835184
103 307 2563131716154156643267018769417897495920722711449251813618245653063575388654978853031835184
307 127 -1778504348229428560241592627700223143597197180150553519314422874495832474497006623997163464
127 307 -1778504348229428560241592627700223143597197180150553519314422874495832474497006623997163464
307 151 1401837736136432338205091597670195924105053314365624503332773489409307287747125730681226912
151 307 1401837736136432338205091597670195924105053314365624503332773489409307287747125730681226912
307 175 -145122738206858690905648337722905244345484166344611838261975271533011094193945457664720636
175 307 -145122738206858690905648337722905244345484166344611838261975271533011094193945457664720636
307 199 2310702472974308047754043133679603227009850444372776591501419418982393188099104679438040
199 307 2310702472974308047754043133679603227009850444372776591501419418982393188099104679438040
307 223 -3118778613591611968474244149909757304144157286027074803128589542027441464853594774672
223 307 -3118778613591611968474244149909757304144157286027074803128589542027441464853594774672
307 247 -30868449080772355743016724202174495608555049525881576536204089108961511669919723949
247 307 -30868449080772355743016724202174495608555049525881576536204089108961511669919723949
307 271 2329128413898280691145172697483662346115701244552585099974156652684103114749976
271 307 2329128413898280691145172697483662346115701244552585099974156652684103114749976
307 295 39043981341285075815973950264414965847237165366231179609979913775713676115694
295 307 39043981341285075815973950264414965847237165366231179609979913775713676115694
306 12 3986475372670560728866206891214271247614249084920995617721632735606341632
12 306 3986475372670560728866206891214271247614249084920995617721632735606341632
306 36 -9734865055016804083901985853246990154992892382207256126474550356632251234716926083072
36 306 -9734865055016804083901985853246990154992892382207256126474550356632251234716926083072
306 60 55607236220518240914864225013299663931928346553384823682489133835536671105719907759570944
60 306 55607236220518240914864225013299663931928346553384823682489133835536671105719907759570944
306 84 -170280924811121490634642185555312234912711636790186097046843232042485074276842568869411600
84 306 -170280924811121490634642185555312234912711636790186097046843232042485074276842568869411600
306 108 -6812393102717834222989395227992513287335333429972580145040300193967193604764894843166247216
108 306 -6812393102717834222989395227992513287335333429972580145040300193967193604764894843166247216
306 132 3739914384160854717697144295844724144308896786100350168674384923967104855600447432445713106
132 306 3739914384160854717697144295844724144308896786100350168674384923967104855600447432445713106
306 156 -1753533879075751525042777599395445237452406584930586399573990140276612751908972206167000428
156 306 -1753533879075751525042777599395445237452406584930586399573990140276612751908972206167000428
306 180 110470897811423763019037133622525703341310748445660418669676250808957009328660510759204652
180 306 110470897811423763019037133622525703341310748445660418669676250808957009328660510759204652
306 204 -1100359073717043059012732898687954517370759590730617624979132321660253493931200488575888
204 306 -1100359073717043059012732898687954517370759590730617624979132321660253493931200488575888
306 228 -1175207936196423941420870919084224706708205067622400212379542706795948570634991229985
228 306 -1175207936196423941420870919084224706708205067622400212379542706795948570634991229985
306 252 17347013496399352362940749871553373241131352607338488329524762730247657528999249980
252 306 17347013496399352362940749871553373241131352607338488329524762730247657528999249980
306 276 -4203270764676768767544830366269125049834821897032385280847727441878956614129644
276 306 -4203270764676768767544830366269125049834821897032385280847727441878956614129644
306 300 -5013942026377783064228307147788980636562575945966704952522562052300272632406
300 306 -5013942026377783064228307147788980636562575945966704952522562052300272632406
305 17 2293650231815339709195094034576825135522291797296510895948852731482487715266560
17 305 2293650231815339709195094034576825135522291797296510895948852731482487715266560
305 41 76100186160351775457580693890347728057919830231975264769573100681641742782506041606144
41 305 76100186160351775457580693890347728057919830231975264769573100681641742782506041606144
305 65 326810744617647521387379052107221662564459547581634982814925846215409376663481538877061120
65 305 326810744617647521387379052107221662564459547581634982814925846215409376663481538877061120
305 89 -2671158329681150403461284067368137946084937080525214920407584598169796522457941549237860144
89 305 -2671158329681150403461284067368137946084937080525214920407584598169796522457941549237860144
305 113 12688919930365536454200120255773994075570190547320312586542943559068587145992049357247456568
113 305 12688919930365536454200120255773994075570190547320312586542943559068587145992049357247456568
305 137 -6500411155225934051739040002211814887951693398776582410557326602794985803982451554145044176
137 305 -6500411155225934051739040002211814887951693398776582410557326602794985803982451554145044176
305 161 1893105782326603879095893209404458143662000149849914397069028713283274197960804342602241824
161 305 1893105782326603879095893209404458143662000149849914397069028713283274197960804342602241824
305 185 -75863597002108721247687181528902192182358237024875208052576535173272733518455080383208662
185 305 -75863597002108721247687181528902192182358237024875208052576535173272733518455080383208662
305 209 463661517647493058692531534990570561801249978032488253352755504997361979073923968908320
209 305 463661517647493058692531534990570561801249978032488253352755504997361979073923968908320
305 233 1315688904992022815764311700592808722236778885582728580535612563031948645873904706044
233 305 1315688904992022815764311700592808722236778885582728580535612563031948645873904706044
305 257 -5713905460708853945517096463323643239044705100024752893284134628868412014030954302
257 305 -5713905460708853945517096463323643239044705100024752893284134628868412014030954302
305 281 -2287961668058850834711537765448173535761352926932332423257511661570952554679875
281 305 -2287961668058850834711537765448173535761352926932332423257511661570952554679875
305 305 5290249588939312625100914627378103175879170235149706575015050956795224624680
304 22 -2487379076437285406083451901184248795560041793584319594189540150353660906064314368
22 304 -2487379076437285406083451901184248795560041793584319594189540150353660906064314368
304 46 2269461080946948589543417522489262874358748880466318497699791903000706914846779528708096
46 304 2269461080946948589543417522489262874358748880466318497699791903000706914846779528708096
304 70 1788547354676603579808668177354101281683187657757978703874321401825071495485203814577664512
70 304 1788547354676603579808668177354101281683187657757978703874321401825071495485203814577664512
304 94 -3501401056343915863214921502033150770520225391659575967425892094790263088801727808746580298
94 304 -3501401056343915863214921502033150770520225391659575967425892094790263088801727808746580298
304 118 -16297434235842018186461770367695315778807081791142873906738551435916356396382715811967683048
118 304 -16297434235842018186461770367695315778807081791142873906738551435916356396382715811967683048
304 142 10809020879036461680043079068641196895458429248533465503088742670284045565469249381544669226
142 304 10809020879036461680043079068641196895458429248533465503088742670284045565469249381544669226
304 166 -1831226513760000088100260923520750442438431948722911526848823985095545724591523495581354687
166 304 -1831226513760000088100260923520750442438431948722911526848823985095545724591523495581354687
304 190 47483516549819863715958280723833808038199891899127978009195667941990192348034964899188036
190 304 47483516549819863715958280723833808038199891899127978009195667941990192348034964899188036
304 214 -171948393685040005575871962525903973053936516811596985686894007714614204899992388109032
214 304 -171948393685040005575871962525903973053936516811596985686894007714614204899992388109032
304 238 -565049230878077695257877130183665272485804402220052407320045327989973698191694906707
238 304 -565049230878077695257877130183665272485804402220052407320045327989973698191694906707
304 262 -214678894470687996385436401822327006914993613526501063920306104551124412540455689
262 304 -214678894470687996385436401822327006914993613526501063920306104551124412540455689
304 286 4166386224101027661748834746612890900297442845725346097913051777890407333032495
286 304 4166386224101027661748834746612890900297442845725346097913051777890407333032495
303 3 -681811191682530177697667422656538499794201477120
3 303 -681811191682530177697667422656538499794201477120
303 27 305941075229640761846790340776607639350408676537825483045227106868935949507322970112
27 303 305941075229640761846790340776607639350408676537825483045227106868935949507322970112
303 51 -14610717656652097841026085940173827936825831253044441205341507752791841348868289826652160
51 303 -14610717656652097841026085940173827936825831253044441205341507752791841348868289826652160
303 75 3341672892819819208052067091338170828867407474058659324976451408546737500961435465752561280
75 303 3341672892819819208052067091338170828867407474058659324976451408546737500961435465752561280
303 99 -10194637991747780795211030699245767184436752224266693934351272612974581095332884178458371022
99 303 -10194637991747780795211030699245767184436752224266693934351272612974581095332884178458371022
303 123 29998109699681800826494757745203909485466903388693004984974820021377155568835605060387387368
123 303 29998109699681800826494757745203909485466903388693004984974820021377155568835605060387387368
303 147 -14989964942614463413146079672136681586676678031225567784576653176535717366856080632133739570
147 303 -14989964942614463413146079672136681586676678031225567784576653176535717366856080632133739570
303 171 1550037099658767410214115117438350693711643595700814675022317757209279953833336673939598136
171 303 1550037099658767410214115117438350693711643595700814675022317757209279953833336673939598136
303 195 -25871493499825795533233449889777457285055890851457776681616687554399025783886485545644620
195 303 -25871493499825795533233449889777457285055890851457776681616687554399025783886485545644620
303 219 36037380651890901782751686246094662542115023005436490934663278972370139092235115773992
219 303 36037380651890901782751686246094662542115023005436490934663278972370139092235115773992
303 243 261254434909623979788081269748768032315059207443405748733432901131250281503235241435
243 303 261254434909623979788081269748768032315059207443405748733432901131250281503235241435
303 267 565949790217002038849729741155362498514345598759299765079579453817735910029316080
267 303 565949790217002038849729741155362498514345598759299765079579453817735910029316080
303 291 -989660534699552513007652687496697017530576749973594733447431586410322441340257
291 303 -989660534699552513007652687496697017530576749973594733447431586410322441340257
302 8 46033162120879009093106093093920871275486155397754128964850160762880
8 302 46033162120879009093106093093920871275486155397754128964850160762880
302 32 3270031540283924493199460486739902794260810185246585553818505216857706093042527633408
32 302 3270031540283924493199460486739902794260810185246585553818505216857706093042527633408
302 56 87618873858206095550714518237087678186491816042799123544738132004589972158236735003033600
56 302 87618873858206095550714518237087678186491816042799123544738132004589972158236735003033600
302 80 1605380716294213945722351847203004817596764242989698788440866433208267879270481744954085024
80 302 1605380716294213945722351847203004817596764242989698788440866433208267879270481744954085024
302 104 47579928538744739740103375408662741585177405613533106985052939754294090223826564361821189016
104 302 47579928538744739740103375408662741585177405613533106985052939754294090223826564361821189016
302 128 -45377683278387302602963186030472948295626851219317103958341586825894798492487392581240609984
128 302 -45377683278387302602963186030472948295626851219317103958341586825894798492487392581240609984
302 152 17686882384634430802048002294644614908329923132062532565781423417014285195493208538175364664
152 302 17686882384634430802048002294644614908329923132062532565781423417014285195493208538175364664
302 176 -1166034515210941989914406418796852834827691725836616766374412355394990894286579709910763752
176 302 -1166034515210941989914406418796852834827691725836616766374412355394990894286579709910763752
302 200 12274361988781527335739178435215802794195270477773936017253615640679883383196948692060728
200 302 12274361988781527335739178435215802794195270477773936017253615640679883383196948692060728
302 224 8272172477538582258303225693217410498701563916698016826947970898269339877785657203052
224 302 8272172477538582258303225693217410498701563916698016826947970898269339877785657203052
302 248 -116689854895916263324579222952615942434523301995516983245651046125358708332769781765
248 302 -116689854895916263324579222952615942434523301995516983245651046125358708332769781765
302 272 -204577077618332355009148061983349073711433136976097837116535202044916206900078470
272 302 -204577077618332355009148061983349073711433136976097837116535202044916206900078470
302 296 237258398477191563566377652530210016218805268143910355317061030398093967160902
296 302 237258398477191563566377652530210016218805268143910355317061030398093967160902
301 13 986871265875314729269478913021102884896871386732803834611612480574251335680
13 301 986871265875314729269478913021102884896871386732803834611612480574251335680
301 37 -224453098894301474557545053828498646658897016296194598114011903715787173114192536272896
37 301 -224453098894301474557545053828498646658897016296194598114011903715787173114192536272896
301 61 -482050830280833267357954868691738781137790547789667880723813931481618025197243559617265664
61 301 -482050830280833267357954868691738781137790547789667880723813931481618025197243559617265664
301 85 10684633318724601613845136269472551784339748322100859681630338392679186089831766196951440576
85 301 10684633318724601613845136269472551784339748322100859681630338392679186089831766196951440576
301 109 -102092574476823666640156818472900390657599493912072907138016284061333983831156075501142126472
109 301 -102092574476823666640156818472900390657599493912072907138016284061333983831156075501142126472
301 133 71916079029668138567186733490487856593083064905116585951545936457614126985741591610098268600
133 301 71916079029668138567186733490487856593083064905116585951545936457614126985741591610098268600
301 157 -18855594896050754694513982673449848340800294338322770213802659823833137728343307541670898848
157 301 -18855594896050754694513982673449848340800294338322770213802659823833137728343307541670898848
301 181 802983070592288379375071168841053646752633537039052506124756038041608335139345875024873450
181 301 802983070592288379375071168841053646752633537039052506124756038041608335139345875024873450
301 205 -5399055702162047005192867426032963469836210470748887194807737963116929664479581418415592
205 301 -5399055702162047005192867426032963469836210470748887194807737963116929664479581418415592
301 229 -6448994313087497479622593143233409251415841481306961883453798272911018551489006165376
229 301 -6448994313087497479622593143233409251415841481306961883453798272911018551489006165376
301 253 -8037725001419064308076906999409476229641328419128232478929579230453674149643991050
253 301 -8037725001419064308076906999409476229641328419128232478929579230453674149643991050
301 277 184606096816862381700974268464414893221904715786297106561176347920367567711272185
277 301 184606096816862381700974268464414893221904715786297106561176347920367567711272185
301 301 -124585979142976442387957336527595885761358714007462055078083504958616452536798
300 18 82200771748617570009829279163138335655699391442116598712840192125941262669840384
18 300 82200771748617570009829279163138335655699391442116598712840192125941262669840384
300 42 -1728043211230892256319836698422942924251539331274397457188938558805891855372704911720448
42 300 -1728043211230892256319836698422942924251539331274397457188938558805891855372704911720448
300 66 -2055823061482672242494767683084551945528305987651103800459305247120458783181886805118074880
66 300 -2055823061482672242494767683084551945528305987651103800459305247120458783181886805118074880
300 90 14363405874635046187093454367408914433003620170432736070752043710459736756386707433944391184
90 300 14363405874635046187093454367408914433003620170432736070752043710459736756386707433944391184
300 114 155920948420893333717236671582407215930956736244309253276029569617636365643573477300417870288
114 300 155920948420893333717236671582407215930956736244309253276029569617636365643573477300417870288
300 138 -105406432129299412360418533087120711233087839525499406634826057183378764713334284260893823386
138 300 -105406432129299412360418533087120711233087839525499406634826057183378764713334284260893823386
300 162 17799964528554472934647267959811584524156868521991241760792353313523335065800535623509112772
162 300 17799964528554472934647267959811584524156868521991241760792353313523335065800535623509112772
300 186 -495512986696235684859373166112277514523789580744449117449214624371086669072583371770913667
186 300 -495512986696235684859373166112277514523789580744449117449214624371086669072583371770913667
300 210 2050544603696929205331556732601442702674855466385186809253889068919187550699796043997616
210 300 2050544603696929205331556732601442702674855466385186809253889068919187550699796043997616
300 234 1169390939458568737418883628328384820446254135144746803515655442723615958438218560781
234 300 1169390939458568737418883628328384820446254135144746803515655442723615958438218560781
300 258 37329580889431371997123838678299836170367838978732021842740283999530948676663323022
258 300 37329580889431371997123838678299836170367838978732021842740283999530948676663323022
300 282 -100642671538688487208002527238924543106742621524495803935223220091811052383253507
282 300 -100642671538688487208002527238924543106742621524495803935223220091811052383253507
299 23 -49851858902390557762481972422995808127483835249300102309273763522682930809429557248
23 299 -49851858902390557762481972422995808127483835249300102309273763522682930809429557248
299 47 -14350234757614193895693985094378797449199300168049793259213311617937970327669373738680320
47 299 -14350234757614193895693985094378797449199300168049793259213311617937970327669373738680320
299 71 -3210001819683806312030951181174084261885823943137187325914072478513743396766697635190632448
71 299 -3210001819683806312030951181174084261885823943137187325914072478513743396766697635190632448
299 95 36376396646143140123364433991365550176555366177300129082595917840326092830474732672682986040
95 299 36376396646143140123364433991365550176555366177300129082595917840326092830474732672682986040
299 119 -292042336367754545107090195705810235656813791525341979602508179380922964175319486243615071168
119 299 -292042336367754545107090195705810235656813791525341979602508179380922964175319486243615071168
299 143 137539333756115415366793992737222241495774195052681288814081840515123968499345317818118806784
143 299 137539333756115415366793992737222241495774195052681288814081840515123968499345317818118806784
299 167 -14862324931387942827651930392254384773345672401795241366196955591916477767581340533647526448
167 299 -14862324931387942827651930392254384773345672401795241366196955591916477767581340533647526448
299 191 267771861657653347612792237233744986681176820153306442407497327622928787243557386114776547
191 299 267771861657653347612792237233744986681176820153306442407497327622928787243557386114776547
299 215 -530677898269705209931034247863701535826283397042092955228122495441953616329576547545732
215 299 -530677898269705209931034247863701535826283397042092955228122495441953616329576547545732
299 239 2469586168701416872788765205761837441342069564844905547274575645210798321891842508
239 299 2469586168701416872788765205761837441342069564844905547274575645210798321891842508
299 263 -18603881317238883442920539451240030890230974267777531479092949480654946522638695240
263 299 -18603881317238883442920539451240030890230974267777531479092949480654946522638695240
299 287 19832120928527313119251457907143543263378619518191972328715013715453167417469661
287 299 19832120928527313119251457907143543263378619518191972328715013715453167417469661
298 4 12558092257946846935365331735728265343035728924908716032
4 298 12558092257946846935365331735728265343035728924908716032
298 28 3684111140350312195827585360323947741202924433110865728145165039948207812624150167552
28 298 3684111140350312195827585360323947741202924433110865728145165039948207812624150167552
298 52 -166142905969568270213670591094674790199663103380807508036748079695385372543265352174272512
52 298 -166142905969568270213670591094674790199663103380807508036748079695385372543265352174272512
298 76 -9288261845635842184844586083743909630715798818590264156735810503864845707694033621715498240
76 298 -9288261845635842184844586083743909630715798818590264156735810503864845707694033621715498240
298 100 -279917975532406023265288183646063945877892813404958316176920696774648744231126046594492719142
100 298 -279917975532406023265288183646063945877892813404958316176920696774648744231126046594492719142
298 124 417804253673777633972578743266664560697952106384939559154434304877322404691973371635172865176
124 298 417804253673777633972578743266664560697952106384939559154434304877322404691973371635172865176
298 148 -158218163648113710495694698442693574914303322476999297177860930788230496190262773508366067212
148 298 -158218163648113710495694698442693574914303322476999297177860930788230496190262773508366067212
298 172 11175718957230137552738813373225762536800727286948139774172652848651029219919297121248452659
172 298 11175718957230137552738813373225762536800727286948139774172652848651029219919297121248452659
298 196 -130899753143044052216409139315610977296693844225639948452192132307470140277423469483015301
196 298 -130899753143044052216409139315610977296693844225639948452192132307470140277423469483015301
298 220 98045158493647482485888130296968538044896252973529564476953209031356575193600991177568
220 298 98045158493647482485888130296968538044896252973529564476953209031356575193600991177568
298 244 -771606929761137585051678923846707254120874448422891993049163629683139832523215434536
244 298 -771606929761137585051678923846707254120874448422891993049163629683139832523215434536
298 268 7892135046141482895692835812301389570892441581035414865495026404285567687685965517
268 298 7892135046141482895692835812301389570892441581035414865495026404285567687685965517
298 292 -6371810413512252072884557856931339542556388322927853240011702734398438404522082
292 298 -6371810413512252072884557856931339542556388322927853240011702734398438404522082
297 9 23814965957407041141684808267527081811413154916037114449883150036238336
9 297 23814965957407041141684808267527081811413154916037114449883150036238336
297 33 102699715715945211342948269737722492805676339232249162210537940165243885667221705326592
33 297 102699715715945211342948269737722492805676339232249162210537940165243885667221705326592
297 57 -489132413031258065241914026784372656306727774101407009741794858596543625197104898265579520
57 297 -489132413031258065241914026784372656306727774101407009741794858596543625197104898265579520
297 81 -12646509144550109443422170483081818588348419429220958859759901975224533373585925178717982208
81 297 -12646509144550109443422170483081818588348419429220958859759901975224533373585925178717982208
297 105 614826706502271420894189907132649122501343722524051841852005723123184272513504838961829300672
105 297 614826706502271420894189907132649122501343722524051841852005723123184272513504838961829300672
297 129 -638862321472469834094491819755569790201013877619036662341527304342042430341429941025546290624
129 297 -638862321472469834094491819755569790201013877619036662341527304342042430341429941025546290624
297 153 167009126488328295995067082418482411458463896407654622581161488041676558819151074076120177024
153 297 167009126488328295995067082418482411458463896407654622581161488041676558819151074076120177024
297 177 -7714052064006052942654941545273678414896394285894044056915117768514930329216177017827668600
177 297 -7714052064006052942654941545273678414896394285894044056915117768514930329216177017827668600
297 201 60099574755094742483410507905822880229275956478954862638695812323782943101124513017937056
201 297 60099574755094742483410507905822880229275956478954862638695812323782943101124513017937056
297 225 -74245750128504091239750389948822124092100559391026024257699130351346659259968913276524
225 297 -74245750128504091239750389948822124092100559391026024257699130351346659259968913276524
297 249 1287075995329079593598082675528878497949222135367758282150289724741654167607914577312
249 297 1287075995329079593598082675528878497949222135367758282150289724741654167607914577312
297 273 -4599783271485997812287699876221609877625583284702149206024272243174443155801582941
273 297 -4599783271485997812287699876221609877625583284702149206024272243174443155801582941
297 297 2086785868768910977598334053159737533080994522630930060906725152728729557964448
296 14 110752143767599576256131418791539639462884643286605408497812739450472564260864
14 296 110752143767599576256131418791539639462884643286605408497812739450472564260864
296 38 696537979176359176291638797887054779713234032488780974558316284880048705733173543174144
38 296 696537979176359176291638797887054779713234032488780974558316284880048705733173543174144
296 62 6190763960462142207982038587434830599318294516700117450674998834861305725580061416552792064
62 296 6190763960462142207982038587434830599318294516700117450674998834861305725580061416552792064
296 86 -56022416901502653811438744032530412328323606266553215478814273516644209420827644939945284768
86 296 -56022416901502653811438744032530412328323606266553215478814273516644209420827644939945284768
296 110 -1158560095279140839660979702284329730750730446430900764507303048391931755466957305153992103784
110 296 -1158560095279140839660979702284329730750730446430900764507303048391931755466957305153992103784
296 134 878759252142791353716918484839725782039475483228458662862352795316915236598655256345949145808
134 296 878759252142791353716918484839725782039475483228458662862352795316915236598655256345949145808
296 158 -155456567657875159397735428329388621487084231883373074177213523091595814527639877512594839016
158 296 -155456567657875159397735428329388621487084231883373074177213523091595814527639877512594839016
296 182 4730157673872775860969003527901079867909761008451893280429135573968014206467289563800504584
182 296 4730157673872775860969003527901079867909761008451893280429135573968014206467289563800504584
296 206 -23968272554885659311380870452103750084782435262480870080927952053165549576468366383807720
206 296 -23968272554885659311380870452103750084782435262480870080927952053165549576468366383807720
296 230 64284113800125615054279829457178936274202189026612188447397241938142101857114504769076
230 296 64284113800125615054279829457178936274202189026612188447397241938142101857114504769076
296 254 -876196339166154325326629712377750112322405118847886764733425377459029423819955801971
254 296 -876196339166154325326629712377750112322405118847886764733425377459029423819955801971
296 278 1714155279109047973770933196797933024719809465733993003008909876521149107599312415
278 296 1714155279109047973770933196797933024719809465733993003008909876521149107599312415
295 19 2026596429636056050811591735528286470573053055254878279712735984447966387298631680
19 295 2026596429636056050811591735528286470573053055254878279712735984447966387298631680
295 43 -22229366870860113919727964267569171825047600558295647071263911275834773031423314304696320
43 295 -22229366870860113919727964267569171825047600558295647071263911275834773031423314304696320
295 67 -13158224491631476068045260978781805738731103059808118445240397640400203125897605304240832512
67 295 -13158224491631476068045260978781805738731103059808118445240397640400203125897605304240832512
295 91 -145505586584572560493457735965462200706221464709200516330383671361304371321898930690731944160
91 295 -145505586584572560493457735965462200706221464709200516330383671361304371321898930690731944160
295 115 2098654895787710320353088521188581327604819097099071964413069009713244732042511182857225303344
115 295 2098654895787710320353088521188581327604819097099071964413069009713244732042511182857225303344
295 139 -1105542573068257511851551880199196405870615032730702865827963641253862623942275566187041472888
139 295 -1105542573068257511851551880199196405870615032730702865827963641253862623942275566187041472888
295 163 129328870068731721379030500696021376050000612730126255549401629053163837044543199219299985728
163 295 129328870068731721379030500696021376050000612730126255549401629053163837044543199219299985728
295 187 -2593108295145610715864675312386453888927362860265692066919329083729216276818242409484696504
187 295 -2593108295145610715864675312386453888927362860265692066919329083729216276818242409484696504
295 211 8318699822695120495130609034345068120096954089794434124055169601820484788255962597203096
211 295 8318699822695120495130609034345068120096954089794434124055169601820484788255962597203096
295 235 -44854069020478986527317802563365028996420684414810289720614885468061047201473737031016
235 295 -44854069020478986527317802563365028996420684414810289720614885468061047201473737031016
295 259 373884464047486757310312576369359355125253960971989131864164295511671478000043318797
259 295 373884464047486757310312576369359355125253960971989131864164295511671478000043318797
295 283 -311385747033338827442566344007982267077590094314248204008825119329688234867924219
283 295 -311385747033338827442566344007982267077590094314248204008825119329688234867924219
294 24 -840244900849850142263125499841264115329433855272652991436320521075424813092494639104
24 294 -840244900849850142263125499841264115329433855272652991436320521075424813092494639104
294 48 368608953386580392514200416442676775294264576243680016429262847248640472975972552975319040
48 294 368608953386580392514200416442676775294264576243680016429262847248640472975972552975319040
294 72 35209328609057163877019953054726437799206197345513057442572363633313965171550615736057905152
72 294 35209328609057163877019953054726437799206197345513057442572363633313965171550615736057905152
294 96 1291842614300824601527809239247294025373137115293849199524246656794264787622720203825365441740
96 294 1291842614300824601527809239247294025373137115293849199524246656794264787622720203825365441740
294 120 -3150359989949881273032467464595934524378625309119240733419645167716565901141397395189772847312
120 294 -3150359989949881273032467464595934524378625309119240733419645167716565901141397395189772847312
294 144 1268471314452664173487122978009685324223225449080751177633872685215018002538745353442790629698
144 294 1268471314452664173487122978009685324223225449080751177633872685215018002538745353442790629698
294 168 -98261924799524064454759245053315632278646741349444301921821614968527313786378810027116653144
168 294 -98261924799524064454759245053315632278646741349444301921821614968527313786378810027116653144
294 192 1331467162240133226553854401033308725302084815467308839096087887804426276868349138065317812
192 294 1331467162240133226553854401033308725302084815467308839096087887804426276868349138065317812
294 216 -3752951395401980706146409672524122564507865360655461076104912993952722298591872802086260
216 294 -3752951395401980706146409672524122564507865360655461076104912993952722298591872802086260
294 240 35617001218871004552598750169308735793177015273826254312536797560287012440489568088455
240 294 35617001218871004552598750169308735793177015273826254312536797560287012440489568088455
294 264 -160309239462369945666547706999155447541269386908191287653277587942735804890865452912
264 294 -160309239462369945666547706999155447541269386908191287653277587942735804890865452912
294 288 116509092421818115582828634468877826281811340501937312131632474842559252590066480
288 294 116509092421818115582828634468877826281811340501937312131632474842559252590066480
293 5 -10055241541272465632883178376943094608766984831670007457906688
5 293 -10055241541272465632883178376943094608766984831670007457906688
293 29 24789895787745970268222809434382395567611323974914632733551587567489593214579700137984
29 293 24789895787745970268222809434382395567611323974914632733551587567489593214579700137984
293 53 1084912365395611628577006349198954963141419910019463493951029692455767051605378558356094976
53 293 1084912365395611628577006349198954963141419910019463493951029692455767051605378558356094976
293 77 -32713906286477798761710228673145402772364856000629992306921358771140052163872792046572069888
77 293 -32713906286477798761710228673145402772364856000629992306921358771140052163872792046572069888
293 101 -2981185327944087320363479131364983081046673196366147424153176978719240602069991111209018299964
101 293 -2981185327944087320363479131364983081046673196366147424153176978719240602069991111209018299964
293 125 4737273234775340634316390259174992536182962989107139637391845107502872395913333792018686293599
125 293 4737273234775340634316390259174992536182962989107139637391845107502872395913333792018686293599
293 149 -1325135890780877052461999697548349999895969843652671877900542350186406507601439427006895529778
149 293 -1325135890780877052461999697548349999895969843652671877900542350186406507601439427006895529778
293 173 67826666006185888341510714754137303459866618999471245633742437974136452368353538074266786163
173 293 67826666006185888341510714754137303459866618999471245633742437974136452368353538074266786163
293 197 -633316510656748175374507125611925265026888399202345993042238999261304007344909383992002173
197 293 -633316510656748175374507125611925265026888399202345993042238999261304007344909383992002173
293 221 2385828193149397461164485475194116065036261693895815834986360761802924751083382636021662
221 293 2385828193149397461164485475194116065036261693895815834986360761802924751083382636021662
293 245 -26213070701619924056567955659457463646398656952671700984957875434891401823197969798326
245 293 -26213070701619924056567955659457463646398656952671700984957875434891401823197969798326
293 269 75731773199899290828587677185879074159305154197470686672557374223463791011030604564
269 293 75731773199899290828587677185879074159305154197470686672557374223463791011030604564
293 293 -21859642441122655201491130994563681953056341658634271052240021003365004151946496
292 10 6015671329670928813657757103390222481913328709872200669898200904382808064
10 292 6015671329670928813657757103390222481913328709872200669898200904382808064
292 34 791922908092109122076919529137447405877774835133670065504334651473172793727935439699968
34 292 791922908092109122076919529137447405877774835133670065504334651473172793727935439699968
292 58 -11650287844401845458581555651215181466358232838475879415824053966407785257804613801441492992
58 292 -11650287844401845458581555651215181466358232838475879415824053966407785257804613801441492992
292 82 128322970122307466915537584187760572510280442211665863972286853940227420587030450981350926080
82 292 128322970122307466915537584187760572510280442211665863972286853940227420587030450981350926080
292 106 6733124538790534172639412234809577000354927042190434884090823935292743182150414263653045017230
106 292 6733124538790534172639412234809577000354927042190434884090823935292743182150414263653045017230
292 130 -6373214912853454508054928849286571502397166554352183121430565703217153967202278398536675508918
130 292 -6373214912853454508054928849286571502397166554352183121430565703217153967202278398536675508918
292 154 1230105654031176415870591782114558879705267605348415332867519237321914649887205494301109765550
154 292 1230105654031176415870591782114558879705267605348415332867519237321914649887205494301109765550
292 178 -41796738388164195945071864367451715961088977732444132967043455973617753991738474020209314470
178 292 -41796738388164195945071864367451715961088977732444132967043455973617753991738474020209314470
292 202 272487547935342279602506353083948622270100217186226661443753774623117275127592745229777422
202 292 272487547935342279602506353083948622270100217186226661443753774623117275127592745229777422
292 226 -1528907214421630776132265698916695694130061320704353180414428938297605128135848363165930
226 292 -1528907214421630776132265698916695694130061320704353180414428938297605128135848363165930
292 250 13726215870907539427780886090623206389211143517031333115522285419102096140824318351058
250 292 13726215870907539427780886090623206389211143517031333115522285419102096140824318351058
292 274 -22092783878051888553745842293897865240196572267812859690084894807627484306023357281
274 292 -22092783878051888553745842293897865240196572267812859690084894807627484306023357281
291 15 6876267306704504185963749845006685542129844013664756469798477988376188146417664
15 291 6876267306704504185963749845006685542129844013664756469798477988376188146417664
291 39 20111920604835083569601379190082563441642802275588862923856160253733687408893303287971840
39 291 20111920604835083569601379190082563441642802275588862923856160253733687408893303287971840
291 63 48400573730363383181404312976364800709626819309022769348693008606889737593750666462698668032
63 291 48400573730363383181404312976364800709626819309022769348693008606889737593750666462698668032
291 87 652456831471857970893505964751729099803952142353068411798481447230373190101304587421335745408
87 291 652456831471857970893505964751729099803952142353068411798481447230373190101304587421335745408
291 111 -12048679874736325950125627250599259673710139531373158540466447861447876664620296569314774206634
111 291 -12048679874736325950125627250599259673710139531373158540466447861447876664620296569314774206634
291 135 7894935133880370188475025982314428134740359749921789423260268624874457405768045151228947559366
135 291 7894935133880370188475025982314428134740359749921789423260268624874457405768045151228947559366
291 159 -1029550766106745833340286985788809656984277436833949168322277398985611497467869760726686369717
159 291 -1029550766106745833340286985788809656984277436833949168322277398985611497467869760726686369717
291 183 23632199990983307762537576807694303932407130782196830905999697111738648890464724551343635598
183 291 23632199990983307762537576807694303932407130782196830905999697111738648890464724551343635598
291 207 -118835390666801198233871327706752875332563928339144914692130666591079185615757330541026192
207 291 -118835390666801198233871327706752875332563928339144914692130666591079185615757330541026192
291 231 952327044617559366742575888279350648967207065139909575709700521431732708847715189048630
231 291 952327044617559366742575888279350648967207065139909575709700521431732708847715189048630
291 255 -5553610150404620683211612436225745976515142493819855851065412498613055454073966168887
255 291 -5553610150404620683211612436225745976515142493819855851065412498613055454073966168887
291 279 3792337728884854634131253272559392589188965501988319616793761750259154937185777284
279 291 3792337728884854634131253272559392589188965501988319616793761750259154937185777284
290 20 39012979597941251645765738717453909764428305485690247616957304180697695159553359872
20 290 39012979597941251645765738717453909764428305485690247616957304180697695159553359872
290 44 -178567285539639439143276385762052465665550059215886261865188037397498215279457256955969536
44 290 -178567285539639439143276385762052465665550059215886261865188037397498215279457256955969536
290 68 -62774186611083927732761633638937132321518229171524929400758845772211614384484752146219270144
68 290 -62774186611083927732761633638937132321518229171524929400758845772211614384484752146219270144
290 92 -4478687608518496372244610938337023134046285014479333058830731148394379907698016745511883506272
92 290 -4478687608518496372244610938337023134046285014479333058830731148394379907698016745511883506272
290 116 19823606672273484721771013502251099243060052039199693348636821746746780620265703980472388151877
116 290 19823606672273484721771013502251099243060052039199693348636821746746780620265703980472388151877
290 140 -9140500210987716639864182379309089718072370092021169090923935909449491170778377289643961903447
140 290 -9140500210987716639864182379309089718072370092021169090923935909449491170778377289643961903447
290 164 793725516936339203190410623435284541457109016567178316125958314120763006254589191041598484610
164 290 793725516936339203190410623435284541457109016567178316125958314120763006254589191041598484610
290 188 -12684930031324417693989224637778824223931693879242691256836305971197758171661011293973595053
188 290 -12684930031324417693989224637778824223931693879242691256836305971197758171661011293973595053
290 212 63891726929789810862794077287290369992649876613350596056989046060637173082826610916813074
212 290 63891726929789810862794077287290369992649876613350596056989046060637173082826610916813074
290 236 -614127676459338709384765101922498517823804209557910480078168549572786906647981704081210
236 290 -614127676459338709384765101922498517823804209557910480078168549572786906647981704081210
290 260 2306438640900827472446345433263392092576059383953678018533130536001537255834757261604
260 290 2306438640900827472446345433263392092576059383953678018533130536001537255834757261604
290 284 -1517001700214046919162703779385189573144502500275302899271620972348533260043603094
284 290 -1517001700214046919162703779385189573144502500275302899271620972348533260043603094
289 1 21070586293477398571831525376000
1 289 21070586293477398571831525376000
289 25 -11770810531472081507360666464615269774417508779946925387544349956524428911066866515968
25 289 -11770810531472081507360666464615269774417508779946925387544349956524428911066866515968
289 49 -926881892481227117073259537549076743531836746479032128438692519977776160318762510188544000
49 289 -926881892481227117073259537549076743531836746479032128438692519977776160318762510188544000
289 73 90422904443005991723165904060822362694460183893518484329507715647548022075023928352786268160
73 289 90422904443005991723165904060822362694460183893518484329507715647548022075023928352786268160
289 97 11924741311776349281453916525459932324186692785464589696612707914876962408279964444836073199856
97 289 11924741311776349281453916525459932324186692785464589696612707914876962408279964444836073199856
289 121 -29807071263631363754881287188867605635801980724416106550663623088972306240127696208471005543557
121 289 -29807071263631363754881287188867605635801980724416106550663623088972306240127696208471005543557
289 145 9488244396094464757833266604449527891871404489046607388499806075989860913525267796859007309591
145 289 9488244396094464757833266604449527891871404489046607388499806075989860913525267796859007309591
289 169 -549306714419013822069841704428247277866861937035936113260905430075953686981941765508802256260
169 289 -549306714419013822069841704428247277866861937035936113260905430075953686981941765508802256260
289 193 6247004640780408972197621846603744177809985327108725533747325243437145235373654958936648271
193 289 6247004640780408972197621846603744177809985327108725533747325243437145235373654958936648271
289 217 -37659239382644909759370713033129744464338781644535121892831186385662087646925680730033890
217 289 -37659239382644909759370713033129744464338781644535121892831186385662087646925680730033890
289 241 360688043626884828187450073760780570758806722711400563839852455713214247206132509323498
241 289 360688043626884828187450073760780570758806722711400563839852455713214247206132509323498
289 265 -939459459646489103836272171274843087209806613642317510264897641626397185834638024541
265 289 -939459459646489103836272171274843087209806613642317510264897641626397185834638024541
289 289 49213690754906477573979376194768470089089491086005248830730319612608245990201432
288 6 333814976951454693940551448036216154911011531368026700285210525696
6 288 333814976951454693940551448036216154911011531368026700285210525696
288 30 -56766288696340881972929949062889423151137652766699230734543518931664614456136845754368
30 288 -56766288696340881972929949062889423151137652766699230734543518931664614456136845754368
288 54 12871593819148842093322163716061372966570989828136945838067452381148462895406098498227011584
54 288 12871593819148842093322163716061372966570989828136945838067452381148462895406098498227011584
288 78 248144969909446217554929817487977461642337554128364409710293747053237432152509804723520602112
78 288 248144969909446217554929817487977461642337554128364409710293747053237432152509804723520602112
288 102 -30577244015802014047031817686566150669644761642145972346744147674204845820680186194137971968468
102 288 -30577244015802014047031817686566150669644761642145972346744147674204845820680186194137971968468
288 126 40529739522279987480167198688178007856205806666800366540216543237699392777996729248671427066116
126 288 40529739522279987480167198688178007856205806666800366540216543237699392777996729248671427066116
288 150 -8871115901057247992902756354472282251435899096625333740308304294541588502583601352660934194635
150 288 -8871115901057247992902756354472282251435899096625333740308304294541588502583601352660934194635
288 174 344437992410988413676185853824908542501998250196609429420773505453962875458636796890104570370
174 288 344437992410988413676185853824908542501998250196609429420773505453962875458636796890104570370
288 198 -2930411532772357250689686736010015251739726707844556289408686510999251197021109318136039952
198 288 -2930411532772357250689686736010015251739726707844556289408686510999251197021109318136039952
288 222 22742381055358524894874130369184524750416920981862317693246236757397637825916558920005698
222 288 22742381055358524894874130369184524750416920981862317693246236757397637825916558920005698
288 246 -168942298016345581873643988041509916729365966926034186018426493297973403973826308413255
246 288 -168942298016345581873643988041509916729365966926034186018426493297973403973826308413255
288 270 216221796677585597454537339869579351326329434870063518096666100276609490801033391420
270 288 216221796677585597454537339869579351326329434870063518096666100276609490801033391420
287 11 899330393322695399492207899637437029096460076882149729560690572887360274432
11 287 899330393322695399492207899637437029096460076882149729560690572887360274432
287 35 -7077226932038130456700487479780720061259532244858803576914979485037917810788371858980864
35 287 -7077226932038130456700487479780720061259532244858803576914979485037917810788371858980864
287 59 -47966536414374020955182527978887419703562895116303362295405434942441530882231539511714643968
59 287 -47966536414374020955182527978887419703562895116303362295405434942441530882231539511714643968
287 83 -2624646877341856402705427219883927035822820056524033857145083548737101197982698345504599228416
83 287 -2624646877341856402705427219883927035822820056524033857145083548737101197982698345504599228416
287 107 57317060368545939528204960731231639808390780517899251339036985133194856393967184928901461427624
107 287 57317060368545939528204960731231639808390780517899251339036985133194856393967184928901461427624
287 131 -50500516042295985671794010884937506545859928008000452208961556191715663765447419579457442154160
131 287 -50500516042295985671794010884937506545859928008000452208961556191715663765447419579457442154160
287 155 7544813286718686961849517500919031007490232934714819527356677226474974197016734799788388345632
155 287 7544813286718686961849517500919031007490232934714819527356677226474974197016734799788388345632
287 179 -202565802383815457561325094719381310164808800808351633015940608385317188815550582021713076863
179 287 -202565802383815457561325094719381310164808800808351633015940608385317188815550582021713076863
287 203 1466437967494427227456544101079175390935210887800090060161722546229130180708386570096844070
203 287 1466437967494427227456544101079175390935210887800090060161722546229130180708386570096844070
287 227 -13333266715249216894322086758884821666973501099792079252815285552179047548287527540802520
227 287 -13333266715249216894322086758884821666973501099792079252815285552179047548287527540802520
287 251 64663692264451792586137916769144149690124570889302785380517670677602947941888205831138
251 287 64663692264451792586137916769144149690124570889302785380517670677602947941888205831138
287 275 -33914050545033254580699390192854103528799304900536150066295706122922852124187398279
275 287 -33914050545033254580699390192854103528799304900536150066295706122922852124187398279
286 16 252257892905074916759325267181443811055231662998726704903956769359550800929488896
16 286 252257892905074916759325267181443811055231662998726704903956769359550800929488896
286 40 148550668235376951025948643832774552719695704595745122182832457270192262209055977308684288
40 286 148550668235376951025948643832774552719695704595745122182832457270192262209055977308684288
286 64 29641250162895018147591628196267943320673059749491713845923097255671980670878018378181640192
64 286 29641250162895018147591628196267943320673059749491713845923097255671980670878018378181640192
286 88 12180461705918653373466464104617661845805415837064475388173552577099287097299600476626224388096
88 286 12180461705918653373466464104617661845805415837064475388173552577099287097299600476626224388096
286 112 -104115495986180139077113859083823440898664892377722574704816527364861547716418550456498828612830
112 286 -104115495986180139077113859083823440898664892377722574704816527364861547716418550456498828612830
286 136 59167059451827322763408834403397176582662781225436139569711300352794416574571333186619550444330
136 286 59167059451827322763408834403397176582662781225436139569711300352794416574571333186619550444330
286 160 -5887005164339120055337600108914130798601695256490583251607066401780774208394549285205397987499
160 286 -5887005164339120055337600108914130798601695256490583251607066401780774208394549285205397987499
286 184 111994459918527909119827493266656165946361632697283788664913722480811507848848769176126971026
184 286 111994459918527909119827493266656165946361632697283788664913722480811507848848769176126971026
286 208 -803102514434494553377772929993607329937549477771914825332119686394878630372501960921552008
208 286 -803102514434494553377772929993607329937549477771914825332119686394878630372501960921552008
286 232 7628487936891648135248693560650876293634601491185032466049278765680446309321081304510692
232 286 7628487936891648135248693560650876293634601491185032466049278765680446309321081304510692
286 256 -25706760064553242248976982149262117101069650833403133867455694596294053994678633950151
256 286 -25706760064553242248976982149262117101069650833403133867455694596294053994678633950151
286 280 13529004079980544483109465884022193910857419722282852695524199600406901144242361209
280 286 13529004079980544483109465884022193910857419722282852695524199600406901144242361209
285 21 657702048393011615933285440984006376432698168179364463312761627006974926488023859200
21 285 657702048393011615933285440984006376432698168179364463312761627006974926488023859200
285 45 -137755532509647905204581762506458323740899188403621081403914309977477421178480080126476288
45 285 -137755532509647905204581762506458323740899188403621081403914309977477421178480080126476288
285 69 295419635875487308035690256957335911109587500706658593785250167852104762341100850206375673856
69 285 295419635875487308035690256957335911109587500706658593785250167852104762341100850206375673856
285 93 -39348909216145370937228154056489543840085998241539317878528366279883793440864309693557075243008
93 285 -39348909216145370937228154056489543840085998241539317878528366279883793440864309693557075243008
285 117 160598029221787582440570422968559211454143331006372601493671740484653668928956834417719880567592
117 285 160598029221787582440570422968559211454143331006372601493671740484653668928956834417719880567592
285 141 -61708578730668452725383104023033108776092745977157481029710044398578221374081092361896197545192
141 285 -61708578730668452725383104023033108776092745977157481029710044398578221374081092361896197545192
285 165 4117211482225005841624630111015519483689770864086951840004460789244800676570421955669746972480
165 285 4117211482225005841624630111015519483689770864086951840004460789244800676570421955669746972480
285 189 -57384259271382897886428005026383060803711981402691534139936932173658239359334971122108639913
189 285 -57384259271382897886428005026383060803711981402691534139936932173658239359334971122108639913
285 213 458039169954302701954005989228860898877380688673781344710426895987448998115624732418964660
213 285 458039169954302701954005989228860898877380688673781344710426895987448998115624732418964660
285 237 -4009579529408786698692598947133783221612658280328694762016303173552224138796230090467304
237 285 -4009579529408786698692598947133783221612658280328694762016303173552224138796230090467304
285 261 9109963396036950552679941380708473975421754049252552803518787098418455064944543963110
261 285 9109963396036950552679941380708473975421754049252552803518787098418455064944543963110
285 285 3206346197063758304244283036440841373250593582669672017477741417953484263537341214
284 2 68169287240250558252260378702791915591434240
2 284 68169287240250558252260378702791915591434240
284 26 -115110380135829199800302719908056965278869492903647269603175259177291910456885066596352
26 284 -115110380135829199800302719908056965278869492903647269603175259177291910456885066596352
284 50 -12734190784357931582206795314505592075575104567254903131092067049131274359497926640454860800
50 284 -12734190784357931582206795314505592075575104567254903131092067049131274359497926640454860800
284 74 -2907881496763772475304109851221473459665069024032680850279074516492847646664230939526452215808
74 284 -2907881496763772475304109851221473459665069024032680850279074516492847646664230939526452215808
284 98 107729992620648546762230595756953232005678832675046958145453182964683890914406628218448720275680
98 284 107729992620648546762230595756953232005678832675046958145453182964683890914406628218448720275680
284 122 -226192357542093173532157374220831045364422901387897324021876743559615384482894995261167671214607
122 284 -226192357542093173532157374220831045364422901387897324021876743559615384482894995261167671214607
284 146 58522602702751912990870601763880870396856915290214670141900352811255910931042427914376408395429
146 284 58522602702751912990870601763880870396856915290214670141900352811255910931042427914376408395429
284 170 -2652327306573973301618340969384100311239103710235743477114093746382907135833361902053961149552
170 284 -2652327306573973301618340969384100311239103710235743477114093746382907135833361902053961149552
284 194 29060078160354988105577029599723043469393674749712722604741979711391578531845470589711543429
194 284 29060078160354988105577029599723043469393674749712722604741979711391578531845470589711543429
284 218 -267051098439244783825845275050598037668327602853967926951814562217391740279848562307561568
218 284 -267051098439244783825845275050598037668327602853967926951814562217391740279848562307561568
284 242 1728523906236120927238595504909588575333125869603230216541682044138459372260307510836370
242 284 1728523906236120927238595504909588575333125869603230216541682044138459372260307510836370
284 266 -1449834072427628929196645424420283469092028207193918306143828202596160130107633638802
266 284 -1449834072427628929196645424420283469092028207193918306143828202596160130107633638802
283 7 -19754182949947015995607500837254368237450045128372624800296051146752
7 283 -19754182949947015995607500837254368237450045128372624800296051146752
283 31 -501756555124922903658910337635318574499716877756496152157576995512282372983070373445632
31 283 -501756555124922903658910337635318574499716877756496152157576995512282372983070373445632
283 55 82379219843556988397313101668219245905136738007634590160627333519049706227727299768389468160
55 283 82379219843556988397313101668219245905136738007634590160627333519049706227727299768389468160
283 79 8420073063682776559997914693922978274308634470019087503408210653382469432955382339003139227648
79 283 8420073063682776559997914693922978274308634470019087503408210653382469432955382339003139227648
283 103 -229268241474183758112819842924926559233563122071597005356147940532779425575868739715605845710496
103 283 -229268241474183758112819842924926559233563122071597005356147940532779425575868739715605845710496
283 127 289348811912804435146010161538341274584652711214157714787905582937314538886071092382128672826036
127 283 289348811912804435146010161538341274584652711214157714787905582937314538886071092382128672826036
283 151 -50937057023528577732893334790160936855328802343626857105827251197803082243700643562715506835852
151 283 -50937057023528577732893334790160936855328802343626857105827251197803082243700643562715506835852
283 175 1619442549465544795710195871572625109093473051998191188802830076843996025385130136552037250652
175 283 1619442549465544795710195871572625109093473051998191188802830076843996025385130136552037250652
283 199 -15535478021299131269540769043854729867405760142267574337684566799788715895832668177271531536
199 283 -15535478021299131269540769043854729867405760142267574337684566799788715895832668177271531536
283 223 147503472750076266865061715645168450761243168691366321484130622215114010293607603283194874
223 283 147503472750076266865061715645168450761243168691366321484130622215114010293607603283194874
283 247 -612347610961140508931413109412909169539720874824289123630337416967907977470516424897726
247 283 -612347610961140508931413109412909169539720874824289123630337416967907977470516424897726
283 271 176019478145861885880532892834216954768842544595995923755252055674022073420841845111
271 283 176019478145861885880532892834216954768842544595995923755252055674022073420841845111
282 12 83124607184118613678933727303157248434139806787571284544219939569038092402688
12 282 83124607184118613678933727303157248434139806787571284544219939569038092402688
282 36 -88802451742798127291174452158843799203488163783296735505415259435000432373703964048228352
36 282 -88802451742798127291174452158843799203488163783296735505415259435000432373703964048228352
282 60 -27095876412699844876272819561808143345921581789334709991900653539938898542232780029967728640
60 282 -27095876412699844876272819561808143345921581789334709991900653539938898542232780029967728640
282 84 -27903562148732248977364562853857334424925525729167688274085069594489625005117009277608948596736
84 282 -27903562148732248977364562853857334424925525729167688274085069594489625005117009277608948596736
282 108 456114048362115959236534111466918963332850916602397369052591664564351099635999972810196340454960
108 282 456114048362115959236534111466918963332850916602397369052591664564351099635999972810196340454960
282 132 -343904328860115028764389145356280126207216777656856465104860364640567946545693557327430050510916
132 282 -343904328860115028764389145356280126207216777656856465104860364640567946545693557327430050510916
282 156 40145299680210205996782774142471601888076644003803729959669972769831496571441530334215519828623
156 282 40145299680210205996782774142471601888076644003803729959669972769831496571441530334215519828623
282 180 -915012848182496354992165997736959760842494070115528571598499510646048272712202339039130759463
180 282 -915012848182496354992165997736959760842494070115528571598499510646048272712202339039130759463
282 204 8401042488031931463269600117196873065192660106207741810176663842694630961767980786702362146
204 282 8401042488031931463269600117196873065192660106207741810176663842694630961767980786702362146
282 228 -77884607135044265735707979989966630867555550810387534208011346343082068563422561046158046
228 282 -77884607135044265735707979989966630867555550810387534208011346343082068563422561046158046
282 252 234030309117634641428952571103285909485847802939205498019731750061414759012034631311619
252 282 234030309117634641428952571103285909485847802939205498019731750061414759012034631311619
282 276 -56411552394996658676855633404465118034277435285472673893166190218540409044535383425
276 282 -56411552394996658676855633404465118034277435285472673893166190218540409044535383425
281 17 5966517608090389669402564293411261561774090488519106700165499091306647174049169408
17 281 5966517608090389669402564293411261561774090488519106700165499091306647174049169408
281 41 339101199259869588495882258737911332729358511968191583031119065733178378014956379212611584
41 281 339101199259869588495882258737911332729358511968191583031119065733178378014956379212611584
281 65 -1553832763728297648259113570328314787062946062492422318046465222444548678744143809510482378752
65 281 -1553832763728297648259113570328314787062946062492422318046465222444548678744143809510482378752
281 89 104542796264267434639520582116250000033381881765962656909328674878805999443103821313169537507328
89 281 104542796264267434639520582116250000033381881765962656909328674878805999443103821313169537507328
281 113 -744562357593405383558381008593210072779557665928620667257231250059419061246780133099674023649424
113 281 -744562357593405383558381008593210072779557665928620667257231250059419061246780133099674023649424
281 137 365852078281140993896771073519433949973788095953248056963407630707860946466240108601237174817382
137 281 365852078281140993896771073519433949973788095953248056963407630707860946466240108601237174817382
281 161 -28646891294316430265715822765354567576106687761345156256444824234108438086418079915358348055400
161 281 -28646891294316430265715822765354567576106687761345156256444824234108438086418079915358348055400
281 185 489660494314195579244889165985426593583771133384006364956934149792880213444772242968360523444
185 281 489660494314195579244889165985426593583771133384006364956934149792880213444772242968360523444
281 209 -4743179785700291493069594001429794747616689490882846673016232061259798952767088236403045740
209 281 -4743179785700291493069594001429794747616689490882846673016232061259798952767088236403045740
281 233 38399243405523344207630846699645132676991870708406900175414367746055347759128572599366856
233 281 38399243405523344207630846699645132676991870708406900175414367746055347759128572599366856
281 257 -67766649857814149522719292675554187875295062881580846928611791184175045564876051061994
257 281 -67766649857814149522719292675554187875295062881580846928611791184175045564876051061994
281 281 -77977475648836819519604232975370276744308383459073499524763400124806488895082940632
280 22 9377217549705653168125742921251115470391977272233557333046194705695037675098901315584
22 280 9377217549705653168125742921251115470391977272233557333046194705695037675098901315584
280 46 17229974870327856857806363445000443179300583944757398587840402671166295650094950364372533248
46 280 17229974870327856857806363445000443179300583944757398587840402671166295650094950364372533248
280 70 9317346005379203595349515815229615903518989737302984118346352691359131667116190371423964889088
70 280 9317346005379203595349515815229615903518989737302984118346352691359131667116190371423964889088
280 94 -296591384391460054953210803784788411072186994286310595713869580388334529399541070119421978568704
94 280 -296591384391460054953210803784788411072186994286310595713869580388334529399541070119421978568704
280 118 1105839060573560918601189971428726028421728982179570607871724358643993112514480519432471023780286
118 280 1105839060573560918601189971428726028421728982179570607871724358643993112514480519432471023780286
280 142 -354064262887494023470253183884200884163477014335078468182927446197322846065501444558354365312814
142 280 -354064262887494023470253183884200884163477014335078468182927446197322846065501444558354365312814
280 166 19062054363979701215136804451625731487490781626298710655363053435653670101767387016274383694249
166 280 19062054363979701215136804451625731487490781626298710655363053435653670101767387016274383694249
280 190 -262832782738809543268099139684348773189017058872825726997979584745208470005471916818225004491
190 280 -262832782738809543268099139684348773189017058872825726997979584745208470005471916818225004491
280 214 2662873948527836971715359486037897285193694670394263417996493912025137322828298314928034120
214 280 2662873948527836971715359486037897285193694670394263417996493912025137322828298314928034120
280 238 -15055905922092060299364326755217076613403489747094297970610378996998889887383309485931490
238 280 -15055905922092060299364326755217076613403489747094297970610378996998889887383309485931490
280 262 3019964828924270504809890807135052547687606647392549065012960934178405622882829379825
262 280 3019964828924270504809890807135052547687606647392549065012960934178405622882829379825
279 3 120063631965245287708412896724852671435942363121319936
3 279 120063631965245287708412896724852671435942363121319936
279 27 -649783853461099062052835660796184837802695549918092456330874578299225321672034293383168
27 279 -649783853461099062052835660796184837802695549918092456330874578299225321672034293383168
279 51 -176608291218215605644708287642970494831071658733533387868641684346702128255721072569148768256
51 279 -176608291218215605644708287642970494831071658733533387868641684346702128255721072569148768256
279 75 -21642262264690378586994242305941529572309926951044450513531028004000813385610385880564247822336
75 279 -21642262264690378586994242305941529572309926951044450513531028004000813385610385880564247822336
279 99 771115511983124860808040144038352619117448930007882146589852663132664106535698980436145549224576
99 279 771115511983124860808040144038352619117448930007882146589852663132664106535698980436145549224576
279 123 -1478220068558881662891599918404643099531898340728979379346919242339380214685117642635252876968078
123 279 -1478220068558881662891599918404643099531898340728979379346919242339380214685117642635252876968078
279 147 315967620548948142729597212737556772210774982392760867125768811581088073165180167663746801125566
147 279 315967620548948142729597212737556772210774982392760867125768811581088073165180167663746801125566
279 171 -11977199447590663166629713061242771316159922661159451320953966249616433217682882876455278833163
171 279 -11977199447590663166629713061242771316159922661159451320953966249616433217682882876455278833163
279 195 143350186988299090146359176213272012478494153583207731551202456011977223164055985493313953854
195 279 143350186988299090146359176213272012478494153583207731551202456011977223164055985493313953854
279 219 -1383745072737552732849361649913193805873949762750197280451596686540693612089620601899423770
219 279 -1383745072737552732849361649913193805873949762750197280451596686540693612089620601899423770
279 243 4911688496464399833377465256975539105652308236987517356399465251896808423009043222293734
243 279 4911688496464399833377465256975539105652308236987517356399465251896808423009043222293734
279 267 439052556467714487121571789767275161656495497116906265350809876326592007993653146897
267 279 439052556467714487121571789767275161656495497116906265350809876326592007993653146897
278 8 -94740723176745220449067680041865574351618007530484653307948394736517120
8 278 -94740723176745220449067680041865574351618007530484653307948394736517120
278 32 19847092384283941636267487126632943126134851202815516716608999214708287316435021422657536
32 278 19847092384283941636267487126632943126134851202815516716608999214708287316435021422657536
278 56 263404990419675945541432789038662925064864331299693985749568382153694271360555763506532581376
56 278 263404990419675945541432789038662925064864331299693985749568382153694271360555763506532581376
278 80 61238708209910420550703460992888251772330734729830327034865272908820863002496338091258601275392
80 278 61238708209910420550703460992888251772330734729830327034865272908820863002496338091258601275392
278 104 -1665847935778882225233821745341175054378638278043561195277064437837784763462696807303981257805280
104 278 -1665847935778882225233821745341175054378638278043561195277064437837784763462696807303981257805280
278 128 1794394876713508500247325881696812818738464742721680156818860215581024923916631905714728654363686
128 278 1794394876713508500247325881696812818738464742721680156818860215581024923916631905714728654363686
278 152 -252366908265810596510096580075344543501194862386362772323226639345247577995379885754009829926376
152 278 -252366908265810596510096580075344543501194862386362772323226639345247577995379885754009829926376
278 176 6929330495039113949419059770728261040704116803597489406149609734298259278008029042439801903974
176 278 6929330495039113949419059770728261040704116803597489406149609734298259278008029042439801903974
278 200 -77017372612395245168116811172231739047282891756658196678937769539925745039214705473173452848
200 278 -77017372612395245168116811172231739047282891756658196678937769539925745039214705473173452848
278 224 696386520624928345668036381065477247817785632617551978518246443125021320774851274196316152
224 278 696386520624928345668036381065477247817785632617551978518246443125021320774851274196316152
278 248 -1809363528839868623755100544333293950272656377301859271486068185687066475005646873144384
248 278 -1809363528839868623755100544333293950272656377301859271486068185687066475005646873144384
278 272 -627955925585055204849155547509376510144140976565226970524074234922972445911797477759
272 278 -627955925585055204849155547509376510144140976565226970524074234922972445911797477759
277 13 4320607950282574422471854396179178046716223790424721149018735635876894535057408
13 277 4320607950282574422471854396179178046716223790424721149018735635876894535057408
277 37 -189300767600607135544438462548453647296405556941588444391284270305721487014540723703775232
37 277 -189300767600607135544438462548453647296405556941588444391284270305721487014540723703775232
277 61 3314859998326450861982137293563954913334076789331968974692405862837814820458580535940629921792
61 277 3314859998326450861982137293563954913334076789331968974692405862837814820458580535940629921792
277 85 -207895264139108949265614770270601118934142001927296001417919587271779731799933736669142328410112
85 277 -207895264139108949265614770270601118934142001927296001417919587271779731799933736669142328410112
277 109 2978249430373621534233524034372840291118230663714482669028925000237676244987120532398696094597696
109 277 2978249430373621534233524034372840291118230663714482669028925000237676244987120532398696094597696
277 133 -1975443652822167123248714144536903722360383078024640278570429162556417331171126011871405366329066
133 277 -1975443652822167123248714144536903722360383078024640278570429162556417331171126011871405366329066
277 157 185072059742205729016229048945551171490364442650577856155149952392004010864280078123804058081180
157 277 185072059742205729016229048945551171490364442650577856155149952392004010864280078123804058081180
277 181 -3867683703801359380304889832067380496359729090830419062178030972241941850591462831131166562728
181 277 -3867683703801359380304889832067380496359729090830419062178030972241941850591462831131166562728
277 205 43320555935840392333092022715465833688609446408140861390551463227824178174296674122036324660
205 277 43320555935840392333092022715465833688609446408140861390551463227824178174296674122036324660
277 229 -325509335200911684531818480944821714844527151529522523936932994332143848120748189191043038
229 277 -325509335200911684531818480944821714844527151529522523936932994332143848120748189191043038
277 253 340873106556384096993552549643280687519710893707110314293436143689372333247901538331084
253 277 340873106556384096993552549643280687519710893707110314293436143689372333247901538331084
277 277 1134501934936327081354191712834526605664348498851120292752395158517807555521260565494
276 18 106188755643848073039636296467327779912455949626014736820539093844733090328981012480
18 276 106188755643848073039636296467327779912455949626014736820539093844733090328981012480
276 42 -11435787949053200581631255244001334926886979067189092076029005363747013165452027585986822144
42 276 -11435787949053200581631255244001334926886979067189092076029005363747013165452027585986822144
276 66 -16977216541255439499666890862506604950414142259496875545829300502845890275322634236831320768512
66 276 -16977216541255439499666890862506604950414142259496875545829300502845890275322634236831320768512
276 90 638652204731979094905801406801539956453198791656690701418617117153838553676076963022511596699648
90 276 638652204731979094905801406801539956453198791656690701418617117153838553676076963022511596699648
276 114 -4729858959133007460591658300061209357738810602295986762886403653701763790946831173956428716639536
114 276 -4729858959133007460591658300061209357738810602295986762886403653701763790946831173956428716639536
276 138 1965671605695044048069292220831574015292682692460292904714134401176256546313725188297502247071116
138 276 1965671605695044048069292220831574015292682692460292904714134401176256546313725188297502247071116
276 162 -127420832792136879501989161667490322942882695626231562916643965034936376542800287775516727097651
162 276 -127420832792136879501989161667490322942882695626231562916643965034936376542800287775516727097651
276 186 2160432027046293391755839925048410846937776101155044726456467931780522227216864508961959018129
186 276 2160432027046293391755839925048410846937776101155044726456467931780522227216864508961959018129
276 210 -23304548623765205491532063402658823327034411662724342242704043753033058162025502131028395936
210 276 -23304548623765205491532063402658823327034411662724342242704043753033058162025502131028395936
276 234 113523320707847585464873386079133492818685350414791716802781168330040634935793255895355530
234 276 113523320707847585464873386079133492818685350414791716802781168330040634935793255895355530
276 258 75300795008610564837774373909463557808627181377384076867603275345398717021578438611379
258 276 75300795008610564837774373909463557808627181377384076867603275345398717021578438611379
275 23 98452583041278254004969100411945231326014035265918804692661797882193762391774275305472
23 275 98452583041278254004969100411945231326014035265918804692661797882193762391774275305472
275 47 148164873752346367359386919861573270799577951986654632734544097616603717489248762281005678592
47 275 148164873752346367359386919861573270799577951986654632734544097616603717489248762281005678592
275 71 45968731231659856304363231598667537758876827828328228619329133140327841600400764430674311512064
71 275 45968731231659856304363231598667537758876827828328228619329133140327841600400764430674311512064
275 95 -2149022613286615368041562645697107279467334755429449691558982665946362605611531451245798710624256
95 275 -2149022613286615368041562645697107279467334755429449691558982665946362605611531451245798710624256
275 119 6694421710024133353287940160435613087880360731335193511354641582323359779659567501393349821067896
119 275 6694421710024133353287940160435613087880360731335193511354641582323359779659567501393349821067896
275 143 -1795465157924444885723671894685814631099881266917991201002572429698603705637017968293876704187824
143 275 -1795465157924444885723671894685814631099881266917991201002572429698603705637017968293876704187824
275 167 81738257671376279872008850595031365322522697429844149314480707682685619036513273447181793471664
167 275 81738257671376279872008850595031365322522697429844149314480707682685619036513273447181793471664
275 191 -1176251964711254185112079390298540725116992064220823617758621163060379894237421220718785456707
191 275 -1176251964711254185112079390298540725116992064220823617758621163060379894237421220718785456707
275 215 11502606417402101310945632192193520746899642287437570412332543106732003347719450908315241122
215 275 11502606417402101310945632192193520746899642287437570412332543106732003347719450908315241122
275 239 -35193623747152686683810481321971479265218079724125137345998977278419350112352488117493926
239 275 -35193623747152686683810481321971479265218079724125137345998977278419350112352488117493926
275 263 -21021979272831702407121447711123019360945126831132523535113454624279896716537384897816
263 275 -21021979272831702407121447711123019360945126831132523535113454624279896716537384897816
274 4 1600198356367876494937722578358803362030845192982937311641600
4 274 1600198356367876494937722578358803362030845192982937311641600
274 28 -3280230848465297681157280904129054738241329935054430440478488301362149993162115983081472
28 274 -3280230848465297681157280904129054738241329935054430440478488301362149993162115983081472
274 52 -121712314464338488970503598450960088982774275807309194331984499759397498468604036545349943296
52 274 -121712314464338488970503598450960088982774275807309194331984499759397498468604036545349943296
274 76 -120951153843957316079323446980790833144785865016750624406161713013467070499206889278312078639104
76 274 -120951153843957316079323446980790833144785865016750624406161713013467070499206889278312078639104
274 100 5074843308102012088773379456576281406223373322035121497251026367167175838788020219000931366880512
100 274 5074843308102012088773379456576281406223373322035121497251026367167175838788020219000931366880512
274 124 -8409807607109116004444319457698704169215467851957770522140030924402661329733100098893223564046766
124 274 -8409807607109116004444319457698704169215467851957770522140030924402661329733100098893223564046766
274 148 1466153907308310700787610018964230468876363539625608270613608867719953766042934620914188471612146
148 274 1466153907308310700787610018964230468876363539625608270613608867719953766042934620914188471612146
274 172 -48704982414078869276168488119985186881116790690416130222598488525405739206395173508836660426884
172 274 -48704982414078869276168488119985186881116790690416130222598488525405739206395173508836660426884
274 196 636286274381664547084843926986544802598852715482378451811364835559217472179502970667904715603
196 274 636286274381664547084843926986544802598852715482378451811364835559217472179502970667904715603
274 220 -5667304413389570692623814596887949423601109803712153183591339538820535654868838060822085484
220 274 -5667304413389570692623814596887949423601109803712153183591339538820535654868838060822085484
274 244 12075658278613503014605201604071014691480973058396663482377873308947619065187170031218644
244 274 12075658278613503014605201604071014691480973058396663482377873308947619065187170031218644
274 268 17726397333740770109806841247132787385756445007607410846799727727383759794230894516928
268 274 17726397333740770109806841247132787385756445007607410846799727727383759794230894516928
273 9 -28887748963328543544978688885853202348975164705580752414298414287633252352
9 273 -28887748963328543544978688885853202348975164705580752414298414287633252352
273 33 159640828841635498180950272285360002113949980965432811067990756925643275247297034220208128
33 273 159640828841635498180950272285360002113949980965432811067990756925643275247297034220208128
273 57 -3730899099452524207031381826420625340945335601005009895261925991737595620710559604284395094016
57 273 -3730899099452524207031381826420625340945335601005009895261925991737595620710559604284395094016
273 81 265773439614077427679417750733317447300487743968029412303720423834077675424383531276369135665152
81 273 265773439614077427679417750733317447300487743968029412303720423834077675424383531276369135665152
273 105 -10278273870194405276196507069987789533065173184407846495594991391017834811453237402734072356325888
105 273 -10278273870194405276196507069987789533065173184407846495594991391017834811453237402734072356325888
273 129 9680084719498160690268865026639268389628631542809270247981302972271578045258850676624272594384560
129 273 9680084719498160690268865026639268389628631542809270247981302972271578045258850676624272594384560
273 153 -1108796311455621545768007268800306792427821668214658374227933287576194518024553350200204333051616
153 273 -1108796311455621545768007268800306792427821668214658374227933287576194518024553350200204333051616
273 177 28212925202672898985400774268341775423365832109354599946645410876450474327871912931582150366944
177 273 28212925202672898985400774268341775423365832109354599946645410876450474327871912931582150366944
273 201 -354792299111478180691195435968932557260531220511004223269504636280930440462681787091356198000
201 273 -354792299111478180691195435968932557260531220511004223269504636280930440462681787091356198000
273 225 2474325458945211220702041763081217876480549376552789791814943750337380269881086321213214632
225 273 2474325458945211220702041763081217876480549376552789791814943750337380269881086321213214632
273 249 -348236471565312807874694668811334317808022938906572108120015456476768570873094604160186
249 273 -348236471565312807874694668811334317808022938906572108120015456476768570873094604160186
273 273 -12046189750418265081145823862374863643083606942426602869098066608972961867362446268280
272 14 112535944035003409823328456279776494464051162444360637932090040907995738185662464
14 272 112535944035003409823328456279776494464051162444360637932090040907995738185662464
272 38 7335300530188879605476518562075090515109691106512622256771998753976022748840181511269384192
38 272 7335300530188879605476518562075090515109691106512622256771998753976022748840181511269384192
272 62 22314156486635763105882446774361221393693686645410385409154314302811787964456615224538197655552
62 272 22314156486635763105882446774361221393693686645410385409154314302811787964456615224538197655552
272 86 -1068068650080142503867958582817280214879900912264339384352017706904214332793337663453114076233728
86 272 -1068068650080142503867958582817280214879900912264339384352017706904214332793337663453114076233728
272 110 17693424969176974697619039542859616454747663714873129725947589738303889800231688310919536380484576
110 272 17693424969176974697619039542859616454747663714873129725947589738303889800231688310919536380484576
272 134 -9986615383105608771380345777395047071558150614016949893242145215028006344537602813265266969158442
134 272 -9986615383105608771380345777395047071558150614016949893242145215028006344537602813265266969158442
272 158 788450099687190900150674204325671297576211192904246026869180978235684564847839970280709625555696
158 272 788450099687190900150674204325671297576211192904246026869180978235684564847839970280709625555696
272 182 -16128457585295127856325802904028038267086666106764138295404908642441377701307953759105119973674
182 272 -16128457585295127856325802904028038267086666106764138295404908642441377701307953759105119973674
272 206 182449232165110598643027795365517881847863629974252396866837996455375553739357830535634804848
206 272 182449232165110598643027795365517881847863629974252396866837996455375553739357830535634804848
272 230 -763137643483562761842606241500817026054263644699927413439058335625870158507132949783601948
230 272 -763137643483562761842606241500817026054263644699927413439058335625870158507132949783601948
272 254 -1248433116686072650346446248072995417413646306215039506290021656502168126074092889221392
254 272 -1248433116686072650346446248072995417413646306215039506290021656502168126074092889221392
271 19 1619445350782933098090784626445666634599796858966367222938222570112413853702357516288
19 271 1619445350782933098090784626445666634599796858966367222938222570112413853702357516288
271 43 -72307111708977182878892872826072325965768181784478655299113691758935202661007430346732470272
43 271 -72307111708977182878892872826072325965768181784478655299113691758935202661007430346732470272
271 67 -93817515201870096230154832603677973516877273557852012763488995782740925239154241468516416880640
67 271 -93817515201870096230154832603677973516877273557852012763488995782740925239154241468516416880640
271 91 4784821639049290467034565766443994901001237160351202993807494010977041845048434462615389326016512
91 271 4784821639049290467034565766443994901001237160351202993807494010977041845048434462615389326016512
271 115 -26777686840096533413151760641742452351521442925340774045418566329293439118638270005573399284271584
115 271 -26777686840096533413151760641742452351521442925340774045418566329293439118638270005573399284271584
271 139 9331415324117519000678531025587891784721724809190660007652999980541225722562068914196271987802820
139 271 9331415324117519000678531025587891784721724809190660007652999980541225722562068914196271987802820
271 163 -515704793052725849976188621986745038921760483692702931231712144895299746525313410462177145804436
163 271 -515704793052725849976188621986745038921760483692702931231712144895299746525313410462177145804436
271 187 8750527816599509959990563675230224219712578139762614767324326696481342885949134169347794508652
187 271 8750527816599509959990563675230224219712578139762614767324326696481342885949134169347794508652
271 211 -87520600851157250106501851110925914232156469896317540018978713056194736622342053080816885016
211 271 -87520600851157250106501851110925914232156469896317540018978713056194736622342053080816885016
271 235 240127404696998922986978190109513638099317711238911417819552077633382901769178375993685202
235 271 240127404696998922986978190109513638099317711238911417819552077633382901769178375993685202
271 259 262798771258935509369570631548908978426579702801825199132005827942993415789256606825314
259 271 262798771258935509369570631548908978426579702801825199132005827942993415789256606825314
270 24 714129701677149113778115576080301889110314067665333358104563198728196340004798196613120
24 270 714129701677149113778115576080301889110314067665333358104563198728196340004798196613120
270 48 173312733154852273870301012828166677170152306632199956776618602389192854116186988168840478720
48 270 173312733154852273870301012828166677170152306632199956776618602389192854116186988168840478720
270 72 192651276003208926019054016756158818401042235434478481118663159248869235276274923034581428862976
72 270 192651276003208926019054016756158818401042235434478481118663159248869235276274923034581428862976
270 96 -12903874518834713694340986734984947811854849266152410044086866606967053931075163730697309582589952
96 270 -12903874518834713694340986734984947811854849266152410044086866606967053931075163730697309582589952
270 120 35454325476132173705900457761766066783103210448002037091215870288609353145999341700451340767998240
120 270 35454325476132173705900457761766066783103210448002037091215870288609353145999341700451340767998240
270 144 -7875579776364393383211931905126315937553885206427737887669935685114084635236986237063778944222156
144 270 -7875579776364393383211931905126315937553885206427737887669935685114084635236986237063778944222156
270 168 317693279514923114754276856244386896963020485422526280528305964599321818919750051203260658587471
168 270 317693279514923114754276856244386896963020485422526280528305964599321818919750051203260658587471
270 192 -4806457469563378477053718855340576755122435479695458048232404934900898869321378135239017565470
192 270 -4806457469563378477053718855340576755122435479695458048232404934900898869321378135239017565470
270 216 42743632645632621603025776665628287414119658132468631880128142543427400682880778177246174586
216 270 42743632645632621603025776665628287414119658132468631880128142543427400682880778177246174586
270 240 -68458511299369692574744501021668129146174612914863874863281397956732069471223874007244820
240 270 -68458511299369692574744501021668129146174612914863874863281397956732069471223874007244820
270 264 -240902430926427663497526721286077497192706099765038526314544294450661579135105853789189
264 270 -240902430926427663497526721286077497192706099765038526314544294450661579135105853789189
269 5 298663355015695558097453497614781315068087012443013789288042070016
5 269 298663355015695558097453497614781315068087012443013789288042070016
269 29 -24832020425353193298502520779206166926610734107807992804912546144329276561637166813282304
29 269 -24832020425353193298502520779206166926610734107807992804912546144329276561637166813282304
269 53 3600516247345286038477040439193404037205322195700881369729179794493515512728496466954482089984
53 269 3600516247345286038477040439193404037205322195700881369729179794493515512728496466954482089984
269 77 -80418534285611275652968398037890645700968487782099341146197955641318142907042843887959525031936
77 269 -80418534285611275652968398037890645700968487782099341146197955641318142907042843887959525031936
269 101 30522440973958516484998438081400428171061228261802093107879550043107641589890760917474309676602368
101 269 30522440973958516484998438081400428171061228261802093107879550043107641589890760917474309676602368
269 125 -42895415426784078410669598879155966622451078891672288240615439427196527927771822202237515515950416
125 269 -42895415426784078410669598879155966622451078891672288240615439427196527927771822202237515515950416
269 149 6150078578636569983117163143664306562925600811358203841978471921274453859491564316419262016092861
149 269 6150078578636569983117163143664306562925600811358203841978471921274453859491564316419262016092861
269 173 -189973136813043194790382156640713917430972597791999215788625771495481388236670441431039981397900
173 269 -189973136813043194790382156640713917430972597791999215788625771495481388236670441431039981397900
269 197 2631735291952681576225282133511903439091117642755207566259254065573600631133143187190968817087
197 269 2631735291952681576225282133511903439091117642755207566259254065573600631133143187190968817087
269 221 -17040673502435170476986415664556485911342848595719442689798923858036806624700613012324086212
221 269 -17040673502435170476986415664556485911342848595719442689798923858036806624700613012324086212
269 245 -14787061322317750103507489429695388540484842892526165575974966839069977955334225695917910
245 269 -14787061322317750103507489429695388540484842892526165575974966839069977955334225695917910
269 269 92583259860016961991402689983080217068224422691944470588115027648962845524836072306736
268 10 -5785412827265256589036637203262618608205055068797186186563994474933492121600
10 268 -5785412827265256589036637203262618608205055068797186186563994474933492121600
268 34 -952390474313218637889571656976462637915004683432300677238093031268891004014408729031081984
34 268 -952390474313218637889571656976462637915004683432300677238093031268891004014408729031081984
268 58 -35642780371715763203796730700195324101541078453653625249444335486614164950144395183955055214592
58 268 -35642780371715763203796730700195324101541078453653625249444335486614164950144395183955055214592
268 82 1192565824435068475773467520770280659518406856062055237209796333018013971269990016398630502531072
82 268 1192565824435068475773467520770280659518406856062055237209796333018013971269990016398630502531072
268 106 -57905243530775852424232287800532747613292262755301714949600446351261538427621118786858923830939392
106 268 -57905243530775852424232287800532747613292262755301714949600446351261538427621118786858923830939392
268 130 46221904272316656361513927478145575655674898493066816260481967655581940919111879244269292653745294
130 268 46221904272316656361513927478145575655674898493066816260481967655581940919111879244269292653745294
268 154 -4500235224576060972966860790812522151843756959492720112320858129290681156595045988386980185241068
154 268 -4500235224576060972966860790812522151843756959492720112320858129290681156595045988386980185241068
268 178 109687594529660694363156827171674882934180225291490417149875057834936219825400051901486240882148
178 268 109687594529660694363156827171674882934180225291490417149875057834936219825400051901486240882148
268 202 -1299742444261488454504278070442248736635513183501112541542809530375510554930624077803261588858
202 268 -1299742444261488454504278070442248736635513183501112541542809530375510554930624077803261588858
268 226 4829663792922925294071835314495239962931194168945053841973964576515281353187814720947950856
226 268 4829663792922925294071835314495239962931194168945053841973964576515281353187814720947950856
268 250 11260099188392046335593817343179776400458808407662899594792537176774446959383710136424884
250 268 11260099188392046335593817343179776400458808407662899594792537176774446959383710136424884
267 15 1493614670309489341701639990606336558414060722008678285902224587876205228510412800
15 267 1493614670309489341701639990606336558414060722008678285902224587876205228510412800
267 39 50588066412466820659522776591524730371141316246311673546863617525654731976747078756725686272
39 267 50588066412466820659522776591524730371141316246311673546863617525654731976747078756725686272
267 63 171473752973928349014063270588932690053956606556885175832842458406628853307548685539500370165760
63 267 171473752973928349014063270588932690053956606556885175832842458406628853307548685539500370165760
267 87 -7863824469113385995860641774358733648158235921925539098781239219683893069436840852950191274196992
87 267 -7863824469113385995860641774358733648158235921925539098781239219683893069436840852950191274196992
267 111 94606084387768426425062394777897158370041493806654680278202831509720333739847529128656184125956992
111 267 94606084387768426425062394777897158370041493806654680278202831509720333739847529128656184125956992
267 135 -44371242349033024181464241469508616412537202985922276261915147850570519431265255699680445098106562
135 267 -44371242349033024181464241469508616412537202985922276261915147850570519431265255699680445098106562
267 159 3017089882304844855587361078638378425061676967891296855817970076571531262244545996924506446213868
159 267 3017089882304844855587361078638378425061676967891296855817970076571531262244545996924506446213868
267 183 -59889179746864444612316795378310404550888093320152798608429179619607496976677339698240090328823
183 267 -59889179746864444612316795378310404550888093320152798608429179619607496976677339698240090328823
267 207 622964365180637644272490665621138390009829497688448394304926115629878167911533417211315254448
207 267 622964365180637644272490665621138390009829497688448394304926115629878167911533417211315254448
267 231 -1636079196816083754622693515795264689901736935420173356494153572347569207304577789210867050
231 267 -1636079196816083754622693515795264689901736935420173356494153572347569207304577789210867050
267 255 -2303193173423410837185948952084949061337324882951206787583852147849421490424683030146060
255 267 -2303193173423410837185948952084949061337324882951206787583852147849421490424683030146060
266 20 21130294476798058040394948879726458615180198951658857359978654605754207264420749377536
20 266 21130294476798058040394948879726458615180198951658857359978654605754207264420749377536
266 44 -142383699992279029636219308000473720178012272425994687703410692878375955901181657921726971904
44 266 -142383699992279029636219308000473720178012272425994687703410692878375955901181657921726971904
266 68 -229008241331280120138902720701547204264977895032782651404682998583438338330795103691458132049920
68 266 -229008241331280120138902720701547204264977895032782651404682998583438338330795103691458132049920
266 92 27381219568764691020026920518724128649900989244043398948745006604440201113893166883482688892174336
92 266 27381219568764691020026920518724128649900989244043398948745006604440201113893166883482688892174336
266 116 -134556921713745856071109111323179266707447485631324328354240494790442581275729601582291577024748256
116 266 -134556921713745856071109111323179266707447485631324328354240494790442581275729601582291577024748256
266 140 39025689613885112097201319126890838196266544115405655752491247767122500036743537382030854309634187
140 266 39025689613885112097201319126890838196266544115405655752491247767122500036743537382030854309634187
266 164 -1921302439857427110193679005586031744614050050300518124487093326263977340044100876870275976825374
164 266 -1921302439857427110193679005586031744614050050300518124487093326263977340044100876870275976825374
266 188 33384085987260501846017604111528650523109899817811980468593165800930385413377298278809396250104
188 266 33384085987260501846017604111528650523109899817811980468593165800930385413377298278809396250104
266 212 -299398608377867146423100122511993184316623975890101523570454817205665287438837243031055241500
212 266 -299398608377867146423100122511993184316623975890101523570454817205665287438837243031055241500
266 236 310675076909367795618832798408818189140627024537084646471660095458871669654713240537133180
236 266 310675076909367795618832798408818189140627024537084646471660095458871669654713240537133180
266 260 2331553613885177329907686759642904029847430504444172302138224122826624600321546773587188
260 266 2331553613885177329907686759642904029847430504444172302138224122826624600321546773587188
265 1 -67570668127015111730921802041393152
1 265 -67570668127015111730921802041393152
265 25 4106269905126208857017924213882143029494060535738593532026011102708164991931830048391168
25 265 4106269905126208857017924213882143029494060535738593532026011102708164991931830048391168
265 49 -3657892082368048745451804183903675694077233954982398083770795558577949713179757017426519130112
49 265 -3657892082368048745451804183903675694077233954982398083770795558577949713179757017426519130112
265 73 -358191438739573664112555212630968375345782319589625589141068211610732026963515102981094226526208
73 265 -358191438739573664112555212630968375345782319589625589141068211610732026963515102981094226526208
265 97 -77615484678559180952639738006323077712821665613531375819027990241327061334644060848434156234326016
97 265 -77615484678559180952639738006323077712821665613531375819027990241327061334644060848434156234326016
265 121 171581661707136313642678395516623866489804315566689152962461757708786111711087288808950062063801664
121 265 171581661707136313642678395516623866489804315566689152962461757708786111711087288808950062063801664
265 145 -31513677411250230845788476029100002031263666490706123596220854355274050748782719031452908226305167
145 265 -31513677411250230845788476029100002031263666490706123596220854355274050748782719031452908226305167
265 169 1180669340792881227405713292644909724129164881061135455213947728067622276870187509838739925808522
169 265 1180669340792881227405713292644909724129164881061135455213947728067622276870187509838739925808522
265 193 -17810688285326574128521203431236558418227879942260120689747496269940465166978353433087944581076
193 265 -17810688285326574128521203431236558418227879942260120689747496269940465166978353433087944581076
265 217 108072045594999452827800978973150700565819919473099988877540566905130835662474656233272204848
217 265 108072045594999452827800978973150700565819919473099988877540566905130835662474656233272204848
265 241 193074925765044233619392339825611802576089243413870317753013138583032497561819519301100726
241 265 193074925765044233619392339825611802576089243413870317753013138583032497561819519301100726
265 265 -420266633347852843071864923688137689125379205860163989240123493524569320164970858744132
264 6 542240758037602916396879930144933180471108710831091478157556671578112
6 264 542240758037602916396879930144933180471108710831091478157556671578112
264 30 2620857544604069036413891463410397903563677297148061329414966884476188336890664422735872
30 264 2620857544604069036413891463410397903563677297148061329414966884476188336890664422735872
264 54 54507162174385143392383908964858331341759724022709339198495841739147635944863598182778997309440
54 264 54507162174385143392383908964858331341759724022709339198495841739147635944863598182778997309440
264 78 -16816074718950007775310461185788488466744683834860576705253099480804883121918137912741192531968
78 264 -16816074718950007775310461185788488466744683834860576705253099480804883121918137912741192531968
264 102 166009813083258828718764845826777120179018984107214301348726961101616712818674603002558165262811136
102 264 166009813083258828718764845826777120179018984107214301348726961101616712818674603002558165262811136
264 126 -194189715321547820282069929704955786941005064270625012962886225247521416158773855095352757705083328
126 264 -194189715321547820282069929704955786941005064270625012962886225247521416158773855095352757705083328
264 150 23667639612573491377546579060025365771078872610534020335030652805769805430654919633094080624673256
150 264 23667639612573491377546579060025365771078872610534020335030652805769805430654919633094080624673256
264 174 -684240068998274257841721853094502814757981817954465121780031207565544554437448757985124192368133
174 264 -684240068998274257841721853094502814757981817954465121780031207565544554437448757985124192368133
264 198 8575053869730630349876774740773970872089150991990727120707652552714196353533018350928666596496
198 264 8575053869730630349876774740773970872089150991990727120707652552714196353533018350928666596496
264 222 -30741502029639142635876064163262240983833772382655556735752581329058937223337143857404957966
222 264 -30741502029639142635876064163262240983833772382655556735752581329058937223337143857404957966
264 246 -68337876893665930808302250691176068401214684583792693746067580431432643173948122612459758
246 264 -68337876893665930808302250691176068401214684583792693746067580431432643173948122612459758
263 11 -883742802098099880975239513895425316824506365702219876553791697514770586402816
11 263 -883742802098099880975239513895425316824506365702219876553791697514770586402816
263 35 -18652695361740755157951318392657504650522453224564118702988306465977642520583209410099150848
35 263 -18652695361740755157951318392657504650522453224564118702988306465977642520583209410099150848
263 59 -245545913651993222196524884493046992634814135928561687873365143905845783659535312764559194849280
59 263 -245545913651993222196524884493046992634814135928561687873365143905845783659535312764559194849280
263 83 7459587901796085127935552924733556732082298521494187228274561120189368131112692871057798705709056
83 263 7459587901796085127935552924733556732082298521494187228274561120189368131112692871057798705709056
263 107 -296293183398711741589514405415261465174684376283297499942815316927810087819336798599299760973860864
107 263 -296293183398711741589514405415261465174684376283297499942815316927810087819336798599299760973860864
263 131 193359288004038026635104590536643790677354363942385774684834777226512577036336030686320876375894088
131 263 193359288004038026635104590536643790677354363942385774684834777226512577036336030686320876375894088
263 155 -16393573981930243147934012778278448620244996602040069320706909282043062316288161639958032515280032
155 263 -16393573981930243147934012778278448620244996602040069320706909282043062316288161639958032515280032
263 179 380414468210814245217499672974124759051478354525551936413825656520353178234198418192645078542000
179 263 380414468210814245217499672974124759051478354525551936413825656520353178234198418192645078542000
263 203 -4183411693913080827779169015777656477879677314657907905381164819589371190754443370884279034240
203 263 -4183411693913080827779169015777656477879677314657907905381164819589371190754443370884279034240
263 227 11112751166150609405187798163022159867946047393629955053996770143360799768079100467944815622
227 263 11112751166150609405187798163022159867946047393629955053996770143360799768079100467944815622
263 251 17301732109154186932284172437591667263918366559125700441328767108814489297388181072953322
251 263 17301732109154186932284172437591667263918366559125700441328767108814489297388181072953322
262 16 6608969869998498188746748282425324928703719760045043434173486531739438909717741568
16 262 6608969869998498188746748282425324928703719760045043434173486531739438909717741568
262 40 48631772759744526874914985951047664328498801844966958574427815997641129987374508095970476032
40 262 48631772759744526874914985951047664328498801844966958574427815997641129987374508095970476032
262 64 315215507549521606218211334127119540798739194891754564185284242694170828894326643534917663719424
64 262 315215507549521606218211334127119540798739194891754564185284242694170828894326643534917663719424
262 88 -47581949621318244214204725755089202232035221144146651600221987747549464224058460163266953854582784
88 262 -47581949621318244214204725755089202232035221144146651600221987747549464224058460163266953854582784
262 112 459365088438658176063315425714384081597046974136750120145628215188742380522657767862970535517103616
112 262 459365088438658176063315425714384081597046974136750120145628215188742380522657767862970535517103616
262 136 -177797403993546636932623461128156635143286712357724298126955468966487120446028637777260099296437790
136 262 -177797403993546636932623461128156635143286712357724298126955468966487120446028637777260099296437790
262 160 10767905316010148669190844829071265628011175489796040121637094451702275728225268970032029521835604
160 262 10767905316010148669190844829071265628011175489796040121637094451702275728225268970032029521835604
262 184 -213465211686500089594038483427857661282247018655995796631584625611806301664041263083885187009163
184 262 -213465211686500089594038483427857661282247018655995796631584625611806301664041263083885187009163
262 208 1940624162467969939575706908108541119631845567803709838075318125492012301437293621275816914146
208 262 1940624162467969939575706908108541119631845567803709838075318125492012301437293621275816914146
262 232 -937932674555250494153229440243167739436115013944626395428700084848654854125966135096174720
232 262 -937932674555250494153229440243167739436115013944626395428700084848654854125966135096174720
262 256 -17077143041987609305454468983212045489953514370133053959755789273519156631511355631609704
256 262 -17077143041987609305454468983212045489953514370133053959755789273519156631511355631609704
261 21 189286248079767904390580004114039700437410722451222155171955410134409077097441664172032
21 261 189286248079767904390580004114039700437410722451222155171955410134409077097441664172032
261 45 4587582689085327688919109413004414154040964624573064798707962918945918215190075024912005726208
45 261 4587582689085327688919109413004414154040964624573064798707962918945918215190075024912005726208
261 69 675833128635509078439486344582776056205150708246537482395296563496288572241767240103739309162496
69 261 675833128635509078439486344582776056205150708246537482395296563496288572241767240103739309162496
261 93 167473924400079132188866463598004087082454581934564746812857333669440370859423810460200806809337856
93 261 167473924400079132188866463598004087082454581934564746812857333669440370859423810460200806809337856
261 117 -619525422047882284177207361704913176936232418739793295870803390225380994896566443303953446040611840
117 261 -619525422047882284177207361704913176936232418739793295870803390225380994896566443303953446040611840
261 141 148849766023430130898364900191337892737472044683787966301718234542965507459644490713001349279854328
141 261 148849766023430130898364900191337892737472044683787966301718234542965507459644490713001349279854328
261 165 -6771206185066184861553331468523178302336313132766925540704697979574210542798727558845322830296304
165 261 -6771206185066184861553331468523178302336313132766925540704697979574210542798727558845322830296304
261 189 110786210209980599420023780184596821798275937034786609678331425926674579171586428140029218821568
189 261 110786210209980599420023780184596821798275937034786609678331425926674579171586428140029218821568
261 213 -647335522561439270053267017111958378262116815218068210721284650327639948682313067265257182360
213 261 -647335522561439270053267017111958378262116815218068210721284650327639948682313067265257182360
261 237 -1493808641889565673283220551741859906542422751005541627782504561520812056561365820438047828
237 261 -1493808641889565673283220551741859906542422751005541627782504561520812056561365820438047828
261 261 -664448547908073655851324305417569658414130798276102613808182814583307805264936563289196
260 2 1115253852216262578785777641175235915735627726848
2 260 1115253852216262578785777641175235915735627726848
260 26 15175691825762290359042634921652781099441634126271301007661007934720526110574907733573632
26 260 15175691825762290359042634921652781099441634126271301007661007934720526110574907733573632
260 50 -43418930611771236257481320556782991636845179687633461739602412034306105040744023630007639212032
50 260 -43418930611771236257481320556782991636845179687633461739602412034306105040744023630007639212032
260 74 -4332136821254829356955296625547200617745066382685945922349391717684561052876821497695966691590144
74 260 -4332136821254829356955296625547200617745066382685945922349391717684561052876821497695966691590144
260 98 -417675012528763994639887817066844749981100707306024673046073553926039402394568517126499566152450048
98 260 -417675012528763994639887817066844749981100707306024673046073553926039402394568517126499566152450048
260 122 739550468357066501784222839650329210490798375889069060167711482489311054705790067908308682459924704
122 260 739550468357066501784222839650329210490798375889069060167711482489311054705790067908308682459924704
260 146 -114803487737367720818855280938144717286638816357633500578800016112641662226910283029046686950890665
146 260 -114803487737367720818855280938144717286638816357633500578800016112641662226910283029046686950890665
260 170 3950018907762005615566830281965066476387215021672731604179773515871452247505778010639404893195090
170 260 3950018907762005615566830281965066476387215021672731604179773515871452247505778010639404893195090
260 194 -53147361625142320557319388925641894985692520094473936253803405349971062092456619541469938653038
194 260 -53147361625142320557319388925641894985692520094473936253803405349971062092456619541469938653038
260 218 202993039056245269880057440629750029522182455598620323496281689951191684107763064306025798172
218 260 202993039056245269880057440629750029522182455598620323496281689951191684107763064306025798172
260 242 260845473597021203299471545318925754149630913163888488751146146065667033822564219360332954
242 260 260845473597021203299471545318925754149630913163888488751146146065667033822564219360332954
259 7 440173332362200238467340420031321575915180067742700346531946537234202624
7 259 440173332362200238467340420031321575915180067742700346531946537234202624
259 31 1694483357069234417108201693785092754927830588559618011414848582418063467979664085261221888
31 259 1694483357069234417108201693785092754927830588559618011414848582418063467979664085261221888
259 55 220838564205898352859249873037624167719242693832428943398668174363189723847655306721281565523968
55 259 220838564205898352859249873037624167719242693832428943398668174363189723847655306721281565523968
259 79 3089272426048972794581498329223774858747864471733865164163511439433948650779927959626706568871936
79 259 3089272426048972794581498329223774858747864471733865164163511439433948650779927959626706568871936
259 103 827400454836977429246673074338816107247369060483079408991626136645069435133090522389830732253757440
103 259 827400454836977429246673074338816107247369060483079408991626136645069435133090522389830732253757440
259 127 -773437152016152106540418362146575162709417455769543098739339108906050308145344122745283505503576352
127 259 -773437152016152106540418362146575162709417455769543098739339108906050308145344122745283505503576352
259 151 82678762671970413286284779075787596946290242818804887780490753768955619807020947638838260790096296
151 259 82678762671970413286284779075787596946290242818804887780490753768955619807020947638838260790096296
259 175 -2249850073271120054306674623582954980266600534293372832780396500685570713550791275519479527800164
175 259 -2249850073271120054306674623582954980266600534293372832780396500685570713550791275519479527800164
259 199 26419963656326284898772750402711913744207165917275579035603867862196757808607638839242786745088
199 259 26419963656326284898772750402711913744207165917275579035603867862196757808607638839242786745088
259 223 -72355441841061914752392777111642542207648589535931673435666913062703984237076817969139650072
223 259 -72355441841061914752392777111642542207648589535931673435666913062703984237076817969139650072
259 247 -124581104505620159935248983001891804888112957174507196831760638254357871732714773622859940
247 259 -124581104505620159935248983001891804888112957174507196831760638254357871732714773622859940
258 12 -67977029164080486530269132426252835872787243738836893967861450250847155073843200
12 258 -67977029164080486530269132426252835872787243738836893967861450250847155073843200
258 36 -41789925032897027019283971998388091148446057490225448029646920925354468175153380672371949568
36 258 -41789925032897027019283971998388091148446057490225448029646920925354468175153380672371949568
258 60 -598287383586351459460568554759603630550477707491754024766936543094014614528027103916578444410880
60 258 -598287383586351459460568554759603630550477707491754024766936543094014614528027103916578444410880
258 84 62745351444573638343424012434554839429485532102111372455486589536539695057057516270787137053392896
84 258 62745351444573638343424012434554839429485532102111372455486589536539695057057516270787137053392896
258 108 -1408632131011031157818937939379323396944759921282484081069508053567766309051160810813153486892711936
108 258 -1408632131011031157818937939379323396944759921282484081069508053567766309051160810813153486892711936
258 132 742924198213090363570908735515932014322473390613698452987037508975346693895792859650070243551018288
132 258 742924198213090363570908735515932014322473390613698452987037508975346693895792859650070243551018288
258 156 -55931677505030865544273837587313102913892476501176727153090565627042510337321829860469893282325096
156 258 -55931677505030865544273837587313102913892476501176727153090565627042510337321829860469893282325096
258 180 1257928601264525280756764276644013369544892555311325650580843224574564584080398631529366539664401
180 258 1257928601264525280756764276644013369544892555311325650580843224574564584080398631529366539664401
258 204 -11636256977185223472821129194824709226351607143690059767323766520346016388570378033499558511640
204 258 -11636256977185223472821129194824709226351607143690059767323766520346016388570378033499558511640
258 228 -90412742739970673951924164264155806017633691877290727868748831660093451561512344435135932
228 258 -90412742739970673951924164264155806017633691877290727868748831660093451561512344435135932
258 252 91841462766226664068567812168550457349850244229291974293179066660135148831316345605416696
252 258 91841462766226664068567812168550457349850244229291974293179066660135148831316345605416696
257 17 -327470530831515252446499287216241161912209066335513861164562429622947065877762146304
17 257 -327470530831515252446499287216241161912209066335513861164562429622947065877762146304
257 41 -2604342553529898980797265987504884303158071154211303950557598347785737158760627320823004266496
41 257 -2604342553529898980797265987504884303158071154211303950557598347785737158760627320823004266496
257 65 -604891179866713959222534790688652171023057516933082996278185767548310296923676351612781454163968
65 257 -604891179866713959222534790688652171023057516933082996278185767548310296923676351612781454163968
257 89 -301637897938453192264905585026087178859794671463790116922912927467916763272803900656601608382054400
89 257 -301637897938453192264905585026087178859794671463790116922912927467916763272803900656601608382054400
257 113 2022854300489899134206683284005789411697032271897231645256119462457771347119233036156319095120963584
113 257 2022854300489899134206683284005789411697032271897231645256119462457771347119233036156319095120963584
257 137 -647154370682998905072829313858670371066669448128869542965714697039034147391746112563763557703722672
137 257 -647154370682998905072829313858670371066669448128869542965714697039034147391746112563763557703722672
257 161 35859387923329938278345856914335757920284944606948650775425192671951092827226014846320777080351412
161 257 35859387923329938278345856914335757920284944606948650775425192671951092827226014846320777080351412
257 185 -638968900304779615272016162095589640879410809929779622122400183683929112468435538591390363072328
185 257 -638968900304779615272016162095589640879410809929779622122400183683929112468435538591390363072328
257 209 3764581634244330294417466857334674030830498476081519157025462224835840680713484194704322190400
209 257 3764581634244330294417466857334674030830498476081519157025462224835840680713484194704322190400
257 233 8107068544578025400575017421216379426595486027062309012353891154391566858038341666353315356
233 257 8107068544578025400575017421216379426595486027062309012353891154391566858038341666353315356
257 257 34424370828582884079191039787035676384700367296283393035385642611982577539388486258849296
256 22 919065800461214941572717387618545931929763804074470619695469740611664329624546455846912
22 256 919065800461214941572717387618545931929763804074470619695469740611664329624546455846912
256 46 28441000953003502367996856344810060467233945148576994212463033379901231915715389366965582692352
46 256 28441000953003502367996856344810060467233945148576994212463033379901231915715389366965582692352
256 70 13005668313490191185242298774140692165828859637835461327692647909016088541434713932436302098071552
70 256 13005668313490191185242298774140692165828859637835461327692647909016088541434713932436302098071552
256 94 921445861574879586515071517159300301627825044301764270869554444702229711131671534078209971514769408
94 256 921445861574879586515071517159300301627825044301764270869554444702229711131671534078209971514769408
256 118 -2556573538075035845473368519013132050318886557188339172669989175047169624201626320195908344104561152
118 256 -2556573538075035845473368519013132050318886557188339172669989175047169624201626320195908344104561152
256 142 514741370566212210795383271857106885092478910958365730480753652574478652987591667847456162484484798
142 256 514741370566212210795383271857106885092478910958365730480753652574478652987591667847456162484484798
256 166 -21273180938002409279739205766517830005617617337451950662685675119443906603278047242920790730327180
166 256 -21273180938002409279739205766517830005617617337451950662685675119443906603278047242920790730327180
256 190 311375269907939722473301634107576701089721709400826695372914742274802181182280714230257090302161
190 256 311375269907939722473301634107576701089721709400826695372914742274802181182280714230257090302161
256 214 -1350311434994065426977089073245564925732644018618702778063629953182264751363491372494094640282
214 256 -1350311434994065426977089073245564925732644018618702778063629953182264751363491372494094640282
256 238 -246370159907642776698237692603502504827733042290531634488175357048927268853603091626224272
238 256 -246370159907642776698237692603502504827733042290531634488175357048927268853603091626224272
255 3 -2699976517543647367688423666689191406645337087055748923392
3 255 -2699976517543647367688423666689191406645337087055748923392
255 27 -61192157876524308626360295463619866240722373612985999394200140983825624817662076022423552
27 255 -61192157876524308626360295463619866240722373612985999394200140983825624817662076022423552
255 51 -162715187624240999745668063463184226200086552265584843799591210279793072377104266094112388677632
51 255 -162715187624240999745668063463184226200086552265584843799591210279793072377104266094112388677632
255 75 -29165627008527761068509377007681946938339452748617948778204841569937295027444149478913937762156544
75 255 -29165627008527761068509377007681946938339452748617948778204841569937295027444149478913937762156544
255 99 -2069609875735935762687597211107833448953376866283497566571139858399089762177658428123761229002440704
99 255 -2069609875735935762687597211107833448953376866283497566571139858399089762177658428123761229002440704
255 123 2839759510338113547613711454048551450402380991099025680762569462436513243600976364779548486278819968
123 255 2839759510338113547613711454048551450402380991099025680762569462436513243600976364779548486278819968
255 147 -386373660777094143845789334376916863891540623306958321706926620292399249934004709659216949679659238
147 255 -386373660777094143845789334376916863891540623306958321706926620292399249934004709659216949679659238
255 171 12386919421163509474143804531920407964856823814493402212060986972787867469633463796439742007846988
171 255 12386919421163509474143804531920407964856823814493402212060986972787867469633463796439742007846988
255 195 -155715798826823496711902977791862656493034473983943794345962506321257679620951219486995602041097
195 255 -155715798826823496711902977791862656493034473983943794345962506321257679620951219486995602041097
255 219 433651498197258590957523142560739237082129833223556445346175791118147410659777834452146485232
219 255 433651498197258590957523142560739237082129833223556445346175791118147410659777834452146485232
255 243 890911619399179323843371026202023704762919887165173909543919141330721678204541388161106788
243 255 890911619399179323843371026202023704762919887165173909543919141330721678204541388161106788
254 8 49622481928401235402075880073701257490046418584575078166657997378915663872
8 254 49622481928401235402075880073701257490046418584575078166657997378915663872
254 32 283703073776491475297999885224053906060193870078932994366029897233340774740031122345820160
32 254 283703073776491475297999885224053906060193870078932994366029897233340774740031122345820160
254 56 656893687022432782237552839282808684677342680202504278393156390716111282719628433641588482113536
56 254 656893687022432782237552839282808684677342680202504278393156390716111282719628433641588482113536
254 80 -41777279515511980805396983632174870815809008603156723391822394126362559984355759321500206147567616
80 254 -41777279515511980805396983632174870815809008603156723391822394126362559984355759321500206147567616
254 104 3877572408234955424622761371461037364521388030390182842840599779920734884631106891718298857919610880
104 254 3877572408234955424622761371461037364521388030390182842840599779920734884631106891718298857919610880
254 128 -2844758463896746190921975378050506162292587397723588770031287503463793927136458204436161588743004640
128 254 -2844758463896746190921975378050506162292587397723588770031287503463793927136458204436161588743004640
254 152 269356138577661767899303438842051038704598187781450187038169424093858239174825358707721400118613668
152 254 269356138577661767899303438842051038704598187781450187038169424093858239174825358707721400118613668
254 176 -6856863361409323467230635737964025295119164901944797433647821809726661346378390101839649994473776
176 254 -6856863361409323467230635737964025295119164901944797433647821809726661346378390101839649994473776
254 200 64943352488536770995710213577574502243585663544256092400595592205315372254377679375724130912112
200 254 64943352488536770995710213577574502243585663544256092400595592205315372254377679375724130912112
254 224 23639084876787366155494898938091488710840946626529912179676394791661562846520395866171113776
224 254 23639084876787366155494898938091488710840946626529912179676394791661562846520395866171113776
254 248 -290657836282673628310767048443892271497841704535127141315114276586515406733276436553550604
248 254 -290657836282673628310767048443892271497841704535127141315114276586515406733276436553550604
253 13 -3131072069417706905768249806066848533461101002116057017647932304151619755101388800
13 253 -3131072069417706905768249806066848533461101002116057017647932304151619755101388800
253 37 747893150715616734742660572625573561651146861679626959087698095458552315554903249089355317248
37 253 747893150715616734742660572625573561651146861679626959087698095458552315554903249089355317248
253 61 1532471837356447743878006739641579341795488600192867714426269984196107786717855522856421380063232
61 253 1532471837356447743878006739641579341795488600192867714426269984196107786717855522856421380063232
253 85 436235208160140097551124198998992384508725430868195435374883795190550722201388999733708405881176064
85 253 436235208160140097551124198998992384508725430868195435374883795190550722201388999733708405881176064
253 109 -5994120450558214044004697268542405836370544164098016165288470621517593746902877939322669872207986688
109 253 -5994120450558214044004697268542405836370544164098016165288470621517593746902877939322669872207986688
253 133 2588617482731995620291317255434681484266677792515478171862858788156136589566984450255054230814890688
133 253 2588617482731995620291317255434681484266677792515478171862858788156136589566984450255054230814890688
253 157 -175803550287762246670325683338314718692865540387895231025624873997930265381691201652087498442266732
157 253 -175803550287762246670325683338314718692865540387895231025624873997930265381691201652087498442266732
253 181 3450593120518997495572519968592847187641280794366830484018025746863943739549693447453365866951148
181 253 3450593120518997495572519968592847187641280794366830484018025746863943739549693447453365866951148
253 205 -21614867774877374638283304954999024847705923562051326190785532414273476180937183875055988979264
205 253 -21614867774877374638283304954999024847705923562051326190785532414273476180937183875055988979264
253 229 -29197241253824526288247024695264375627757663246644872684726528403226578665107107434421951892
229 253 -29197241253824526288247024695264375627757663246644872684726528403226578665107107434421951892
253 253 -387401285750976743803760338777411837657641416904196959118027691958083679485870708577918100
252 18 -7268980304307342248097745439223667209286782514472960422890480343424410602599549501440
18 252 -7268980304307342248097745439223667209286782514472960422890480343424410602599549501440
252 42 -15488336127367467460339352096169935444791533105697779525293454216605302241855876046056262205440
42 252 -15488336127367467460339352096169935444791533105697779525293454216605302241855876046056262205440
252 66 -22919842142728284203669300159850809181423080914124214538137464272099983832429439288370104480301056
66 252 -22919842142728284203669300159850809181423080914124214538137464272099983832429439288370104480301056
252 90 -1768426479622596169843811580005770990431141030692641052984309883793897145408787367250416028012773376
90 252 -1768426479622596169843811580005770990431141030692641052984309883793897145408787367250416028012773376
252 114 8051390896926900420891820936526127166638828308317359737709094507217946813701018371266569204003291136
114 252 8051390896926900420891820936526127166638828308317359737709094507217946813701018371266569204003291136
252 138 -2138132168822061891938867892316256698565914307166458527586329583064944755372509633408268923479266352
138 252 -2138132168822061891938867892316256698565914307166458527586329583064944755372509633408268923479266352
252 162 107380489326347527721694012888588070478596518862528329393354276722757947688116864612964212002498008
162 252 107380489326347527721694012888588070478596518862528329393354276722757947688116864612964212002498008
252 186 -1721520988047696211619120694943076668556287325969082862440656271843549114590966131734606745429861
186 252 -1721520988047696211619120694943076668556287325969082862440656271843549114590966131734606745429861
252 210 8582224102773757546604173472387250218227829149385543020399604901420739382241196926846543157384
210 252 8582224102773757546604173472387250218227829149385543020399604901420739382241196926846543157384
252 234 -3935482615522468238887254572285892881879370941430542566868500348105621717179902894878822806
234 252 -3935482615522468238887254572285892881879370941430542566868500348105621717179902894878822806
251 23 845295064382476036383392387857027280012040081988944809609323072377577448859286634496000
23 251 845295064382476036383392387857027280012040081988944809609323072377577448859286634496000
251 47 108894736116386769400857348382930154831731821587008376602969262404066279601122319073546925506560
47 251 108894736116386769400857348382930154831731821587008376602969262404066279601122319073546925506560
251 71 70774927408537373973486884058096405224178134296729539830088513113681261874202330406775227806646272
71 251 70774927408537373973486884058096405224178134296729539830088513113681261874202330406775227806646272
251 95 4636981636390484754989011457327010281928744114242517952953691212365641019051582176360572797900029952
95 251 4636981636390484754989011457327010281928744114242517952953691212365641019051582176360572797900029952
251 119 -9555369291896339456694815770202001187555046204611235847836671980074215139903558568136982515510087680
119 251 -9555369291896339456694815770202001187555046204611235847836671980074215139903558568136982515510087680
251 143 1670895379298157836012659233413211420312984330712574557119965918952097311113876169808211173995310104
143 251 1670895379298157836012659233413211420312984330712574557119965918952097311113876169808211173995310104
251 167 -63455523800589884247934916385037771151240656210123316089938466292093220552785319559343750710697120
167 251 -63455523800589884247934916385037771151240656210123316089938466292093220552785319559343750710697120
251 191 852171221525008823093978028704366801467259930462481158209254749210708718975468941431001382323680
191 251 852171221525008823093978028704366801467259930462481158209254749210708718975468941431001382323680
251 215 -2336800421969327302662485773047545999685167227089940686692762199074796486263882786450543681200
215 251 -2336800421969327302662485773047545999685167227089940686692762199074796486263882786450543681200
251 239 -6162453048651089800547335296841527405020599399893801263827584786898122954713732606529706766
239 251 -6162453048651089800547335296841527405020599399893801263827584786898122954713732606529706766
250 4 13772100802472174393892378540799238916206538135077424901656674304
4 250 13772100802472174393892378540799238916206538135077424901656674304
250 28 258815222109816073767756845863003299645252659399703352885198900268988376212910905977995264
28 250 258815222109816073767756845863003299645252659399703352885198900268988376212910905977995264
250 52 -210790264179302100802556447280660192378598461774900220060981770473330784591409243089618073550848
52 250 -210790264179302100802556447280660192378598461774900220060981770473330784591409243089618073550848
250 76 -66705705406176176426099269868618784368963776889991599491146779796471938516228324588961132395364352
76 250 -66705705406176176426099269868618784368963776889991599491146779796471938516228324588961132395364352
250 100 -9584509149236655963362224902566408060217453541611189400684657020186909653890107744865706996868841472
100 250 -9584509149236655963362224902566408060217453541611189400684657020186909653890107744865706996868841472
250 124 9990576541154588696883537696484054578244235293543847872637759428383360009406345569799898703266351872
124 250 9990576541154588696883537696484054578244235293543847872637759428383360009406345569799898703266351872
250 148 -1203511350257957102203510106343305320284344720049606088696124456007882250664536316598889611815952366
148 250 -1203511350257957102203510106343305320284344720049606088696124456007882250664536316598889611815952366
250 172 34811713555400475051623748158024482629276691265104885032037451637109635185516243305200105959835444
172 250 34811713555400475051623748158024482629276691265104885032037451637109635185516243305200105959835444
250 196 -341157869955418448557670518888651668052243116366702635159376182279921722340695125295384721592546
196 250 -341157869955418448557670518888651668052243116366702635159376182279921722340695125295384721592546
250 220 -169301369622199962335027173468004149234415165241174171300094675011795391228579053215741606702
220 250 -169301369622199962335027173468004149234415165241174171300094675011795391228579053215741606702
250 244 -487649215419869511304074061936444025963558327065040025936467945132631085204621234330072618
244 250 -487649215419869511304074061936444025963558327065040025936467945132631085204621234330072618
249 9 6131220262282301791576725885201570609273058041997402141700460514038828236800
9 249 6131220262282301791576725885201570609273058041997402141700460514038828236800
249 33 -212405113342522006857420933945409805579520028310332076050426408574069583736168425571311681536
33 249 -212405113342522006857420933945409805579520028310332076050426408574069583736168425571311681536
249 57 -2922455073613558322068061582798524551197684891072323904641193208842965733793378022958529505132544
57 249 -2922455073613558322068061582798524551197684891072323904641193208842965733793378022958529505132544
249 81 -457989484647168748409962409797548345179474799725357400200131835111361656939180769128594118360956928
81 249 -457989484647168748409962409797548345179474799725357400200131835111361656939180769128594118360956928
249 105 16176533662772350871242828421013991267000056801435970707052309878820889263887113876116916809286811648
105 249 16176533662772350871242828421013991267000056801435970707052309878820889263887113876116916809286811648
249 129 -9526385025499528377495353612245625135198210859762429843309967010749792477417247405632086353910676992
129 249 -9526385025499528377495353612245625135198210859762429843309967010749792477417247405632086353910676992
249 153 801489437143226701022648888783755183059117521867737584568679018524352805746694553833794359317395872
153 249 801489437143226701022648888783755183059117521867737584568679018524352805746694553833794359317395872
249 177 -17601423368464247773376266151362450427658166402210305990209431168003684261800512446108414595542368
177 249 -17601423368464247773376266151362450427658166402210305990209431168003684261800512446108414595542368
249 201 122266829314781156141333827388522432141038971757126799799095490468273093026478260391507291832064
201 249 122266829314781156141333827388522432141038971757126799799095490468273093026478260391507291832064
249 225 36983967091058930648553035719771307900818577553069864056385872493986610518911970206356505712
225 249 36983967091058930648553035719771307900818577553069864056385872493986610518911970206356505712
249 249 2900678109909320632916516953855622882883359701522477175564182982051653800733365697155896656
248 14 -66393306611441078799563465612675411537685015465744629899199553794443741533246062592
14 248 -66393306611441078799563465612675411537685015465744629899199553794443741533246062592
248 38 6015887984202500304312162430196763472758520680538952052000873908218826056841988078299089207296
38 248 6015887984202500304312162430196763472758520680538952052000873908218826056841988078299089207296
248 62 29154323666881795832207387876919879214221007744028128813687517744382379340020201400465548346654720
62 248 29154323666881795832207387876919879214221007744028128813687517744382379340020201400465548346654720
248 86 2901524448577673431708890029434754989018167784373818143581896047164355420891515811712661268050477056
86 248 2901524448577673431708890029434754989018167784373818143581896047164355420891515811712661268050477056
248 110 -23203955532594808322146512659034989144537629611463702490836333113987750039748702670576311685140578304
110 248 -23203955532594808322146512659034989144537629611463702490836333113987750039748702670576311685140578304
248 134 8235861929059395372726132349713710161479662575333851687692058441191658447801466685559298599751756768
134 248 8235861929059395372726132349713710161479662575333851687692058441191658447801466685559298599751756768
248 158 -508283878816797152084061077883372258531190818752228709770395436334319822816190964098122237620873116
158 248 -508283878816797152084061077883372258531190818752228709770395436334319822816190964098122237620873116
248 182 8943246243040937460306179341544016063320277151763353995715229165525508992588732021606518293579160
182 248 8943246243040937460306179341544016063320277151763353995715229165525508992588732021606518293579160
248 206 -50245446036572219634401441711320969344386350786237131015295794136793971687561231047311951123024
206 248 -50245446036572219634401441711320969344386350786237131015295794136793971687561231047311951123024
248 230 20340598482523778592676058574363652744921100938916522300065982659848405649097067097978104720
230 248 20340598482523778592676058574363652744921100938916522300065982659848405649097067097978104720
247 19 -62730404240119142124611250213691504240475732281025575318101804848127564985801598042112
19 247 -62730404240119142124611250213691504240475732281025575318101804848127564985801598042112
247 43 -28596505658545132580745660695294029679153722691089394942245131677754140916461703583238897795072
43 247 -28596505658545132580745660695294029679153722691089394942245131677754140916461703583238897795072
247 67 -130261292347758017117515841517604577300428353953913880736183044103811592301743466746167703208198144
67 247 -130261292347758017117515841517604577300428353953913880736183044103811592301743466746167703208198144
247 91 -9230108443689758578153688174619235142315067030499861446368939519999144345162849022492911740309733376
91 247 -9230108443689758578153688174619235142315067030499861446368939519999144345162849022492911740309733376
247 115 29416901147434105007696640322532386915940454677184367837226146688181923113156902392526875921413308416
115 247 29416901147434105007696640322532386915940454677184367837226146688181923113156902392526875921413308416
247 139 -6683581517192631344050636933652845681251937322850298228479863675808389244455504679232844695981240416
139 247 -6683581517192631344050636933652845681251937322850298228479863675808389244455504679232844695981240416
247 163 302981300665231741105848850798976066907955946058698231898088445188225782050910217790999235034287848
163 247 302981300665231741105848850798976066907955946058698231898088445188225782050910217790999235034287848
247 187 -4336784944910386376930736841406157830757417879373120910513854074406629346926082228278993179840828
187 247 -4336784944910386376930736841406157830757417879373120910513854074406629346926082228278993179840828
247 211 11360530196535602631994018683010985775176642142051637102622101916617678513464394913410566637504
211 247 11360530196535602631994018683010985775176642142051637102622101916617678513464394913410566637504
247 235 39261127871524482197308883989174016765988865937981504652324736014503697571629639470895146880
235 247 39261127871524482197308883989174016765988865937981504652324736014503697571629639470895146880
246 24 -36287493808722565218239377167357468009960208740767084062300416525057473923749222180454400
24 246 -36287493808722565218239377167357468009960208740767084062300416525057473923749222180454400
246 48 -274672882400628940307368713413656067441482332774566802939271188024649344506141366077432654725120
48 246 -274672882400628940307368713413656067441482332774566802939271188024649344506141366077432654725120
246 72 298234142770075863025466441617529506612261834397041157395027567197777655282144147950214520680480768
72 246 298234142770075863025466441617529506612261834397041157395027567197777655282144147950214520680480768
246 96 21281417232376268614054935420631740776523085575924763949417850956352363472481079163706042037219360768
96 246 21281417232376268614054935420631740776523085575924763949417850956352363472481079163706042037219360768
246 120 -32258374763988555297636073083397390080220713805528014387896056566227290665930695627013238555533950976
120 246 -32258374763988555297636073083397390080220713805528014387896056566227290665930695627013238555533950976
246 144 4994117833459426586113491749805840476089139002539646807444663529305331975584647471840164824527412152
144 246 4994117833459426586113491749805840476089139002539646807444663529305331975584647471840164824527412152
246 168 -166002945419157052229944169408737658580039103157004351638925977886031118410404320794684030627852888
168 246 -166002945419157052229944169408737658580039103157004351638925977886031118410404320794684030627852888
246 192 1709608004351452171338320928201462445808362819554953643169735425389501352949986293750511647352249
192 246 1709608004351452171338320928201462445808362819554953643169735425389501352949986293750511647352249
246 216 564817810064487066163024329116324478828260644869511087725503756508719142807384648862545916304
216 246 564817810064487066163024329116324478828260644869511087725503756508719142807384648862545916304
246 240 14868964754969019168185172454974052048661777800204319944528874977970577822654376741511493012
240 246 14868964754969019168185172454974052048661777800204319944528874977970577822654376741511493012
245 5 -243689451916368354438572679256893873846140603370368225207129890357248
5 245 -243689451916368354438572679256893873846140603370368225207129890357248
245 29 23153276985847493033582524120581060845024833330282178230128918969625024955228643648985890816
29 245 23153276985847493033582524120581060845024833330282178230128918969625024955228643648985890816
245 53 2945668260640031550614247246873644710643081041285537414432372639842244978587260780856982454140928
53 245 2945668260640031550614247246873644710643081041285537414432372639842244978587260780856982454140928
245 77 192767561640196402863131296265153465668921398700427059093482992450168651484374456643076958793498624
77 245 192767561640196402863131296265153465668921398700427059093482992450168651484374456643076958793498624
245 101 -39796581423516597911639101452109072634987799334026141556014290623748577589042684821436921794646769664
101 245 -39796581423516597911639101452109072634987799334026141556014290623748577589042684821436921794646769664
245 125 32270005669120236386087399453798402080013994486483070562530154859800627966753504288207778023736491008
125 245 32270005669120236386087399453798402080013994486483070562530154859800627966753504288207778023736491008
245 149 -3416192738089902313514765350233138776977005912627981734060259204024219133796499143432203306287925320
149 245 -3416192738089902313514765350233138776977005912627981734060259204024219133796499143432203306287925320
245 173 85303802816844125930936953666645147134626539763004439815333842372554125855757797645627044504701635
173 245 85303802816844125930936953666645147134626539763004439815333842372554125855757797645627044504701635
245 197 -670235367163740745652877084479926612235877337668008806049412297928506448795504215186476224354646
197 245 -670235367163740745652877084479926612235877337668008806049412297928506448795504215186476224354646
245 221 327922006656596189635357180840618586006689530648344437463334811820213161452801210630733845588
221 245 327922006656596189635357180840618586006689530648344437463334811820213161452801210630733845588
245 245 -16214353459614645106109535103562709827111932537477152652638525231247010875973060310784937356
244 10 3586237893324780727178036377925031873268878193569498512832643292622785381138432
10 244 3586237893324780727178036377925031873268878193569498512832643292622785381138432
244 34 -1664447716419104859669069944278569133235775787215150245063936308486922169998165653204305444864
34 244 -1664447716419104859669069944278569133235775787215150245063936308486922169998165653204305444864
244 58 -27593021290521350581980624008625058728126688278383933155944629410726560670734216698626707965345792
58 244 -27593021290521350581980624008625058728126688278383933155944629410726560670734216698626707965345792
244 82 -3919646179033585754198483898914903070350885023978902152293718365637628000165782033132028658773393408
82 244 -3919646179033585754198483898914903070350885023978902152293718365637628000165782033132028658773393408
244 106 61365396651640789916315132115163147557254636807352137958713304349415478060428744892745156809645359104
106 244 61365396651640789916315132115163147557254636807352137958713304349415478060428744892745156809645359104
244 130 -29389692860766136529626951920165047625379536987554176148172804124836265530089032455435951859428010240
130 244 -29389692860766136529626951920165047625379536987554176148172804124836265530089032455435951859428010240
244 154 2252066933894807877113461770363926388671696366650205109233152925292617170350712968642869173231640990
154 244 2252066933894807877113461770363926388671696366650205109233152925292617170350712968642869173231640990
244 178 -43602020568755482139507363418502439433736411474749795011298108473262899641653963668991247585773818
178 244 -43602020568755482139507363418502439433736411474749795011298108473262899641653963668991247585773818
244 202 268069280207806276918798022263937201431299355620070876772474516907997066443996036016720251520920
202 244 268069280207806276918798022263937201431299355620070876772474516907997066443996036016720251520920
244 226 88901501550555152034684476063735579937525952266894843456926170244241495788605386485074066762
226 244 88901501550555152034684476063735579937525952266894843456926170244241495788605386485074066762
243 15 -1224464314319156757446987473882110958464669524769061660657491642504026909052220997632
15 243 -1224464314319156757446987473882110958464669524769061660657491642504026909052220997632
243 39 7900335057736095011430592192640862046185300594359015536901795231202739031344940865141711306752
39 243 7900335057736095011430592192640862046185300594359015536901795231202739031344940865141711306752
243 63 186023414621610841703466314537371667894340846582049041374121144276788950607703525006322641481498624
63 243 186023414621610841703466314537371667894340846582049041374121144276788950607703525006322641481498624
243 87 16095352299178909274012737165609362464185430367508870108446974649588855166636525163438354537832775680
87 243 16095352299178909274012737165609362464185430367508870108446974649588855166636525163438354537832775680
243 111 -82829015921183461927707531735874082494421396984367904751817539343112751851812989872045241434260373504
111 243 -82829015921183461927707531735874082494421396984367904751817539343112751851812989872045241434260373504
243 135 24727914289734025206130517400122679289058599891645332589243303698713551995776301418189884779498191232
135 243 24727914289734025206130517400122679289058599891645332589243303698713551995776301418189884779498191232
243 159 -1355124626994612986232152195263412137170471599675681326870105026550596374745120617894798716470256074
159 243 -1355124626994612986232152195263412137170471599675681326870105026550596374745120617894798716470256074
243 183 20696789405031490300545759940488624814256927034760457858698297294741593082434692760994974105912522
183 243 20696789405031490300545759940488624814256927034760457858698297294741593082434692760994974105912522
243 207 -52085203201166656286276720816032232908295168407938686886087078784447985183156768107933565972332
207 243 -52085203201166656286276720816032232908295168407938686886087078784447985183156768107933565972332
243 231 -218716802079323374823327223512837908533757541114744292796791226299336429247140459301580913192
231 243 -218716802079323374823327223512837908533757541114744292796791226299336429247140459301580913192
242 20 362895107774515379419650363117592717012644503378229991889817633850166216865553978490880
20 242 362895107774515379419650363117592717012644503378229991889817633850166216865553978490880
242 44 313626106952836327605202682119666216686029270090189043522799631802436903744738841337123150233600
44 242 313626106952836327605202682119666216686029270090189043522799631802436903744738841337123150233600
242 68 -608200171602522914154519329281939590503483720237336996976693996588249142226708614309625496992743424
68 242 -608200171602522914154519329281939590503483720237336996976693996588249142226708614309625496992743424
242 92 -42471364906364027416763792413246939650391173291428355849618612060723092677939450366542965066979868672
92 242 -42471364906364027416763792413246939650391173291428355849618612060723092677939450366542965066979868672
242 116 96085862469357450086816810202839808008281360932903863622933470754894890011389763316232255675573600256
116 242 96085862469357450086816810202839808008281360932903863622933470754894890011389763316232255675573600256
242 140 -19256181604127313635256161701492885124549515520793697419137991296126116010632581065582233789055237856
140 242 -19256181604127313635256161701492885124549515520793697419137991296126116010632581065582233789055237856
242 164 749058578179621147953743264467072395064728836915088923988026261611946288762370650840327845908904857
164 242 749058578179621147953743264467072395064728836915088923988026261611946288762370650840327845908904857
242 188 -8277200833788682448065338164124423988927634488354762750840844678181352294878234750317286267229737
188 242 -8277200833788682448065338164124423988927634488354762750840844678181352294878234750317286267229737
242 212 1126361299046296537015137539152815529392709935466362653293953143841853846030953723914138937192
212 242 1126361299046296537015137539152815529392709935466362653293953143841853846030953723914138937192
242 236 -125020103724561696167827437673788650471314112991963768452029049497673723023636445260473486608
236 242 -125020103724561696167827437673788650471314112991963768452029049497673723023636445260473486608
241 1 101272247282455879697747421690947698688
1 241 101272247282455879697747421690947698688
241 25 -1082122167732243015492605499480442094417460939870174695020240284213335928902700929967456256
25 241 -1082122167732243015492605499480442094417460939870174695020240284213335928902700929967456256
241 49 -2962946252067677165419523939265571856309841796066275344849618820595396467132371040177594977746944
49 241 -2962946252067677165419523939265571856309841796066275344849618820595396467132371040177594977746944
241 73 550239549025825039447356432649474739666618944489276398073895366391100220249598721880241175873454080
73 241 550239549025825039447356432649474739666618944489276398073895366391100220249598721880241175873454080
241 97 88928364275932731914393202870813353567418654385788420290652102104899928967339964711243679170079752192
97 241 88928364275932731914393202870813353567418654385788420290652102104899928967339964711243679170079752192
241 121 -100762887432381562603391600945795998726973043693292811746975283958160652033909789760213188871665434624
121 241 -100762887432381562603391600945795998726973043693292811746975283958160652033909789760213188871665434624
241 145 13664770952359609254059061400932555107908023650511926936241036816096876535185996573728813225151701280
145 241 13664770952359609254059061400932555107908023650511926936241036816096876535185996573728813225151701280
241 169 -393749597231769086179525894859521760654547796191239826447335105378514646864189115356464763703226161
169 241 -393749597231769086179525894859521760654547796191239826447335105378514646864189115356464763703226161
241 193 3496003315613134687295891403486083884666047351632014296389365343320805799108712619908698057807909
193 241 3496003315613134687295891403486083884666047351632014296389365343320805799108712619908698057807909
241 217 -2558234639049469746602877774283770892001199649860045129715714247131478223979611546218210111984
217 241 -2558234639049469746602877774283770892001199649860045129715714247131478223979611546218210111984
241 241 67312814532155315770439500507961519874078703019472813206209649066279196132371695422552842028
240 6 -146890935804469352452673665181721628704042143359163902721861349311250432
6 240 -146890935804469352452673665181721628704042143359163902721861349311250432
240 30 236969112817734560574772344312368679040936759845054867259492631885109621232326744258130214912
30 240 236969112817734560574772344312368679040936759845054867259492631885109621232326744258130214912
240 54 23023536494589203077989698301650420005918260599017396741962022106993860339002776709862793144172544
54 240 23023536494589203077989698301650420005918260599017396741962022106993860339002776709862793144172544
240 78 3966506093610136088239415158800626386856306933045937543148639332731364722700490605455735224876924928
78 240 3966506093610136088239415158800626386856306933045937543148639332731364722700490605455735224876924928
240 102 -148832627633072077942496010354354045345306389298288095233240327743251851290961637951484667745177436160
102 240 -148832627633072077942496010354354045345306389298288095233240327743251851290961637951484667745177436160
240 126 96942651853101020682430787829863898198339062212747347292285553892433123043962550817153354238661656576
126 240 96942651853101020682430787829863898198339062212747347292285553892433123043962550817153354238661656576
240 150 -9322811051079709515525873150709007790925008246536548223416276466488123651551063978115109082908501928
150 240 -9322811051079709515525873150709007790925008246536548223416276466488123651551063978115109082908501928
240 174 200328813917791960222120097897183848134532590698899465775011405797993769706255854394248954454940220
174 240 200328813917791960222120097897183848134532590698899465775011405797993769706255854394248954454940220
240 198 -1320114805235984150447863111932504190173009824106036489873667409791575181652350742029852946687604
198 240 -1320114805235984150447863111932504190173009824106036489873667409791575181652350742029852946687604
240 222 -2068781351110206054992754866324743193258567553428571320641953387993705602860209255084979212856
222 240 -2068781351110206054992754866324743193258567553428571320641953387993705602860209255084979212856
239 11 221602200527363501877744443485999151027316037651236839213618643898973981885071360
11 239 221602200527363501877744443485999151027316037651236839213618643898973981885071360
239 35 -1783355402849542955679472862363122458828187730143351971365915184876463172287781857262634532864
35 239 -1783355402849542955679472862363122458828187730143351971365915184876463172287781857262634532864
239 59 -183921497129991483355723579453269908695066970896389907647091079019005397701430939357643396396089344
59 239 -183921497129991483355723579453269908695066970896389907647091079019005397701430939357643396396089344
239 83 -24083388924018617146830719010711525151774808214147056913722020567955108635553466125103893552780279808
83 239 -24083388924018617146830719010711525151774808214147056913722020567955108635553466125103893552780279808
239 107 213645502022014007699385445683711178096053016985083501266399663007950259067082584097671901183641387008
107 239 213645502022014007699385445683711178096053016985083501266399663007950259067082584097671901183641387008
239 131 -84663052976097703205155613773606499273001208646456205087222531859410554682389450382170379049058607104
131 239 -84663052976097703205155613773606499273001208646456205087222531859410554682389450382170379049058607104
239 155 5716977850686698015019256096406780217019104990894242122086454541737135975854942048999968027346140072
155 239 5716977850686698015019256096406780217019104990894242122086454541737135975854942048999968027346140072
239 179 -93790553608334449557142191063766327572637390375281556121489660819756961800656519530866341075137296
179 239 -93790553608334449557142191063766327572637390375281556121489660819756961800656519530866341075137296
239 203 245514071402010559335440345346247300492349404882676578966414858410973215412918195865915006384896
203 239 245514071402010559335440345346247300492349404882676578966414858410973215412918195865915006384896
239 227 1008321732426285678746260363311506854709668836583002490256334706386136004261097311735136837468
227 239 1008321732426285678746260363311506854709668836583002490256334706386136004261097311735136837468
238 16 -17087013692146946038763584032459345445641331592613018164862484120094011840475804205056
16 238 -17087013692146946038763584032459345445641331592613018164862484120094011840475804205056
238 40 -164216933271198637767618664716450669601523268352470946307926413019168280419513156012303735324672
40 238 -164216933271198637767618664716450669601523268352470946307926413019168280419513156012303735324672
238 64 809051754196955744852707154582065071590023740302741650312686782688789763042526950315503239236157440
64 238 809051754196955744852707154582065071590023740302741650312686782688789763042526950315503239236157440
238 88 75964581410203373210371219677631576973791057830402466396966182260404924879460297261571158744754028544
88 238 75964581410203373210371219677631576973791057830402466396966182260404924879460297261571158744754028544
238 112 -264625883201730612046171031549084480046308904021642730351599696578082324344083459084396611424879640576
112 238 -264625883201730612046171031549084480046308904021642730351599696578082324344083459084396611424879640576
238 136 68955171475881412582221680343565065908377136072051247881771372568027709228755291829176678430365099008
136 238 68955171475881412582221680343565065908377136072051247881771372568027709228755291829176678430365099008
238 160 -3214707956959308094729811059944965408547956286135675678576445007768899190364738798062172380584963054
160 238 -3214707956959308094729811059944965408547956286135675678576445007768899190364738798062172380584963054
238 184 39045071265831249733468390926307444907697635918479660180611019626707232017709002723521155470358694
184 238 39045071265831249733468390926307444907697635918479660180611019626707232017709002723521155470358694
238 208 -31248121862850726164870403295779798474248787660617741946815048062037625763482600827402199332772
208 238 -31248121862850726164870403295779798474248787660617741946815048062037625763482600827402199332772
238 232 715892369001967191937634401038709510425593688742846478978680481019124228987607061787763763102
232 238 715892369001967191937634401038709510425593688742846478978680481019124228987607061787763763102
237 21 802227936190371746096251936045013801067476112390181903814342235596456595164979710132224
21 237 802227936190371746096251936045013801067476112390181903814342235596456595164979710132224
237 45 1940717223118776273639910249807915569360101066907268270621418911095804037385625590103543604314112
45 237 1940717223118776273639910249807915569360101066907268270621418911095804037385625590103543604314112
237 69 -1685395418274322490705916502063720255444675957194089066313141227708087848427372185490721474399436800
69 237 -1685395418274322490705916502063720255444675957194089066313141227708087848427372185490721474399436800
237 93 -179324684100224339252555224078379635791329524366902122012327924208423976284518560410052393720952651776
93 237 -179324684100224339252555224078379635791329524366902122012327924208423976284518560410052393720952651776
237 117 290664300270222454493808497472387623794198883392463404853607343738373935733028513434882364683482824704
117 237 290664300270222454493808497472387623794198883392463404853607343738373935733028513434882364683482824704
237 141 -51295323977166508865449528882160331715783521399535205412395457185558579567788451445362838996313335808
141 237 -51295323977166508865449528882160331715783521399535205412395457185558579567788451445362838996313335808
237 165 1732058059283000009520658976839109603888550709919573199119621236431485211619269028852791531017270792
165 237 1732058059283000009520658976839109603888550709919573199119621236431485211619269028852791531017270792
237 189 -17165423847701996991474975301843177812075903388476376401847965389737734273712018030379328563005880
189 237 -17165423847701996991474975301843177812075903388476376401847965389737734273712018030379328563005880
237 213 7200934435046706385472277118225064156419970649792972570858197689180256411140308540687293913600
213 237 7200934435046706385472277118225064156419970649792972570858197689180256411140308540687293913600
237 237 -187291116774588092818111043703000442774830085706480353927614283511928779546341496149354125636
236 2 5276081964964650912753999788309125087229799567458304
2 236 5276081964964650912753999788309125087229799567458304
236 26 -6248411207891428998863888490372411185904064477846315834192364378091114918817817911890018304
26 236 -6248411207891428998863888490372411185904064477846315834192364378091114918817817911890018304
236 50 -16594989228219894788311436963695669228893967910145630972184138432674848569141280604275499320999936
50 236 -16594989228219894788311436963695669228893967910145630972184138432674848569141280604275499320999936
236 74 -2080861274948044027594047510083582562168510560869908776431907114811243986313878375249309228345589760
74 236 -2080861274948044027594047510083582562168510560869908776431907114811243986313878375249309228345589760
236 98 330203972168037079410667942021774257112532655243729908755684314059280377835552355428423801221467340800
98 236 330203972168037079410667942021774257112532655243729908755684314059280377835552355428423801221467340800
236 122 -294927415677816731924356188786689451743232456097314905281059758361194080278612933894929133419958632448
122 236 -294927415677816731924356188786689451743232456097314905281059758361194080278612933894929133419958632448
236 146 36033070942316926033815388325822822218747141866403281747730446804681874725611407498285906771706255840
146 236 36033070942316926033815388325822822218747141866403281747730446804681874725611407498285906771706255840
236 170 -874673211103382189320912114421410848107883830525951528804043706596623331204993011359310516857389691
170 236 -874673211103382189320912114421410848107883830525951528804043706596623331204993011359310516857389691
236 194 6194691461987115716521869774241460116111222038482458898453404420275834615496980263583685599236947
194 236 6194691461987115716521869774241460116111222038482458898453404420275834615496980263583685599236947
236 218 17722806992810978998321862615039592937787924896317110196463890080656764410889625167745525949168
218 236 17722806992810978998321862615039592937787924896317110196463890080656764410889625167745525949168
235 7 24961831704282093683081815015155201314145001938360126885416549439160451072
7 235 24961831704282093683081815015155201314145001938360126885416549439160451072
235 31 494750556647045260042872765530054793886849587392620151054722939608103931428349417631267160064
31 235 494750556647045260042872765530054793886849587392620151054722939608103931428349417631267160064
235 55 124937704525862366782935130548965692246178202181947903646927209003760349053852321290240126944804864
55 235 124937704525862366782935130548965692246178202181947903646927209003760349053852321290240126944804864
235 79 30008472994858199437460583628775578103071040062483697793395972186597689676320434571179350756589305856
79 235 30008472994858199437460583628775578103071040062483697793395972186597689676320434571179350756589305856
235 103 -506323848763797369581332458434795126893445023344097702445923531483406242791105261403066182266202882048
103 235 -506323848763797369581332458434795126893445023344097702445923531483406242791105261403066182266202882048
235 127 268592316119945103735750865359314102194094024327824495750462001676993532990065240309072404730348044288
127 235 268592316119945103735750865359314102194094024327824495750462001676993532990065240309072404730348044288
235 151 -22867911402746792060077024385627120868076419963576968488345818166948543903419768195999872109384560288
151 235 -22867911402746792060077024385627120868076419963576968488345818166948543903419768195999872109384560288
235 175 408586760234821190352450095151324870857269499175042103257869478454562085995144703098641800833902380
175 235 408586760234821190352450095151324870857269499175042103257869478454562085995144703098641800833902380
235 199 -1276448548551255060016141467915207147561882217879692094858152349473219040113467063785415204277712
199 235 -1276448548551255060016141467915207147561882217879692094858152349473219040113467063785415204277712
235 223 -3537999584196130149926433813724406459063469776080307181368552341473961838329977848684351677424
223 235 -3537999584196130149926433813724406459063469776080307181368552341473961838329977848684351677424
234 12 20637699653088828196819039895921490066092754985436922342168826637211670239382601728
12 234 20637699653088828196819039895921490066092754985436922342168826637211670239382601728
234 36 44769361709908211549566200284625525116518207481178629700452256514033067755095750128776129806336
36 234 44769361709908211549566200284625525116518207481178629700452256514033067755095750128776129806336
234 60 -758990562790020006822711003799189184979162989104351576147581217396340441188650497530525071523708928
60 234 -758990562790020006822711003799189184979162989104351576147581217396340441188650497530525071523708928
234 84 -120501930608933944106893676646477226659472650220350640260362815755432066609689555111363781642848043008
84 234 -120501930608933944106893676646477226659472650220350640260362815755432066609689555111363781642848043008
234 108 673526364119617551412519906867460838742269681006919999139054421873581301582333985787685966717091053568
108 234 673526364119617551412519906867460838742269681006919999139054421873581301582333985787685966717091053568
234 132 -229096151060606425269345638757634469535303583748819874419058956808366122341670215108484682884403593216
132 234 -229096151060606425269345638757634469535303583748819874419058956808366122341670215108484682884403593216
234 156 13159890902924873418525570357130779911887595836798396493127061470534533504916720793350695323755897264
156 234 13159890902924873418525570357130779911887595836798396493127061470534533504916720793350695323755897264
234 180 -179562612535826194963298667970312049454006277993430111466653897274667684258764399467857429990326012
180 234 -179562612535826194963298667970312049454006277993430111466653897274667684258764399467857429990326012
234 204 270047877026867405944701097623867549037718284234636437994203290352185696897571624956443921171300
204 234 270047877026867405944701097623867549037718284234636437994203290352185696897571624956443921171300
234 228 -3168335472340326532267167077729720575305932169982195717797900942598058120688204230285642113548
228 234 -3168335472340326532267167077729720575305932169982195717797900942598058120688204230285642113548
233 17 -167324925410237085189081125079234405769554486921668733591178791935080963939550816632832
17 233 -167324925410237085189081125079234405769554486921668733591178791935080963939550816632832
233 41 -906465548280146301372370825890941572410347767301833761307498881666558554663176886237797204099072
41 233 -906465548280146301372370825890941572410347767301833761307498881666558554663176886237797204099072
233 65 2625096190955628871425737978097958762685266603826589640290435039216568350818304705561171596536709120
65 233 2625096190955628871425737978097958762685266603826589640290435039216568350818304705561171596536709120
233 89 323936653700650043876224104788710984479588506601081030241621406964705791617192952607786670988336300032
89 233 323936653700650043876224104788710984479588506601081030241621406964705791617192952607786670988336300032
233 113 -776248480464972458035685564908521060786721543267089304382970065917591990784093388794983856026125598720
113 233 -776248480464972458035685564908521060786721543267089304382970065917591990784093388794983856026125598720
233 137 180022835494668540590413499738434271941494313357204716570239870973880591750851790491737598404881133568
137 233 180022835494668540590413499738434271941494313357204716570239870973880591750851790491737598404881133568
233 161 -7263748760442708697204704994481192354146819373377192528562513254872417394546164309288397040978487120
161 233 -7263748760442708697204704994481192354146819373377192528562513254872417394546164309288397040978487120
233 185 79288242431850689938154004419708083990759459363556280383131285297531521096023553622968315145617714
185 233 79288242431850689938154004419708083990759459363556280383131285297531521096023553622968315145617714
233 209 18204580471236073170179686828300329614568523691124059806734000281845246392144147087789822226464
209 233 18204580471236073170179686828300329614568523691124059806734000281845246392144147087789822226464
233 233 225811569667428259760695953649357336843809994270538070085261825099917009917059867422793740304
232 22 -97982997222031529463813202215073906383743055962643587853135559808301473673381999898787840
22 232 -97982997222031529463813202215073906383743055962643587853135559808301473673381999898787840
232 46 5711816658556822252728595716998949912905862043603611061438212054275242484305758053376314568605696
46 232 5711816658556822252728595716998949912905862043603611061438212054275242484305758053376314568605696
232 70 -1507787098780822891151414018748147318709912529822360312995152547508767945394692714654866537392898048
70 232 -1507787098780822891151414018748147318709912529822360312995152547508767945394692714654866537392898048
232 94 -667680874038985126464060721135276044961549662336367839758114190087344835846694961982040661672104820736
94 232 -667680874038985126464060721135276044961549662336367839758114190087344835846694961982040661672104820736
232 118 826749851729595885316393354474995106527273227810762681870378313434461178269888644677065376326689488896
118 232 826749851729595885316393354474995106527273227810762681870378313434461178269888644677065376326689488896
232 142 -130120672977100070933519635938143298183984849600570549701221231701585874640944886809119292830943517696
142 232 -130120672977100070933519635938143298183984849600570549701221231701585874640944886809119292830943517696
232 166 3666126236863024968103608703973665466645116757948895325407517646678886793706738447939770811443899214
166 232 3666126236863024968103608703973665466645116757948895325407517646678886793706738447939770811443899214
232 190 -28698840471462757379410028551061514380843818694494981520794078635194361747221268291324773004496306
190 232 -28698840471462757379410028551061514380843818694494981520794078635194361747221268291324773004496306
232 214 -102982485868800079808150147361402004781049369557975886097074270360231404259221580833317755346420
214 232 -102982485868800079808150147361402004781049369557975886097074270360231404259221580833317755346420
231 3 11418360755949277362318696878839865888576566933518361103958016
3 231 11418360755949277362318696878839865888576566933518361103958016
231 27 60138623030193985147348436232899049574322011357482551324065972447160860947820509595248361472
27 231 60138623030193985147348436232899049574322011357482551324065972447160860947820509595248361472
231 51 -48814833171064645726409451468047004420080062962297361055371242287465312644422621052352893745627136
51 231 -48814833171064645726409451468047004420080062962297361055371242287465312644422621052352893745627136
231 75 -30261338112921142167939158549538284016440101995926184499605580294732219183278812979418016064234061824
75 231 -30261338112921142167939158549538284016440101995926184499605580294732219183278812979418016064234061824
231 99 1105471717500054649795199760804338559879112394348129365117645154220786239046521858277115788095869943808
99 231 1105471717500054649795199760804338559879112394348129365117645154220786239046521858277115788095869943808
231 123 -790912010106921249823093182598579073859368247070896122971545947752767491209834265817777817836288212992
123 231 -790912010106921249823093182598579073859368247070896122971545947752767491209834265817777817836288212992
231 147 86727976127655231118857740496858376778910182379243604919686721699238167983687719545267117854096388736
147 231 86727976127655231118857740496858376778910182379243604919686721699238167983687719545267117854096388736
231 171 -1725596703604336063300886446070562969644589715773650062774280780849738972750034419176963376953555086
171 231 -1725596703604336063300886446070562969644589715773650062774280780849738972750034419176963376953555086
231 195 7147482042615299184086848577733777622884411707479701603914963279384313883991133603148398408753602
195 231 7147482042615299184086848577733777622884411707479701603914963279384313883991133603148398408753602
231 219 7410053477131904581838304434430947162571533750340940938879932343426754985806391163453614364140
219 231 7410053477131904581838304434430947162571533750340940938879932343426754985806391163453614364140
230 8 20703983649433884423750160800010494773655412588084192632433204587075165224960
8 230 20703983649433884423750160800010494773655412588084192632433204587075165224960
230 32 -5350031219896542195572646985978854200063249261757058262912140624898719936686500741365685551104
32 230 -5350031219896542195572646985978854200063249261757058262912140624898719936686500741365685551104
230 56 508749739379438024109068390287906226795928749274965906969224491337317522232765439973546264826478592
56 230 508749739379438024109068390287906226795928749274965906969224491337317522232765439973546264826478592
230 80 166106096210177870943549059328213365743138819606477072744335369234602591349337400418314161489700716544
80 230 166106096210177870943549059328213365743138819606477072744335369234602591349337400418314161489700716544
230 104 -1580280915763726630693293919182014365766290228549086674851105602384301336663429865288585062435776364544
104 230 -1580280915763726630693293919182014365766290228549086674851105602384301336663429865288585062435776364544
230 128 705685442790041103184091206718014464197340396899273285411608621986760342124971227220019086743018143744
128 230 705685442790041103184091206718014464197340396899273285411608621986760342124971227220019086743018143744
230 152 -51435327311348929515676976959119446536767300578170810857223120124302387045835820768994758089359408864
152 230 -51435327311348929515676976959119446536767300578170810857223120124302387045835820768994758089359408864
230 176 799927860459629641645800148192978658917253902139642271267021313901953209513074959882492325909437218
176 230 799927860459629641645800148192978658917253902139642271267021313901953209513074959882492325909437218
230 200 -1708714367534148572363539485249016804310924885375843652679082537528941963104076931862216993484448
200 230 -1708714367534148572363539485249016804310924885375843652679082537528941963104076931862216993484448
230 224 11754609858401970194870458626153676088078266025223995994774389648527339238788782282625363470776
224 230 11754609858401970194870458626153676088078266025223995994774389648527339238788782282625363470776
229 13 672098078773468634822962551617994679657841577042305925388129316672011107991424073728
13 229 672098078773468634822962551617994679657841577042305925388129316672011107991424073728
229 37 191684202912669814571739071865035544089861413051803505429678406416574051686015218261799938818048
37 229 191684202912669814571739071865035544089861413051803505429678406416574051686015218261799938818048
229 61 -2771805728522947943932798564735385539310423235304811331924036818928729473886950586237562778248282112
61 229 -2771805728522947943932798564735385539310423235304811331924036818928729473886950586237562778248282112
229 85 -520372955069520540893670360467240151272266260579358825203906340994343901698706210645210122903256825856
85 229 -520372955069520540893670360467240151272266260579358825203906340994343901698706210645210122903256825856
229 109 1922460331893065291667407012608283587243753358466576548272504833030687332793851172180914890914503065600
109 229 1922460331893065291667407012608283587243753358466576548272504833030687332793851172180914890914503065600
229 133 -587520211735837708752418519684477057765948532440246694304566356737246704881271027242119611684477534208
133 229 -587520211735837708752418519684477057765948532440246694304566356737246704881271027242119611684477534208
229 157 29054995041770834788818819977924769416587277493508770114250053019489669578184657237153588163913948480
157 229 29054995041770834788818819977924769416587277493508770114250053019489669578184657237153588163913948480
229 181 -347417937744112100097013801053801366366026148449298847603812793214576002910023428860089485678846398
181 229 -347417937744112100097013801053801366366026148449298847603812793214576002910023428860089485678846398
229 205 -295717997785556633298398160307960074761774133391385171966354904676375019583926313898310125027632
205 229 -295717997785556633298398160307960074761774133391385171966354904676375019583926313898310125027632
229 229 145220891433199416811850819093967675361578315781038387251161607484290778154929022013447735136
228 18 135421733753033961948751802916770975789691302011856601745146083462859410458822326616064
18 228 135421733753033961948751802916770975789691302011856601745146083462859410458822326616064
228 42 -918154761371725975329368187276219997692559178941479268980302529420835435414371166187171447046144
42 228 -918154761371725975329368187276219997692559178941479268980302529420835435414371166187171447046144
228 66 4944787400089925854421348076693568017476630423788721617198409757351791136543871374960839690167517184
66 228 4944787400089925854421348076693568017476630423788721617198409757351791136543871374960839690167517184
228 90 1223204248321624310541234578930230365651095556411587842576521800455359338247412936996073729819454472192
90 228 1223204248321624310541234578930230365651095556411587842576521800455359338247412936996073729819454472192
228 114 -2137766834653563528970844594954405325922498647183542197070125796487575135515893672872003642130343919616
114 228 -2137766834653563528970844594954405325922498647183542197070125796487575135515893672872003642130343919616
228 138 439830484280719473548058676791656736680331341260916037195179117456416553730526677454701412362231840768
138 228 439830484280719473548058676791656736680331341260916037195179117456416553730526677454701412362231840768
228 162 -14877872978308279443040246537561247143737189239349640468399007436914977404062690794661581776548204208
162 228 -14877872978308279443040246537561247143737189239349640468399007436914977404062690794661581776548204208
228 186 133053736080379426401646106383054396737573971872379395446567462195559419827332604914680387695863508
186 228 133053736080379426401646106383054396737573971872379395446567462195559419827332604914680387695863508
228 210 457201782675158558828547054470768861468609990085794491762263755488973954878866992910820901105772
210 228 457201782675158558828547054470768861468609990085794491762263755488973954878866992910820901105772
227 23 -2948163299057626703105485820752105611805857806090055417830091778751814168650864133572395008
23 227 -2948163299057626703105485820752105611805857806090055417830091778751814168650864133572395008
227 47 -5910854857891633437395665131499852426878015029583523294890930616958682444019318351400573677338624
47 227 -5910854857891633437395665131499852426878015029583523294890930616958682444019318351400573677338624
227 71 23315081315870126681320493250971563859042322606421970237016449690622483306097129543608010691714220032
71 227 23315081315870126681320493250971563859042322606421970237016449690622483306097129543608010691714220032
227 95 -2221853069495344062082880082703668189806681169823414166142474036609848501744745343624424682860107005952
95 227 -2221853069495344062082880082703668189806681169823414166142474036609848501744745343624424682860107005952
227 119 2163022676320220243458527841953492663729695683794238675276895176182935308050108138755151451356129132544
119 227 2163022676320220243458527841953492663729695683794238675276895176182935308050108138755151451356129132544
227 143 -310252851881197302892389223218151492513746888764106989463642567872743200820132063017983216675110756352
143 227 -310252851881197302892389223218151492513746888764106989463642567872743200820132063017983216675110756352
227 167 7090356044348029140336400711649050837524102817026977463747296650473873583524013778043130535630880760
167 227 7090356044348029140336400711649050837524102817026977463747296650473873583524013778043130535630880760
227 191 -39795331857311257605850718244257885668416224816327848589845279599918942015747309559618124303632912
191 227 -39795331857311257605850718244257885668416224816327848589845279599918942015747309559618124303632912
227 215 5790392425830362057090009575419876554244216147557395125945755900774552770737956149586011394752
215 227 5790392425830362057090009575419876554244216147557395125945755900774552770737956149586011394752
226 4 8144465286584768580108510884273493908476547639439725194824967520256
4 226 8144465286584768580108510884273493908476547639439725194824967520256
226 28 1062701646915564932613105458644132724009484442846952547528129361225309940866345912391708966912
28 226 1062701646915564932613105458644132724009484442846952547528129361225309940866345912391708966912
226 52 -166403279925537735865757062647658727464817403829320460458870804346089883257273311862720692551155712
52 226 -166403279925537735865757062647658727464817403829320460458870804346089883257273311862720692551155712
226 76 -194353703363351581389817975618536464328791672906340067016985634275097670633404389180612658160218406912
76 226 -194353703363351581389817975618536464328791672906340067016985634275097670633404389180612658160218406912
226 100 3409025137242270991665512488465518278012639412862753054761340375807972106430104025438761666963109314560
100 226 3409025137242270991665512488465518278012639412862753054761340375807972106430104025438761666963109314560
226 124 -2014631627175941489498447156961378822640422145543916092902178371680576303314083121065126502675643367424
124 226 -2014631627175941489498447156961378822640422145543916092902178371680576303314083121065126502675643367424
226 148 191758996013983013876158275703570533136570582250262764540934722972658249923166886615123928552679643392
148 226 191758996013983013876158275703570533136570582250262764540934722972658249923166886615123928552679643392
226 172 -3424490779488264771784438194755848805260828093587351148117796476104846616578698825438012200193460798
172 226 -3424490779488264771784438194755848805260828093587351148117796476104846616578698825438012200193460798
226 196 9146925378958182135561459456941115241618416564534277409766471288713721896339108590444446264832174
196 226 9146925378958182135561459456941115241618416564534277409766471288713721896339108590444446264832174
226 220 -43196690655480330267749441286538924454815858619277073659570670431951735225671697945502847090336
220 226 -43196690655480330267749441286538924454815858619277073659570670431951735225671697945502847090336
225 9 -12466940556088888263354028004035477465990326251433987194545485791282347150147584
9 225 -12466940556088888263354028004035477465990326251433987194545485791282347150147584
225 33 -27494884190491684215125855649944067898088629253481899166759964581941667406807768540063876513792
33 225 -27494884190491684215125855649944067898088629253481899166759964581941667406807768540063876513792
225 57 1837901900611868299375451981201015955975336394588212370338052906396030313701763822411797551508357120
57 225 1837901900611868299375451981201015955975336394588212370338052906396030313701763822411797551508357120
225 81 741362417146722869519966285800701217974743399527885180562724917233678442924397547237434531998053957632
81 225 741362417146722869519966285800701217974743399527885180562724917233678442924397547237434531998053957632
225 105 -4420822166718021350796685458727126382724592817746779763286545895980191860977158935130481255849153003520
105 225 -4420822166718021350796685458727126382724592817746779763286545895980191860977158935130481255849153003520
225 129 1775031074177989964347036524484540052887650469876052928942492347157501848531429637185948308025194315776
129 225 1775031074177989964347036524484540052887650469876052928942492347157501848531429637185948308025194315776
225 153 -110851715794112000609322174517703014648867245434852684743655759131615053543633217846578657985105330688
153 225 -110851715794112000609322174517703014648867245434852684743655759131615053543633217846578657985105330688
225 177 1462755923348962703378456044901652896375129527186794986904437006830975580842954598212741506431565840
177 225 1462755923348962703378456044901652896375129527186794986904437006830975580842954598212741506431565840
225 201 1533170635710163560019645697944768670618436884688456202454206689898780674426612710479354575464832
201 225 1533170635710163560019645697944768670618436884688456202454206689898780674426612710479354575464832
225 225 6198149270031076641892886448515496206848770514465358954076603246407877442266660285227510500224
224 14 14243296992809958238164627865087594849826613522229435265649452806554580045684898004992
14 224 14243296992809958238164627865087594849826613522229435265649452806554580045684898004992
224 38 -568113849427950493523312902671838930138461686568700899922750044243335853870362590045299730808832
38 224 -568113849427950493523312902671838930138461686568700899922750044243335853870362590045299730808832
224 62 -6235918676735725893691158372970442720466105047341852420123335023483698902696487933169332129806417920
62 224 -6235918676735725893691158372970442720466105047341852420123335023483698902696487933169332129806417920
224 86 -2013454844970827359065021295510625363878552502601332217271583987723714642532663391318404835338576986112
86 224 -2013454844970827359065021295510625363878552502601332217271583987723714642532663391318404835338576986112
224 110 5116931255491681070429002205354983173178146261651915986984440094552059591841494939642093608084694892544
110 224 5116931255491681070429002205354983173178146261651915986984440094552059591841494939642093608084694892544
224 134 -1394159185952925894556988589114512507248156169827251038629768404627875863152430104112056941302722068480
134 224 -1394159185952925894556988589114512507248156169827251038629768404627875863152430104112056941302722068480
224 158 58658019789808399489657739263578647466321868127182325206520282346862188699307815167036332983102387424
158 224 58658019789808399489657739263578647466321868127182325206520282346862188699307815167036332983102387424
224 182 -607388982754748076029382375446095749661470103557002244387733774038620211133972010348972732341425198
182 224 -607388982754748076029382375446095749661470103557002244387733774038620211133972010348972732341425198
224 206 -1658732716152582201744437527222794771956277894402806031572305811885296702324950768054425599822336
206 224 -1658732716152582201744437527222794771956277894402806031572305811885296702324950768054425599822336
223 19 -12161716059442338850680590862983948482627878117344096260175920853390022856795713708228608
19 223 -12161716059442338850680590862983948482627878117344096260175920853390022856795713708228608
223 43 17693164627789679712119129074098055346104317591774128771394548328353477107740059546338257180557312
43 223 17693164627789679712119129074098055346104317591774128771394548328353477107740059546338257180557312
223 67 -9847361371438587380179555281473797165559071288019517539847004190935204761936482062583317293871136768
67 223 -9847361371438587380179555281473797165559071288019517539847004190935204761936482062583317293871136768
223 91 4085324769461546133342899552384066196103682270005781334799506186370918014417468583158740075869122854912
91 223 4085324769461546133342899552384066196103682270005781334799506186370918014417468583158740075869122854912
223 115 -5485361617665347458756579361378278971163491838732560557541179042501104362677180301961734161365987229696
115 223 -5485361617665347458756579361378278971163491838732560557541179042501104362677180301961734161365987229696
223 139 1039655301948864663518165670052458842541926911346660410817551831729655325536834675660288011644061614080
139 223 1039655301948864663518165670052458842541926911346660410817551831729655325536834675660288011644061614080
223 163 -28361424177392116561345602846596203350096411268107909854989186601895494334096055112172522142523523040
163 223 -28361424177392116561345602846596203350096411268107909854989186601895494334096055112172522142523523040
223 187 208209046912897156553214097110585240778889214189578676913134459388869461008275173153581292292699964
187 223 208209046912897156553214097110585240778889214189578676913134459388869461008275173153581292292699964
223 211 -117578304172129027979000401223913012936024081170624128782015634540272807761709644998600741927344
211 223 -117578304172129027979000401223913012936024081170624128782015634540272807761709644998600741927344
222 24 -17362285006963050073852976200314999298562520208622211821303270830665212711726065496251957248
24 222 -17362285006963050073852976200314999298562520208622211821303270830665212711726065496251957248
222 48 -48606176891873311122648406043782746938195713784948175096864264275529427899758026926642562290679808
48 222 -48606176891873311122648406043782746938195713784948175096864264275529427899758026926642562290679808
222 72 187789094328697457582306001116560793721666063419033379371397029549904329959150142397684886970822557696
72 222 187789094328697457582306001116560793721666063419033379371397029549904329959150142397684886970822557696
222 96 -6752508055295475411170992464922246672037595411725346952444380560571662111923630709341806374887289257984
96 222 -6752508055295475411170992464922246672037595411725346952444380560571662111923630709341806374887289257984
222 120 5330008772170240319625289741013027757918338696358574674099983282171175609529533275048163973424255860736
120 222 5330008772170240319625289741013027757918338696358574674099983282171175609529533275048163973424255860736
222 144 -679948064436867285933851317898189449543840166531089824313040805421183461009016097975025789451685429248
144 222 -679948064436867285933851317898189449543840166531089824313040805421183461009016097975025789451685429248
222 168 14018123453652497436933199107202278237714865745896355754444545281155241619977072384815939267074745984
168 222 14018123453652497436933199107202278237714865745896355754444545281155241619977072384815939267074745984
222 192 -43748953898723525571340800179644745826642001818588454963151177648822498225164282369843072615228052
192 222 -43748953898723525571340800179644745826642001818588454963151177648822498225164282369843072615228052
222 216 198167975467299142003327106355699377864439943200119217506199717711302559068754585480839053711140
216 222 198167975467299142003327106355699377864439943200119217506199717711302559068754585480839053711140
221 5 47858439409678415384271725128633727315205095438553285110551023412314112
5 221 47858439409678415384271725128633727315205095438553285110551023412314112
221 29 3563543188678777052656156672404146583808236856976081943787644668894347547310148691107201941504
29 221 3563543188678777052656156672404146583808236856976081943787644668894347547310148691107201941504
221 53 -495248986468983924574422834510249702957200658077793838054546927389666658490791006355032820965965824
53 221 -495248986468983924574422834510249702957200658077793838054546927389666658490791006355032820965965824
221 77 -929282455925505349024689680972692816940278999678685834907088465930692561203446149391103421335239393280
77 221 -929282455925505349024689680972692816940278999678685834907088465930692561203446149391103421335239393280
221 101 9437017495611504025447732593664881748156786646866227132803762950100143526392243301747225963070845091840
101 221 9437017495611504025447732593664881748156786646866227132803762950100143526392243301747225963070845091840
221 125 -4952086138764944903632692886193715435553852777294244684345681811624940386365734953266666225778387058688
125 221 -4952086138764944903632692886193715435553852777294244684345681811624940386365734953266666225778387058688
221 149 403199587565331544247834516336150282910256943299829582282071147907598998388929654125019918032103588864
149 221 403199587565331544247834516336150282910256943299829582282071147907598998388929654125019918032103588864
221 173 -5985286365422382735849423262961114283313630205349323259639312434419516041799497060134958187224564336
173 221 -5985286365422382735849423262961114283313630205349323259639312434419516041799497060134958187224564336
221 197 -3476060817491632543418866504532323433216055352110707325758034896195568092668727658112792334879727
197 221 -3476060817491632543418866504532323433216055352110707325758034896195568092668727658112792334879727
221 221 -92036099841605596058046191689359586461508205239715859117278719581555722963990857201859565741040
220 10 375292054381656412120447947303797269839218606791471660091203392206154856979759104
10 220 375292054381656412120447947303797269839218606791471660091203392206154856979759104
220 34 178225671362910344426430340376175383241430229398837535472224062099435606438051694666664709718016
34 220 178225671362910344426430340376175383241430229398837535472224062099435606438051694666664709718016
220 58 4251532096188473948426881981859825218691385912744800324177838460747500295834902240771695104195821568
58 220 4251532096188473948426881981859825218691385912744800324177838460747500295834902240771695104195821568
220 82 2947063601784863413231273416217293201098540831216470153244184062690059244073150400100851969062818807808
82 220 2947063601784863413231273416217293201098540831216470153244184062690059244073150400100851969062818807808
220 106 -11391659040022981135227918337281648099155371671814778684450357101392704441809319075054118364580405051392
106 220 -11391659040022981135227918337281648099155371671814778684450357101392704441809319075054118364580405051392
220 130 4141895026225452800348604629741801545544200378565506214584410194178423911880618683284224625286934691840
130 220 4141895026225452800348604629741801545544200378565506214584410194178423911880618683284224625286934691840
220 154 -223916342042465840466153501291881177115618260614643591373835188888735572788478210907983492315491760896
154 220 -223916342042465840466153501291881177115618260614643591373835188888735572788478210907983492315491760896
220 178 2659806746388800128572159030676615113760021922749026236502903628659664092688771297397775483649270238
178 220 2659806746388800128572159030676615113760021922749026236502903628659664092688771297397775483649270238
220 202 5493576618086248961188928056564354342451797999163907263301447162822355462245380636167603502370000
202 220 5493576618086248961188928056564354342451797999163907263301447162822355462245380636167603502370000
219 15 173615737796204932697654792799415214615885402720217661073497498132103873163969391755264
15 219 173615737796204932697654792799415214615885402720217661073497498132103873163969391755264
219 39 -9936484115772411908503079820312623714920917713436762620893840436286981603195240012185886219304960
39 219 -9936484115772411908503079820312623714920917713436762620893840436286981603195240012185886219304960
219 63 -2336792960374362534894554385132595504843052646532799897675719307551447952818812837663692674650079232
63 219 -2336792960374362534894554385132595504843052646532799897675719307551447952818812837663692674650079232
219 87 -6817135258236005157417206565864361498286512228293473515292388185429939844528712549507061220866621702144
87 219 -6817135258236005157417206565864361498286512228293473515292388185429939844528712549507061220866621702144
219 111 12860419981267791073906604034975436979828436033892283216200321140897588303529007713343457748749031309312
111 219 12860419981267791073906604034975436979828436033892283216200321140897588303529007713343457748749031309312
219 135 -3247156604741487027589953495215743425539427222026558429478515368994502729959594733453899728905040822272
135 219 -3247156604741487027589953495215743425539427222026558429478515368994502729959594733453899728905040822272
219 159 110438189030677508051256732548516030057253741809513604017553969974383294256002202827325656125027525504
159 219 110438189030677508051256732548516030057253741809513604017553969974383294256002202827325656125027525504
219 183 -1001314799079950393596537639673857057886035563209694501698428352257190834955014876694036385533053538
183 219 -1001314799079950393596537639673857057886035563209694501698428352257190834955014876694036385533053538
219 207 377966291517325655580953581481997253607907444275513095178246323565396415809065957040297961840688
207 219 377966291517325655580953581481997253607907444275513095178246323565396415809065957040297961840688
218 20 -198682893239487365468865485172268348395920584784375432459621848540816658393699769663881216
20 218 -198682893239487365468865485172268348395920584784375432459621848540816658393699769663881216
218 44 91876301582390342107137240636058952713645913910848352118533641765955798533938240304989850564558848
44 218 91876301582390342107137240636058952713645913910848352118533641765955798533938240304989850564558848
218 68 -143388907291205644264706252174628589623731212114423018938452909516443944219562440980306503764010860544
68 218 -143388907291205644264706252174628589623731212114423018938452909516443944219562440980306503764010860544
218 92 12287832942231209864856237738970135582776606762613009402395742577284456503371205861137677020418365456384
92 218 12287832942231209864856237738970135582776606762613009402395742577284456503371205861137677020418365456384
218 116 -13074144163795242094112678041318806353677803498238408746058606772228057188885766517043688971207761199104
116 218 -13074144163795242094112678041318806353677803498238408746058606772228057188885766517043688971207761199104
218 140 2281420459566725532983213959284292493592277238749913745459606430489617051517992521249594144183775657984
140 218 2281420459566725532983213959284292493592277238749913745459606430489617051517992521249594144183775657984
218 164 -54791852471812236348551011116093580884173249497397618369884743617677545865259181207008195203095372768
164 218 -54791852471812236348551011116093580884173249497397618369884743617677545865259181207008195203095372768
218 188 192008137103078891804698412093635201561093429233695755730854691163396295874832969679125096442227823
188 218 192008137103078891804698412093635201561093429233695755730854691163396295874832969679125096442227823
218 212 -1102468746315724402410742791798023827718420389314284751980456948019885712910274290075245677777016
212 218 -1102468746315724402410742791798023827718420389314284751980456948019885712910274290075245677777016
217 1 -82894705633684254780688372217842977734656
1 217 -82894705633684254780688372217842977734656
217 25 125790582478759326359570379278769196282318178679462574708686288809705433139178725963106091008
25 217 125790582478759326359570379278769196282318178679462574708686288809705433139178725963106091008
217 49 -202664403686667758791752247381406657636250233463334806945625736852191630494055179635714403558490112
49 217 -202664403686667758791752247381406657636250233463334806945625736852191630494055179635714403558490112
217 73 988790430224827247819458602717333954067423277315076690817290543898368863122301933624027594275854221312
73 217 988790430224827247819458602717333954067423277315076690817290543898368863122301933624027594275854221312
217 97 -18644051986770132743903756742566681539440305735988559442515620171918371632866572249271466607943060815872
97 217 -18644051986770132743903756742566681539440305735988559442515620171918371632866572249271466607943060815872
217 121 12748881402039909185313264658028367147782369452949975660465539646185337097705916466815627490194200985600
121 217 12748881402039909185313264658028367147782369452949975660465539646185337097705916466815627490194200985600
217 145 -1397617505351174159252471048874314090653721227477064741934429673431926798020735756625953497165031587840
145 217 -1397617505351174159252471048874314090653721227477064741934429673431926798020735756625953497165031587840
217 169 23941145461689530943397693051844457133254520821397293038557249737678064167197988240539832748898257344
169 217 23941145461689530943397693051844457133254520821397293038557249737678064167197988240539832748898257344
217 193 -11534061470924650869273148622883826615554086326138953765595834541280920117281461963106436597629067
193 217 -11534061470924650869273148622883826615554086326138953765595834541280920117281461963106436597629067
217 217 622409346842655259295696096827135200560588472978193460715420930579264591106720269019080829156168
216 6 -44098214837183782691036121698073626439323223691404289152058867235116023808
6 216 -44098214837183782691036121698073626439323223691404289152058867235116023808
216 30 -26456749803190383776436412337140473393159132027940091751514813301284232185089643845226042753024
30 216 -26456749803190383776436412337140473393159132027940091751514813301284232185089643845226042753024
216 54 -1260218224134527740978105114129807022350463763268097316554386478432385940539640562203611883355766784
54 216 -1260218224134527740978105114129807022350463763268097316554386478432385940539640562203611883355766784
216 78 -3777599907654338454947117635352481229726211164677014880967131301617216077370232040096254673693479796736
78 216 -3777599907654338454947117635352481229726211164677014880967131301617216077370232040096254673693479796736
216 102 23669598606481462844386198019133099203793735987898609111159078863168770939087456694163098172148489912320
102 216 23669598606481462844386198019133099203793735987898609111159078863168770939087456694163098172148489912320
216 126 -11479643433438950851050261341286742135802648683894739512569888056067975147420836301648153362185718857728
126 216 -11479643433438950851050261341286742135802648683894739512569888056067975147420836301648153362185718857728
216 150 820546821807275869069803920986865041959045491502692211814446718148582480716823979598843717447435141120
150 216 820546821807275869069803920986865041959045491502692211814446718148582480716823979598843717447435141120
216 174 -10983900364617015722038992821306422758984759306704625101014523463873832790343993504807455675595578208
174 216 -10983900364617015722038992821306422758984759306704625101014523463873832790343993504807455675595578208
216 198 -20292253960961726083419405903381001236677036654596461481302153300074382358675033533755567904583776
198 216 -20292253960961726083419405903381001236677036654596461481302153300074382358675033533755567904583776
215 11 -55429353248533907771680699998582897032428569278767802140703222698518756200428863488
11 215 -55429353248533907771680699998582897032428569278767802140703222698518756200428863488
215 35 2103327458403439985682344495088340406910185615033016094317305606018343647727586591654862110326784
35 215 2103327458403439985682344495088340406910185615033016094317305606018343647727586591654862110326784
215 59 3731983879739371668400348235048925256645102898755598258422484419672990125652910818131433760023904256
59 215 3731983879739371668400348235048925256645102898755598258422484419672990125652910818131433760023904256
215 83 10212104839240544425298038492309768348807060188953505155475460449812519878134517299244690056746111074304
83 215 10212104839240544425298038492309768348807060188953505155475460449812519878134517299244690056746111074304
215 107 -27821811150821508705593169448634563729699595861558154428254066289160519291932478964780056774896378707968
107 215 -27821811150821508705593169448634563729699595861558154428254066289160519291932478964780056774896378707968
215 131 9436555161721351928258702600392482405552123687388830846022148164411491986128938050076455061370339065856
131 215 9436555161721351928258702600392482405552123687388830846022148164411491986128938050076455061370339065856
215 155 -418392842480456898920908897434956667757843967155243113736058345937471576059028175973009204053916037120
155 215 -418392842480456898920908897434956667757843967155243113736058345937471576059028175973009204053916037120
215 179 4396876319970866815477148562373498644756548264319711611605178616736796275451638953256890780615263304
179 215 4396876319970866815477148562373498644756548264319711611605178616736796275451638953256890780615263304
215 203 1037296071407465384968469148634644047003771994464295792376170320517715536208169593594232930141056
203 215 1037296071407465384968469148634644047003771994464295792376170320517715536208169593594232930141056
214 16 2230766977374300902557602898797135355518975576894528820392216853756045472667056201531392
16 214 2230766977374300902557602898797135355518975576894528820392216853756045472667056201531392
214 40 -36663722599965934479987089381786901798233518551213121235599682173943371539893795201864303204368384
40 214 -36663722599965934479987089381786901798233518551213121235599682173943371539893795201864303204368384
214 64 85823289904852491803676408283967948016543775119330670279217983906445650902726538399554785391197290496
64 214 85823289904852491803676408283967948016543775119330670279217983906445650902726538399554785391197290496
214 88 -20513096125801309749393561223106406782197046303285523459536378092092682457819763121208923722638354808832
88 214 -20513096125801309749393561223106406782197046303285523459536378092092682457819763121208923722638354808832
214 112 29761247859368484653572259914347139272775106484015272147119035091974273108773056762697145226286862434304
112 214 29761247859368484653572259914347139272775106484015272147119035091974273108773056762697145226286862434304
214 136 -7189942356053142763974831099571365787854873456221667913784698401955943647940066779426612832605334142976
136 214 -7189942356053142763974831099571365787854873456221667913784698401955943647940066779426612832605334142976
214 160 204781532277665188261324837937402536682816998947748421444357456358900021635347189729918035432815927808
160 214 204781532277665188261324837937402536682816998947748421444357456358900021635347189729918035432815927808
214 184 -793867005944867597383709252265561347780009001116056989689138236632747935512810610977123590676934510
184 214 -793867005944867597383709252265561347780009001116056989689138236632747935512810610977123590676934510
214 208 5992779187274428615649002087782151495176027821022712876030296816970512012154473179506851228021200
208 214 5992779187274428615649002087782151495176027821022712876030296816970512012154473179506851228021200
213 21 -2251650002855462624781044632807932719325017347178123711890649557026016875812744003957293056
21 213 -2251650002855462624781044632807932719325017347178123711890649557026016875812744003957293056
213 45 268639378555091895019915437381304798453184639024867920124395621954047471795034699892564395915476992
45 213 268639378555091895019915437381304798453184639024867920124395621954047471795034699892564395915476992
213 69 -855214217541778052731355785253629782535303861762955172956552810191644645580042029060383759473655676928
69 213 -855214217541778052731355785253629782535303861762955172956552810191644645580042029060383759473655676928
213 93 33926759766576431241981478246135963813479559870705861985928799706890367233742841452253845095348332134400
93 213 33926759766576431241981478246135963813479559870705861985928799706890367233742841452253845095348332134400
213 117 -30293397767493568231951976733901563398483200788376175609501346155709370950474361829526205340844719865856
117 213 -30293397767493568231951976733901563398483200788376175609501346155709370950474361829526205340844719865856
213 141 4614107527502691768303947913982758204908022373341018453497461124105157807125433534672644235733858516992
141 213 4614107527502691768303947913982758204908022373341018453497461124105157807125433534672644235733858516992
213 165 -93616379094333613016221186873705785368008289739954879161883968437182437173949094285615456411620213760
165 213 -93616379094333613016221186873705785368008289739954879161883968437182437173949094285615456411620213760
213 189 165847536788515766357909409070477986311952004957027555360874480803681704849820744386493121153844312
189 213 165847536788515766357909409070477986311952004957027555360874480803681704849820744386493121153844312
213 213 -2489658366934095186723375494911871167235767230785039796997245643816852161591245449053248632063680
212 2 8818095838429476889856424853067680738683506335038832640
2 212 8818095838429476889856424853067680738683506335038832640
212 26 2369835002863873888754198371900957361398421638008272669369595543162201979186381638269973561344
26 212 2369835002863873888754198371900957361398421638008272669369595543162201979186381638269973561344
212 50 -360422209391234741388429182520755419772553578958476768360232557393373390147961536549888144732848128
50 212 -360422209391234741388429182520755419772553578958476768360232557393373390147961536549888144732848128
212 74 4152166432737460767881036829506787356224049908043357784892885756841790108775247601402637595195736064000
74 212 4152166432737460767881036829506787356224049908043357784892885756841790108775247601402637595195736064000
212 98 -45955999860898041615928184275955928809461342184171466045574934839681047603069491226046630073146770718720
98 212 -45955999860898041615928184275955928809461342184171466045574934839681047603069491226046630073146770718720
212 122 29444039455112574016650632501341737484183286762303963047256931492947476899747503314599126148925240639488
122 212 29444039455112574016650632501341737484183286762303963047256931492947476899747503314599126148925240639488
212 146 -2857502019993959277494754568994975870729349462409202565860432836903757390915434163011010401781272936448
146 212 -2857502019993959277494754568994975870729349462409202565860432836903757390915434163011010401781272936448
212 170 42556907942220802057154544490825841820160350763984419784046458058554625483020340758364407738388323808
170 212 42556907942220802057154544490825841820160350763984419784046458058554625483020340758364407738388323808
212 194 92720959524195029281512703228734355209686992284953066935786076186032269725842125529664800664609211
194 212 92720959524195029281512703228734355209686992284953066935786076186032269725842125529664800664609211
211 7 -13033761153392773680743533451931958878408876547245806136045111882573607337984
7 211 -13033761153392773680743533451931958878408876547245806136045111882573607337984
211 31 -256990633184095569192930824903376432196928950496169053703910833320932346329137988442184730279936
31 211 -256990633184095569192930824903376432196928950496169053703910833320932346329137988442184730279936
211 55 682650867721018654577426428358616030018366985935248659220445289934324949459764895712368123405402112
55 211 682650867721018654577426428358616030018366985935248659220445289934324949459764895712368123405402112
211 79 -13478800010567370674779433688681201653242660504822859980829581051198775476359506598636152130247868809216
79 211 -13478800010567370674779433688681201653242660504822859980829581051198775476359506598636152130247868809216
211 103 55680863777695118715210700559606081568735114852150312158186160620369964323164590465089486529415633436672
103 211 55680863777695118715210700559606081568735114852150312158186160620369964323164590465089486529415633436672
211 127 -25529182810791856511563835973665013974218429892799049425732073703135094670086581795505344376144396288000
127 211 -25529182810791856511563835973665013974218429892799049425732073703135094670086581795505344376144396288000
211 151 1536664430318951621544217658388747510950091003908613015494486602870898062141956415993714132175049457664
151 211 1536664430318951621544217658388747510950091003908613015494486602870898062141956415993714132175049457664
211 175 -17587505279883467261908594249493994579026193057278846446420714466947185101806555813027563122461053216
175 211 -17587505279883467261908594249493994579026193057278846446420714466947185101806555813027563122461053216
211 199 -20157488179122706607587628642236144126449642988582469501938542701790476789597816350040129472739936
199 211 -20157488179122706607587628642236144126449642988582469501938542701790476789597816350040129472739936
210 12 -2502215445901983128926567698438872153727187374365390074445372486450710358863374188544
12 210 -2502215445901983128926567698438872153727187374365390074445372486450710358863374188544
210 36 6714318454836499959209915366200476295582469036826389618750349187106504847224239949718454257319936
36 210 6714318454836499959209915366200476295582469036826389618750349187106504847224239949718454257319936
210 60 -42574584960368171548678898400583001058193199636509290837268608454077639833729872091632396409432440832
60 210 -42574584960368171548678898400583001058193199636509290837268608454077639833729872091632396409432440832
210 84 31094793388675762576688330461566068639028188961006834896596325114338600480706645799563435134881693171712
84 210 31094793388675762576688330461566068639028188961006834896596325114338600480706645799563435134881693171712
210 108 -62879204133818158149288948743735234932583895011522018508306397454348498606979172260924330818579640352768
108 210 -62879204133818158149288948743735234932583895011522018508306397454348498606979172260924330818579640352768
210 132 21104539855992813772716877730340367407742484097250057686135332240823978133067009207272592779122223087616
132 210 21104539855992813772716877730340367407742484097250057686135332240823978133067009207272592779122223087616
210 156 -735488460946744094569671344006398154563609714661089736567414363237038834723898980220344033240375345152
156 210 -735488460946744094569671344006398154563609714661089736567414363237038834723898980220344033240375345152
210 180 3193110149661660420229843187581126410937947389602749453057601351916743598837706439091104452018446000
180 210 3193110149661660420229843187581126410937947389602749453057601351916743598837706439091104452018446000
210 204 -28793664621559632915869690963318870382273937598567274596210098734011805705687045925627146245099936
204 210 -28793664621559632915869690963318870382273937598567274596210098734011805705687045925627146245099936
209 17 865154770247769443673976170739530037220949745525014585302629203632877642629807672918016
17 209 865154770247769443673976170739530037220949745525014585302629203632877642629807672918016
209 41 -55544068096185564744709739344985354508248017234963380761970030842822656873624566208296032107757568
41 209 -55544068096185564744709739344985354508248017234963380761970030842822656873624566208296032107757568
209 65 587717362574296647256674530112665777053057743018915232506250468908936635206801682869703198303022219264
65 209 587717362574296647256674530112665777053057743018915232506250468908936635206801682869703198303022219264
209 89 -56504910273503853596127585695249524899579455790375488530557614151552855026311137461278058975865916620800
89 209 -56504910273503853596127585695249524899579455790375488530557614151552855026311137461278058975865916620800
209 113 66446300076395957675009313350449325201013133986145853416118534221816896191296204466031724292981970173952
113 209 66446300076395957675009313350449325201013133986145853416118534221816896191296204466031724292981970173952
209 137 -14472836527765313271669802794348853330512574600935974566438741462174426682568237425427442269216667860992
137 209 -14472836527765313271669802794348853330512574600935974566438741462174426682568237425427442269216667860992
209 161 355755968249970790499342132279092599158810776012082019946304300251725826979863991152731633335138711552
161 209 355755968249970790499342132279092599158810776012082019946304300251725826979863991152731633335138711552
209 185 -985871155607785695945395472469609861489540032036924849014689433793865415378692709867965704679573104
185 209 -985871155607785695945395472469609861489540032036924849014689433793865415378692709867965704679573104
209 209 3560753406268657311316387774947960959153774732485578068493197581711826260754318885535153759242256
208 22 -15508247989905689762237410380546472638250080048647075975869081271219907448286779350393552896
22 208 -15508247989905689762237410380546472638250080048647075975869081271219907448286779350393552896
208 46 399445409057110971839216775361226134494457417081794328227818910555601027962989163470297740500533248
46 208 399445409057110971839216775361226134494457417081794328227818910555601027962989163470297740500533248
208 70 -3846504022450535777779229867455992362220516516234488553113694014605817645158470443886998181771760107520
70 208 -3846504022450535777779229867455992362220516516234488553113694014605817645158470443886998181771760107520
208 94 83213813818191896525210062938291247332378310289313223592858804780002549624178279916688476801343835602944
94 208 83213813818191896525210062938291247332378310289313223592858804780002549624178279916688476801343835602944
208 118 -69271197863765704651057910193742251024173744126223618364385269697153474824301317820036752513086210965504
118 208 -69271197863765704651057910193742251024173744126223618364385269697153474824301317820036752513086210965504
208 142 9377673372542894038378012309238858187612122934687410679411092137470076117412722268288076526208061276160
142 208 9377673372542894038378012309238858187612122934687410679411092137470076117412722268288076526208061276160
208 166 -155491579585215507463521888114200511913336346510592574563259846153886774050296834649337019479404850688
166 208 -155491579585215507463521888114200511913336346510592574563259846153886774050296834649337019479404850688
208 190 -447904494631407650598721286875743512465468301814109985517313755023240917553202307544078928051403634
190 208 -447904494631407650598721286875743512465468301814109985517313755023240917553202307544078928051403634
207 3 -11740232343087618310353430348826371536763194917222758046467358720
3 207 -11740232343087618310353430348826371536763194917222758046467358720
207 27 7099333428743331144703636171775197910772338018865862774701785600811602496690775890342820446208
27 207 7099333428743331144703636171775197910772338018865862774701785600811602496690775890342820446208
207 51 -3678201663478600046716941009649734246640078796922963769440488526526230482664165556974801033453633536
51 207 -3678201663478600046716941009649734246640078796922963769440488526526230482664165556974801033453633536
207 75 15387778904698821821313555833268620090873887767616713227076004066569674538128170960239727610428802465792
75 207 15387778904698821821313555833268620090873887767616713227076004066569674538128170960239727610428802465792
207 99 -103935514720056116963329870192778359352496968977131814682737407263562910396183222466221248257179036680192
99 207 -103935514720056116963329870192778359352496968977131814682737407263562910396183222466221248257179036680192
207 123 64305517099262087038776008735341783820648482141463081936519409099580979967812012187055924179595167793152
123 207 64305517099262087038776008735341783820648482141463081936519409099580979967812012187055924179595167793152
207 147 -5425539161792574993346267693839450063308567880600245464910606446032740177001760099138266492020332167168
147 207 -5425539161792574993346267693839450063308567880600245464910606446032740177001760099138266492020332167168
207 171 64084147141116825190178408939126851704706276045420448108699414544460213437120952108418328674115426432
171 207 64084147141116825190178408939126851704706276045420448108699414544460213437120952108418328674115426432
207 195 144098030449341412134207889320193546723580423295751488347352007613058528031849439333547059183785498
195 207 144098030449341412134207889320193546723580423295751488347352007613058528031849439333547059183785498
206 8 11191808008720374502380036522407567463595236259715605601097012302140490150576128
8 206 11191808008720374502380036522407567463595236259715605601097012302140490150576128
206 32 -57014634463167859375198509380241836645070087502847217608999464304927788853346906227539401768960
32 206 -57014634463167859375198509380241836645070087502847217608999464304927788853346906227539401768960
206 56 21327449333999967503741852631715568340690332654200950575361650995069972452487086587155038503186726912
56 206 21327449333999967503741852631715568340690332654200950575361650995069972452487086587155038503186726912
206 80 -41997706441839169918470609728799647835425077718962685681753610262742191474443043122506976106544520757248
80 206 -41997706441839169918470609728799647835425077718962685681753610262742191474443043122506976106544520757248
206 104 123139210926914609698027322557938800644191258271743523928775664823476585920320710364497460352053648818176
104 206 123139210926914609698027322557938800644191258271743523928775664823476585920320710364497460352053648818176
206 128 -57301631439202180594216575180505414409393523157562738802882682978694503570860475258738686426449946083328
128 206 -57301631439202180594216575180505414409393523157562738802882682978694503570860475258738686426449946083328
206 152 2558857790477516782532584467746484709470872267553483009596523782255885157512577202488682444905427369984
152 206 2558857790477516782532584467746484709470872267553483009596523782255885157512577202488682444905427369984
206 176 -12701872095117881558139348036248981564480144017856911835026211786123966968204969775633977450830952160
176 206 -12701872095117881558139348036248981564480144017856911835026211786123966968204969775633977450830952160
206 200 122880052668797862965339013362658514536476884181293989698007077540509761191376412376372843648778320
200 206 122880052668797862965339013362658514536476884181293989698007077540509761191376412376372843648778320
205 13 -84402148981881288320414544213245049401913523374319419886587325763699011988364208373760
13 205 -84402148981881288320414544213245049401913523374319419886587325763699011988364208373760
205 37 -7657543611888305394239613052462164489952221734914704689030005904879308504313118652828663016325120
37 205 -7657543611888305394239613052462164489952221734914704689030005904879308504313118652828663016325120
205 61 -314622885316457214126354070996629702443108709088238490881191573060586993731213052790620747983505850368
61 205 -314622885316457214126354070996629702443108709088238490881191573060586993731213052790620747983505850368
205 85 85414816797420578614856059533407078109920754710100143522974811319487714754635388076931770177006587609088
85 205 85414816797420578614856059533407078109920754710100143522974811319487714754635388076931770177006587609088
205 109 -134596851790250493529892821955335861251262749070922313404535847794303084185010962285931162299482962395136
109 205 -134596851790250493529892821955335861251262749070922313404535847794303084185010962285931162299482962395136
205 133 42880477030783013751262055627874880209585220443707430210983545280419817794284944852096367446331481915392
133 205 42880477030783013751262055627874880209585220443707430210983545280419817794284944852096367446331481915392
205 157 -1299058564003441703946715208412497248104602982212506097797222978314756441637249902558712875345800626176
157 205 -1299058564003441703946715208412497248104602982212506097797222978314756441637249902558712875345800626176
205 181 3943484622431142783781581889878439445958160128147699396058757735175461661514770839471862818718292416
181 205 3943484622431142783781581889878439445958160128147699396058757735175461661514770839471862818718292416
205 205 32734823808046912294771908276796113082409199319406266949105857777801934219175090819495454557363600
204 18 -45881843637183604820386059650125742061516171696674967780421779534782597422903463178665984
18 204 -45881843637183604820386059650125742061516171696674967780421779534782597422903463178665984
204 42 128292877702487287322735120577651811309069734733213097706410551848979102551769645448334511112716288
42 204 128292877702487287322735120577651811309069734733213097706410551848979102551769645448334511112716288
204 66 2922919290794495773383449259618481721445017635200001456677157685887394652332237346576685515188417331200
66 204 2922919290794495773383449259618481721445017635200001456677157685887394652332237346576685515188417331200
204 90 -139474506390150535759735692165920023442610013030512085760766099623689703368184314723662810566127414935552
90 204 -139474506390150535759735692165920023442610013030512085760766099623689703368184314723662810566127414935552
204 114 148463758422317081529795975921504252869910561622900878808764731754721632251160226650475406255301217746944
114 204 148463758422317081529795975921504252869910561622900878808764731754721632251160226650475406255301217746944
204 138 -28882329465009617644715697629130104972929240625845712505065177454473941702101390440795952043133790846976
138 204 -28882329465009617644715697629130104972929240625845712505065177454473941702101390440795952043133790846976
204 162 544988102985234130541142451744990809037102988789266003749140325153011383612754349730530868002256928768
162 204 544988102985234130541142451744990809037102988789266003749140325153011383612754349730530868002256928768
204 186 1939548874747856815090852540178033487989282990768222504643005471831834095826975750565944437910797392
186 204 1939548874747856815090852540178033487989282990768222504643005471831834095826975750565944437910797392
203 23 176488178731991703587623118343130513242525922602031757877579071938230641647768907117395705856
23 203 176488178731991703587623118343130513242525922602031757877579071938230641647768907117395705856
203 47 2201782986862525914433302853227824660468584256580879626917593826941435445975932693812595688394981376
47 203 2201782986862525914433302853227824660468584256580879626917593826941435445975932693812595688394981376
203 71 -14938128870769630303069434512251642844922332181154954564972585317866560186655905907352869711875776970752
71 203 -14938128870769630303069434512251642844922332181154954564972585317866560186655905907352869711875776970752
203 95 182473774246079915337087857923824077477560975431535252246121052321851467835723515247607999646360095686656
95 203 182473774246079915337087857923824077477560975431535252246121052321851467835723515247607999646360095686656
203 119 -150332923180132724831142957814877513177650566520499790516418530346428343877255156707459612257554916179968
119 203 -150332923180132724831142957814877513177650566520499790516418530346428343877255156707459612257554916179968
203 143 18189794441577413222306097256857213414177160841126198527451900199700023096329454394399494210179104243712
143 203 18189794441577413222306097256857213414177160841126198527451900199700023096329454394399494210179104243712
203 167 -213206064038806688310491235441239286557582555330128565159049686414202328072473777309267243307724763136
167 203 -213206064038806688310491235441239286557582555330128565159049686414202328072473777309267243307724763136
203 191 -731137682295755512504865249800221576903375711433628995985036642868628719573253943446301379415984744
191 203 -731137682295755512504865249800221576903375711433628995985036642868628719573253943446301379415984744
202 4 -924395490821793589836626904680126926551572343905325643966057411510272
4 202 -924395490821793589836626904680126926551572343905325643966057411510272
202 28 -82605300131763748520073371925395757447697689142847730839187796305008597667832933036938659627008
28 202 -82605300131763748520073371925395757447697689142847730839187796305008597667832933036938659627008
202 52 -16313760170263389559680563927402125703568233771408773201946541692901290458506689965337285396887764992
52 202 -16313760170263389559680563927402125703568233771408773201946541692901290458506689965337285396887764992
202 76 49609982350992586716552498272340802583936733637393211292889663684557734195770677508369645873877504491520
76 202 49609982350992586716552498272340802583936733637393211292889663684557734195770677508369645873877504491520
202 100 -223155649071458834685654858119813104120296266748849079071281441061862970555600066584179640894187055874048
100 202 -223155649071458834685654858119813104120296266748849079071281441061862970555600066584179640894187055874048
202 124 143383557522135728061193237499290690563770311931338814389598402244101651723130937016323446711701716598784
124 202 143383557522135728061193237499290690563770311931338814389598402244101651723130937016323446711701716598784
202 148 -8679274141490801486662560030784932008613783261261083706225689549268689663954239881548698764946688704512
148 202 -8679274141490801486662560030784932008613783261261083706225689549268689663954239881548698764946688704512
202 172 49154083098388196302002793495970611599639917883826113467098800937829451743957240237856024689210322688
172 202 49154083098388196302002793495970611599639917883826113467098800937829451743957240237856024689210322688
202 196 -489788822183092309021806833681036892843963654994926323714144230602420781968706049697252502186332350
196 202 -489788822183092309021806833681036892843963654994926323714144230602420781968706049697252502186332350
201 9 -647779857927743755016027613651721034669929738761073200394839422884038032662462464
9 201 -647779857927743755016027613651721034669929738761073200394839422884038032662462464
201 33 8374654067727531101118942161294188584662413148996491250443483268744708412026725426828539578023936
33 201 8374654067727531101118942161294188584662413148996491250443483268744708412026725426828539578023936
201 57 147154660296555520257436563437271480422405140454828192019942903875628589145563673886932858953925656576
57 201 147154660296555520257436563437271480422405140454828192019942903875628589145563673886932858953925656576
201 81 -116401478609546989952012785641776867943900805562217898948446255633080849691317066677499103903743345688576
81 201 -116401478609546989952012785641776867943900805562217898948446255633080849691317066677499103903743345688576
201 105 252378641280792919158697783139162996040010173980590433799266929856954706666786501917246495729024292093952
105 201 252378641280792919158697783139162996040010173980590433799266929856954706666786501917246495729024292093952
201 129 -118955787424911991825869675858784048142283764687040925726787638551028452894131620324719900830765554860032
129 201 -118955787424911991825869675858784048142283764687040925726787638551028452894131620324719900830765554860032
201 153 4499812869131992299333215925526378004368825617868751215486033039127408613447963254555758706820613406720
153 201 4499812869131992299333215925526378004368825617868751215486033039127408613447963254555758706820613406720
201 177 -10614242354465009046906202180510591123964928317249763543095966771435629110388527640735559753846035968
177 201 -10614242354465009046906202180510591123964928317249763543095966771435629110388527640735559753846035968
201 201 -334353745178916408747681433536732628179306739457089011551047602482853078702781717231797728441286528
200 14 -1213081942409579517164358447750712099752487807002622857261877824766080863123333556731904
14 200 -1213081942409579517164358447750712099752487807002622857261877824766080863123333556731904
200 38 -125482687597949962758465351477226155093359751706645191665486079203452063013772186725095207004536832
38 200 -125482687597949962758465351477226155093359751706645191665486079203452063013772186725095207004536832
200 62 -1746009934170877844768771172816558640168729935316413155791221974474750919630604950493524272827804418048
62 200 -1746009934170877844768771172816558640168729935316413155791221974474750919630604950493524272827804418048
200 86 213846747440009518096022607242726907065884165451273990536537132054057846086104120407118893887752142585856
86 200 213846747440009518096022607242726907065884165451273990536537132054057846086104120407118893887752142585856
200 110 -288987700782044236367150787847683518439564772926692638864319123086420703072178898887861445390924320342016
110 200 -288987700782044236367150787847683518439564772926692638864319123086420703072178898887861445390924320342016
200 134 83584162564860877422634171977212504811995143976110400749401458891659000815460142644404751032493765820416
134 200 83584162564860877422634171977212504811995143976110400749401458891659000815460142644404751032493765820416
200 158 -1880807209137783267617015631122367406462980501962423108946760737436097691465893038740260323622669910016
158 200 -1880807209137783267617015631122367406462980501962423108946760737436097691465893038740260323622669910016
200 182 -7166471914102522409579540590011896199447492829025759768277020080371854680851236920705262848822458144
182 200 -7166471914102522409579540590011896199447492829025759768277020080371854680851236920705262848822458144
199 19 1428315287278790778410156927426992451582867969858882639653190260896344741680474813018144768
19 199 1428315287278790778410156927426992451582867969858882639653190260896344741680474813018144768
199 43 -397661224090155374848194742236082000222435624014701487332288452808489959922609409004572867863511040
43 199 -397661224090155374848194742236082000222435624014701487332288452808489959922609409004572867863511040
199 67 11956734263477647870021832439939412862498480163662990154917229721228140526938582896152296269849861029888
67 199 11956734263477647870021832439939412862498480163662990154917229721228140526938582896152296269849861029888
199 91 -301484314095427905415246598677884626639155369437226566000655342593081753193158006554547918395882055139328
91 199 -301484314095427905415246598677884626639155369437226566000655342593081753193158006554547918395882055139328
199 115 323325678098597299724768708856822533817702828142078026269291693913460154821482432151269193561407286673408
115 199 323325678098597299724768708856822533817702828142078026269291693913460154821482432151269193561407286673408
199 139 -57188242610035689707813830747309447885781347126056105148827360506135558765338964526717037150171845099520
139 199 -57188242610035689707813830747309447885781347126056105148827360506135558765338964526717037150171845099520
199 163 652006717150187644614258167713921198791331427390715471296025060965071945986003919824783348590721630208
163 199 652006717150187644614258167713921198791331427390715471296025060965071945986003919824783348590721630208
199 187 2924550729183022050019460999200886307613502845734515983940146571474514878293015773785205517663938976
187 199 2924550729183022050019460999200886307613502845734515983940146571474514878293015773785205517663938976
198 24 2063688165778715688940595384087584842632242508082938902309578319396702864957816211426416525312
24 198 2063688165778715688940595384087584842632242508082938902309578319396702864957816211426416525312
198 48 10298398548149141687451707265526826749230479416350979268105336009912858840355436002725868918584377344
48 198 10298398548149141687451707265526826749230479416350979268105336009912858840355436002725868918584377344
198 72 -50227944070640949223446662647960299863723641148763932490435148880648042896207418699104824354963068026880
72 198 -50227944070640949223446662647960299863723641148763932490435148880648042896207418699104824354963068026880
198 96 374774688482544733829972848488200901875721961671903570889895030270311012970830289010709542626019007004672
96 198 374774688482544733829972848488200901875721961671903570889895030270311012970830289010709542626019007004672
198 120 -330297242262234015331456142701861313680458573778593029710370716845253914315819148872016729389811021905920
120 198 -330297242262234015331456142701861313680458573778593029710370716845253914315819148872016729389811021905920
198 144 28682462764333252992212019289756426969215197630042481141445575894611548330734157247291784018144509558784
144 198 28682462764333252992212019289756426969215197630042481141445575894611548330734157247291784018144509558784
198 168 -179195715169171560740211917535824878905925639448938311529067223649576952730272900586877225431974100992
168 198 -179195715169171560740211917535824878905925639448938311529067223649576952730272900586877225431974100992
198 192 1938051065495386390620827582729597983979352875236521647403793194834701581878800010507704090877039542
192 198 1938051065495386390620827582729597983979352875236521647403793194834701581878800010507704090877039542
197 5 -353064557841679633926809417563237122411834882169440891773257496704057344
5 197 -353064557841679633926809417563237122411834882169440891773257496704057344
197 29 -780256246331466491605037688757737869568408275542200018972524435231414156826656317913649765154816
29 197 -780256246331466491605037688757737869568408275542200018972524435231414156826656317913649765154816
197 53 -78914073936730914832212387128559886689043548012129946941354651626942695736934641885793112954750631936
53 197 -78914073936730914832212387128559886689043548012129946941354651626942695736934641885793112954750631936
197 77 141489533865857695399773331265508757491486291957277137672777713517831656810680608697420986307152334290944
77 197 141489533865857695399773331265508757491486291957277137672777713517831656810680608697420986307152334290944
197 101 -439593871443756391679488148768984431244808943733503400405973503967850945208845441247168549024562302418944
101 197 -439593871443756391679488148768984431244808943733503400405973503967850945208845441247168549024562302418944
197 125 305985294818911810246873078318896012983528938509686346749913835909105143036796828540168185070327361961984
125 197 305985294818911810246873078318896012983528938509686346749913835909105143036796828540168185070327361961984
197 149 -14663300690689433271463906497207295581790341071139564091403100616951829046424869776533531898655943950336
149 197 -14663300690689433271463906497207295581790341071139564091403100616951829046424869776533531898655943950336
197 173 11810878946226842490135704189833038454327384397966288655970134570271662200096217050220991075972164608
173 197 11810878946226842490135704189833038454327384397966288655970134570271662200096217050220991075972164608
197 197 1861738554918228640678085829527356775917045929641864426148306224968844949715390207558658876389130922
196 10 -170886381699048572319498236840030555886253828443608575391661539135698644506771456
10 196 -170886381699048572319498236840030555886253828443608575391661539135698644506771456
196 34 47526295311280418701300199449471301005554887532352395737096303577093157423073924582697804094242816
34 196 47526295311280418701300199449471301005554887532352395737096303577093157423073924582697804094242816
196 58 850366056342806182312147660808586486114897166060271621684409314077967073782962352262218659510760767488
58 196 850366056342806182312147660808586486114897166060271621684409314077967073782962352262218659510760767488
196 82 -296639612425851207138668864647366572667480547950183692094883928220660251582500577022730292674099809353728
82 196 -296639612425851207138668864647366572667480547950183692094883928220660251582500577022730292674099809353728
196 106 511230301462235208351425893743142675900957532157039120312265676303246739227000793942183580062673706942464
106 196 511230301462235208351425893743142675900957532157039120312265676303246739227000793942183580062673706942464
196 130 -228266180048671678139235268862336514771015761717588386534474381591557146233486509229327902281924501045248
130 196 -228266180048671678139235268862336514771015761717588386534474381591557146233486509229327902281924501045248
196 154 6495604794444601849567636120395013282711440760223782821904676993395153557779361576867526710905480937472
154 196 6495604794444601849567636120395013282711440760223782821904676993395153557779361576867526710905480937472
196 178 23736565638193927496067252026555994933679870024947985135561235503624261049815584135594188970139958016
178 196 23736565638193927496067252026555994933679870024947985135561235503624261049815584135594188970139958016
195 15 -13820147825414433107993203431561245556574393350138701711104881171289894632069824912556032
15 195 -13820147825414433107993203431561245556574393350138701711104881171289894632069824912556032
195 39 -166988599109212800376251832604056915355358301861648556490872285893566603650503613270913733720276992
39 195 -166988599109212800376251832604056915355358301861648556490872285893566603650503613270913733720276992
195 63 -7741072487480364446150193987554409997258372256141999671938003476622578382648021695135118974212087218176
63 195 -7741072487480364446150193987554409997258372256141999671938003476622578382648021695135118974212087218176
195 87 466059393941334648736639555877623231969396526108248091225919649025597004006516721482131237821103556526080
87 195 466059393941334648736639555877623231969396526108248091225919649025597004006516721482131237821103556526080
195 111 -630460789749994830689452559672836520701169963998288303909644183599432455973390438816597871066504354594816
111 195 -630460789749994830689452559672836520701169963998288303909644183599432455973390438816597871066504354594816
195 135 167198565857930521485496705885266101140316279390400356454514668572998750890207791026991002015585615740928
135 195 167198565857930521485496705885266101140316279390400356454514668572998750890207791026991002015585615740928
195 159 -1873669532579344989313262833561443401173411222645558897256684133910921578804971727263733752464304242688
159 195 -1873669532579344989313262833561443401173411222645558897256684133910921578804971727263733752464304242688
195 183 -9222273948757850376589304916492386990309147090928095254230528487235745794038364117347011787762271872
183 195 -9222273948757850376589304916492386990309147090928095254230528487235745794038364117347011787762271872
194 20 -4154414750950105951186741963452773379450375935732240909888688550381089451182627947892703232
20 194 -4154414750950105951186741963452773379450375935732240909888688550381089451182627947892703232
194 44 -4354393803729165209870292794277796012046529551817392682115751554487005908046832876940944152308219904
44 194 -4354393803729165209870292794277796012046529551817392682115751554487005908046832876940944152308219904
194 68 42425567671068466196925826695542545605197430682245932545046857439524863339558919073804560300553038462976
68 194 42425567671068466196925826695542545605197430682245932545046857439524863339558919073804560300553038462976
194 92 -589520079477903106146873972271147353110372469832304058195814412734000549318430470776977878168471963959296
92 194 -589520079477903106146873972271147353110372469832304058195814412734000549318430470776977878168471963959296
194 116 699604157276910554053646541739883970355417144350107728595180526041921770076865305741695495771920875388928
116 194 699604157276910554053646541739883970355417144350107728595180526041921770076865305741695495771920875388928
194 140 -91578868389471450909390828035631823738764512764756885085408778165849907180829883315643732436128131710976
140 194 -91578868389471450909390828035631823738764512764756885085408778165849907180829883315643732436128131710976
194 164 599452901635403424436155806970092928474704547973318404326455462377142478198479820583367230412041355264
164 194 599452901635403424436155806970092928474704547973318404326455462377142478198479820583367230412041355264
194 188 -7836621154929476944348909338896590285503418479918821179426307689638732511499296795156040034981317600
188 194 -7836621154929476944348909338896590285503418479918821179426307689638732511499296795156040034981317600
193 1 40833604560970151429308558344987712484802560
1 193 40833604560970151429308558344987712484802560
193 25 4539735573627761169019567040866485901682717478571182556459483015259257841353498490846853464064
25 193 4539735573627761169019567040866485901682717478571182556459483015259257841353498490846853464064
193 49 46224502935965660581440058258540687351984866667004855531025232592347148591603676681738606037086240768
49 193 46224502935965660581440058258540687351984866667004855531025232592347148591603676681738606037086240768
193 73 -149028551108127323968247674138572017199349960926580332452565494767500440454870871544366176247130733150208
73 193 -149028551108127323968247674138572017199349960926580332452565494767500440454870871544366176247130733150208
193 97 713051000350328460395460862049565540584421650652428639035211133339059845820613812900110076109372577021952
97 193 713051000350328460395460862049565540584421650652428639035211133339059845820613812900110076109372577021952
193 121 -723405888682609878360916345075630777446801807342222581169615953215593868267635802282906699260446143152128
121 193 -723405888682609878360916345075630777446801807342222581169615953215593868267635802282906699260446143152128
193 145 44978734102981543431277519471079905750518228174244480115972387181611620995340456188375967579449426182144
145 193 44978734102981543431277519471079905750518228174244480115972387181611620995340456188375967579449426182144
193 169 56951780433782907591374708810257587129811850888981828825219643739268187630284433950519989614669447168
169 193 56951780433782907591374708810257587129811850888981828825219643739268187630284433950519989614669447168
193 193 -7446954219672914562712343318109427103668183718567457704593224899875379798861560830234635505556523688
192 6 9591937624411222187103778460570813230524485107694584979964565705313816150016
6 192 9591937624411222187103778460570813230524485107694584979964565705313816150016
192 30 -989739147788050689472833668090594424820597233850564455431911696055097538340196950551150341390336
30 192 -989739147788050689472833668090594424820597233850564455431911696055097538340196950551150341390336
192 54 -373462163011877845353589428272487016568346561363370161925125946354823680028397714852607639105046577152
54 192 -373462163011877845353589428272487016568346561363370161925125946354823680028397714852607639105046577152
192 78 367403849793927605178676018469867688672921061131030558806307388824913203400096123964348938902291146080256
78 192 367403849793927605178676018469867688672921061131030558806307388824913203400096123964348938902291146080256
192 102 -824837517939737008835177871812067395809006932077452716581940084281057487860171875485951673813526760128512
102 192 -824837517939737008835177871812067395809006932077452716581940084281057487860171875485951673813526760128512
192 126 589273214910900826914972562265329321978872043312098094699193793453414229973548285974503588173407171117056
126 192 589273214910900826914972562265329321978872043312098094699193793453414229973548285974503588173407171117056
192 150 -22147851232242037064640296167323800219437663189148981094492330846233771802820725306795121334814416830464
150 192 -22147851232242037064640296167323800219437663189148981094492330846233771802820725306795121334814416830464
192 174 -83117072224099230037685886580248581065429142137227106227413619917104670141132937354262806137175146496
174 192 -83117072224099230037685886580248581065429142137227106227413619917104670141132937354262806137175146496
191 11 2557025602039130401193175915444578182848062446983171263988430069940272537075909132288
11 191 2557025602039130401193175915444578182848062446983171263988430069940272537075909132288
191 35 48733733362030757621508120458029925178903642902839092438416903981208497402313740054396446779113472
35 191 48733733362030757621508120458029925178903642902839092438416903981208497402313740054396446779113472
191 59 4245632453063575967553762768287858896224093396694617241619993906050803798727135978366716081420057444352
59 191 4245632453063575967553762768287858896224093396694617241619993906050803798727135978366716081420057444352
191 83 -666014642960075348984018949058691468513620292083024797227421446486052644514929242878020953659145988341760
83 191 -666014642960075348984018949058691468513620292083024797227421446486052644514929242878020953659145988341760
191 107 1093212078558520282904798232281829450636036606739407487985321161015622278880242114720582180191480162811904
107 191 1093212078558520282904798232281829450636036606739407487985321161015622278880242114720582180191480162811904
191 131 -453891519461719908581630534062473996963770748254177813509527328316962038020809744441308681896220994568192
131 191 -453891519461719908581630534062473996963770748254177813509527328316962038020809744441308681896220994568192
191 155 5353813252982723303245942223442624999847392833981664072231927832004920512824075359503422132962824552448
155 191 5353813252982723303245942223442624999847392833981664072231927832004920512824075359503422132962824552448
191 179 20641267895421651566169731729649811585484434420308448769985067726633448232548163942441092580085694464
179 191 20641267895421651566169731729649811585484434420308448769985067726633448232548163942441092580085694464
190 16 36485169447122632739025886506249726727699139641256498308194966912867360042244534414868480
16 190 36485169447122632739025886506249726727699139641256498308194966912867360042244534414868480
190 40 850544085100407862120971220005469736116318396643940274649663603373767871125095692712936641824555008
40 190 850544085100407862120971220005469736116318396643940274649663603373767871125095692712936641824555008
190 64 -29552635700236621888043705828787724270707873830827387809310875613051384511921467343260251104866130198528
64 190 -29552635700236621888043705828787724270707873830827387809310875613051384511921467343260251104866130198528
190 88 884460993262193067409933896350501692511633471374479695496937298598650950582057764336700306956194999697408
88 190 884460993262193067409933896350501692511633471374479695496937298598650950582057764336700306956194999697408
190 112 -1354903947649366680465259421255855073449108347925114654664185987863208104803784284281045751060717809696768
112 190 -1354903947649366680465259421255855073449108347925114654664185987863208104803784284281045751060717809696768
190 136 278929575030865646320016723608857646139679050697039365509312199443582041198617925751108838585543690289152
136 190 278929575030865646320016723608857646139679050697039365509312199443582041198617925751108838585543690289152
190 160 -1791716876651487373414670779284473044597132372607860633951621650871947847903820572904356046159948546048
160 190 -1791716876651487373414670779284473044597132372607860633951621650871947847903820572904356046159948546048
190 184 31457293483212252919126787420840579721338082350411261362689811850370498864992361568351447974087249920
184 190 31457293483212252919126787420840579721338082350411261362689811850370498864992361568351447974087249920
189 21 150512809988146444933168261547242907767024015955553559958776141182735706242034059813809291264
21 189 150512809988146444933168261547242907767024015955553559958776141182735706242034059813809291264
189 45 -21172332709059390240391420006712104505196339048243180628252030112228146220497316311518493757986045952
45 189 -21172332709059390240391420006712104505196339048243180628252030112228146220497316311518493757986045952
189 69 131374352589491970742560362565436793530170635793302338750372462709804537006005832359996248917175842111488
69 189 131374352589491970742560362565436793530170635793302338750372462709804537006005832359996248917175842111488
189 93 -1082657689888679802585648795214712536262834503648460710004374227744148437847595461581328789144686877999104
93 189 -1082657689888679802585648795214712536262834503648460710004374227744148437847595461581328789144686877999104
189 117 1560393033273803411749133386374172063194756038330089008189854317513698621683807625228502870729626222592000
117 189 1560393033273803411749133386374172063194756038330089008189854317513698621683807625228502870729626222592000
189 141 -131283008323149788756024585613053232952035410789581815015563625485578165036372447609123993641060701044736
141 189 -131283008323149788756024585613053232952035410789581815015563625485578165036372447609123993641060701044736
189 165 -401911483127605116277790001842033438390599518699770662736155558516825961116889962375899925830652919808
165 189 -401911483127605116277790001842033438390599518699770662736155558516825961116889962375899925830652919808
189 189 21398639691450650159851611746350888203475631325253696739267046558902597036978029902835054620242337792
188 2 5861664260799000164975232452513754713315157481185932738560
2 188 5861664260799000164975232452513754713315157481185932738560
188 26 -134918572782402228583713084929588043943371615099836332884442124312873746646239583179690154655744
26 188 -134918572782402228583713084929588043943371615099836332884442124312873746646239583179690154655744
188 50 165739494468749822035999986012605484713118321679715354906400114227506128606556828245397019054017871872
50 188 165739494468749822035999986012605484713118321679715354906400114227506128606556828245397019054017871872
188 74 -397538588865417046090167912346364475874931060958156330006922424230453153586755531719585716664653485965312
74 188 -397538588865417046090167912346364475874931060958156330006922424230453153586755531719585716664653485965312
188 98 1227174819344707657095029893237611508734977860129092432082173014030778024324649522790404228748873209741312
98 188 1227174819344707657095029893237611508734977860129092432082173014030778024324649522790404228748873209741312
188 122 -1429081930579506120800629300387697300619992626000416037258702929131503726778839542537003019847195644919808
122 188 -1429081930579506120800629300387697300619992626000416037258702929131503726778839542537003019847195644919808
188 146 71959299472174252704359822078318135021574695198379888558739005194577902577556374390340724341452853739520
146 188 71959299472174252704359822078318135021574695198379888558739005194577902577556374390340724341452853739520
188 170 360027037242900411920477589115001526186921033673205826407723641262725887573713265371880063131320320000
170 188 360027037242900411920477589115001526186921033673205826407723641262725887573713265371880063131320320000
187 7 -5537170508181056271425230197241811177413111492189409015883394325355580195078144
7 187 -5537170508181056271425230197241811177413111492189409015883394325355580195078144
187 31 21191584759203670805476606094194271644429500972402890677660135965838558328427697508503973508677632
31 187 21191584759203670805476606094194271644429500972402890677660135965838558328427697508503973508677632
187 55 -2075091100817149606177158835657674096514086575997359609274492165013739857746189427061360316405478588416
55 187 -2075091100817149606177158835657674096514086575997359609274492165013739857746189427061360316405478588416
187 79 857780819322215077716024788693447016380469669552509379052393995334216719955610909471030090230930176212992
79 187 857780819322215077716024788693447016380469669552509379052393995334216719955610909471030090230930176212992
187 103 -1651062370992462496839187870598241087839206275275689084649280846451169623715110042072922674550940557639680
103 187 -1651062370992462496839187870598241087839206275275689084649280846451169623715110042072922674550940557639680
187 127 1149927450307881243002632910900578725121008735327284216409085780129413722463674358056446531366352909762560
127 187 1149927450307881243002632910900578725121008735327284216409085780129413722463674358056446531366352909762560
187 151 -16476170427803815953005996515954342999108209252752478493842395300681257620788231049491052399043117318144
151 187 -16476170427803815953005996515954342999108209252752478493842395300681257620788231049491052399043117318144
187 175 -16995058833939912867323398531230008066109800357303022262291174531362251345234650621447912327431061504
175 187 -16995058833939912867323398531230008066109800357303022262291174531362251345234650621447912327431061504
186 12 267365778250124041091239821911848895057071990786588307193184333019660805236048636411904
12 186 267365778250124041091239821911848895057071990786588307193184333019660805236048636411904
186 36 -439919550228534813862322973776596278924015925788803283033600887310778639055787747920180130139340800
36 186 -439919550228534813862322973776596278924015925788803283033600887310778639055787747920180130139340800
186 60 17240014551157596199861801751614290613433435140042189757161619044743703700064475005134820409982574395392
60 186 17240014551157596199861801751614290613433435140042189757161619044743703700064475005134820409982574395392
186 84 -1268627638877649730429069428729262653915189839459553059497722141234439747747798672000030979637552179314688
84 186 -1268627638877649730429069428729262653915189839459553059497722141234439747747798672000030979637552179314688
186 108 2364683238664019446232275860478907974186811463788536637470841974735446245086494970271694658143412369227776
108 186 2364683238664019446232275860478907974186811463788536637470841974735446245086494970271694658143412369227776
186 132 -799637490637797647203492715993007017278233825267020471375055146374813743884636829571798339806915765207040
132 186 -799637490637797647203492715993007017278233825267020471375055146374813743884636829571798339806915765207040
186 156 4530651563221192272893934370272712625596391801753890201699355350149335508961089027365250257377873100800
156 186 4530651563221192272893934370272712625596391801753890201699355350149335508961089027365250257377873100800
186 180 -117938850289908256423402254185754093085794048403731556746076564414512356170494140111368791019929337856
180 186 -117938850289908256423402254185754093085794048403731556746076564414512356170494140111368791019929337856
185 17 1348207282019058821517219775838488060699673740900833647189378646307106291806418096797777920
17 185 1348207282019058821517219775838488060699673740900833647189378646307106291806418096797777920
185 41 4620858998472109832196489564454165741471706818983297552996310826411047742965123912500064423640039424
41 185 4620858998472109832196489564454165741471706818983297552996310826411047742965123912500064423640039424
185 65 -95403165011937445704071464084569248980912044461073848106594174942464839784166807838400053970441953345536
65 185 -95403165011937445704071464084569248980912044461073848106594174942464839784166807838400053970441953345536
185 89 1556171855898210977764562852491420222869407491896231642609394223202216440237980671876071555800415179112448
89 185 1556171855898210977764562852491420222869407491896231642609394223202216440237980671876071555800415179112448
185 113 -3048413118283336242732062738373261215300855726729292477787137932795108433865624832503243199917888624394240
113 185 -3048413118283336242732062738373261215300855726729292477787137932795108433865624832503243199917888624394240
185 137 371340600801850457927066497458062253731153289297945090651408473077010015189440733494816091339501208600576
137 185 371340600801850457927066497458062253731153289297945090651408473077010015189440733494816091339501208600576
185 161 1240331180983951329270004597372318173413608294780020392319170242103738450140940474088937750643897008128
161 185 1240331180983951329270004597372318173413608294780020392319170242103738450140940474088937750643897008128
185 185 -33520459579440038189846434075439219796387020103072017355884398364469180640435292999163345466740326400
184 22 974191229859362071698602043289366024575678471733962978580476783308202890932387599773352329216
22 184 974191229859362071698602043289366024575678471733962978580476783308202890932387599773352329216
184 46 -40743393728233278283511270405252185404461048562456268526395712478259393170304740368983776537125847040
46 184 -40743393728233278283511270405252185404461048562456268526395712478259393170304740368983776537125847040
184 70 366552792223969720179009364422952992404470487528431381330072173156110409590694006279082337978220179095552
70 184 366552792223969720179009364422952992404470487528431381330072173156110409590694006279082337978220179095552
184 94 -1727096053550360662574062116084146195618400397050752747617771153952219772251561060468784168055290640465920
94 184 -1727096053550360662574062116084146195618400397050752747617771153952219772251561060468784168055290640465920
184 118 3209680835909473457745044928568851122748482921296934365563625724747783891797739070226684516030473220128768
118 184 3209680835909473457745044928568851122748482921296934365563625724747783891797739070226684516030473220128768
184 142 -215802547500010503271883268685373836293157937815672364611562711583878658688025417345704658783338552623104
142 184 -215802547500010503271883268685373836293157937815672364611562711583878658688025417345704658783338552623104
184 166 -1739307316572410034776375324545169250798826049401316737361962139003436874937087576563437377759305793536
166 184 -1739307316572410034776375324545169250798826049401316737361962139003436874937087576563437377759305793536
183 3 3658109074797596534829780266773072461687412370258658298633635495936
3 183 3658109074797596534829780266773072461687412370258658298633635495936
183 27 -1049515409520982899269814774120057374020212497162466536594948228717815766868152975899317298528256
27 183 -1049515409520982899269814774120057374020212497162466536594948228717815766868152975899317298528256
183 51 900458293363676959784023802434740900121101180209707261353363789161867290347900153525637484251864629248
51 183 900458293363676959784023802434740900121101180209707261353363789161867290347900153525637484251864629248
183 75 -967324061617430954292475420950886646674351731722518833183588959976239450415117833312893008126323409813504
75 183 -967324061617430954292475420950886646674351731722518833183588959976239450415117833312893008126323409813504
183 99 2140748084501732778198812587867933624635814087684165490001465296834484901263667812403907577698233696124928
99 183 2140748084501732778198812587867933624635814087684165490001465296834484901263667812403907577698233696124928
183 123 -2739826252824821570126673020219454373255486270574585293335931205966480559763899031688931879936080417390592
123 183 -2739826252824821570126673020219454373255486270574585293335931205966480559763899031688931879936080417390592
183 147 55926061088631324448807832377745218205745678856727261737232020196844882443687722266157615997956095213568
147 183 55926061088631324448807832377745218205745678856727261737232020196844882443687722266157615997956095213568
183 171 -99081595523517816656613495664016688049791289072160104822406204244727278025851786242371868908765315072
171 183 -99081595523517816656613495664016688049791289072160104822406204244727278025851786242371868908765315072
182 8 68630300102766662199160614452164774411550402739034116505578889247983753064611840
8 182 68630300102766662199160614452164774411550402739034116505578889247983753064611840
182 32 129785215027108569740636806095258578898705743545547544084992566879810795292736131319721611891834880
32 182 129785215027108569740636806095258578898705743545547544084992566879810795292736131319721611891834880
182 56 -8727176138580180059223962352647439988479561777279522062454047087321633403011469226209235986682281459712
56 182 -8727176138580180059223962352647439988479561777279522062454047087321633403011469226209235986682281459712
182 80 1689106925315490209239267474061895068184960542622718913780108138066066618217774088586864067070288419880960
80 182 1689106925315490209239267474061895068184960542622718913780108138066066618217774088586864067070288419880960
182 104 -3616852184747498055713592251658158442962125302700182729758087725893581389786427655301560686003492348755968
104 182 -3616852184747498055713592251658158442962125302700182729758087725893581389786427655301560686003492348755968
182 128 2133738831776594313725121865320310099735040070102907981313778415048759486439134693921035121136821700919296
128 182 2133738831776594313725121865320310099735040070102907981313778415048759486439134693921035121136821700919296
182 152 -8388103841397904137998117889606553079023077573125096801183625174194986360977800101169686673295547564032
152 182 -8388103841397904137998117889606553079023077573125096801183625174194986360977800101169686673295547564032
182 176 392742776817216953755173000824891080387856159278544511043521532196979475228555554292161002079597363200
176 182 392742776817216953755173000824891080387856159278544511043521532196979475228555554292161002079597363200
181 13 4674460386365978808124157520849797815311190043612431940037708002396465651832035779543040
13 181 4674460386365978808124157520849797815311190043612431940037708002396465651832035779543040
181 37 -2037511670829297426991820149467294346785378862533878649338359704914630032660617469211160156689137664
37 181 -2037511670829297426991820149467294346785378862533878649338359704914630032660617469211160156689137664
181 61 56888289281770214926587637849259673609443283859901576609082569071294436632754007500304814097211259355136
61 181 56888289281770214926587637849259673609443283859901576609082569071294436632754007500304814097211259355136
181 85 -2138261338217767315717222110149242054894752030787571920427495382673918513685307817575262293996848052961280
85 181 -2138261338217767315717222110149242054894752030787571920427495382673918513685307817575262293996848052961280
181 109 5340345678857775459965577956724243347801703791231950291727056209250223406886339918036309934890580453621760
109 181 5340345678857775459965577956724243347801703791231950291727056209250223406886339918036309934890580453621760
181 133 -1034800320140904466428484577498644652111199147145469632602998329277013420309170723997949452647365450137600
133 181 -1034800320140904466428484577498644652111199147145469632602998329277013420309170723997949452647365450137600
181 157 -1221688715021237546271637458922998171259251475068422536697978309090314309176892235310483240379949776896
157 181 -1221688715021237546271637458922998171259251475068422536697978309090314309176892235310483240379949776896
181 181 -58339383808305681388607697304747392354775445217043711074192549178766561456198760620607959191425122304
180 18 -5844353435334046973943535756952682009490344869261700250526730978745182373853446639875784704
18 180 -5844353435334046973943535756952682009490344869261700250526730978745182373853446639875784704
180 42 -1982516992078462839739018177302679256375142371650543462778928944552804287119021181791585426907070464
42 180 -1982516992078462839739018177302679256375142371650543462778928944552804287119021181791585426907070464
180 66 -279005298466524044876058188368230335649129893707224938784295986856795402772264562723614667869755658993664
66 180 -279005298466524044876058188368230335649129893707224938784295986856795402772264562723614667869755658993664
180 90 2364116969757714371498983115553719433889345304642934170458875169578280763123949661057999524251180220809216
90 180 2364116969757714371498983115553719433889345304642934170458875169578280763123949661057999524251180220809216
180 114 -6559647281126661552134541623284080681645159924236421181965937051319014890718193304911561843832213278294016
114 180 -6559647281126661552134541623284080681645159924236421181965937051319014890718193304911561843832213278294016
180 138 589765949573699704795169934736223979754518228378982492285077822446774073325842943755225716345869774618624
138 180 589765949573699704795169934736223979754518228378982492285077822446774073325842943755225716345869774618624
180 162 7670573063526192975715240899019854874932947023427232719905719674809701659377005375335310995166175690752
162 180 7670573063526192975715240899019854874932947023427232719905719674809701659377005375335310995166175690752
179 23 2075696617943481561624982479895781772069844376688507313100247114442926617767316346453952036864
23 179 2075696617943481561624982479895781772069844376688507313100247114442926617767316346453952036864
179 47 -224463087187866992070445716023729007542836421180397410379899417842897081092618314788804680313802326016
47 179 -224463087187866992070445716023729007542836421180397410379899417842897081092618314788804680313802326016
179 71 932350259601055766288296444475589613415055882821885133072502205863822893103477907079585264562286001913856
71 179 932350259601055766288296444475589613415055882821885133072502205863822893103477907079585264562286001913856
179 95 -2397701978988592371590369121684684102383804416054897864334298381530010747529267805785567712464547216359424
95 179 -2397701978988592371590369121684684102383804416054897864334298381530010747529267805785567712464547216359424
179 119 6158714771570526666108403179272406137340116824219522583964627630432659111940794300950193211118590963482624
119 179 6158714771570526666108403179272406137340116824219522583964627630432659111940794300950193211118590963482624
179 143 -195172422637363463216263334044580698852419546492828670796088494314607392603085887254108542115633468276736
143 179 -195172422637363463216263334044580698852419546492828670796088494314607392603085887254108542115633468276736
179 167 493159151502377470568433298855063245809617547750273465846923304014804398686169810856211086268826648576
167 179 493159151502377470568433298855063245809617547750273465846923304014804398686169810856211086268826648576
178 4 10484311480266175214641810250861822837528626981576085541994246396968960
4 178 10484311480266175214641810250861822837528626981576085541994246396968960
178 28 -1446888701287859851760273564867566118816966983060743339932757283924973627105692355956835428073472
28 178 -1446888701287859851760273564867566118816966983060743339932757283924973627105692355956835428073472
178 52 3751469510256901420418618902631912043624583431430736845558676807153576793509365171520261570312410234880
52 178 3751469510256901420418618902631912043624583431430736845558676807153576793509365171520261570312410234880
178 76 -2008222031701655579904757898223316620100118901195833087395648741247783995225952874018649407917354995679232
76 178 -2008222031701655579904757898223316620100118901195833087395648741247783995225952874018649407917354995679232
178 100 4603884121488942026410549766628349385571550559652457220931575696296025690998947121746054658133743594635264
100 178 4603884121488942026410549766628349385571550559652457220931575696296025690998947121746054658133743594635264
178 124 -5267076020022685712875759227382186370723021150525352074669574519783385151374317810012922571210268606464000
124 178 -5267076020022685712875759227382186370723021150525352074669574519783385151374317810012922571210268606464000
178 148 4837684942883919616398069187603262245062615913642298103973315427357146064714765647900639847239838072832
148 178 4837684942883919616398069187603262245062615913642298103973315427357146064714765647900639847239838072832
178 172 -1156022268136757030982247033652404633173670378145615448092659624726899681300603773989940811820712329216
172 178 -1156022268136757030982247033652404633173670378145615448092659624726899681300603773989940811820712329216
177 9 83124249723395102587346130682722668552383299584659096896151640858028977940131217408
9 177 83124249723395102587346130682722668552383299584659096896151640858028977940131217408
177 33 218025511956906233557600114506246519991883512929230599017136689860694788893532155861960975668215808
33 177 218025511956906233557600114506246519991883512929230599017136689860694788893532155861960975668215808
177 57 -28414269846978247868157340319510847367095949019467698536815492262385645294683514662422307358891952832512
57 177 -28414269846978247868157340319510847367095949019467698536815492262385645294683514662422307358891952832512
177 81 2810597811296870381144399014126230942602326654807896909966445360846581489385519153991661461845410406465536
81 177 2810597811296870381144399014126230942602326654807896909966445360846581489385519153991661461845410406465536
177 105 -8251300140509155743506171512440061459217569743354875297393273139478709711403268607199482205457914202685440
105 177 -8251300140509155743506171512440061459217569743354875297393273139478709711403268607199482205457914202685440
177 129 2847011736515022659142547472846165611672564773983516747105437843726345486800540587558633221391675492925440
129 177 2847011736515022659142547472846165611672564773983516747105437843726345486800540587558633221391675492925440
177 153 -7731944474791460039529449934356444029831400595535171590615250432132993583685488812400353180412962406400
153 177 -7731944474791460039529449934356444029831400595535171590615250432132993583685488812400353180412962406400
177 177 652649002941571448628412545738177555263852964946913472544045962052724893048175446996614809403701329920
176 14 76588420071943626529566391939806339239737172873766615252514442929763967710331283156500480
14 176 76588420071943626529566391939806339239737172873766615252514442929763967710331283156500480
176 38 897721580530761119409290593212893723790124728313797025511131530015338008968269336591083547589083136
38 176 897721580530761119409290593212893723790124728313797025511131530015338008968269336591083547589083136
176 62 168146289522412522788927430810768431226585850278348177807137652394846371155541729244926271302260012089344
62 176 168146289522412522788927430810768431226585850278348177807137652394846371155541729244926271302260012089344
176 86 -3171888012193388612232427407512606185519201756753832664049457679323640372915163118998746441137798839795712
86 176 -3171888012193388612232427407512606185519201756753832664049457679323640372915163118998746441137798839795712
176 110 11992518122324567931367872018163839749601732732914615772831148088818208270142968153713216207162850169323520
110 176 11992518122324567931367872018163839749601732732914615772831148088818208270142968153713216207162850169323520
176 134 -1484683123894871286515423669982374382864991974291799942586275035126742587985860314429514350883858999672832
134 176 -1484683123894871286515423669982374382864991974291799942586275035126742587985860314429514350883858999672832
176 158 -27644150554204905596137177323425143952715167675807775421472192030016001267844487256032511649312690667520
158 176 -27644150554204905596137177323425143952715167675807775421472192030016001267844487256032511649312690667520
175 19 -73422607999439058187728211111930674096001669308928387072410293753447311711234985936593879040
19 175 -73422607999439058187728211111930674096001669308928387072410293753447311711234985936593879040
175 43 -990695273769404444511080384878071241245754466329604483167487940011578398756947402646105923191308288
43 175 -990695273769404444511080384878071241245754466329604483167487940011578398756947402646105923191308288
175 67 -740701621186837631813860429109611353755695012372679951940891823471425520757245912023249380097408796459008
67 175 -740701621186837631813860429109611353755695012372679951940891823471425520757245912023249380097408796459008
175 91 2447319843738831224261319921522483454241881096122938808253652420529039338213830753925682373838302743625728
91 175 2447319843738831224261319921522483454241881096122938808253652420529039338213830753925682373838302743625728
175 115 -12950783493800394860053192271335511323058230268695149690923386855731807339155962680912499199795356267184128
115 175 -12950783493800394860053192271335511323058230268695149690923386855731807339155962680912499199795356267184128
175 139 642334808936784683523537287763487252589018850345107231995212546875602711446981746802075970059100802252800
139 175 642334808936784683523537287763487252589018850345107231995212546875602711446981746802075970059100802252800
175 163 -388586657811679854360013688355550238575563724233033161701356604122276956552276678880531294992862281728
163 175 -388586657811679854360013688355550238575563724233033161701356604122276956552276678880531294992862281728
174 24 -102449428583567649650902984019565815405902418728832370537520068104699963868852030907460662329344
24 174 -102449428583567649650902984019565815405902418728832370537520068104699963868852030907460662329344
174 48 -1040190177306728694596392512387637909085154287572905410031632001885197800464436276368290919535299526656
48 174 -1040190177306728694596392512387637909085154287572905410031632001885197800464436276368290919535299526656
174 72 2051634299537345455635967057361473595577401155082963980401426276646187029017634867474225467362521072533504
72 174 2051634299537345455635967057361473595577401155082963980401426276646187029017634867474225467362521072533504
174 96 -4326858369503217485683972979781952186381159216761359632005250682697087806510194887026232285057733372149760
96 174 -4326858369503217485683972979781952186381159216761359632005250682697087806510194887026232285057733372149760
174 120 12031263003458277671943458352258968566899169054533432748999531856740151832298193507995013034015217382588416
120 174 12031263003458277671943458352258968566899169054533432748999531856740151832298193507995013034015217382588416
174 144 38813984358804985602962843168111267460665981924454724948646810549281533715309931106513252957184531103744
144 174 38813984358804985602962843168111267460665981924454724948646810549281533715309931106513252957184531103744
174 168 3324706928697578642004491581984541293497327646096131337852494003181548674849254531602500665347397386240
168 174 3324706928697578642004491581984541293497327646096131337852494003181548674849254531602500665347397386240
173 5 -183083034031592026677601288419898633857305538713328090741802445641804152832
5 173 -183083034031592026677601288419898633857305538713328090741802445641804152832
173 29 27532906341403378070824038386274272059311939140719265328936486935661719202957956917733887729205248
29 173 27532906341403378070824038386274272059311939140719265328936486935661719202957956917733887729205248
173 53 11741081243482523230601767575391522664504946026518387535687271472909808290635452097381367735264326189056
53 173 11741081243482523230601767575391522664504946026518387535687271472909808290635452097381367735264326189056
173 77 -3453477554673332959750448426181800597209368655986801300956458692348637314398385337690531853304982908436480
77 173 -3453477554673332959750448426181800597209368655986801300956458692348637314398385337690531853304982908436480
173 101 10854536732847099098884032733243837920519928935745438898504175968079464915576196112469573869383274631004160
101 173 10854536732847099098884032733243837920519928935745438898504175968079464915576196112469573869383274631004160
173 125 -7604894129231356084769585959509457649822683128829018176995335926101391339871914278105033390292543914115072
125 173 -7604894129231356084769585959509457649822683128829018176995335926101391339871914278105033390292543914115072
173 149 43950136440847348351203068560136263218807601955662179236852281874843843136514378247164819642511110701056
149 173 43950136440847348351203068560136263218807601955662179236852281874843843136514378247164819642511110701056
173 173 -2610574013099536324684975321706440480252078474566328745052532870812331791537281251227806798053032067072
172 10 2063016580818351554573485406802311335730158438945722752974059296385357870320458924032
10 172 2063016580818351554573485406802311335730158438945722752974059296385357870320458924032
172 34 -1220806562604182663720714192607833100396792023991612862024933740277107181172740522662501394923126784
34 172 -1220806562604182663720714192607833100396792023991612862024933740277107181172740522662501394923126784
172 58 -78013278194998858913860819290415191745153785137658995554785316792517962839398188892300493932738635628544
58 172 -78013278194998858913860819290415191745153785137658995554785316792517962839398188892300493932738635628544
172 82 4163047788200186617220995809803219511573310541564984848481058445874443356778076859013433833071540411826176
82 172 4163047788200186617220995809803219511573310541564984848481058445874443356778076859013433833071540411826176
172 106 -19243059638717831269873901585694817593522536199854380717394224167029651559688026096504692957840599467163648
106 172 -19243059638717831269873901585694817593522536199854380717394224167029651559688026096504692957840599467163648
172 130 3571091308798870072072358093235150935870702196084926022195078086426542569349141712531971026456725843607552
130 172 3571091308798870072072358093235150935870702196084926022195078086426542569349141712531971026456725843607552
172 154 76118876427443261907535238813400089412951700013386179139040542741359605345947646361165548001995918409728
154 172 76118876427443261907535238813400089412951700013386179139040542741359605345947646361165548001995918409728
171 15 -82269158535725852726953546620346261486858343137458530426450607740851242670202436741758976
15 171 -82269158535725852726953546620346261486858343137458530426450607740851242670202436741758976
171 39 16012108512800133694284376970530043066598219614389272448296453973950678407071408666184037036730613760
39 171 16012108512800133694284376970530043066598219614389272448296453973950678407071408666184037036730613760
171 63 461477173490444498955349452188782274768022428038236097109000428416793281469551623529321590768450892988416
63 171 461477173490444498955349452188782274768022428038236097109000428416793281469551623529321590768450892988416
171 87 -2659089351889135001526224498826204302193347420022106474233210842249496296290311095077583731995196457484288
87 171 -2659089351889135001526224498826204302193347420022106474233210842249496296290311095077583731995196457484288
171 111 24927335175826409484088752444187685201435476851358407430872489282709193750818715415162065826433050796359680
111 171 24927335175826409484088752444187685201435476851358407430872489282709193750818715415162065826433050796359680
171 135 -1907219458681475691538025699800597214056179814114415810121560495635835290512207443556015340618533860016128
135 171 -1907219458681475691538025699800597214056179814114415810121560495635835290512207443556015340618533860016128
171 159 -7956484336473153514297018276493173608387183179568642545589211071427638308860848558704166026744283791360
159 171 -7956484336473153514297018276493173608387183179568642545589211071427638308860848558704166026744283791360
170 20 944237790350865250030644657638160920655492858584439526172521929458801628541455356457377595392
20 170 944237790350865250030644657638160920655492858584439526172521929458801628541455356457377595392
170 44 97913891336445486988820210257243425775224522004260914957456706352694327264502925259947995813893898240
44 170 97913891336445486988820210257243425775224522004260914957456706352694327264502925259947995813893898240
170 68 -1713414429280915427284883393315256775655304140749842674909061135630956336329730172342765753802680944295936
68 170 -1713414429280915427284883393315256775655304140749842674909061135630956336329730172342765753802680944295936
170 92 1808613946398605406348071870628849729094597548510278736255220661495905318826722764132572890703709117349888
92 170 1808613946398605406348071870628849729094597548510278736255220661495905318826722764132572890703709117349888
170 116 -25523270044336437992933925453196077197813420818430613070824957173370373328982353002628032525286853851480064
116 170 -25523270044336437992933925453196077197813420818430613070824957173370373328982353002628032525286853851480064
170 140 -186148824498011318733151617360997561178653842533703428703694958305128862609989707292736981291925610954752
140 170 -186148824498011318733151617360997561178653842533703428703694958305128862609989707292736981291925610954752
170 164 -11595523353794801354453923365497302847778046404497171658152441681626681015294445144295319907992617353216
164 170 -11595523353794801354453923365497302847778046404497171658152441681626681015294445144295319907992617353216
169 1 -12876111622542698225891795982404328409293389824
1 169 -12876111622542698225891795982404328409293389824
169 25 -705041144395778229141960188883943287951168497401837126813404846575872491585377065494716356755456
25 169 -705041144395778229141960188883943287951168497401837126813404846575872491585377065494716356755456
169 49 -3724062688403695866791714415850920625404811413702620531959683590430711046358980093446877342702950678528
49 169 -3724062688403695866791714415850920625404811413702620531959683590430711046358980093446877342702950678528
169 73 3717275512399450779373372470945186036451054371960295799698280245400423121495160642975398529682014482726912
73 169 3717275512399450779373372470945186036451054371960295799698280245400423121495160642975398529682014482726912
169 97 -11002690520716953767551183803906801739478563974896905404259217469995207140652161325120330424561209020776448
97 169 -11002690520716953767551183803906801739478563974896905404259217469995207140652161325120330424561209020776448
169 121 19186092708927329680448913648001276532202481952252108981936495207713926340245003614049794846523266892300288
121 169 19186092708927329680448913648001276532202481952252108981936495207713926340245003614049794846523266892300288
169 145 -90138514830641595978372688447309735379743665367054658268706573815432304652067139023885401553969528963072
145 169 -90138514830641595978372688447309735379743665367054658268706573815432304652067139023885401553969528963072
169 169 6176438107360731487498357983799162734941595380316178988144617642492759920812139333203014144414512578560
168 6 -52061810946053792438207348201463332834397357519508572290955429924639350980608
6 168 -52061810946053792438207348201463332834397357519508572290955429924639350980608
168 30 194795660887571494481700226788585618479086337798955088807115926678275243426383322658325176178966528
30 168 194795660887571494481700226788585618479086337798955088807115926678275243426383322658325176178966528
168 54 26455038856329268568654712429566467343234640686844594946558471510624014233038066655643953307847611121664
54 168 26455038856329268568654712429566467343234640686844594946558471510624014233038066655643953307847611121664
168 78 -5231720924679631307355960846087892134433822892375004433558175020185482125695819065968027497597411916775424
78 168 -5231720924679631307355960846087892134433822892375004433558175020185482125695819065968027497597411916775424
168 102 26220180184686202951503733704207381443945293596245523272897360265176742127909811432758263235661075734069248
102 168 26220180184686202951503733704207381443945293596245523272897360265176742127909811432758263235661075734069248
168 126 -8652963567843261828469026448369839616638118598004808994831063499137898894508037298559489270888836624285696
126 168 -8652963567843261828469026448369839616638118598004808994831063499137898894508037298559489270888836624285696
168 150 -142165571929488452768240954684953979690306485020519143906571512431829833890185004964904118720901484118016
150 168 -142165571929488452768240954684953979690306485020519143906571512431829833890185004964904118720901484118016
167 11 -237883609404308369692688273435196881830198652602526528538933486600685754073264957685760
11 167 -237883609404308369692688273435196881830198652602526528538933486600685754073264957685760
167 35 -5023088421576812460945165786605355472892908068077706503732907037166817735823147374996201762979840000
35 167 -5023088421576812460945165786605355472892908068077706503732907037166817735823147374996201762979840000
167 59 -213335203334227455189458133311859582551550163803350011553913723040664983969983258051967951824169394503680
59 167 -213335203334227455189458133311859582551550163803350011553913723040664983969983258051967951824169394503680
167 83 3682003898078922222540050813553829121666349203387071881049512712803664819871280526730032761269355102076928
83 167 3682003898078922222540050813553829121666349203387071881049512712803664819871280526730032761269355102076928
167 107 -42514981434438245524163626142719910694411195578110271525361229649398389089854479551251254560046244226400256
107 167 -42514981434438245524163626142719910694411195578110271525361229649398389089854479551251254560046244226400256
167 131 5091561576775531786611374742587343824882079057794733740797810303853999056931134567501003723835376358391808
131 167 5091561576775531786611374742587343824882079057794733740797810303853999056931134567501003723835376358391808
167 155 60782370029535909774774440143419526794755061906197449654447491317979562124717176466014908325995286102016
155 167 60782370029535909774774440143419526794755061906197449654447491317979562124717176466014908325995286102016
166 16 -11983158220224272058087757602248048265487749456600982550954454860828422706669056251920384000
16 166 -11983158220224272058087757602248048265487749456600982550954454860828422706669056251920384000
166 40 38347523612411095006565849397925070768763049451502370361308764136002108585643692317766906316947718144
40 166 38347523612411095006565849397925070768763049451502370361308764136002108585643692317766906316947718144
166 64 1113659703133067190679957816577579178852395543197143867943264444942608246565761186518134890748755302154240
64 166 1113659703133067190679957816577579178852395543197143867943264444942608246565761186518134890748755302154240
166 88 2441514378027809620023139333389881066015458915757901891394833857129320903151249569413524705293497387712512
88 166 2441514378027809620023139333389881066015458915757901891394833857129320903151249569413524705293497387712512
166 112 50179937196676216396763986623128608046214415958877830877602547708560303500811447179404855113694618448822272
112 166 50179937196676216396763986623128608046214415958877830877602547708560303500811447179404855113694618448822272
166 136 415863179072184021744958839332569385652285712050698234992485136356848213713116232262363244166410525474816
136 166 415863179072184021744958839332569385652285712050698234992485136356848213713116232262363244166410525474816
166 160 50485664919075652808935366755851129068473368066724973871990990438785856592495354555540165127095971741696
160 166 50485664919075652808935366755851129068473368066724973871990990438785856592495354555540165127095971741696
165 21 -2311041695397322111297851901339015957047869466165291089452456242149958887696701543696994140160
21 165 -2311041695397322111297851901339015957047869466165291089452456242149958887696701543696994140160
165 45 680166967625647318258649534892940744823460291948879308988378147117867614119054792596515585888348012544
45 165 680166967625647318258649534892940744823460291948879308988378147117867614119054792596515585888348012544
165 69 -3226695739570143691890355385253389993308190569879146451777743551048877699879615477401168499130597772361728
69 165 -3226695739570143691890355385253389993308190569879146451777743551048877699879615477401168499130597772361728
165 93 5478369404724412101671716053558598494208173582049985148459488595344256050619099148008329654269493836251136
93 165 5478369404724412101671716053558598494208173582049985148459488595344256050619099148008329654269493836251136
165 117 -44573484859595939008909179755104875457112292573451057096169962935014705229274470924161994247241413729189888
117 165 -44573484859595939008909179755104875457112292573451057096169962935014705229274470924161994247241413729189888
165 141 -162657207431616881811729774733248090145958095072946965017951459653732811612791297576169024870274247426048
141 165 -162657207431616881811729774733248090145958095072946965017951459653732811612791297576169024870274247426048
165 165 -6655212102627436770149862707853910989406880144359452908164944205522315772827858509048547379489670168576
164 2 1652007576667130202582783386883285066289442846557296044015616
2 164 1652007576667130202582783386883285066289442846557296044015616
164 26 -631883127900299286494164298856576463503720030329173425403712878434590427290020463232675506814976
26 164 -631883127900299286494164298856576463503720030329173425403712878434590427290020463232675506814976
164 50 -5968804488631156109774668633261968009295230431870307452697140326677272372239094620122546215078699466752
50 164 -5968804488631156109774668633261968009295230431870307452697140326677272372239094620122546215078699466752
164 74 5834903261381757874716829587398986706225258244060939179542070831405066422121049840899914635922902182002688
74 164 5834903261381757874716829587398986706225258244060939179542070831405066422121049840899914635922902182002688
164 98 -28203360096883996227319188768112742172846040437979805940393434758618827710420596339656549016648230507642880
98 164 -28203360096883996227319188768112742172846040437979805940393434758618827710420596339656549016648230507642880
164 122 21750872058132462710753554963318629087011648311231675181026330478741420041757303318436973164348262712344576
122 164 21750872058132462710753554963318629087011648311231675181026330478741420041757303318436973164348262712344576
164 146 97748234681581483170119086687395616620356528163218026526345596386699662524974557287125378273410717581312
146 164 97748234681581483170119086687395616620356528163218026526345596386699662524974557287125378273410717581312
163 7 228695887989966569387964681046709917139112775751436793797186473407115174302711808
7 163 228695887989966569387964681046709917139112775751436793797186473407115174302711808
163 31 337599611306123120541933259322477817110559026847649837388114933748289995871558259147273808595910656
31 163 337599611306123120541933259322477817110559026847649837388114933748289995871558259147273808595910656
163 55 67217998769769565801611083125392035616213657700324858139737932160627216286055956162135193631957383643136
55 163 67217998769769565801611083125392035616213657700324858139737932160627216286055956162135193631957383643136
163 79 -5730239617647939673852419182759357753826025795003869848393798031594916167692996362011355022449171377422336
79 163 -5730239617647939673852419182759357753826025795003869848393798031594916167692996362011355022449171377422336
163 103 61488839690678077851897878740637775514791084708080345255937971105324134002302056368087851168171223500718080
103 163 61488839690678077851897878740637775514791084708080345255937971105324134002302056368087851168171223500718080
163 127 -12511845502734232349770148963530585710555811610127681633089235676132505428244331561201507874698663850672128
127 163 -12511845502734232349770148963530585710555811610127681633089235676132505428244331561201507874698663850672128
163 151 -277165367335485422141974434734336012893302478599319301448801038128525855111009894334459502784635356577792
151 163 -277165367335485422141974434734336012893302478599319301448801038128525855111009894334459502784635356577792
162 12 -10274159460566677629067136282682148860153849773879755140550657460104159496651937973010432
12 162 -10274159460566677629067136282682148860153849773879755140550657460104159496651937973010432
162 36 422992906909684410690658927404212497507250810202539649641546185710797936861609783951542996879540224
36 162 422992906909684410690658927404212497507250810202539649641546185710797936861609783951542996879540224
162 60 -539321111835750879859209238345065096428654229171796027367464863952481360304524215682578307163639477436416
60 162 -539321111835750879859209238345065096428654229171796027367464863952481360304524215682578307163639477436416
162 84 -5549762568296400946039026515499840766216540685410306116079906304391984345272813007022010061385391207874560
84 162 -5549762568296400946039026515499840766216540685410306116079906304391984345272813007022010061385391207874560
162 108 -89794838443848404275437747082689035845614730726744757283249914797159318985560270296405993197057590633168896
108 162 -89794838443848404275437747082689035845614730726744757283249914797159318985560270296405993197057590633168896
162 132 -25448924657079777795938278558051932038382007479219291506626528045846414148269221586481736663333592891392
132 162 -25448924657079777795938278558051932038382007479219291506626528045846414148269221586481736663333592891392
162 156 -217726355783334640608777141334672636770516541837885496163411674974499726423408930912730969856783656419328
156 162 -217726355783334640608777141334672636770516541837885496163411674974499726423408930912730969856783656419328
161 17 -6494840749484709182546287950803625992385690593372641315291449394992402679824456502940270592
17 161 -6494840749484709182546287950803625992385690593372641315291449394992402679824456502940270592
161 41 -82393146172753263964055374106412356884001551746526349960535693729200706055440879286579163886723792896
41 161 -82393146172753263964055374106412356884001551746526349960535693729200706055440879286579163886723792896
161 65 2124653372182639076796231942237458951429634129798742964683748712699521241860409368775894587989446904250368
65 161 2124653372182639076796231942237458951429634129798742964683748712699521241860409368775894587989446904250368
161 89 7613628648085337267139619336185182092737940845000844801811165354023296905405113090766412118228768259047424
89 161 7613628648085337267139619336185182092737940845000844801811165354023296905405113090766412118228768259047424
161 113 93821678125852399307010326776774803358172512555697155188707326836913540811201802429123301041937376474038272
113 161 93821678125852399307010326776774803358172512555697155188707326836913540811201802429123301041937376474038272
161 137 2054573200483915781418405728017856256328968330571299387916028447874633830311630647590924255897605308940288
137 161 2054573200483915781418405728017856256328968330571299387916028447874633830311630647590924255897605308940288
161 161 -2494875917606232255412687412957614066236495364889282280657289768623270903719245482996088378457560449024
160 22 5636729342392069527372292780308679592515512388441334201239697887357024156616093371202510258176
22 160 5636729342392069527372292780308679592515512388441334201239697887357024156616093371202510258176
160 46 -17001479564303495926980377353073403224827531887035552330413659244840708634131815280462303649255653376
46 160 -17001479564303495926980377353073403224827531887035552330413659244840708634131815280462303649255653376
160 70 -5220833558780437095090520731786413022788432407370897555473799009259867104773134608756017641730414164836352
70 160 -5220833558780437095090520731786413022788432407370897555473799009259867104773134608756017641730414164836352
160 94 18973321524418201487808368775798792491586074404236883341538468645073873505210255746266162154279769322029056
94 160 18973321524418201487808368775798792491586074404236883341538468645073873505210255746266162154279769322029056
160 118 -54989862509199546867608597935081435532549083790644065430367395432406832232307155515697571089476780533219328
118 160 -54989862509199546867608597935081435532549083790644065430367395432406832232307155515697571089476780533219328
160 142 357835592759324084624951610159400028366998563360609718078824833704558569802193121752406374385513419243520
142 160 357835592759324084624951610159400028366998563360609718078824833704558569802193121752406374385513419243520
159 3 -425410694242409991252756974899624083695036016071107286748147954483200
3 159 -425410694242409991252756974899624083695036016071107286748147954483200
159 27 24291317771340362533233722355548379937060497983911644647980157164396017134703797161131577220005888
27 159 24291317771340362533233722355548379937060497983911644647980157164396017134703797161131577220005888
159 51 -11576778874031020192607108642584462139239506412253869358646491822459508756923689090574359195238713524224
51 159 -11576778874031020192607108642584462139239506412253869358646491822459508756923689090574359195238713524224
159 75 7781031125366129585093787699692392436692803941362078013582297535877402461429021023427364776473994473766912
75 159 7781031125366129585093787699692392436692803941362078013582297535877402461429021023427364776473994473766912
159 99 -70269333066129179974612553738071812518623116850554729542222011871458068691659013601671375086268763676344320
99 159 -70269333066129179974612553738071812518623116850554729542222011871458068691659013601671375086268763676344320
159 123 29472982644518140732092375240894248490543262062240998976831362415971552473256268831648249293272238994227200
123 159 29472982644518140732092375240894248490543262062240998976831362415971552473256268831648249293272238994227200
159 147 961926668304792261298729167763579958580764621907150971868023491272074311800715442399958039815633888083968
147 159 961926668304792261298729167763579958580764621907150971868023491272074311800715442399958039815633888083968
158 8 -32688336486109589953415013713358009843378350474899651166079821482825368100103258112
8 158 -32688336486109589953415013713358009843378350474899651166079821482825368100103258112
158 32 -961153845790606004445089181478388423449581399216809790731498104321343850214842736327207976924348416
32 158 -961153845790606004445089181478388423449581399216809790731498104321343850214842736327207976924348416
158 56 188190477128292955515776138154291659653934696642048148127829382409652143931444597204300193759524712087552
56 158 188190477128292955515776138154291659653934696642048148127829382409652143931444597204300193759524712087552
158 80 4453475915341509263212119396123122896348802907489211804313023284262742897150142698554847358123067159085056
80 158 4453475915341509263212119396123122896348802907489211804313023284262742897150142698554847358123067159085056
158 104 140720764641220814225358315272198915369708915971198981390993456338038259652286427226313724918611465597878272
104 158 140720764641220814225358315272198915369708915971198981390993456338038259652286427226313724918611465597878272
158 128 -4224073243625638820552071875006343915315253441920242101313476508220022019129527725868018027307421789061120
128 158 -4224073243625638820552071875006343915315253441920242101313476508220022019129527725868018027307421789061120
158 152 787131983953769791753496223760846278994456559240839419177519141685935952400124805037336743807227267121152
152 158 787131983953769791753496223760846278994456559240839419177519141685935952400124805037336743807227267121152
157 13 -260206839636291609240775493092991704874589866110620672995597599195833622135833650010259456
13 157 -260206839636291609240775493092991704874589866110620672995597599195833622135833650010259456
157 37 78342619018682649772712084529226254456262103237660338357580574627376585061131826534163025171457245184
37 157 78342619018682649772712084529226254456262103237660338357580574627376585061131826534163025171457245184
157 61 -1032286925262701469659779352333912862549180403730901927013524461397685305369724510530513303136247174135808
61 157 -1032286925262701469659779352333912862549180403730901927013524461397685305369724510530513303136247174135808
157 85 -24852660747271174325935562837882247706242395952206587071552428419627384455745585728402232415862297771114496
85 157 -24852660747271174325935562837882247706242395952206587071552428419627384455745585728402232415862297771114496
157 109 -177085253931442082609204908734224792304944971244245321240785207335901200877372669467563102977574640312909824
109 157 -177085253931442082609204908734224792304944971244245321240785207335901200877372669467563102977574640312909824
157 133 -9127747719107166133479538535630007481599222115849361991219549958689381792736123858730780730378052534534144
133 157 -9127747719107166133479538535630007481599222115849361991219549958689381792736123858730780730378052534534144
157 157 -62070611633921918214296442055905383242356466267514136789705950105690591354104307395519674851788614270976
156 18 575299012101775291812564740813203300275415844756912946414086413599243334417193390883844653056
18 156 575299012101775291812564740813203300275415844756912946414086413599243334417193390883844653056
156 42 146691771079390013650062260199442789035294461015794455079206039273159996893916533144322010779142324224
42 156 146691771079390013650062260199442789035294461015794455079206039273159996893916533144322010779142324224
156 66 3386658783958387544036444939212530418663507949756373851291578911016310587805480624122793858715135437176832
66 156 3386658783958387544036444939212530418663507949756373851291578911016310587805480624122793858715135437176832
156 90 5522292577870591466719608448467460129696372866700955790739648022814059893537832887664314577145946309656576
90 156 5522292577870591466719608448467460129696372866700955790739648022814059893537832887664314577145946309656576
156 114 130883477718457266713965850156187218122294570320325611177721234985563757602121833287836255763607795825377280
114 156 130883477718457266713965850156187218122294570320325611177721234985563757602121833287836255763607795825377280
156 138 -1107739877549378308618287436214722749387970262499125610429553189039522501691640662062548243890107356020736
138 156 -1107739877549378308618287436214722749387970262499125610429553189039522501691640662062548243890107356020736
155 23 -514985997130962739108426855147161453766588147434237251589416753012384056796284811409026290024448
23 155 -514985997130962739108426855147161453766588147434237251589416753012384056796284811409026290024448
155 47 -2489830503588665389514447472207545262747696080884555881942935853801589824719498274613776887587784359936
47 155 -2489830503588665389514447472207545262747696080884555881942935853801589824719498274613776887587784359936
155 71 -8157716957694105504861960785671564146269954350580202661474520704259179559838680890903005911436092126527488
71 155 -8157716957694105504861960785671564146269954350580202661474520704259179559838680890903005911436092126527488
155 95 52954338040657916000096187456488872353894463818611349770593287669006043760862497783712830903045404474998784
95 155 52954338040657916000096187456488872353894463818611349770593287669006043760862497783712830903045404474998784
155 119 -69212012180150312992907265011540747597972134281683198970966247346768066925485261170911996267185666982412288
119 155 -69212012180150312992907265011540747597972134281683198970966247346768066925485261170911996267185666982412288
155 143 -2762756263317860199641511951462570722310190928752786255619794396022812880752212688105724308598234095288320
143 155 -2762756263317860199641511951462570722310190928752786255619794396022812880752212688105724308598234095288320
154 4 1945360682658330958029092184270320631707413664702518073102121352818589696
4 154 1945360682658330958029092184270320631707413664702518073102121352818589696
154 28 139649808520348281004349256349942756425698516513241833922217306069675909518039565598755868882501632
28 154 139649808520348281004349256349942756425698516513241833922217306069675909518039565598755868882501632
154 52 -42215002118648629765534602881018580660757484911229958329806525876758186171034951823450620236847416082432
52 154 -42215002118648629765534602881018580660757484911229958329806525876758186171034951823450620236847416082432
154 76 922657431486110350419062709907922633074444517751253555425804201293262320410780590623706597877302467493888
76 154 922657431486110350419062709907922633074444517751253555425804201293262320410780590623706597877302467493888
154 100 -181258497219637171969678944958742478125872939056869122860895332723993821647526525702531472631001381611765760
100 154 -181258497219637171969678944958742478125872939056869122860895332723993821647526525702531472631001381611765760
154 124 22386498569637263847190412094318637865661069152882880185601391762536368384399422191926190493813912874516480
124 154 22386498569637263847190412094318637865661069152882880185601391762536368384399422191926190493813912874516480
154 148 -2199376924014675054490039796450920735499342239513530762520089855731604965232970823218904377165635469180928
148 154 -2199376924014675054490039796450920735499342239513530762520089855731604965232970823218904377165635469180928
153 9 -3595772923110369295097594372888813941395356686424477844488616440434260883344109600768
9 153 -3595772923110369295097594372888813941395356686424477844488616440434260883344109600768
153 33 -8051359308709015324134002024634742207208038217124278400053783998641910653771714547772403213030916096
33 153 -8051359308709015324134002024634742207208038217124278400053783998641910653771714547772403213030916096
153 57 389447545972097651445976690860683396579951252474775275108011228543782576079273182147199225234598007930880
57 153 389447545972097651445976690860683396579951252474775275108011228543782576079273182147199225234598007930880
153 81 36753114780665398899934371914048773768124019228705684862679176615663948881674104827607369110630201410191360
81 153 36753114780665398899934371914048773768124019228705684862679176615663948881674104827607369110630201410191360
153 105 295854749688754675451205842414651178606115296350066681607653569902619937293787183496596268870752374993453056
105 153 295854749688754675451205842414651178606115296350066681607653569902619937293787183496596268870752374993453056
153 129 26910064171906698671903329863488458227715448356156850437483238125271338162768339180972403863191900496330752
129 153 26910064171906698671903329863488458227715448356156850437483238125271338162768339180972403863191900496330752
153 153 823715042691249011225394595021633166122408663107799219594863102961875081249515973027006362756398285062144
152 14 -484738515016414904238336868445626068493172601547970834079331306426599075894560530379046912
14 152 -484738515016414904238336868445626068493172601547970834079331306426599075894560530379046912
152 38 142285126893738451818571559451483195300675170862090827842643526654787811822724443214818148899222454272
38 152 142285126893738451818571559451483195300675170862090827842643526654787811822724443214818148899222454272
152 62 -1431841042837142807736849374318646137174808220981548099312080378445371985808918980636166983959914007756800
62 152 -1431841042837142807736849374318646137174808220981548099312080378445371985808918980636166983959914007756800
152 86 -42693912785118494333013370001086705750403909239543573041707336259211332453220658001801435531034300778545152
86 152 -42693912785118494333013370001086705750403909239543573041707336259211332453220658001801435531034300778545152
152 110 -277732443342680255465021891725619331668604049991564263471543127384605071741360723208530275298729587994787840
110 152 -277732443342680255465021891725619331668604049991564263471543127384605071741360723208530275298729587994787840
152 134 -1109552560355269522352569582162064811794571492543869275949119682367471685844414958455094985832696131878912
134 152 -1109552560355269522352569582162064811794571492543869275949119682367471685844414958455094985832696131878912
151 19 1258737852046398961982579450758147997405318636648744764446278729901667017030987280641976958976
19 151 1258737852046398961982579450758147997405318636648744764446278729901667017030987280641976958976
151 43 1065288140756885478321530605071445596636780720082165102224282222768660933014707145636456145032293908480
43 151 1065288140756885478321530605071445596636780720082165102224282222768660933014707145636456145032293908480
151 67 6042861593938785883818594220301069860660737296639087814645387179024204346853203148187378603534821338644480
67 151 6042861593938785883818594220301069860660737296639087814645387179024204346853203148187378603534821338644480
151 91 -46649163798536129189551809028047600690236611766773781746639072365894127948523782698441625715475346358272
91 151 -46649163798536129189551809028047600690236611766773781746639072365894127948523782698441625715475346358272
151 115 162301942572538141578323796404148499467611671655498208377071852441204835738949969016518374139847302765871104
115 151 162301942572538141578323796404148499467611671655498208377071852441204835738949969016518374139847302765871104
151 139 6938305313398306270900379451360755659374911980532164801662273307907081469763877755193636057891451629993984
139 151 6938305313398306270900379451360755659374911980532164801662273307907081469763877755193636057891451629993984
150 24 2249029002286649400672887866241829594022372754267420170755912120343467776520036961825667529310208
24 150 2249029002286649400672887866241829594022372754267420170755912120343467776520036961825667529310208
150 48 -236398655295436157983966240425770662202657051306005537387702833066671806537774625147977563897352683520
48 150 -236398655295436157983966240425770662202657051306005537387702833066671806537774625147977563897352683520
150 72 -7216392994075404983448757733786185865413121805595673412833835385472034191822215595557027603879636343193600
72 150 -7216392994075404983448757733786185865413121805595673412833835385472034191822215595557027603879636343193600
150 96 168196532776323732417057511016638327982623832941376184763693814077520066735064246388479664088453190705479680
96 150 168196532776323732417057511016638327982623832941376184763693814077520066735064246388479664088453190705479680
150 120 -78927289850414140778776391178664510461702085216356208377997871619922794246891348741973331730910801108664320
120 150 -78927289850414140778776391178664510461702085216356208377997871619922794246891348741973331730910801108664320
150 144 4185241508116469568015724666305484297181864671123628115864587610230381097682431902748174456892459289935872
144 150 4185241508116469568015724666305484297181864671123628115864587610230381097682431902748174456892459289935872
149 5 -6684347655286143940323228950784993474524783479197953928090015350769345101824
5 149 -6684347655286143940323228950784993474524783479197953928090015350769345101824
149 29 419679973697074853304288913382893786241849729520994553190085922255362999078773325990771071842779136
29 149 419679973697074853304288913382893786241849729520994553190085922255362999078773325990771071842779136
149 53 -130645899170846665799904816014250177150739767342331801488329687746859485274983320399953051242246722027520
53 149 -130645899170846665799904816014250177150739767342331801488329687746859485274983320399953051242246722027520
149 77 -34066530536552534886636344418699960538350119784748020153323176861643137794338907825308319345316058881851392
77 149 -34066530536552534886636344418699960538350119784748020153323176861643137794338907825308319345316058881851392
149 101 -425825281998856314371059367169048279312310788872473375799884453140358936165232721745612081806590532651057152
101 149 -425825281998856314371059367169048279312310788872473375799884453140358936165232721745612081806590532651057152
149 125 -55650058478722520823234689918997308381728193674537557119149231762871348501807872306074906555264628261126144
125 149 -55650058478722520823234689918997308381728193674537557119149231762871348501807872306074906555264628261126144
149 149 -4736718225691781064730061999771977572116431955537628100719203890942870876876081049697277662693200958062592
148 10 -30615834387340067065873895423856513663330947471006403170123995761123893594484776108032
10 148 -30615834387340067065873895423856513663330947471006403170123995761123893594484776108032
148 34 3047377336309671413182731263566356212152196835059218541680801768759902403842022610294997809016864768
34 148 3047377336309671413182731263566356212152196835059218541680801768759902403842022610294997809016864768
148 58 345984090399987165311944971411652148853339396785771699023581357125922669981586435286563657104137453043712
58 148 345984090399987165311944971411652148853339396785771699023581357125922669981586435286563657104137453043712
148 82 78582115494566782444240395883715424927623003079890243926296796748356557514671536990241858514713546298753024
82 148 78582115494566782444240395883715424927623003079890243926296796748356557514671536990241858514713546298753024
148 106 510170209978023174144228767496463348975580610291025840924050513346061283877932085824253413396894301521182720
106 148 510170209978023174144228767496463348975580610291025840924050513346061283877932085824253413396894301521182720
148 130 18795897243085203905222291016529098113335235182751667881805176140354723416995871613725862771941345218002944
130 148 18795897243085203905222291016529098113335235182751667881805176140354723416995871613725862771941345218002944
147 15 27137122431670444132225242827754740113120235008115997100802134134407352660623166238590238720
15 147 27137122431670444132225242827754740113120235008115997100802134134407352660623166238590238720
147 39 -33345606865836958222100114460551405423559661931319739364903492909734764638222339951525245674890199040
39 147 -33345606865836958222100114460551405423559661931319739364903492909734764638222339951525245674890199040
147 63 -2735206523741605266783186161044038697311334346782480132257451500081897803872284960210687896371408716955648
63 147 -2735206523741605266783186161044038697311334346782480132257451500081897803872284960210687896371408716955648
147 87 -78959307962768489616044039661017256782221495089381588339256990162019670321145988474583215956678318636400640
87 147 -78959307962768489616044039661017256782221495089381588339256990162019670321145988474583215956678318636400640
147 111 -362418642656248182367251479956480236456969147257221420851324272671432765183111089472144949322123792745496576
111 147 -362418642656248182367251479956480236456969147257221420851324272671432765183111089472144949322123792745496576
147 135 -16049236948584756633232145211170859100556756407151208291709097031222329199157014737265970049968421986107392
135 147 -16049236948584756633232145211170859100556756407151208291709097031222329199157014737265970049968421986107392
146 20 -30924563505364002265295036508466131744446845540726400366062075672016522757414986687772685762560
20 146 -30924563505364002265295036508466131744446845540726400366062075672016522757414986687772685762560
146 44 2126599405241250931294659423173592520759287820682105732244558811348751405733590971049859132955291549696
44 146 2126599405241250931294659423173592520759287820682105732244558811348751405733590971049859132955291549696
146 68 9863497400228356291698680340268495454715841147333333220321402834077401044046876413888606567090952201043968
68 146 9863497400228356291698680340268495454715841147333333220321402834077401044046876413888606567090952201043968
146 92 -58300971248863178738558587923005528573742766593894466332714549446762993231945459253452367356801683497680896
92 146 -58300971248863178738558587923005528573742766593894466332714549446762993231945459253452367356801683497680896
146 116 222756577787155322238290124428301075331346944010351400843367389351103797387210279776081712012214971299528704
116 146 222756577787155322238290124428301075331346944010351400843367389351103797387210279776081712012214971299528704
146 140 -2196176824852439063213900203377458436687064363206252771491836432846131448655996696149165986142068070678528
140 146 -2196176824852439063213900203377458436687064363206252771491836432846131448655996696149165986142068070678528
145 1 2699765701137794826076309045940201809580495208448
1 145 2699765701137794826076309045940201809580495208448
145 25 6817110014416322979831311448950434866761864154688383038920825548872025066434277921941669388746752
25 145 6817110014416322979831311448950434866761864154688383038920825548872025066434277921941669388746752
145 49 44631808938478380694804551693558325154583779574888531782287046096464776240617519570080173773214764236800
49 145 44631808938478380694804551693558325154583779574888531782287046096464776240617519570080173773214764236800
145 73 17451729572061094992433039184887153626386200419807774591824792304193618746409332972866639494375018040655872
73 145 17451729572061094992433039184887153626386200419807774591824792304193618746409332972866639494375018040655872
145 97 495150905977688895760242405084117854481205024717230449950820138787431338175992258796604018258042273172291584
97 145 495150905977688895760242405084117854481205024717230449950820138787431338175992258796604018258042273172291584
145 121 68193283953761170650428393399942866286891044375173030633482726460425567294002700346377445562423676910960640
121 145 68193283953761170650428393399942866286891044375173030633482726460425567294002700346377445562423676910960640
145 145 18255739049693507090746416316695396166555025900784232691212514486616522492493327554801015726651135590662144
144 6 9962168385983234764657591441160633275308723393476828339729658896058001412587520
6 144 9962168385983234764657591441160633275308723393476828339729658896058001412587520
144 30 -802646236220838534774850980099350235629779127325015362648634386570598194489668600706737456617095168
30 144 -802646236220838534774850980099350235629779127325015362648634386570598194489668600706737456617095168
144 54 -44901014494918531143973617046130929290592736727770421344490349837890111312611876855540639121626783285248
54 144 -44901014494918531143973617046130929290592736727770421344490349837890111312611876855540639121626783285248
144 78 -90906198016401858259694098904839880915473725599365847989729996585011261826077242445854292581458938809024512
78 144 -90906198016401858259694098904839880915473725599365847989729996585011261826077242445854292581458938809024512
144 102 -797807445691365324829601298777525845483953467375637044945550974256943164611226956843092732089741947153940480
102 144 -797807445691365324829601298777525845483953467375637044945550974256943164611226956843092732089741947153940480
144 126 -78788207849882806960249210218699208835869416570078172564396043727343514919255277998130973521084456063991808
126 144 -78788207849882806960249210218699208835869416570078172564396043727343514919255277998130973521084456063991808
143 11 7611488421432339783598895570312748362734546041687218491750123214824542655543407338848256
11 143 7611488421432339783598895570312748362734546041687218491750123214824542655543407338848256
143 35 60978141968175006781220972118768863010663415357498297049876436371713586462368266860607381345971208192
35 143 60978141968175006781220972118768863010663415357498297049876436371713586462368266860607381345971208192
143 59 391361820130395360628029510026950502446619198833408694814094870188247124054856286842545110869148885319680
59 143 391361820130395360628029510026950502446619198833408694814094870188247124054856286842545110869148885319680
143 83 149270660420820666808642308108955792952932856498438162582121468957816497246118514741531457092396476421636096
83 143 149270660420820666808642308108955792952932856498438162582121468957816497246118514741531457092396476421636096
143 107 722932458467047728215165753657115477621869612687837262763955139402625012188704724402225487572398215553613824
107 143 722932458467047728215165753657115477621869612687837262763955139402625012188704724402225487572398215553613824
143 131 35908058613050609445310842289588433919662796595763448559466176677951234028201899022770262862426719765135360
131 143 35908058613050609445310842289588433919662796595763448559466176677951234028201899022770262862426719765135360
142 16 287086910535709988219450211912443902247997458266024774665547944735605007226477463815808090112
16 142 287086910535709988219450211912443902247997458266024774665547944735605007226477463815808090112
142 40 -975201449927098102630528724896630899075388566010385554801171293708422629057922308758911663148940394496
40 142 -975201449927098102630528724896630899075388566010385554801171293708422629057922308758911663148940394496
142 64 -7466761468208427449277979923414260447525018683367470329957401230651030588964822508726683579345860655316992
64 142 -7466761468208427449277979923414260447525018683367470329957401230651030588964822508726683579345860655316992
142 88 -141069378470757717606347043809706011270539171925063825252557051550538595872721829463602409848984245517680640
88 142 -141069378470757717606347043809706011270539171925063825252557051550538595872721829463602409848984245517680640
142 112 -534029855245008766674765749710598263891728786031643379540687458756548469331325842981549260371215626696392704
112 142 -534029855245008766674765749710598263891728786031643379540687458756548469331325842981549260371215626696392704
142 136 -20944104370799417355751881088806881803618095085924914595004342573537443168190954564536186437397903881273344
136 142 -20944104370799417355751881088806881803618095085924914595004342573537443168190954564536186437397903881273344
141 21 -69736920897057062687710530803111384414887110029431700108926172580065892147822369888634251771904
21 141 -69736920897057062687710530803111384414887110029431700108926172580065892147822369888634251771904
141 45 -15094647661047752982831229428092087402032043352465245609166156504690642024293061979146024019214936834048
45 141 -15094647661047752982831229428092087402032043352465245609166156504690642024293061979146024019214936834048
141 69 1082308017032462127634223682612402546703308269856418112089827511565482414732992033116027422144453033328640
69 141 1082308017032462127634223682612402546703308269856418112089827511565482414732992033116027422144453033328640
141 93 -388994850639880544749997870553603512554374356556892111153490859106435604506143665587155221127130096208969728
93 141 -388994850639880544749997870553603512554374356556892111153490859106435604506143665587155221127130096208969728
141 117 25695316272387835288811269443812665640033250257759161561104951227073215144136028521524828181521273196642304
117 141 25695316272387835288811269443812665640033250257759161561104951227073215144136028521524828181521273196642304
141 141 -52253971419637484172940773330945589170167425167600851103848558784661613159336510426889600792582473597845504
140 2 201439543948470639281143924935532074934144883298740474424066048
2 140 201439543948470639281143924935532074934144883298740474424066048
140 26 109688739086552466934282198575580896530331109265215558757209583658156603692701067997701214339858432
26 140 109688739086552466934282198575580896530331109265215558757209583658156603692701067997701214339858432
140 50 33729384626454488751589556447180046424428496753840678592941584810019629685568028587984308862778465058816
50 140 33729384626454488751589556447180046424428496753840678592941584810019629685568028587984308862778465058816
140 74 69917839108171171478983467584224262964634012577845475178439873562105555528051030800865551335667192255479808
74 140 69917839108171171478983467584224262964634012577845475178439873562105555528051030800865551335667192255479808
140 98 1037123548246514256786219679835985577393971246526121617620037012639699211349050562405800154879285900123045888
98 140 1037123548246514256786219679835985577393971246526121617620037012639699211349050562405800154879285900123045888
140 122 207712167972852712716900483929713618704090835398162371529324934021026972644384713199382748228088388904812544
122 140 207712167972852712716900483929713618704090835398162371529324934021026972644384713199382748228088388904812544
139 7 -4244693495427919636285272601053407885788385420837026204043358847363971559316258816
7 139 -4244693495427919636285272601053407885788385420837026204043358847363971559316258816
139 31 -2274504408873365510578392213790036157484442409523833400838959326016245511252273476818516886482321408
31 139 -2274504408873365510578392213790036157484442409523833400838959326016245511252273476818516886482321408
139 55 339667113005154345253864822121036294468334160327220586097253485677958212453809196231133383274955043504128
55 139 339667113005154345253864822121036294468334160327220586097253485677958212453809196231133383274955043504128
139 79 -166346358352834631275030198025432613741762799432671882662305212513269445321209905104219202290318377324904448
79 139 -166346358352834631275030198025432613741762799432671882662305212513269445321209905104219202290318377324904448
139 103 -1221462612032977183565141429151096965756262343714292002648337141477258815426767663168183901065112157203464192
103 139 -1221462612032977183565141429151096965756262343714292002648337141477258815426767663168183901065112157203464192
139 127 -79790156062362564703474137998955591904797520433910248540540729801049441598116083078232240417193787379417088
127 139 -79790156062362564703474137998955591904797520433910248540540729801049441598116083078232240417193787379417088
138 12 345047343035691837944105092392165489893540288505801661596248818648036247645210686129176576
12 138 345047343035691837944105092392165489893540288505801661596248818648036247645210686129176576
138 36 235510767057697948356715647758812456989177485352162614888383443020012791213863523300042430666946641920
36 138 235510767057697948356715647758812456989177485352162614888383443020012791213863523300042430666946641920
138 60 3229508791142538026933260897533762486504506937721736502414892254483055747954629490810270682239158332686336
60 138 3229508791142538026933260897533762486504506937721736502414892254483055747954629490810270682239158332686336
138 84 335540040144009939125544988907909390503886524972940934311568658298714152241688255051780695760407853982023680
84 138 335540040144009939125544988907909390503886524972940934311568658298714152241688255051780695760407853982023680
138 108 1105176887752740163990120521093412932517419227196050953633296053343054222065294876754326461537103478022733824
108 138 1105176887752740163990120521093412932517419227196050953633296053343054222065294876754326461537103478022733824
138 132 105885997437731759893937207151932928253098045097776218620628631696004726663070518294775066129048795187511296
132 138 105885997437731759893937207151932928253098045097776218620628631696004726663070518294775066129048795187511296
137 17 -1779301957049017669995620753205944089843217205313975413997252190148817534449713181795932962816
17 137 -1779301957049017669995620753205944089843217205313975413997252190148817534449713181795932962816
137 41 2973720449354643757166505012892569467397982435897830688748416909107751089723518894332165217248130105344
41 137 2973720449354643757166505012892569467397982435897830688748416909107751089723518894332165217248130105344
137 65 -9842720951265301675076401799826793729964119473848642635675251890049005142437792381588548747378326123839488
65 137 -9842720951265301675076401799826793729964119473848642635675251890049005142437792381588548747378326123839488
137 89 38868053140710155059971759693504934406490231101418576016268191523249424594157449476222449437695550894899200
89 137 38868053140710155059971759693504934406490231101418576016268191523249424594157449476222449437695550894899200
137 113 -402431933328380342088658889311020943357433730210327813416466862118597181144224696510607689842997670094831616
113 137 -402431933328380342088658889311020943357433730210327813416466862118597181144224696510607689842997670094831616
137 137 111660818313660793922936544165610469028864922564755099789812551618783318164931650933538227817077314840166400
136 22 -100325849956641409678756325782333770765761730376804271176799171259711859517397100950193335959552
22 136 -100325849956641409678756325782333770765761730376804271176799171259711859517397100950193335959552
136 46 -22158219667613002289072502598253242428660823049630027552114000747705909531423928615515480700147369771008
46 136 -22158219667613002289072502598253242428660823049630027552114000747705909531423928615515480700147369771008
136 70 -32831284145158493208314084098616737327240123329629796313973140547177584290338036279538786166320283277852672
70 136 -32831284145158493208314084098616737327240123329629796313973140547177584290338036279538786166320283277852672
136 94 -1059256377469780727648154375285037889081157791636170986684851822181204139047311049398255910926424410366672896
94 136 -1059256377469780727648154375285037889081157791636170986684851822181204139047311049398255910926424410366672896
136 118 -368472419146424892797411650192005436523338748366033125650297845381039021157646401031291564897452218805911552
118 136 -368472419146424892797411650192005436523338748366033125650297845381039021157646401031291564897452218805911552
135 3 20673090961112434191039424363611670036698525015584590628808782818312192
3 135 20673090961112434191039424363611670036698525015584590628808782818312192
135 27 -82318181164402451981963465851209945159617846858255086848997125340706208679303870767049975921639424
27 135 -82318181164402451981963465851209945159617846858255086848997125340706208679303870767049975921639424
135 51 -233164633372528473870963581607548850788693995320158713480809836272514241557406895854986620082104731435008
51 135 -233164633372528473870963581607548850788693995320158713480809836272514241557406895854986620082104731435008
135 75 118899745915546439484947983113550885267588728000591636177643550375762563292664880975303893437904192133922816
75 135 118899745915546439484947983113550885267588728000591636177643550375762563292664880975303893437904192133922816
135 99 1678475675724507516054743023163149414504431239021587373347887799928439114595643398318564650769024610654486528
99 135 1678475675724507516054743023163149414504431239021587373347887799928439114595643398318564650769024610654486528
135 123 169945660089826397673866484970043192244706373656020698195499336896519706407927903529785899998521174356131840
123 135 169945660089826397673866484970043192244706373656020698195499336896519706407927903529785899998521174356131840
134 8 381008220255133722200560888299419682388529534529260658750606032390874937820302016512
8 134 381008220255133722200560888299419682388529534529260658750606032390874937820302016512
134 32 -13673555500229891856472797672924635653886705686627442653439634224106881164951673617784872920804229120
32 134 -13673555500229891856472797672924635653886705686627442653439634224106881164951673617784872920804229120
134 56 -424291359382840526527072526900776283471360631113617776760092435186809141830826836958709323635640443600896
56 134 -424291359382840526527072526900776283471360631113617776760092435186809141830826836958709323635640443600896
134 80 -393931289840221117394542501599542910359868772605682718944381738174349152942964197679560925318071102916788224
80 134 -393931289840221117394542501599542910359868772605682718944381738174349152942964197679560925318071102916788224
134 104 -1942347873792290373612246438425103777744488906210934686378028410058354631477997477817548868915302832103489536
104 134 -1942347873792290373612246438425103777744488906210934686378028410058354631477997477817548868915302832103489536
134 128 -315017687205675236536937336322090992725466356000834269239721416880886397688671728124437477622043758154481664
128 134 -315017687205675236536937336322090992725466356000834269239721416880886397688671728124437477622043758154481664
133 13 3235786970615343138994376501756401750232119058117080543950758909144794390595577989587533824
13 133 3235786970615343138994376501756401750232119058117080543950758909144794390595577989587533824
133 37 -584240220789999642429690443644794089569974489375097658259656060202750873063614783749045580795008253952
37 133 -584240220789999642429690443644794089569974489375097658259656060202750873063614783749045580795008253952
133 61 8847741751697614819868923844777941456409748283925832802244069980903860029843505685960513366975451225915392
61 133 8847741751697614819868923844777941456409748283925832802244069980903860029843505685960513366975451225915392
133 85 442092021906429220755214878596280864690326153051498882845668926398683120045172262876686394463381102922825728
85 133 442092021906429220755214878596280864690326153051498882845668926398683120045172262876686394463381102922825728
133 109 1280075823779618192753946717211691653131513960488393735470220410590658361589522625653672560570673519495479296
109 133 1280075823779618192753946717211691653131513960488393735470220410590658361589522625653672560570673519495479296
133 133 -158754389643335320957066905053634554960657257083013974673675253611026719725627045449197149716245730069315584
132 18 -1721730260401555328893130431269440568983250758592079612978297403383402888823049889592660459520
18 132 -1721730260401555328893130431269440568983250758592079612978297403383402888823049889592660459520
132 42 9519271663275498767163425102096198542531224034687435265536413250353560539890480069045422290141198680064
42 132 9519271663275498767163425102096198542531224034687435265536413250353560539890480069045422290141198680064
132 66 5858475596956680128641664615248024976215478649672986819507504073154265665240916311515864267613268189642752
66 132 5858475596956680128641664615248024976215478649672986819507504073154265665240916311515864267613268189642752
132 90 722059106762022709281843934928664813821141875213428901485910915993984490444132162205754296572775082022141952
90 132 722059106762022709281843934928664813821141875213428901485910915993984490444132162205754296572775082022141952
132 114 355597950482100408747735295646975566967458414457901192061410586313522414875603684706825627288096707952246784
114 132 355597950482100408747735295646975566967458414457901192061410586313522414875603684706825627288096707952246784
131 23 15123961129358819973376787267651306163432675229265173027064617838857323588163918633902152725037056
23 131 15123961129358819973376787267651306163432675229265173027064617838857323588163918633902152725037056
131 47 76851712959000003703627425325287036314935199317728790938277149609822145557015234464551313115284389232640
47 131 76851712959000003703627425325287036314935199317728790938277149609822145557015234464551313115284389232640
131 71 -48650206269057412500889137336611810974872451302698632087198207100902479412275593368125348089010771223117824
71 131 -48650206269057412500889137336611810974872451302698632087198207100902479412275593368125348089010771223117824
131 95 -1807994328559137130183966344952406774904752182524288871341428304400036975736325938567668937550309497491161088
95 131 -1807994328559137130183966344952406774904752182524288871341428304400036975736325938567668937550309497491161088
131 119 -310258027283130921509245123788330591375914428608074192073357315136160518856119223237221076267232011418075136
119 131 -310258027283130921509245123788330591375914428608074192073357315136160518856119223237221076267232011418075136
130 4 -128658264840799107100338907866168717862433133274647662795060448580966809600
4 130 -128658264840799107100338907866168717862433133274647662795060448580966809600
130 28 644368572366125856477571699790605157416786304687663943631223354880326811164846621320719646089805824
28 130 644368572366125856477571699790605157416786304687663943631223354880326811164846621320719646089805824
130 52 -494994409478071012626539600953871708210376682580542011074500904046084371127003739345446341461819088961536
52 130 -494994409478071012626539600953871708210376682580542011074500904046084371127003739345446341461819088961536
130 76 272637738149461355020375352799547656744701876337779400237614987722952727859460102811096309916407727269085184
76 130 272637738149461355020375352799547656744701876337779400237614987722952727859460102811096309916407727269085184
130 100 2788313224341884228272207905447843922383257649517199742318851298185414653661500546826178063042533979066466304
100 130 2788313224341884228272207905447843922383257649517199742318851298185414653661500546826178063042533979066466304
130 124 688153164951559728760823263735454076483557278231137473947761739252196456548788813005523853128881589796732928
124 130 688153164951559728760823263735454076483557278231137473947761739252196456548788813005523853128881589796732928
129 9 32439410232084272051037202657721369142377799172864481137189789308943386492269251002368
9 129 32439410232084272051037202657721369142377799172864481137189789308943386492269251002368
129 33 54246270682466614098624893951736585353905416446536342503890523785994022444214378582035156447359139840
33 129 54246270682466614098624893951736585353905416446536342503890523785994022444214378582035156447359139840
129 57 -4550423782596372768249495389913843576906849157264360889785164021688404966572872955500696857028396715081728
57 129 -4550423782596372768249495389913843576906849157264360889785164021688404966572872955500696857028396715081728
129 81 -769764412665357289500324344842361655545142894277036628539609663255821205920711000187830364328456669808820224
81 129 -769764412665357289500324344842361655545142894277036628539609663255821205920711000187830364328456669808820224
129 105 -2753317491303310271217691020344322037914877265796591261706345052336317882615813935279998718221316012208291840
105 129 -2753317491303310271217691020344322037914877265796591261706345052336317882615813935279998718221316012208291840
129 129 49027649253632699203359541928474919612258463953867076055832331670498045006466484653708458978218573188562944
128 14 -9662032496596638323924120164111730267540928246906477031732891554623251981410619354718928896
14 128 -9662032496596638323924120164111730267540928246906477031732891554623251981410619354718928896
128 38 -1715124959789358586621232738950903894951637859605297744424865148276209352352255178883890641580565987328
38 128 -1715124959789358586621232738950903894951637859605297744424865148276209352352255178883890641580565987328
128 62 4148213028009488924913696471013063946280908232302771569363521511413229097525967659852762419378962546294784
62 128 4148213028009488924913696471013063946280908232302771569363521511413229097525967659852762419378962546294784
128 86 -66439899763696376130326004520268312867225138463650095676543619642449168891843990168577189341142968994627584
86 128 -66439899763696376130326004520268312867225138463650095676543619642449168891843990168577189341142968994627584
128 110 228182091000914193715515190954412894165344782925007109034882065023693957285047760395374930707792308417331200
110 128 228182091000914193715515190954412894165344782925007109034882065023693957285047760395374930707792308417331200
127 19 -98632212915387450450586062139567441193018796894503722289846016517656408276008988498544675520512
19 127 -98632212915387450450586062139567441193018796894503722289846016517656408276008988498544675520512
127 43 7648757162185779541828856835269328281616010157541278978806631719388715946005627492699310341201648943104
43 127 7648757162185779541828856835269328281616010157541278978806631719388715946005627492699310341201648943104
127 67 6991600119893080777398459429095976147420709736685914384463123082008991271706925224410500305210876652158976
67 127 6991600119893080777398459429095976147420709736685914384463123082008991271706925224410500305210876652158976
127 91 1439405598045203469134363794707147390354925311690041983393269299283351664613171720754110888407669440627343360
91 127 1439405598045203469134363794707147390354925311690041983393269299283351664613171720754110888407669440627343360
127 115 397093961286403313325694605204830296782915180147491893687543979681267108987738766846196944919784793774751744
115 127 397093961286403313325694605204830296782915180147491893687543979681267108987738766846196944919784793774751744
126 24 -14024907024264726343389239802711692675892159839939906579099160197316362290647563688491262406557696
24 126 -14024907024264726343389239802711692675892159839939906579099160197316362290647563688491262406557696
126 48 402635044655043160868376435168938577374348156184664038886230621244033794949507173461409040425740362842112
48 126 402635044655043160868376435168938577374348156184664038886230621244033794949507173461409040425740362842112
126 72 -76824470029970261861184020069738849479346337441290379275976368782866708196921386730613457795558651679735808
72 126 -76824470029970261861184020069738849479346337441290379275976368782866708196921386730613457795558651679735808
126 96 -3100831659341495068711165901768954993002328877205429787914794745146011216769771908540683650416804108217352192
96 126 -3100831659341495068711165901768954993002328877205429787914794745146011216769771908540683650416804108217352192
126 120 -1137629565448781852121194143176920910297585477403133748329168589824627636293217569371584772637177799239532544
120 126 -1137629565448781852121194143176920910297585477403133748329168589824627636293217569371584772637177799239532544
125 5 453439854979611114997657984368670582521608763255599805281190553088530422169600
5 125 453439854979611114997657984368670582521608763255599805281190553088530422169600
125 29 -4590412397529634028004362766784846923283644766428881076706754727018784461938458525719689372083683328
29 125 -4590412397529634028004362766784846923283644766428881076706754727018784461938458525719689372083683328
125 53 1007717655435446277861666700049025862162297110844845741751549551809214875034284854253493373962624931201024
53 125 1007717655435446277861666700049025862162297110844845741751549551809214875034284854253493373962624931201024
125 77 722141815028283443640091404665079343358913957262385169683600349385950687789475892017463391033588254362304512
77 125 722141815028283443640091404665079343358913957262385169683600349385950687789475892017463391033588254362304512
125 101 4542947188991393930729092119326220954248522222890849059004877705318753914802559393141605011182351603009060864
101 125 4542947188991393930729092119326220954248522222890849059004877705318753914802559393141605011182351603009060864
125 125 496163265797591644739518199618085592193160972603382104157066230819375310304047313125319273852444325831507968
124 10 -1797019192636988108795372734027861387140666767448522764266688416236543255481229437304832
10 124 -1797019192636988108795372734027861387140666767448522764266688416236543255481229437304832
124 34 -17140305940886048363504295949508405401061584010094133313755992762050598557394297114860579419290861568
34 124 -17140305940886048363504295949508405401061584010094133313755992762050598557394297114860579419290861568
124 58 -5097643363515904648243333412324895164826019110846708774380534203877773238220851326779174751964018979635200
58 124 -5097643363515904648243333412324895164826019110846708774380534203877773238220851326779174751964018979635200
124 82 -614008316037281545567648803494555498168035152559527488900464526842516904762241041339346455262010369575485440
82 124 -614008316037281545567648803494555498168035152559527488900464526842516904762241041339346455262010369575485440
124 106 -1752741844314786940854235351231185740570929923442315306115851219190893518664524136076991399388375902062641152
106 124 -1752741844314786940854235351231185740570929923442315306115851219190893518664524136076991399388375902062641152
123 15 -567373156065844001287119127780158141297798471759207505899041420138643703010607691631318532096
15 123 -567373156065844001287119127780158141297798471759207505899041420138643703010607691631318532096
123 39 -3008059951361212804047171328177038817685644541979096560393019086428728617468148811850132325298788630528
39 123 -3008059951361212804047171328177038817685644541979096560393019086428728617468148811850132325298788630528
123 63 -786417294545895294069972934148982344340262925149444248210105884530785689329671372053912480108402096209920
63 123 -786417294545895294069972934148982344340262925149444248210105884530785689329671372053912480108402096209920
123 87 -700611905534788229147943678162648624614033965108950612615340593521543471749227033942548328485048557680721920
87 123 -700611905534788229147943678162648624614033965108950612615340593521543471749227033942548328485048557680721920
123 111 -132695492920407498458999804878802249146965320143052912317769998882858862025152648186832725599932444435283968
111 123 -132695492920407498458999804878802249146965320143052912317769998882858862025152648186832725599932444435283968
122 20 533483198647201715010504541293511524211163879945483713640293688819107597324792434972899659481088
20 122 533483198647201715010504541293511524211163879945483713640293688819107597324792434972899659481088
122 44 -72622126786680031023960019201257377971541061807360008523115843905022961276060732294057678170028851068928
44 122 -72622126786680031023960019201257377971541061807360008523115843905022961276060732294057678170028851068928
122 68 -43985181646998122721039019890487990965238453461793969042860213378185317563560446097395862177247749788925952
68 122 -43985181646998122721039019890487990965238453461793969042860213378185317563560446097395862177247749788925952
122 92 2442497492266478451105172732026319697973864866012281773486833040814937429694908511109443437446532439790845952
92 122 2442497492266478451105172732026319697973864866012281773486833040814937429694908511109443437446532439790845952
122 116 1339368714094196112652487732047448537525986882444412300847684645408984293449767351245955648918961363991134208
116 122 1339368714094196112652487732047448537525986882444412300847684645408984293449767351245955648918961363991134208
121 1 -383884500121277972154821669097785708621079680909312
1 121 -383884500121277972154821669097785708621079680909312
121 25 135748656829576055991579034173288943823339040417874609730036614451254680934894170169346266568327168
25 121 135748656829576055991579034173288943823339040417874609730036614451254680934894170169346266568327168
121 49 221097386233124311388933271435543903108193420387021972689508392966033512241500086338061009046308017668096
49 121 221097386233124311388933271435543903108193420387021972689508392966033512241500086338061009046308017668096
121 73 -374348553654079756595661993562150312316340235276793919919898826583245057950457378989286070203680696708366336
73 121 -374348553654079756595661993562150312316340235276793919919898826583245057950457378989286070203680696708366336
121 97 -5859462143139677321174972475623627275424252886267670401662036868282256613319125071631742039609439894053584896
97 121 -5859462143139677321174972475623627275424252886267670401662036868282256613319125071631742039609439894053584896
121 121 -1748848332951018808261219141191733064981569419883379495975086059329329135149763234700275250397250945521025024
120 6 89080370644140027230015109584790675201448031791498606278998988037350975057428480
6 120 89080370644140027230015109584790675201448031791498606278998988037350975057428480
120 30 8772078446406257477688297528907351770075548326101996006882846160313166906871833858309344144348151808
30 120 8772078446406257477688297528907351770075548326101996006882846160313166906871833858309344144348151808
120 54 2572785696632141650354521201164971465909004959039917139091334893865427796609878898369092903951653238996992
54 120 2572785696632141650354521201164971465909004959039917139091334893865427796609878898369092903951653238996992
120 78 936560001081167036119456031058699092465479494582266451777282988095768224150292743617457812922302665527918592
78 120 936560001081167036119456031058699092465479494582266451777282988095768224150292743617457812922302665527918592
120 102 4182337804271965948652190278980512721790779732271942883285269422408418680512915226388892935532861492790558720
102 120 4182337804271965948652190278980512721790779732271942883285269422408418680512915226388892935532861492790558720
119 11 -136443068625625036854610311000042114898621748295000714509417352248906878609146530603466752
11 119 -136443068625625036854610311000042114898621748295000714509417352248906878609146530603466752
119 35 293287896070752504129472173396207119784508969020199955548681885745886539799446606080575148482424209408
35 119 293287896070752504129472173396207119784508969020199955548681885745886539799446606080575148482424209408
119 59 3305638689619168049967115601573992804998262291834425446840798579843880026976096278092989150520231921188864
59 119 3305638689619168049967115601573992804998262291834425446840798579843880026976096278092989150520231921188864
119 83 -46133141123230928765805673172723541858537543056363872843434934793263801411579919478715157160943666000297984
83 119 -46133141123230928765805673172723541858537543056363872843434934793263801411579919478715157160943666000297984
119 107 -851177967542501553736042548248045283974821643536893770473667752219321194915537740729457641096985116508422144
107 119 -851177967542501553736042548248045283974821643536893770473667752219321194915537740729457641096985116508422144
118 16 -239597157643133239935826765495992695456458618391001761045523430261468867234811810046566989824
16 118 -239597157643133239935826765495992695456458618391001761045523430261468867234811810046566989824
118 40 16125323429002264501970728074362760693362769367437357867052463806402075104032131026262984928891190116352
40 118 16125323429002264501970728074362760693362769367437357867052463806402075104032131026262984928891190116352
118 64 46942609368927272144374917469349111834904806269047575982784272943065611259747211442362867336701183803785216
64 118 46942609368927272144374917469349111834904806269047575982784272943065611259747211442362867336701183803785216
118 88 -1013016622014906581295063033063153451872061274237522083730754747932001236629287475177455648256629119511429120
88 118 -1013016622014906581295063033063153451872061274237522083730754747932001236629287475177455648256629119511429120
118 112 -759152132019775949976673492737955620808130547748454278055093011953712681350550122538426110195507036719939584
112 118 -759152132019775949976673492737955620808130547748454278055093011953712681350550122538426110195507036719939584
117 21 -180507464453725855093545214616505113455869598640360798731615781276431916688191632032690478252032
21 117 -180507464453725855093545214616505113455869598640360798731615781276431916688191632032690478252032
117 45 -43053312285073360778720896242300790750050863143736317309017090745716931947498994493527985024762587906048
45 117 -43053312285073360778720896242300790750050863143736317309017090745716931947498994493527985024762587906048
117 69 29284387724900074854150403860748633123430006637439571480055597772986467031539581924255465282145738094018560
69 117 29284387724900074854150403860748633123430006637439571480055597772986467031539581924255465282145738094018560
117 93 5694255883807611134190416871367168371895364726412473151938463497871267883502801785652315627428515193798262784
93 117 5694255883807611134190416871367168371895364726412473151938463497871267883502801785652315627428515193798262784
117 117 3640737454314436592609222771445086192688089659873676644223666914951003546728785887813115237364715414167224320
116 2 10378718027093111280465727892218266120422748468071375883334582272
2 116 10378718027093111280465727892218266120422748468071375883334582272
116 26 -1090366952912291618361551931360934687284847636613434212968967550198139642193983509389755231397478400
26 116 -1090366952912291618361551931360934687284847636613434212968967550198139642193983509389755231397478400
116 50 -638147649077650587631561887654354937237610960780433095182904643369205818238707173872044112935559001800704
50 116 -638147649077650587631561887654354937237610960780433095182904643369205818238707173872044112935559001800704
116 74 -764341155680913730384587646744704020748744164053632133409226813040949604150797297868313147331374273504739328
74 116 -764341155680913730384587646744704020748744164053632133409226813040949604150797297868313147331374273504739328
116 98 -6837385435479742724163292326858584971320065774218060399110693629575601357200203286641352654494276158788468736
98 116 -6837385435479742724163292326858584971320065774218060399110693629575601357200203286641352654494276158788468736
115 7 138694210118598976608767267081205902053605896701861946021877577432890542539489148928
7 115 138694210118598976608767267081205902053605896701861946021877577432890542539489148928
115 31 -62005430559211979779112888054965856382981310185895632728001266188567921410965431664666683319160668160
31 115 -62005430559211979779112888054965856382981310185895632728001266188567921410965431664666683319160668160
115 55 -1925629134025352906330691309800720573754049530747576534272966482409613460990500676625053236316505412468736
55 115 -1925629134025352906330691309800720573754049530747576534272966482409613460990500676625053236316505412468736
115 79 463449626261938830556902919466856536122287109733966337283363697645392924872175907384828101815362594495528960
79 115 463449626261938830556902919466856536122287109733966337283363697645392924872175907384828101815362594495528960
115 103 2623972566502802468713269728310598475480453163952430089878240309162637765206041075698808291077180909636550656
103 115 2623972566502802468713269728310598475480453163952430089878240309162637765206041075698808291077180909636550656
114 12 -2698839178262405918011793784147469284278499581386903717019650711746144090691394995912441856
12 114 -2698839178262405918011793784147469284278499581386903717019650711746144090691394995912441856
114 36 -1554127745956915829013591320853363590297118286157228663451407833011697593460069883305024108927758893056
36 114 -1554127745956915829013591320853363590297118286157228663451407833011697593460069883305024108927758893056
114 60 -8042267276534622618810961508599778936853208726699964103680721736480724819382543470518923569138708510670848
60 114 -8042267276534622618810961508599778936853208726699964103680721736480724819382543470518923569138708510670848
114 84 -333017419235267169074389606063107665590014823393012030857194184136342304788923529992541954806492134201360384
84 114 -333017419235267169074389606063107665590014823393012030857194184136342304788923529992541954806492134201360384
114 108 -1091158115437678927769794487002585958255054811359384864283812494523852858987021512351680862411437758008524800
108 114 -1091158115437678927769794487002585958255054811359384864283812494523852858987021512351680862411437758008524800
113 17 -5461713754620850897191134450745437916225581330924071309159711778993849539827231948124717056000
17 113 -5461713754620850897191134450745437916225581330924071309159711778993849539827231948124717056000
113 41 23141182275295021541926905769711177494469158665247528490424873309213951475582204862107766951377744429056
41 113 23141182275295021541926905769711177494469158665247528490424873309213951475582204862107766951377744429056
113 65 96952111080927531278269991915041058548093092913576808151062557639324033890835116554942984917325442050949120
65 113 96952111080927531278269991915041058548093092913576808151062557639324033890835116554942984917325442050949120
113 89 -3656500459932597301091000001553297998244962082706482861393653362072768565902787975099618034512699990254551040
89 113 -3656500459932597301091000001553297998244962082706482861393653362072768565902787975099618034512699990254551040
113 113 -5486114726189127670601881362134585020518282085592592233447360245026027487196169706618799514888527292217163776
112 22 17452838887991800221776783588215523131545976030556495915580614747446864468644222075734146051735552
22 112 17452838887991800221776783588215523131545976030556495915580614747446864468644222075734146051735552
112 46 222357195333692335739659551873531939442676404943072717868438066697611551423362766136348822205160046460928
46 112 222357195333692335739659551873531939442676404943072717868438066697611551423362766136348822205160046460928
112 70 351455732913550605226221736145557014003446660055999832628155551965590492882059056384992844178305603638132736
70 112 351455732913550605226221736145557014003446660055999832628155551965590492882059056384992844178305603638132736
112 94 8488085814245987354699140561954991133897926430553109103938836190027092339364141857331381820651303952281763840
94 112 8488085814245987354699140561954991133897926430553109103938836190027092339364141857331381820651303952281763840
111 3 -396677001860081781360972125649397150345620328905764897483319170991915008
3 111 -396677001860081781360972125649397150345620328905764897483319170991915008
111 27 2677648460115505104233716991812296256274708033033217890924345221855081913010638392425421333550071808
27 111 2677648460115505104233716991812296256274708033033217890924345221855081913010638392425421333550071808
111 51 -226152584734878259149777235405747440054825165644341781764597151968912101587863452329380502587947513544704
51 111 -226152584734878259149777235405747440054825165644341781764597151968912101587863452329380502587947513544704
111 75 -468869067251071877306376191145406753868042885053353062824370429090713094463782839658629557717337359519842304
75 111 -468869067251071877306376191145406753868042885053353062824370429090713094463782839658629557717337359519842304
111 99 -4694686717079146755865254654919116210829362083114815732357988069450723585340149289925448468003826560313327616
99 111 -4694686717079146755865254654919116210829362083114815732357988069450723585340149289925448468003826560313327616
110 8 15083736563663467663800457768670841848133600120890434623281036263130025263007245795328
8 110 15083736563663467663800457768670841848133600120890434623281036263130025263007245795328
110 32 59637258069698478851006284237550952519238616621997167637436129025678330624089144101654144808302673920
32 110 59637258069698478851006284237550952519238616621997167637436129025678330624089144101654144808302673920
110 56 -6686057707391907266398873256767325126700998080475972119027075426947541530660447365033946419988724690452480
56 110 -6686057707391907266398873256767325126700998080475972119027075426947541530660447365033946419988724690452480
110 80 819732989515451665684415395365876559905695228331221517279924141758505852566125569011400670889122075955429376
80 110 819732989515451665684415395365876559905695228331221517279924141758505852566125569011400670889122075955429376
110 104 4187023960565796315029497007974978236580395558707438737270942467240425928084212364873327697698254088992456704
104 110 4187023960565796315029497007974978236580395558707438737270942467240425928084212364873327697698254088992456704
109 13 -24588286849288424586155595572324716201275946840214730684372462724310398529257991720772042752
13 109 -24588286849288424586155595572324716201275946840214730684372462724310398529257991720772042752
109 37 402895075223502189280554409797538646221230131881992290353061148797838158811306067835495783119559065600
37 109 402895075223502189280554409797538646221230131881992290353061148797838158811306067835495783119559065600
109 61 -58141526291015996626328624115713979472134850568455402660380892977719149995075177258521079714119564522422272
61 109 -58141526291015996626328624115713979472134850568455402660380892977719149995075177258521079714119564522422272
109 85 725083995453495804520262982087462912229347402419144317405640243045011084266577286500249867891996205514752000
85 109 725083995453495804520262982087462912229347402419144317405640243045011084266577286500249867891996205514752000
109 109 6033214954255989756083727628257967041472070427324623031749441861945330916386763334555476811015122473711566848
108 18 176418814587484545582016325844471976393994481909127049050209720551610752985228898813509034311680
18 108 176418814587484545582016325844471976393994481909127049050209720551610752985228898813509034311680
108 42 17889246450910850243663317852991846059224493260809133000960222470227177097447085346601105719904157302784
42 108 17889246450910850243663317852991846059224493260809133000960222470227177097447085346601105719904157302784
108 66 -56710185112884252071664234922405581497763419103167530319079382216787168258131601212137228516111179174641664
66 108 -56710185112884252071664234922405581497763419103167530319079382216787168258131601212137228516111179174641664
108 90 -7973733936536937544538805485493007325848581793527071230236800354495003217499709230058165316341572996905828352
90 108 -7973733936536937544538805485493007325848581793527071230236800354495003217499709230058165316341572996905828352
107 23 -55428574335652405952829505849300089203235110286644912046355752082658225712255345144446752988856320
23 107 -55428574335652405952829505849300089203235110286644912046355752082658225712255345144446752988856320
107 47 543063333417732578713408299153147702114228424708400885452107584666494794694707881782182870764760510496768
47 107 543063333417732578713408299153147702114228424708400885452107584666494794694707881782182870764760510496768
107 71 265978641707573040918603960621647294428372602551485387311279628126466086465469834484381787567074043823652864
71 107 265978641707573040918603960621647294428372602551485387311279628126466086465469834484381787567074043823652864
107 95 6167630142645743238920131840603813790190142457149312735893597767545688750007311470209639084272129790386896896
95 107 6167630142645743238920131840603813790190142457149312735893597767545688750007311470209639084272129790386896896
106 4 2961203064656799646203149479380160653960706318818819660618735729706272817152
4 106 2961203064656799646203149479380160653960706318818819660618735729706272817152
106 28 -7746054849410376952963790170511365056002580795256064295685714623198550520679198727106501817302777856
28 106 -7746054849410376952963790170511365056002580795256064295685714623198550520679198727106501817302777856
106 52 2648491431135748376095970566497981753791908387820283524193529262251303636447155569377001407465327333212160
52 106 2648491431135748376095970566497981753791908387820283524193529262251303636447155569377001407465327333212160
106 76 -488553917849253339344309362266270077515022254611801759572570843601705231823835185294117189435189860652548096
76 106 -488553917849253339344309362266270077515022254611801759572570843601705231823835185294117189435189860652548096
106 100 -7511828577435863654742523635794771205737745980535611676119266421422329138866769492484951175551450376226996224
100 106 -7511828577435863654742523635794771205737745980535611676119266421422329138866769492484951175551450376226996224
105 9 814874320909518126769302447460598764121285145750755567811688545067512578731131929624576
9 105 814874320909518126769302447460598764121285145750755567811688545067512578731131929624576
105 33 -331623826081341510712278489428075860660251497939239452500551923119482491279005966160411110694360973312
33 105 -331623826081341510712278489428075860660251497939239452500551923119482491279005966160411110694360973312
105 57 11157586979688348353642658101316146593185858310607945063127071564936154717104555881201480887340158794334208
57 105 11157586979688348353642658101316146593185858310607945063127071564936154717104555881201480887340158794334208
105 81 1302755824900568885924046184256184875271938954943148737942047799458982342997815454328719026880688435377471488
81 105 1302755824900568885924046184256184875271938954943148737942047799458982342997815454328719026880688435377471488
105 105 -3969264337155638599782558484303925210494889563968269390349550856968430945195205008488528197432036050060967936
104 14 115369449116272167200828484100550761774739852127321790378395253734109381226892131141540642816
14 104 115369449116272167200828484100550761774739852127321790378395253734109381226892131141540642816
104 38 -3044251537155975669662309611212894963971556882622843895122643385766746021268742546734697086671761965056
38 104 -3044251537155975669662309611212894963971556882622843895122643385766746021268742546734697086671761965056
104 62 -19900425055813342126793137895489789307030100704704469397070154299129314582511363586100641836153431497113600
62 104 -19900425055813342126793137895489789307030100704704469397070154299129314582511363586100641836153431497113600
104 86 5281521997764294010363194114915436187810328995378226187958292277806163213873341577735434776945030792866693120
86 104 5281521997764294010363194114915436187810328995378226187958292277806163213873341577735434776945030792866693120
103 19 503572577008857183080635960102846781106814229868791833312857380570313116408951125439034972700672
19 103 503572577008857183080635960102846781106814229868791833312857380570313116408951125439034972700672
103 43 -68111635556565334267141890843107066654140476547177640521561654418142596612171283170853740661219488956416
43 103 -68111635556565334267141890843107066654140476547177640521561654418142596612171283170853740661219488956416
103 67 -97365791162135512280183621238151296063547243413585982159151925405706807165615780681801094642691574893379584
67 103 -97365791162135512280183621238151296063547243413585982159151925405706807165615780681801094642691574893379584
103 91 -6285049999711619670483753171703857133992241408916397678396284630796377257106192382842452276593051389483024384
91 103 -6285049999711619670483753171703857133992241408916397678396284630796377257106192382842452276593051389483024384
102 24 256898474772994530579047883891612777188478209537507295802650935230379984555986552536577080689688576
24 102 256898474772994530579047883891612777188478209537507295802650935230379984555986552536577080689688576
102 48 -145413421802359008616217915183149830915130262110457547128047720833718187578902805884098713224115845595136
48 102 -145413421802359008616217915183149830915130262110457547128047720833718187578902805884098713224115845595136
102 72 30086037211259641871748009215565471872213610858455919223311244669506159531645275565945878091907808897269760
72 102 30086037211259641871748009215565471872213610858455919223311244669506159531645275565945878091907808897269760
102 96 9230801308785249233862355980839818226935555717135853121982647907226705665025616027212589561579458172058337280
96 102 9230801308785249233862355980839818226935555717135853121982647907226705665025616027212589561579458172058337280
101 5 3667833868537893573958007868198958444131524359677558029180187721350228568178688
5 101 3667833868537893573958007868198958444131524359677558029180187721350228568178688
101 29 27338648929110534666876247647777919193472147137108386011565752109032354451099571916040599084675891200
29 101 27338648929110534666876247647777919193472147137108386011565752109032354451099571916040599084675891200
101 53 -594229288040707580324308204757568109138003320062437980822369891500703406969716372452044103718731780194304
53 101 -594229288040707580324308204757568109138003320062437980822369891500703406969716372452044103718731780194304
101 77 -1546907478231439290595162983042296361203510444040367591673272673864709756672213899928276265803603920759554048
77 101 -1546907478231439290595162983042296361203510444040367591673272673864709756672213899928276265803603920759554048
101 101 -974777572264119694171525652421851231170359850291358831950136500411617628461481206691796860340693474411020288
100 10 23434184500794613003316448259728796051864926707534479647460447952290481285643377693425664
10 100 23434184500794613003316448259728796051864926707534479647460447952290481285643377693425664
100 34 962515609301596205129483866146581119969092907272503367027465075971955845209842661992421657140145422336
34 100 962515609301596205129483866146581119969092907272503367027465075971955845209842661992421657140145422336
100 58 9789504915313565199572402986863584920471949280603446704661160479344286272082177328379210702322487900766208
58 100 9789504915313565199572402986863584920471949280603446704661160479344286272082177328379210702322487900766208
100 82 -1983300353013477514766821128585825292672485140120432019720956703023086263716092114032729157359423689391603712
82 100 -1983300353013477514766821128585825292672485140120432019720956703023086263716092114032729157359423689391603712
99 15 470657538499791933206783778461559147912828683787107637073113563314755876855662965632819789824
15 99 470657538499791933206783778461559147912828683787107637073113563314755876855662965632819789824
99 39 13701464393189152495741158935512971738781647017791108267877347535017508089680206910342801866996670529536
39 99 13701464393189152495741158935512971738781647017791108267877347535017508089680206910342801866996670529536
99 63 29518540049537170360059832956094754102618274328371474803740975794904298910221672785201445336027698345017344
63 99 29518540049537170360059832956094754102618274328371474803740975794904298910221672785201445336027698345017344
99 87 5018175083336312777460179514911902239591978038147670499450454986421296369511523235890481481933873541470486528
87 99 5018175083336312777460179514911902239591978038147670499450454986421296369511523235890481481933873541470486528
98 20 -401860176300304985306981623317200659607277358636258779246707170052162559159339661541364482441216
20 98 -401860176300304985306981623317200659607277358636258779246707170052162559159339661541364482441216
98 44 55176138458983544089787298974922548136594125058835064522289666496611131647341930722519007693283312795648
44 98 55176138458983544089787298974922548136594125058835064522289666496611131647341930722519007693283312795648
98 68 108928574707713203264642057831759388837684386723450266618778974966037819282369566382450048982707096715788288
68 98 108928574707713203264642057831759388837684386723450266618778974966037819282369566382450048982707096715788288
98 92 -8077229295229288924669715751268889338612874775268067002015173130689642928121597456876038796787899462773112832
92 98 -8077229295229288924669715751268889338612874775268067002015173130689642928121597456876038796787899462773112832
97 1 37127672797435035275770143572125317127068291902210048
1 97 37127672797435035275770143572125317127068291902210048
97 25 -864240823142746899904115983415548848466946305394203697100783262732027718572947367227220165220368384
25 97 -864240823142746899904115983415548848466946305394203697100783262732027718572947367227220165220368384
97 49 -203256016370279402963100741966477049008069475346274191198794305472198734325248068431355065288099805265920
49 97 -203256016370279402963100741966477049008069475346274191198794305472198734325248068431355065288099805265920
97 73 778451866525959431360279828867023906450946873489493607499193374714732191759982765439615464955480410226163712
73 97 778451866525959431360279828867023906450946873489493607499193374714732191759982765439615464955480410226163712
97 97 6927597215315902912758177233245493873563882656427142878143957247755118013043926870384955752626067278212890624
96 6 4365023082941960480527210268344475400367475934665636035086062416252033539690725376
6 96 4365023082941960480527210268344475400367475934665636035086062416252033539690725376
96 30 -59728971864540268786441999108118866598662484810172151884824678716108421054888910683495380567516512256
30 96 -59728971864540268786441999108118866598662484810172151884824678716108421054888910683495380567516512256
96 54 -2381123964045964785280429828124179438438609680757023860416407547261505347446909701246865694055875951460352
54 96 -2381123964045964785280429828124179438438609680757023860416407547261505347446909701246865694055875951460352
96 78 -121390770993515244125978752386535701847611749965039384946567265053966123130233697252087303553210925365329920
78 96 -121390770993515244125978752386535701847611749965039384946567265053966123130233697252087303553210925365329920
95 11 491644835168057645544800727738739674153694418923581546007003510035967462185280783297544192
11 95 491644835168057645544800727738739674153694418923581546007003510035967462185280783297544192
95 35 -441353265088709479163854520302849947104068686688686421948929069548715340724038097894752688633733447680
35 95 -441353265088709479163854520302849947104068686688686421948929069548715340724038097894752688633733447680
95 59 -7517696651050077019462771539007368333650892995687667872421172214381167995822483614703998816763905031798784
59 95 -7517696651050077019462771539007368333650892995687667872421172214381167995822483614703998816763905031798784
95 83 -3167624088485108199855027695592457213853847045709074343262717377710338314255266934730619519229408180401340416
83 95 -3167624088485108199855027695592457213853847045709074343262717377710338314255266934730619519229408180401340416
94 16 14392292266677261983314697253732852827950580317431879491342395497781404945711516924092555984896
16 94 14392292266677261983314697253732852827950580317431879491342395497781404945711516924092555984896
94 40 3031509558301287122425774265041264179761668928795403617295110146993333291853708383889615862424055840768
40 94 3031509558301287122425774265041264179761668928795403617295110146993333291853708383889615862424055840768
94 64 -49686117176567204635343546667594608214096784029901193674356786309715811981591922886215927937399858300715008
64 94 -49686117176567204635343546667594608214096784029901193674356786309715811981591922886215927937399858300715008
94 88 4812172019820805026469960332760277878597427744075147700453698746699320254670092689385551694229921691894546432
88 94 4812172019820805026469960332760277878597427744075147700453698746699320254670092689385551694229921691894546432
93 21 -3283972744991369206372253463928031703737441290720050757824867579838006271991525744052723586695168
21 93 -3283972744991369206372253463928031703737441290720050757824867579838006271991525744052723586695168
93 45 170335400102937888456825135990048360940537844997946033889336733996396368666085431850530568562121365258240
45 93 170335400102937888456825135990048360940537844997946033889336733996396368666085431850530568562121365258240
93 69 -152423521354997942456892671782979429411317092981412371691821259260933554026341800331804758804596082488639488
69 93 -152423521354997942456892671782979429411317092981412371691821259260933554026341800331804758804596082488639488
93 93 -10581261436370788607920084445115297411172311456576642993115878448727931975050896162757695483123299645801889792
92 2 208350064398147877473105668691818735514050518835368109069314293760
2 92 208350064398147877473105668691818735514050518835368109069314293760
92 26 896734969805137567944114901338657120598885223086290062766245398626959996304729151021447150020067328
26 92 896734969805137567944114901338657120598885223086290062766245398626959996304729151021447150020067328
92 50 -158335211710439590988401693016268487687788716824144547793425426479470805430221143820763413166388999618560
50 92 -158335211710439590988401693016268487687788716824144547793425426479470805430221143820763413166388999618560
92 74 660492730559786999041916885879336872601285458935196058934984643487645393181900079519649102657555859131858944
74 92 660492730559786999041916885879336872601285458935196058934984643487645393181900079519649102657555859131858944
91 7 416778354201683350114049624265625110397903744954856418935875286493068348678429736960
7 91 416778354201683350114049624265625110397903744954856418935875286493068348678429736960
91 31 91509279729158414617238263573237862203158501435600531578783908860734928328061055054373449516282019840
31 91 91509279729158414617238263573237862203158501435600531578783908860734928328061055054373449516282019840
91 55 -1199119082256836159970037735043342444933766429711499968466548116101301411411534379369097565855325446209536
55 91 -1199119082256836159970037735043342444933766429711499968466548116101301411411534379369097565855325446209536
91 79 1639717156163024762875783847774301440655602156658197591720354876654598862640693324465803430857160423884455936
79 91 1639717156163024762875783847774301440655602156658197591720354876654598862640693324465803430857160423884455936
90 12 8526471281868236138835686830082463480765739079907139422916536376505078408309634629321621504
12 90 8526471281868236138835686830082463480765739079907139422916536376505078408309634629321621504
90 36 758533153403953604172131173043374006194280367053933261121781618957379168359764023768771329762183348224
36 90 758533153403953604172131173043374006194280367053933261121781618957379168359764023768771329762183348224
90 60 2990459819823252986983243413184204125231145154401800366527461907802607306592566980183979123288889312149504
60 90 2990459819823252986983243413184204125231145154401800366527461907802607306592566980183979123288889312149504
90 84 -1627117214527319428059704524136202914720203854006931290543466268456634236852653492983838960476351890179751936
84 90 -1627117214527319428059704524136202914720203854006931290543466268456634236852653492983838960476351890179751936
89 17 64426779878182736269466986295619884715801134323960615131883475896195833520183236061760061440000
17 89 64426779878182736269466986295619884715801134323960615131883475896195833520183236061760061440000
89 41 3980875892071064491242820851280391113330268454510949993809858555090338002734155976093043366599455670272
41 89 3980875892071064491242820851280391113330268454510949993809858555090338002734155976093043366599455670272
89 65 -39787090995639794605187817291636203707341503667749246853758329481618783472722840258741252171323753591996416
65 89 -39787090995639794605187817291636203707341503667749246853758329481618783472722840258741252171323753591996416
89 89 10107615439399408411753075994377422976225399321507802417784049134083123259699545882237178893004526924251267072
88 22 -32727880695656942061974016742678435955267929939006704441294367698296760913130441753792941066813440
22 88 -32727880695656942061974016742678435955267929939006704441294367698296760913130441753792941066813440
88 46 300385732710075164577394911254535286645230046393962452383338259084331529802256636755161301406896323821568
46 88 300385732710075164577394911254535286645230046393962452383338259084331529802256636755161301406896323821568
88 70 -462238797698322174597589255537225451329284376850794277508703357567568384783041420503918360935823904677560320
70 88 -462238797698322174597589255537225451329284376850794277508703357567568384783041420503918360935823904677560320
87 3 2347066553218340234246095810814356471237363595299633046216254693304172544
3 87 2347066553218340234246095810814356471237363595299633046216254693304172544
87 27 -4456124816317845693295713544873414963353739487347493436286883692849825476596373010750960264047230976
27 87 -4456124816317845693295713544873414963353739487347493436286883692849825476596373010750960264047230976
87 51 1145151447320525973070498156742700890509002062983979233047556450828838205846076399195104739453829656870912
51 87 1145151447320525973070498156742700890509002062983979233047556450828838205846076399195104739453829656870912
87 75 -751897588926767433483518696829319819025084142963892635990254778582791383497285433480878301205365601234583552
75 87 -751897588926767433483518696829319819025084142963892635990254778582791383497285433480878301205365601234583552
86 8 25409985969709014765133644663320830199013173380039050090457326249641150129107164463104
8 86 25409985969709014765133644663320830199013173380039050090457326249641150129107164463104
86 32 -460399742582038519770403450984727095515679695598377791033249745044935987653557075977519209285419008
32 86 -460399742582038519770403450984727095515679695598377791033249745044935987653557075977519209285419008
86 56 4548542341449748191231003321226954183557072038457259556899789470558752866967720334406906737074534206144512
56 86 4548542341449748191231003321226954183557072038457259556899789470558752866967720334406906737074534206144512
86 80 -27467403974565312898175858584075213547350316595826842410543329955028387274499447040507663842585312241909760
80 86 -27467403974565312898175858584075213547350316595826842410543329955028387274499447040507663842585312241909760
85 13 37851321035302034650280102813950281944381755003884234443321665163741165372695807324762144768
13 85 37851321035302034650280102813950281944381755003884234443321665163741165372695807324762144768
85 37 -2672755632394211957875428479331131770491285117627742913469395048038041033193078764866349375597064486912
37 85 -2672755632394211957875428479331131770491285117627742913469395048038041033193078764866349375597064486912
85 61 42477362713150992536431377214027737333753139090790112447280047706767766351848656357204120108456506048905216
61 85 42477362713150992536431377214027737333753139090790112447280047706767766351848656357204120108456506048905216
85 85 -6867136580378689034494514136871292113458736799052590894040115583000082572800067798461777895637486139678392320
84 18 -2601792790341295163303270300215961801261520867076024018252395490228793148100596099726746583040
18 84 -2601792790341295163303270300215961801261520867076024018252395490228793148100596099726746583040
84 42 -30641011680368461516548543917102255144186830653048714485490117603134357215194326359788427999422258872320
42 84 -30641011680368461516548543917102255144186830653048714485490117603134357215194326359788427999422258872320
84 66 213012645503718776066791758412834985407171976265293345556069847723392897094445560214067934102466738528452608
66 84 213012645503718776066791758412834985407171976265293345556069847723392897094445560214067934102466738528452608
83 23 -6801732537845756902072663897439145768611110546882329657641530452053325848720478404715714155905024
23 83 -6801732537845756902072663897439145768611110546882329657641530452053325848720478404715714155905024
83 47 -349702319265450347196272619430266329883648079230554988745191526538485472698441827981019874005534732451840
47 83 -349702319265450347196272619430266329883648079230554988745191526538485472698441827981019874005534732451840
83 71 320821358128512333229337916263401463662173180072966199173175941927724153496478979591065314461682259988578304
71 83 320821358128512333229337916263401463662173180072966199173175941927724153496478979591065314461682259988578304
82 4 48339198681012467329819573404716992969505937298977092380214460188410622509056
4 82 48339198681012467329819573404716992969505937298977092380214460188410622509056
82 28 2396302620279456937948839287312267860369463212031463760947162484335697960207266219155589747462635520
28 82 2396302620279456937948839287312267860369463212031463760947162484335697960207266219155589747462635520
82 52 -2388481498336498095401234055253410163068257947727019690372350298698901117589229474575404909554217579970560
52 82 -2388481498336498095401234055253410163068257947727019690372350298698901117589229474575404909554217579970560
82 76 377802620410117655021964391047849236071697961268236420572507735253923736923049095896538378362128772269867008
76 82 377802620410117655021964391047849236071697961268236420572507735253923736923049095896538378362128772269867008
81 9 289370530768622721974513725335754915357873195666752864067100701798866510011683527720960
9 81 289370530768622721974513725335754915357873195666752864067100701798866510011683527720960
81 33 234131386116359079717907316248658016464474083206723021435410881867164241879312306662665702123813994496
33 81 234131386116359079717907316248658016464474083206723021435410881867164241879312306662665702123813994496
81 57 -17298453621530434113798165872306809018025730939363731816733377395814796193173463786370774386709788562030592
57 81 -17298453621530434113798165872306809018025730939363731816733377395814796193173463786370774386709788562030592
81 81 3534822309475239889437116233880238098054293289308163325537166289952113793072628020692161430128978406907314176
80 14 493273848193539456895621895818585914449685348973855538072509942092703845188417655157903327232
14 80 493273848193539456895621895818585914449685348973855538072509942092703845188417655157903327232
80 38 2722043940342184844865919422705253701249921657320885885602721198039331529440025752340015088426272423936
38 80 2722043940342184844865919422705253701249921657320885885602721198039331529440025752340015088426272423936
80 62 -73554000631756357688346208108709871600339129019311328845065051734597635841215733814591874175790029027147776
62 80 -73554000631756357688346208108709871600339129019311328845065051734597635841215733814591874175790029027147776
79 19 43365331626279793047412596386114259147566083524852623754794983836142639522715196116414324801536
19 79 43365331626279793047412596386114259147566083524852623754794983836142639522715196116414324801536
79 43 86260266765060494963820110403340039217964561421948483419081163167590787399294874216804271108096455081984
43 79 86260266765060494963820110403340039217964561421948483419081163167590787399294874216804271108096455081984
79 67 -121641839821303219355434640339547196118602075307207301592775864193652495702479251321971457877491018656382976
67 79 -121641839821303219355434640339547196118602075307207301592775864193652495702479251321971457877491018656382976
78 24 201277081859908423166730510463997017843579302360889948850908071685309698593274870854710007145955328
24 78 201277081859908423166730510463997017843579302360889948850908071685309698593274870854710007145955328
78 48 535785017512465126465681813814918641899634170807464982781604775528971687786176280004680441193530990264320
48 78 535785017512465126465681813814918641899634170807464982781604775528971687786176280004680441193530990264320
78 72 -248084975739634942729263759896882814227638725171407396673502232800902056463238179623657566854782042058522624
72 78 -248084975739634942729263759896882814227638725171407396673502232800902056463238179623657566854782042058522624
77 5 41851374540202623936479220187177370975202631815140916752666052646860715582291968
5 77 41851374540202623936479220187177370975202631815140916752666052646860715582291968
77 29 2517722438468531140109779206624065547161751833909277424338776867706730594737763409532333011578650624
29 77 2517722438468531140109779206624065547161751833909277424338776867706730594737763409532333011578650624
77 53 4282055595681721542347761860226959357107520829634119897820743122196817190507477757801755578399713753300992
53 77 4282055595681721542347761860226959357107520829634119897820743122196817190507477757801755578399713753300992
77 77 -1453980141509986375907247738620920949064499614318147055164549235255134033758286449184576769745306306849275904
76 10 8547225093216326276800886781799173723886236828930457971910730023982719276983696616325120
10 76 8547225093216326276800886781799173723886236828930457971910730023982719276983696616325120
76 34 -289176989981881025248012332791957910645812317644949744724421926167124292975364852020575342671312191488
34 76 -289176989981881025248012332791957910645812317644949744724421926167124292975364852020575342671312191488
76 58 19716130275611963963366707038237394214975266221767609334338042415509644156963722115334235907307514091274240
58 76 19716130275611963963366707038237394214975266221767609334338042415509644156963722115334235907307514091274240
75 15 2326118509471182998059508500013893216656314799536052407585499218996918452283587453576879800320
15 75 2326118509471182998059508500013893216656314799536052407585499218996918452283587453576879800320
75 39 -5447221204856393129151284921644154399063530033868452146535397616443028730007236002737497789329936744448
39 75 -5447221204856393129151284921644154399063530033868452146535397616443028730007236002737497789329936744448
75 63 39308746336828318052951499419529942689447803888458540519130324494050892158641568944148383143128896834109440
63 75 39308746336828318052951499419529942689447803888458540519130324494050892158641568944148383143128896834109440
74 20 -1556548795571131818311649854499769219129417822759692544546334795003276148445425135211425237565440
20 74 -1556548795571131818311649854499769219129417822759692544546334795003276148445425135211425237565440
74 44 -56016710504783857036836212813535534078317422991379021683045087156221034225339184553885716375837027074048
44 74 -56016710504783857036836212813535534078317422991379021683045087156221034225339184553885716375837027074048
74 68 98174666727461578725503327191901686950586523044837865583216547882959444517671296223327308715976958089887744
68 74 98174666727461578725503327191901686950586523044837865583216547882959444517671296223327308715976958089887744
73 1 -2403151526768115661111073581489882318069308848213065728
1 73 -2403151526768115661111073581489882318069308848213065728
73 25 360147028409643221581398641406471333782120476449901191899770374227340775376993681308332546928410624
25 73 360147028409643221581398641406471333782120476449901191899770374227340775376993681308332546928410624
73 49 -737521644373987965089721422208625411372603950030936214151797685054019227542020575286263716400957600301056
49 73 -737521644373987965089721422208625411372603950030936214151797685054019227542020575286263716400957600301056
73 73 491794084482660580527342746874249604151548649115033639878740786958295986739774497182638995318418778756218880
72 6 1392075248297351324837116495843669017850095168571819126278829937237159085942505472
6 72 1392075248297351324837116495843669017850095168571819126278829937237159085942505472
72 30 11784984587111317614322812949813714644686993238940981857280904992890666090880306059719275917409779712
30 72 11784984587111317614322812949813714644686993238940981857280904992890666090880306059719275917409779712
72 54 -3958372198629109012829980073976375238314690686785452856064283619219299754527829563148155505558894621491200
54 72 -3958372198629109012829980073976375238314690686785452856064283619219299754527829563148155505558894621491200
71 11 -103677352445362813537005687040997400207728026390688266277528288124543870620493499796029440
11 71 -103677352445362813537005687040997400207728026390688266277528288124543870620493499796029440
71 35 40994410259269006421016582336971912818492391840788191681608306623452433850171907879641921643320705024
35 71 40994410259269006421016582336971912818492391840788191681608306623452433850171907879641921643320705024
71 59 -10198932845925972957138351036958059756425544425467057698457321396720487061610404553543819192548807831191552
59 71 -10198932845925972957138351036958059756425544425467057698457321396720487061610404553543819192548807831191552
70 16 5436558038122483241878087987361467809635228643834457865000688510023210518674180581790052253696
16 70 5436558038122483241878087987361467809635228643834457865000688510023210518674180581790052253696
70 40 5357160646829751589694766287780786040681533683866395519461965571653380153736270230220315384959329107968
40 70 5357160646829751589694766287780786040681533683866395519461965571653380153736270230220315384959329107968
70 64 -27723772385210228187759564423233924553179525910904091063197045041461085830326696293421589902498004299939840
64 70 -27723772385210228187759564423233924553179525910904091063197045041461085830326696293421589902498004299939840
69 21 -6108779918771224560134850081637615195148461774711173836627317929542355171276662790350241150271488
21 69 -6108779918771224560134850081637615195148461774711173836627317929542355171276662790350241150271488
69 45 80986924129946675630765755171975880757084629405288051126092976230446496077410099817125633051128460476416
45 69 80986924129946675630765755171975880757084629405288051126092976230446496077410099817125633051128460476416
69 69 -141039041010946968697685789611815716637828820729568376375704897603245575812458380555381328332851316596408320
68 2 1361738711737258849319662594013669282989619213670377902492650307584
2 68 1361738711737258849319662594013669282989619213670377902492650307584
68 26 503111017647072132845515350813987520419661679896436637641603166869806373717660712046737572262576128
26 68 503111017647072132845515350813987520419661679896436637641603166869806373717660712046737572262576128
68 50 539257297945805051296745013694440357693585242245114453514035639830441954630142585944757599353692466708480
50 68 539257297945805051296745013694440357693585242245114453514035639830441954630142585944757599353692466708480
67 7 245510114912973877815408439978921266659373012236783383541687688189461053134327513088
7 67 245510114912973877815408439978921266659373012236783383541687688189461053134327513088
67 31 -21908380609011919010045944779634208932417301177927421643437420586690654953824947281078351444907655168
31 67 -21908380609011919010045944779634208932417301177927421643437420586690654953824947281078351444907655168
67 55 2050684758080999047567980713075595166245024052171250063579375495902386357215770788447427416782410639998976
55 67 2050684758080999047567980713075595166245024052171250063579375495902386357215770788447427416782410639998976
66 12 1154430020441120960861634336439610014629626922392832205522295999476601610084882001480908800
12 66 1154430020441120960861634336439610014629626922392832205522295999476601610084882001480908800
66 36 -45937484441930084548978803590787233210824104657506482961892458877760096837935209898033574560424525824
36 66 -45937484441930084548978803590787233210824104657506482961892458877760096837935209898033574560424525824
66 60 5737614984242042079846602817700871362341047747814485902716611563991957006030553392292113157218695181762560
60 66 5737614984242042079846602817700871362341047747814485902716611563991957006030553392292113157218695181762560
65 17 27436936109443686939804714258916549298501195810697150707716453573599290546266823238821869518848
17 65 27436936109443686939804714258916549298501195810697150707716453573599290546266823238821869518848
65 41 -4851482065714815165460313535026180666714748406558206263528938470955359398411840639225356409773362249728
41 65 -4851482065714815165460313535026180666714748406558206263528938470955359398411840639225356409773362249728
65 65 34348493136657299897752230691813634086253536095110601807088240560489825187423173799154059128886198141976576
64 22 -3589541108404960886769030981955930956274741662420297901389257943311177514884498504072257693810688
22 64 -3589541108404960886769030981955930956274741662420297901389257943311177514884498504072257693810688
64 46 -48080968866903677389658251943748588252253356786944958855871395611746176052503397608215628259201059389440
46 64 -48080968866903677389658251943748588252253356786944958855871395611746176052503397608215628259201059389440
63 3 -2650166343756062487776803728528656668639096156593461477561369757166338048
3 63 -2650166343756062487776803728528656668639096156593461477561369757166338048
63 27 -710066725142399961049044643642611407523799158668918403316982931498980592274172161270216537407488000
27 63 -710066725142399961049044643642611407523799158668918403316982931498980592274172161270216537407488000
63 51 -283371169498082100731072437830805876361468091659092755414422143161415621501454274817238434032231747944448
51 63 -283371169498082100731072437830805876361468091659092755414422143161415621501454274817238434032231747944448
62 8 1363377940689407766303373098333388028696666873868427762021680729888956753757670998016
8 62 1363377940689407766303373098333388028696666873868427762021680729888956753757670998016
62 32 -13717751241918871788368300774348885328403396914567898004331467870255479556377701206769365939805749248
32 62 -13717751241918871788368300774348885328403396914567898004331467870255479556377701206769365939805749248
62 56 -818994464171987649674459904828836682090685077356927058951735265533413412155262349866214496563572917665792
56 62 -818994464171987649674459904828836682090685077356927058951735265533413412155262349866214496563572917665792
61 13 -1493352540180862256855224918721336334925973942332407019821687569994507939685611172440047616
13 61 -1493352540180862256855224918721336334925973942332407019821687569994507939685611172440047616
61 37 346201880473521597268709583754195887100982326584282312200494899932193479642291097747280315376906272768
37 61 346201880473521597268709583754195887100982326584282312200494899932193479642291097747280315376906272768
61 61 -6991758756239322020055339286736650532402489093324610189607468278871745426368083271358605206858799484239872
60 18 58387541837351485724249662719528641719391664456420876459517213600047988967552736574672853794816
18 60 58387541837351485724249662719528641719391664456420876459517213600047988967552736574672853794816
60 42 3105328965117474011241655323805452952803639443600553135344193611508839114630241558779352821291431231488
42 60 3105328965117474011241655323805452952803639443600553135344193611508839114630241558779352821291431231488
59 23 180099071876769336247006139757929136015268337341657014268622934789585960618952439951577342541824
23 59 180099071876769336247006139757929136015268337341657014268622934789585960618952439951577342541824
59 47 22922164810487091995407260107542304563093131126526971596475579472899839862836130802968497882507688017920
47 59 22922164810487091995407260107542304563093131126526971596475579472899839862836130802968497882507688017920
58 4 28441924950040273673580888842505395479260098481880936584946253795678448779264
4 58 28441924950040273673580888842505395479260098481880936584946253795678448779264
58 28 -911201067876845905190829850248757416271679622538834506409180182109140659790073742764513555852034048
28 58 -911201067876845905190829850248757416271679622538834506409180182109140659790073742764513555852034048
58 52 72343543632240439649839201103948787456410554095895409107871995005140544397246062832328243660456070217728
52 58 72343543632240439649839201103948787456410554095895409107871995005140544397246062832328243660456070217728
57 9 -96471385699024528140698486491501918297734899379326862889537811751359953925311268126720
9 57 -96471385699024528140698486491501918297734899379326862889537811751359953925311268126720
57 33 18036702912980871555974123355644936772261334770201965324992206858591975958208295325829058199438753792
33 57 18036702912980871555974123355644936772261334770201965324992206858591975958208295325829058199438753792
57 57 1125789257148455845404761963590867077601509584590431136777347174227504961140927303024351820142963020791808
56 14 7848028083508527026215130625504009356782603802922020305863800817171920145298312061037576192
14 56 7848028083508527026215130625504009356782603802922020305863800817171920145298312061037576192
56 38 -202927853215393779689466312748448204354621904269460829487301380462337694330637183394183138153072689152
38 56 -202927853215393779689466312748448204354621904269460829487301380462337694330637183394183138153072689152
55 19 71530107473948741270840539262406776175201200272318531388893316624371330010308102869647131410432
19 55 71530107473948741270840539262406776175201200272318531388893316624371330010308102869647131410432
55 43 -1307153652388985344288249213260330758553159160633844090659449259340118249165411060426022427511817764864
43 55 -1307153652388985344288249213260330758553159160633844090659449259340118249165411060426022427511817764864
54 24 13229493159244184864831320796276474214970664012020034625449763124166200416968408015056519152271360
24 54 13229493159244184864831320796276474214970664012020034625449763124166200416968408015056519152271360
54 48 -2574327753355275484956344584637979590856419408383550250431277196681433484895509556141396863817552494592
48 54 -2574327753355275484956344584637979590856419408383550250431277196681433484895509556141396863817552494592
53 5 -18177334342389769024650472416638872988425225499337735559437123878463321812238336
5 53 -18177334342389769024650472416638872988425225499337735559437123878463321812238336
53 29 -243962474144962859027500098544549311564045107971927349850920478325753982654799224162956351501238272
29 53 -243962474144962859027500098544549311564045107971927349850920478325753982654799224162956351501238272
53 53 -128898207958388391421318316597500935776155589639758790087357964535185614000146006282082260465659114684416
52 10 1371413335277322074135715242882866279858655224234288892721675082633148736271005924720640
10 52 1371413335277322074135715242882866279858655224234288892721675082633148736271005924720640
52 34 5011659870703309277289800996752849456613704814367208336898796913217804580687531687409653333591326720
34 52 5011659870703309277289800996752849456613704814367208336898796913217804580687531687409653333591326720
51 15 -30712438789568013762384103731196005763203032290324222445619510500065619911310394647312859136
15 51 -30712438789568013762384103731196005763203032290324222445619510500065619911310394647312859136
51 39 32761532956145517015212458363602897311259256152931365930047290790251400514406303370813131508169048064
39 51 32761532956145517015212458363602897311259256152931365930047290790251400514406303370813131508169048064
50 20 122030678660443564518506236025334043263467207836393330011660320768961407214224135051877485117440
20 50 122030678660443564518506236025334043263467207836393330011660320768961407214224135051877485117440
50 44 -262265882012509168759975475123547533649385343870037432566293859739145511823731656677664148537764478976
44 50 -262265882012509168759975475123547533649385343870037432566293859739145511823731656677664148537764478976
49 1 99550850471541075165174693260753336508920808270049837056
1 49 99550850471541075165174693260753336508920808270049837056
49 25 10381712639295443192121031106781492363540210715294780944899895321704856036502503028461696687538176
25 49 10381712639295443192121031106781492363540210715294780944899895321704856036502503028461696687538176
49 49 11685741379561015985666367384571567304221487790939210479909678342121983965037479135636378126363995930624
48 6 1861634529035715381616659401328979425748615585271912081659452357397231516390522880
6 48 1861634529035715381616659401328979425748615585271912081659452357397231516390522880
48 30 98398391160351664994593331009503747435911655606846789139711283952442674060615954643931498821976064
30 48 98398391160351664994593331009503747435911655606846789139711283952442674060615954643931498821976064
47 11 -5030523556223103132999487253535437421718417613230989612142995406084441348582951824130048
11 47 -5030523556223103132999487253535437421718417613230989612142995406084441348582951824130048
47 35 -7167932114442458620606237614242497381812682213209091844605018249468394787164152636760176333829439488
35 47 -7167932114442458620606237614242497381812682213209091844605018249468394787164152636760176333829439488
46 16 27599041025164011441618770734999269529058452693902002284278142166921176432893224392845164544
16 46 27599041025164011441618770734999269529058452693902002284278142166921176432893224392845164544
46 40 100788022067126502617864897986849907937830494793878748855949699455654652650089458387294444887285432320
40 46 100788022067126502617864897986849907937830494793878748855949699455654652650089458387294444887285432320
45 21 75843676908335115681817267939259785426865591576857791640005011754980092908077058835865973817344
21 45 75843676908335115681817267939259785426865591576857791640005011754980092908077058835865973817344
45 45 -829902536502342852343706381926394749624393379059177503920918080692055910529970695270657581625490014208
44 2 1928228259837130874747995859582006912378801390531777189619389431808
2 44 1928228259837130874747995859582006912378801390531777189619389431808
44 26 -124690696194522908719504156976215244581009711859531963174734514140566291371231855270840854642688
26 44 -124690696194522908719504156976215244581009711859531963174734514140566291371231855270840854642688
43 7 -48579382653678472743555703133508724134278629995697078345700279575781546827995676672
7 43 -48579382653678472743555703133508724134278629995697078345700279575781546827995676672
43 31 144298217281308235063670542456982532062151827052265286199698300585354419050727718409521445034000384
31 43 144298217281308235063670542456982532062151827052265286199698300585354419050727718409521445034000384
42 12 8773798095210338285701179958605449052191047237367609721438783132609891433616246145286144
12 42 8773798095210338285701179958605449052191047237367609721438783132609891433616246145286144
42 36 -1998838312603408214647781788931011557636069625707021638708982114443168526000712695769995297370931200
36 42 -1998838312603408214647781788931011557636069625707021638708982114443168526000712695769995297370931200
41 17 -18020117007630376578985621153603596810871834126240783603694806013977653818316872025032884224
17 41 -18020117007630376578985621153603596810871834126240783603694806013977653818316872025032884224
41 41 10155604218641166502708412178133852303024330226093909366790538004192093956653238663092137241367019520
40 22 31706242291415894587435174521606606329509510740216437239960783500134886723465499456393434890240
22 40 31706242291415894587435174521606606329509510740216437239960783500134886723465499456393434890240
39 3 230329935116376609347868042586284392109099019494890909150509690066567168
3 39 230329935116376609347868042586284392109099019494890909150509690066567168
39 27 -2243550994379708960956526456583948597830682976305769640485464235580376064569208041752820950499328
27 39 -2243550994379708960956526456583948597830682976305769640485464235580376064569208041752820950499328
38 8 408715760207906584357473256510097310473324808304151583217174060522459969465297666048
8 38 408715760207906584357473256510097310473324808304151583217174060522459969465297666048
38 32 50571730302494419475849520947290375217835962775192149315347416987417094049290792370608616352251904
32 38 50571730302494419475849520947290375217835962775192149315347416987417094049290792370608616352251904
37 13 -1171293922476255019621342657426990358025580964501384800496502331985186773157716120567808
13 37 -1171293922476255019621342657426990358025580964501384800496502331985186773157716120567808
37 37 -234972790741751359234910258078648909462399406336143600076900913182658393670419652155304807441104896
36 18 -10769972549710302655992098608929435760332973851494438683195776434732812669858569922814148608
18 36 -10769972549710302655992098608929435760332973851494438683195776434732812669858569922814148608
35 23 9308955714087175893982983975237455418852439522433087071988694643459009128484532045013026078720
23 35 9308955714087175893982983975237455418852439522433087071988694643459009128484532045013026078720
34 4 242694125040811384896487294264543804863828202516172222552551836629805826048
4 34 242694125040811384896487294264543804863828202516172222552551836629805826048
34 28 -465077522373116238801874240672054651513526328789709504284231509108413784490824763632664323293184
28 34 -465077522373116238801874240672054651513526328789709504284231509108413784490824763632664323293184
33 9 -1191819090730056469055599970902476622725944166219022422304110305841932350610179358720
9 33 -1191819090730056469055599970902476622725944166219022422304110305841932350610179358720
33 33 2194004653605366561172536875704069598023008872848564220683671488746841793505593798245685349318656
32 14 -453157920033870399747541075294080753636040426437041204138347846133016868608490189357056
14 32 -453157920033870399747541075294080753636040426437041204138347846133016868608490189357056
31 19 -7837649751822748019218611981352558839736423202549805686813671814033482592318062963682443264
19 31 -7837649751822748019218611981352558839736423202549805686813671814033482592318062963682443264
30 24 1403590971944679804841750023313945905424199597370332581498356571557268264858965168372139950080
24 30 1403590971944679804841750023313945905424199597370332581498356571557268264858965168372139950080
29 5 16503183894500604100611055208174147823847719209406307177031656861558873522176
5 29 16503183894500604100611055208174147823847719209406307177031656861558873522176
29 29 -14123945057098124941670798772548086682789342427336204391342614520884780601086735926327219585024
28 10 1167247646411847359793032482271858424301138198394050963380369719194084797011187466240
10 28 1167247646411847359793032482271858424301138198394050963380369719194084797011187466240
27 15 2480540260729712851646287669660514776673654375667932945366284257814813190232665799786496
15 27 2480540260729712851646287669660514776673654375667932945366284257814813190232665799786496
26 20 -1198608768588163826038276333296466987757592160192524361814480200703772487812489420946276352
20 26 -1198608768588163826038276333296466987757592160192524361814480200703772487812489420946276352
25 1 -2384563061587323063605587974245881089710758074117684985856
1 25 -2384563061587323063605587974245881089710758074117684985856
25 25 46887076172841627138258625109933482476783515063684106309708687959259546238059441560672534528
24 6 123067942573049197171994027565609713086125761417463354999616600501234658443264
6 24 123067942573049197171994027565609713086125761417463354999616600501234658443264
23 11 -328745913461431523890118507933806756746121299505625952140478109175101195027086311424
11 23 -328745913461431523890118507933806756746121299505625952140478109175101195027086311424
22 16 274504414718975638009679683445462099363779166005080466391871583038633206668093827317760
16 22 274504414718975638009679683445462099363779166005080466391871583038633206668093827317760
21 21 -44162668351021554260660050906195717180194010454063271290399006400626450730850612919926784
20 2 171532160788708363933091079686352393577311349821972681200259563520
2 20 171532160788708363933091079686352393577311349821972681200259563520
19 7 113039515455957004459693904472016958732833474398742313292451171727190890905600
7 19 113039515455957004459693904472016958732833474398742313292451171727190890905600
18 12 18493148270710837390984011468780219331827649507100899717062633161791179871504826368
12 18 18493148270710837390984011468780219331827649507100899717062633161791179871504826368
17 17 12364490280114658550995905456918840367041560506587219891299494946601966218730604068864
15 3 -63498819920642159806223581694138273776718772760722292128268502958080
3 15 -63498819920642159806223581694138273776718772760722292128268502958080
14 8 9732537455299155694645259584817843813480933071522100131486739869902395408384
8 14 9732537455299155694645259584817843813480933071522100131486739869902395408384
13 13 -101609093189756285461672542162511060108970618892244372174023922808772641010221056
10 4 159491437345497259233136534434534421418175090552603945200329013854208
4 10 159491437345497259233136534434534421418175090552603945200329013854208
9 9 35388146181497216430646865971448296904155626959967956967316936789069922304
5 5 -1954384527812179267980266347024056402926363004799486256707117514752
1 1 25108406941546723055343157692830665664409421777856138051584
