# Weber-f modular polynomial Phi_383^f(X,Y); r=q^(1/48).
384 0 1
0 384 1
383 23 517244059589
23 383 517244059589
383 47 -224812422760577
47 383 -224812422760577
383 71 3527070142549796
71 383 3527070142549796
383 95 -9862617524055039
95 383 -9862617524055039
383 119 9049813421201339
119 383 9049813421201339
383 143 -3698934903450502
143 383 -3698934903450502
383 167 801943028049537
167 383 801943028049537
383 191 -102658702060906
191 383 -102658702060906
383 215 8303015912909
215 383 8303015912909
383 239 -442357465241
239 383 -442357465241
383 263 15871727969
263 383 15871727969
383 287 -385300681
287 383 -385300681
383 311 6234091
311 383 6234091
383 335 -64344
335 383 -64344
383 359 383
359 383 383
383 383 -1
382 22 273030600623172849
22 382 273030600623172849
382 46 55398789671760112295051
46 382 55398789671760112295051
382 70 40701866278783619190513118
70 382 40701866278783619190513118
382 94 1919183310363424064172930542
94 382 1919183310363424064172930542
382 118 14345277991118690301759051053
118 382 14345277991118690301759051053
382 142 26864201210790708484747036994
142 382 26864201210790708484747036994
382 166 16300448592507897142580896928
166 382 16300448592507897142580896928
382 190 3728150316917694306072121124
190 382 3728150316917694306072121124
382 214 350112713855352127302252279
214 382 350112713855352127302252279
382 238 14008576678014358658938089
238 382 14008576678014358658938089
382 262 236987955562703148183275
262 382 236987955562703148183275
382 286 1594997757596197864266
286 382 1594997757596197864266
382 310 3694783490762218180
310 382 3694783490762218180
382 334 2134184834393381
334 382 2134184834393381
382 358 127497827117
358 382 127497827117
382 382 1915
381 21 3748018528567132618160
21 381 3748018528567132618160
381 45 -58128433874200774522902232063
45 381 -58128433874200774522902232063
381 69 680223553637416335271642578415809
69 381 680223553637416335271642578415809
381 93 -180128622539187577526847173206626201
93 381 -180128622539187577526847173206626201
381 117 3800604361889795822242413312770116385
117 381 3800604361889795822242413312770116385
381 141 -11523850361728677892028090331342074754
141 381 -11523850361728677892028090331342074754
381 165 7062661557292660843387309176990829771
165 381 7062661557292660843387309176990829771
381 189 -1115900806000015759624685466042661946
189 381 -1115900806000015759624685466042661946
381 213 56954627553807520558475660258153210
213 381 56954627553807520558475660258153210
381 237 -1137990664763602960149413179456312
237 381 -1137990664763602960149413179456312
381 261 9370123407229668730156217724149
261 381 9370123407229668730156217724149
381 285 -27729783021536467886386586504
285 381 -27729783021536467886386586504
381 309 20763776100976590970811613
309 381 20763776100976590970811613
381 333 -2069541676520395804539
333 381 -2069541676520395804539
381 357 5906633101659536
357 381 5906633101659536
381 381 -1729245
380 20 6541837048328361291946126
20 380 6541837048328361291946126
380 44 3854120391244059916144541384845994
44 380 3854120391244059916144541384845994
380 68 310079701672161260881921322603458895804
68 380 310079701672161260881921322603458895804
380 92 216447175196401059889425911232530626865565
92 380 216447175196401059889425911232530626865565
380 116 5514895139556956329646849400251135215484498
116 380 5514895139556956329646849400251135215484498
380 140 9327740191362925409878850115452419424201067
140 380 9327740191362925409878850115452419424201067
380 164 985397503895415193031110417535662128585752
164 380 985397503895415193031110417535662128585752
380 188 -32037388495124773163834985440175710276168
188 380 -32037388495124773163834985440175710276168
380 212 219992967497407548779525582743302507740
212 380 219992967497407548779525582743302507740
380 236 1115666302602712104678700243137738023
236 380 1115666302602712104678700243137738023
380 260 -38112138634107997609885967221409029
260 380 -38112138634107997609885967221409029
380 284 324196724128494998534874889450056
284 380 324196724128494998534874889450056
380 308 629836757063118748444911719281
308 380 629836757063118748444911719281
380 332 45594087465649117468854493
332 380 45594087465649117468854493
380 356 30705586767899147233
356 380 30705586767899147233
380 380 980223007
379 19 2727825351405380726043550332
19 379 2727825351405380726043550332
379 43 -40063262100957656650328896266156996679
43 379 -40063262100957656650328896266156996679
379 67 12822847466195080538332353815323061664855740
67 379 12822847466195080538332353815323061664855740
379 91 -12447284454553338051821895393771804728411789422
91 379 -12447284454553338051821895393771804728411789422
379 115 173195716214966426852564750431057481884137183148
115 379 173195716214966426852564750431057481884137183148
379 139 -61161221728413445506851801763866310660781719151
139 379 -61161221728413445506851801763866310660781719151
379 163 2474638147308632674096693024997862967669649087
163 379 2474638147308632674096693024997862967669649087
379 187 -61508370973827365005619034671181553101451638
187 379 -61508370973827365005619034671181553101451638
379 211 -577756452356586105053028783037125343366023
211 379 -577756452356586105053028783037125343366023
379 235 9471379011494205463056074694750698023035
235 379 9471379011494205463056074694750698023035
379 259 106996697664501421703885463756186391038
259 379 106996697664501421703885463756186391038
379 283 -88565231139579238634667829372705451
283 379 -88565231139579238634667829372705451
379 307 531042315519962133388754928871993
307 379 531042315519962133388754928871993
379 331 -112810528984940678083640337690
331 379 -112810528984940678083640337690
379 355 40066791394992896109744
355 379 40066791394992896109744
379 379 -391818453589
378 18 376691329484795096779354749008
18 378 376691329484795096779354749008
378 42 107280393594787719897576911297348620877074
42 378 107280393594787719897576911297348620877074
378 66 87859734576255116111905766931831164339699637332
66 378 87859734576255116111905766931831164339699637332
378 90 64907228054401765205360117922987805197101693388660
90 378 64907228054401765205360117922987805197101693388660
378 114 183874858825158626880750135213291227701790284588581
114 378 183874858825158626880750135213291227701790284588581
378 138 -10208755369043509661130269062337665046507866268940
138 378 -10208755369043509661130269062337665046507866268940
378 162 555351269607150951610664198717918256346516726444
162 378 555351269607150951610664198717918256346516726444
378 186 45869321137042472267970157120283946390148341894
186 378 45869321137042472267970157120283946390148341894
378 210 -426095833689207704008117574487381560336055958
210 378 -426095833689207704008117574487381560336055958
378 234 13256808828327874630334403447157056334850114
234 378 13256808828327874630334403447157056334850114
378 258 44343428368564048388958603378066546402102
258 378 44343428368564048388958603378066546402102
378 282 165845923304348475065346585144201527183
282 378 165845923304348475065346585144201527183
378 306 -144759289889373494923459624833489264
306 378 -144759289889373494923459624833489264
378 330 62976245552480485075378474119397
330 378 62976245552480485075378474119397
378 354 15881345189829475016902603
354 378 15881345189829475016902603
378 378 117645601303230
377 17 20894671286088902347717921211544
17 377 20894671286088902347717921211544
377 41 -100451622867580805150515137265766322340158859
41 377 -100451622867580805150515137265766322340158859
377 65 142912855866752000735587071332428046836267557730149
65 377 142912855866752000735587071332428046836267557730149
377 89 -41563354037615422414573386078159695964174025556194879
89 377 -41563354037615422414573386078159695964174025556194879
377 113 7271415945732713707361411783068288633231202949793695
113 377 7271415945732713707361411783068288633231202949793695
377 137 -1553480267853855440863550090760822112562646603705804
137 377 -1553480267853855440863550090760822112562646603705804
377 161 -168594065401238824195697213514465264897368024006876
161 377 -168594065401238824195697213514465264897368024006876
377 185 -27676584965688478795595552489696285652251043058061
185 377 -27676584965688478795595552489696285652251043058061
377 209 295265277070462883529801355023402364025469631408
209 377 295265277070462883529801355023402364025469631408
377 233 -3204486636247597807785213366693421234304717190
233 377 -3204486636247597807785213366693421234304717190
377 257 34855801217275817200218261425698493235767525
257 377 34855801217275817200218261425698493235767525
377 281 3639708730588321958951064314490212940256
281 377 3639708730588321958951064314490212940256
377 305 19241187302700514140669777701504325516
305 377 19241187302700514140669777701504325516
377 329 -14259574216253346106574646290526198
329 377 -14259574216253346106574646290526198
377 353 1273802314907521048403486846
353 377 1273802314907521048403486846
377 377 -27606222936024428
376 16 526399246704392932247344530042584
16 376 526399246704392932247344530042584
376 40 40395722488947309260915765813226900430160985675
40 376 40395722488947309260915765813226900430160985675
376 64 69623948872265166969638075978498962125241914302778739
64 376 69623948872265166969638075978498962125241914302778739
376 88 3210822852217110122200409524498574286533155477851121842
88 376 3210822852217110122200409524498574286533155477851121842
376 112 422448217054501441439307619573817597439734595103509991
112 376 422448217054501441439307619573817597439734595103509991
376 136 535367690991478104046781215612122455351930184951150611
136 376 535367690991478104046781215612122455351930184951150611
376 160 91665395237812510860328914699898925378818141952003505
160 376 91665395237812510860328914699898925378818141952003505
376 184 2457935515087402766975443008547688539604643258204465
184 376 2457935515087402766975443008547688539604643258204465
376 208 -18735249819967480577744816881184457338761250578393
208 376 -18735249819967480577744816881184457338761250578393
376 232 -548744164896496759498958937127555328957919212826
232 376 -548744164896496759498958937127555328957919212826
376 256 4435605993332618076196983664512118527115018973
256 376 4435605993332618076196983664512118527115018973
376 280 -263252696320167279368064566840413147575941
280 376 -263252696320167279368064566840413147575941
376 304 -571027091879068337400527103461416798876
304 376 -571027091879068337400527103461416798876
376 328 1864972927690268272296806989921057729
328 376 1864972927690268272296806989921057729
376 352 -171643824382491004761601521285
352 376 -171643824382491004761601521285
376 376 5202170384436271260
375 15 6532362736493185186951996816522112
15 375 6532362736493185186951996816522112
375 39 -8076458993182339017318169872076894504334041032824
39 375 -8076458993182339017318169872076894504334041032824
375 63 11882829296752510841214807482926261374101109533513960546
63 375 11882829296752510841214807482926261374101109533513960546
375 87 1921660270205733251074396443033454387039202016265813610
87 375 1921660270205733251074396443033454387039202016265813610
375 111 -155227893636140492163932101921960094878083636440412381953
111 375 -155227893636140492163932101921960094878083636440412381953
375 135 -30256493756665977993518208243076433379568101768422875314
135 375 -30256493756665977993518208243076433379568101768422875314
375 159 -8728322346395344251253945182146798830053575160700429521
159 375 -8728322346395344251253945182146798830053575160700429521
375 183 -146032752758862369095424849226480914140894756176141372
183 375 -146032752758862369095424849226480914140894756176141372
375 207 4616379758150574968509705378950373534683542911590339
207 375 4616379758150574968509705378950373534683542911590339
375 231 -33536307176209755547385320022624094278320099892770
231 375 -33536307176209755547385320022624094278320099892770
375 255 33907303602741159207768452178388714146140894383
255 375 33907303602741159207768452178388714146140894383
375 279 140379161131495003965030447247438729099637852
279 375 140379161131495003965030447247438729099637852
375 303 -121228157506646655524762927598560382301618
303 375 -121228157506646655524762927598560382301618
375 327 -165152018605427905320986069789652959725
327 375 -165152018605427905320986069789652959725
375 351 -4535747686202528546357240685221
351 375 -4535747686202528546357240685221
375 375 -803055281079936135794
374 14 42140510953390425140426034220606160
14 374 42140510953390425140426034220606160
374 38 894547647523872988489960411860651652951412826901754
38 374 894547647523872988489960411860651652951412826901754
374 62 792775078148637907690906366363209244659780854049732329610
62 374 792775078148637907690906366363209244659780854049732329610
374 86 -23008620259813369751132730803452984823597541855124199064
86 374 -23008620259813369751132730803452984823597541855124199064
374 110 13326410326797876170365599339705734188610076795970734220497
110 374 13326410326797876170365599339705734188610076795970734220497
374 134 4603352650801903308124236026474324263968086773427197793247
134 374 4603352650801903308124236026474324263968086773427197793247
374 158 246615346120056084344461709798350423319915792867499852104
158 374 246615346120056084344461709798350423319915792867499852104
374 182 415952905417950952589570773707020751763449536617518175
182 374 415952905417950952589570773707020751763449536617518175
374 206 12022984310555674396036071261426035426077830132216079
206 374 12022984310555674396036071261426035426077830132216079
374 230 480829542416081198006677809644201790717072154595220
230 374 480829542416081198006677809644201790717072154595220
374 254 -5707340467440093295405695501118600815768846072720
254 374 -5707340467440093295405695501118600815768846072720
374 278 -14571937057073375243465811541085684976717958861
278 374 -14571937057073375243465811541085684976717958861
374 302 14588435549084850054659436540945447428099972
302 374 14588435549084850054659436540945447428099972
374 326 10897655704199893628401764084258227692770
326 374 10897655704199893628401764084258227692770
374 350 1155534883542122384135822726411951
350 374 1155534883542122384135822726411951
374 374 103119616002637621255972
373 13 146265730036013565493098431948570144
13 373 146265730036013565493098431948570144
373 37 -59583841129452709814796694705386555053908190211030156
37 373 -59583841129452709814796694705386555053908190211030156
373 61 22543187086763101544122627824037799420476834173136791766442
61 373 22543187086763101544122627824037799420476834173136791766442
373 85 18739694161892288801945108628625811552427583495280400416013
85 373 18739694161892288801945108628625811552427583495280400416013
373 109 -337318163535023573524681727284410045530486183482215211866064
109 373 -337318163535023573524681727284410045530486183482215211866064
373 133 -391598814791036987125300591830956323018102369936837925936698
133 373 -391598814791036987125300591830956323018102369936837925936698
373 157 5493860640601008193045299143505228157832189864413426660339
157 373 5493860640601008193045299143505228157832189864413426660339
373 181 -165008067401564533095287738648198752163534147840413533280
181 373 -165008067401564533095287738648198752163534147840413533280
373 205 -1570002884796141492101921554394809952060289392399923685
205 373 -1570002884796141492101921554394809952060289392399923685
373 229 -7121984849876024453818084525830009652168218784433932
229 373 -7121984849876024453818084525830009652168218784433932
373 253 201080521203204245200982358298166105061369533895932
253 373 201080521203204245200982358298166105061369533895932
373 277 62298450600076656060375379623693925037745715242
277 373 62298450600076656060375379623693925037745715242
373 301 -756502274429139865453312040410473518956629807
301 373 -756502274429139865453312040410473518956629807
373 325 -565726089673416796908962611394878782562107
325 373 -565726089673416796908962611394878782562107
373 349 -51767700242021734980852892954512828
349 373 -51767700242021734980852892954512828
373 373 -11151306628639130068439685
372 12 278444662796826866385581155923880224
12 372 278444662796826866385581155923880224
372 36 2542995098918712226971351396583208596808046291001623576
36 372 2542995098918712226971351396583208596808046291001623576
372 60 302717382786591637636747841368462340946236445010603849582572
60 372 302717382786591637636747841368462340946236445010603849582572
372 84 1002853249633295373230927550406557781479036697868551599814418
84 372 1002853249633295373230927550406557781479036697868551599814418
372 108 2654649740653499615084195672204287918181162788015021107647790
108 372 2654649740653499615084195672204287918181162788015021107647790
372 132 17713264007150620375526252263427927280317818216832286999502318
132 372 17713264007150620375526252263427927280317818216832286999502318
372 156 -514111558316988279887999659051520841127799581526906674530743
156 372 -514111558316988279887999659051520841127799581526906674530743
372 180 11459908282930346719283463124131140963232832938618458904728
180 372 11459908282930346719283463124131140963232832938618458904728
372 204 -36815589805047143262692337157499981764376498322385837467
204 372 -36815589805047143262692337157499981764376498322385837467
372 228 690556356551473262446912360036546696744170060194141844
228 372 690556356551473262446912360036546696744170060194141844
372 252 -2597883226776153425022033314497802478866686765285526
252 372 -2597883226776153425022033314497802478866686765285526
372 276 23287947854076071754494671961278998251347759816030
276 372 23287947854076071754494671961278998251347759816030
372 300 22163983158764758010723839682211496228361106425
300 372 22163983158764758010723839682211496228361106425
372 324 23978710343032238742944819493456107986201856
324 372 23978710343032238742944819493456107986201856
372 348 -46344359280401935042372366672572304
348 372 -46344359280401935042372366672572304
372 372 1026076745638480710930857343
371 11 292531460072027130986196863897140288
11 371 292531460072027130986196863897140288
371 35 -73088504973984444728675294357481218438690480978442314866
35 371 -73088504973984444728675294357481218438690480978442314866
371 59 2311727551348218000477172201575402917684785784072884297245493
59 371 2311727551348218000477172201575402917684785784072884297245493
371 83 -1708211227486110007663954562133394137815280976332821773441074
83 371 -1708211227486110007663954562133394137815280976332821773441074
371 107 -2740012901265381129139848475558185344846380548151621123657551
107 371 -2740012901265381129139848475558185344846380548151621123657551
371 131 -480976542076069375690236358782149214902479227609838881674469755
131 371 -480976542076069375690236358782149214902479227609838881674469755
371 155 13822009833637717934117661083454132856681918839019587277955595
155 371 13822009833637717934117661083454132856681918839019587277955595
371 179 -281833076925216903100073352501514329986812001465312652791527
179 371 -281833076925216903100073352501514329986812001465312652791527
371 203 1484473511473511420018200332300931177216883865177297585878
203 371 1484473511473511420018200332300931177216883865177297585878
371 227 -21498002368206388951033461345432403818691137433166842113
227 371 -21498002368206388951033461345432403818691137433166842113
371 251 -20463478177272013845081818958682523692899421168628628
251 371 -20463478177272013845081818958682523692899421168628628
371 275 -1078473551702935517377676671953224200848463447484280
275 371 -1078473551702935517377676671953224200848463447484280
371 299 -245986028601970995150923632217089209196671356122
299 371 -245986028601970995150923632217089209196671356122
371 323 -854503777546341355492443491507293254731211840
323 371 -854503777546341355492443491507293254731211840
371 347 110812870498375391544695447196115691041
347 371 110812870498375391544695447196115691041
371 371 -81056118311251840253891975514
370 10 168562043813561700561704136882424640
10 370 168562043813561700561704136882424640
370 34 1471470364865060001877171654129206810579787062932352907766
34 370 1471470364865060001877171654129206810579787062932352907766
370 58 12990901125751503318207367815742971291582280501251292667220813
58 370 12990901125751503318207367815742971291582280501251292667220813
370 82 -539932424857965295435113276730203652309455498160889482270208826
82 370 -539932424857965295435113276730203652309455498160889482270208826
370 106 315027409489595441606201705805440132662534889354942156487067237
106 370 315027409489595441606201705805440132662534889354942156487067237
370 130 8762602422719145685528262529678920790036787036140859741771486174
130 370 8762602422719145685528262529678920790036787036140859741771486174
370 154 -167788139111193733452607366677417748268545042341106374721768011
154 370 -167788139111193733452607366677417748268545042341106374721768011
370 178 2985327671497631760027310650326486552524808330079192697236736
178 370 2985327671497631760027310650326486552524808330079192697236736
370 202 -15192282806938199374344163546334531345605563501983537207192
202 370 -15192282806938199374344163546334531345605563501983537207192
370 226 526609682523971610143010588215077908084665331425489344621
226 370 526609682523971610143010588215077908084665331425489344621
370 250 199678311235527131643586710511751815160383237369561090
250 370 199678311235527131643586710511751815160383237369561090
370 274 26800508940457102377292696003848717538622994507178573
274 370 26800508940457102377292696003848717538622994507178573
370 298 -9292927488014936750237577302034257152358316370134
298 370 -9292927488014936750237577302034257152358316370134
370 322 26182691807016498943017763062644351833398239182
322 370 26182691807016498943017763062644351833398239182
370 346 -6220410961740252602114030803513490443691
346 370 -6220410961740252602114030803513490443691
370 370 5541235716873047869431463489824
369 9 52258901891945481495615974532176896
9 369 52258901891945481495615974532176896
369 33 -21415392063045719848588924168536968678039063274648037099936
33 369 -21415392063045719848588924168536968678039063274648037099936
369 57 60137883612914209193018301709157749911984253296248468309297820
57 369 60137883612914209193018301709157749911984253296248468309297820
369 81 -2007063317818942635572722740434601500292253367205915748869719567
81 369 -2007063317818942635572722740434601500292253367205915748869719567
369 105 -23912151443091992471895046198011160754055555017748319698722798
105 369 -23912151443091992471895046198011160754055555017748319698722798
369 129 -116578415557632661825285317660960889763971108693534969332482679920
129 369 -116578415557632661825285317660960889763971108693534969332482679920
369 153 30503733988677634619794374693359097711691665367430370946961355
153 369 30503733988677634619794374693359097711691665367430370946961355
369 177 -2836406120642770749116867047711778185738647492647269395490488
177 369 -2836406120642770749116867047711778185738647492647269395490488
369 201 224285034240244112378820439402176269212407257377584033095654
201 369 224285034240244112378820439402176269212407257377584033095654
369 225 -14641376876608949549944392543008607792467111830031244078516
225 369 -14641376876608949549944392543008607792467111830031244078516
369 249 37609144879544849226867949213911044704489013064829152377
249 369 37609144879544849226867949213911044704489013064829152377
369 273 -455336433654248470077248366816006635688988940913540523
273 369 -455336433654248470077248366816006635688988940913540523
369 297 615367686519777579621337844270983952010726882846994
297 369 615367686519777579621337844270983952010726882846994
369 321 -701163289430338778284356876706939741033121839566
321 369 -701163289430338778284356876706939741033121839566
369 345 193501451433386122298473123561072200187247
345 369 193501451433386122298473123561072200187247
369 369 -330219890898454196908451735939960
368 8 8422387947270286915957512480681344
8 368 8422387947270286915957512480681344
368 32 231078944728562711788571728059958876382004165140644461097396
32 368 231078944728562711788571728059958876382004165140644461097396
368 56 258157953770170828801477850447888684588601452775102831575243990
56 368 258157953770170828801477850447888684588601452775102831575243990
368 80 47637574322521036590085715924497303676832112684693562156458483060
80 368 47637574322521036590085715924497303676832112684693562156458483060
368 104 -164116903012871320171501033727299515702870455166493497694818844506
104 368 -164116903012871320171501033727299515702870455166493497694818844506
368 128 1199140161063575036690587623449020991606879737245961417213518435063
128 368 1199140161063575036690587623449020991606879737245961417213518435063
368 152 34859843068290514038571767064327464438675096593455443636863620817
152 368 34859843068290514038571767064327464438675096593455443636863620817
368 176 -101624178956236268402964573751067228850124463093153001360706523
176 368 -101624178956236268402964573751067228850124463093153001360706523
368 200 -11444879286869694084063053896033016272404338901920705025516045
200 368 -11444879286869694084063053896033016272404338901920705025516045
368 224 335476796010885218134125062090013674683123981377295159623795
224 368 335476796010885218134125062090013674683123981377295159623795
368 248 -1263639850649680663771957776042216778654234190009310290987
248 368 -1263639850649680663771957776042216778654234190009310290987
368 272 6054042993804928262216239949970261429746579711278262572
272 368 6054042993804928262216239949970261429746579711278262572
368 296 -20531573608157702173277165413816877561923806041598915
296 368 -20531573608157702173277165413816877561923806041598915
368 320 16612691857734125178870837752327697514727161946456
320 368 16612691857734125178870837752327697514727161946456
368 344 -3467575477290764533481898285766365421498252
344 368 -3467575477290764533481898285766365421498252
368 368 17270672914769787696056214639390524
367 7 668629481154844875126973478769408
7 367 668629481154844875126973478769408
367 31 -1886729336925948021675536626972229651863093718298111961429912
31 367 -1886729336925948021675536626972229651863093718298111961429912
367 55 600000371360179749312125066248231415851854233474958303006652536
55 367 600000371360179749312125066248231415851854233474958303006652536
367 79 81151202664217034163984108979547120846299854417204063962169069223
79 367 81151202664217034163984108979547120846299854417204063962169069223
367 103 2938829380546120155291447665271019380906022619486611479752528010992
103 367 2938829380546120155291447665271019380906022619486611479752528010992
367 127 -9823936999997368020354280884064008928255089735020005705788208432563
127 367 -9823936999997368020354280884064008928255089735020005705788208432563
367 151 -695292155697415046005146265858006436850427458488720403383163990192
151 367 -695292155697415046005146265858006436850427458488720403383163990192
367 175 -6639446037118475125611250877886908985758156588964561888252837747
175 367 -6639446037118475125611250877886908985758156588964561888252837747
367 199 322343027353620322222621316615489680486462759133273512619308172
199 367 322343027353620322222621316615489680486462759133273512619308172
367 223 -4914709751059826504705257099163011382010888522656324856221362
223 367 -4914709751059826504705257099163011382010888522656324856221362
367 247 17746645349278372450938527838270692144280848188610288462097
247 367 17746645349278372450938527838270692144280848188610288462097
367 271 -79444753399183366459663938407691859867916380653422202893
271 367 -79444753399183366459663938407691859867916380653422202893
367 295 504916881873497394405602631080151127479281416617072399
295 367 504916881873497394405602631080151127479281416617072399
367 319 -351754726430693268182771437594389242292562449153902
319 367 -351754726430693268182771437594389242292562449153902
367 343 6096838262799595743608106280050736938158285
343 367 6096838262799595743608106280050736938158285
367 367 -797768861416629657041594227213466595
366 6 24108245087026886193878703936512
6 366 24108245087026886193878703936512
366 30 11849649592083263151791305474721619685491815579918410661075424
30 366 11849649592083263151791305474721619685491815579918410661075424
366 54 7085299797044077459366180353489598651639273686604096360554867816
54 366 7085299797044077459366180353489598651639273686604096360554867816
366 78 -1245215706028210521038395159710376247278281108465177249060771512898
78 366 -1245215706028210521038395159710376247278281108465177249060771512898
366 102 -19212042399700989444031806188818990543324183206209377642973099301472
102 366 -19212042399700989444031806188818990543324183206209377642973099301472
366 126 64614818371071943002986788792530646169099705025531695141003967910090
126 366 64614818371071943002986788792530646169099705025531695141003967910090
366 150 8374588534756021771064042355596333854935213054754138067133282499375
150 366 8374588534756021771064042355596333854935213054754138067133282499375
366 174 252351071106459457398849557245652495645471060681194096978491478192
174 366 252351071106459457398849557245652495645471060681194096978491478192
366 198 -5081369646366606285169299944057489341904195838287059625551226378
198 366 -5081369646366606285169299944057489341904195838287059625551226378
366 222 30587485928382779756613415114350735018936206707565420554176774
222 366 30587485928382779756613415114350735018936206707565420554176774
366 246 -48140063008106729211133300170592321011072444025764576689582
246 366 -48140063008106729211133300170592321011072444025764576689582
366 270 1372448922132482913727948696090133419512593766590241651371
270 366 1372448922132482913727948696090133419512593766590241651371
366 294 -10100460493694217448154108463302844132011943069691783456
294 366 -10100460493694217448154108463302844132011943069691783456
366 318 6715598327002777358321453421063510635143803654717451
318 366 6715598327002777358321453421063510635143803654717451
366 342 1997810464683691410676117497839139254339431705
342 366 1997810464683691410676117497839139254339431705
366 366 32741966773907930524599135521172681759
365 5 349161644979888732933574442496
5 365 349161644979888732933574442496
365 29 -58004547770255293800292462932529325439429381907516954370954160
29 365 -58004547770255293800292462932529325439429381907516954370954160
365 53 -39560810166559741061329656043142195679990383990615202345957040060
53 365 -39560810166559741061329656043142195679990383990615202345957040060
365 77 1106834327487028848039720562767907258197325665835096044222895315451
77 365 1106834327487028848039720562767907258197325665835096044222895315451
365 101 -51954297983844634049947922234236535727433569443569677594349541592922
101 365 -51954297983844634049947922234236535727433569443569677594349541592922
365 125 -342810699726499878739268278547140241297678150180238167655230524215427
125 365 -342810699726499878739268278547140241297678150180238167655230524215427
365 149 -73621891361946669211332326698020252072903895292096745579782166750836
149 365 -73621891361946669211332326698020252072903895292096745579782166750836
365 173 -4736589802785357367718732686486737114705192821536873029804975995904
173 365 -4736589802785357367718732686486737114705192821536873029804975995904
365 197 43902848578649003917157271056439461140511717682140189732617449686
197 365 43902848578649003917157271056439461140511717682140189732617449686
365 221 449495597781993076819354148993469021288026161819510098430727879
221 365 449495597781993076819354148993469021288026161819510098430727879
365 245 -2924850778953486029834875162288764429415751456220641749776954
245 365 -2924850778953486029834875162288764429415751456220641749776954
365 269 -28632921691100585973302407875918833055873251095351053000712
269 365 -28632921691100585973302407875918833055873251095351053000712
365 293 171913108811373905684369152000806875231999415635083203830
293 365 171913108811373905684369152000806875231999415635083203830
365 317 -116539492857888515352133588885406514039742271293564990
317 365 -116539492857888515352133588885406514039742271293564990
365 341 -83282337635052418910848893447506376205227874294
341 365 -83282337635052418910848893447506376205227874294
365 365 -1200746130690610161591825900743384867194
364 4 1674710284372060490738208256
4 364 1674710284372060490738208256
364 28 223616401976288136866984346246818143751424852373523733375979600
28 364 223616401976288136866984346246818143751424852373523733375979600
364 52 433799361135590059222679387731809598977460595816662571334379859372
52 364 433799361135590059222679387731809598977460595816662571334379859372
364 76 15033591749847341486497994247394355686391647572652251634719157133969
76 364 15033591749847341486497994247394355686391647572652251634719157133969
364 100 2248054874902906711248751104549657253931801649258832524748423786613562
100 364 2248054874902906711248751104549657253931801649258832524748423786613562
364 124 1551442320742714377344345370629071127536344841375278660882067339762205
124 364 1551442320742714377344345370629071127536344841375278660882067339762205
364 148 502970049427241115655633681074635620790918771402602834582528497610828
148 364 502970049427241115655633681074635620790918771402602834582528497610828
364 172 62228268545630016272864941127021780877445101590869842543152797017781
172 364 62228268545630016272864941127021780877445101590869842543152797017781
364 196 -15060613396798078392616035786015530146518083448284379882170543238
196 364 -15060613396798078392616035786015530146518083448284379882170543238
364 220 -16174243002842915844965922120457439231328188919661354388266510425
220 364 -16174243002842915844965922120457439231328188919661354388266510425
364 244 65287390544304365094132973014544463318982928048998794511390893
244 364 65287390544304365094132973014544463318982928048998794511390893
364 268 558246011522689932860952644018365230279207881124431908629777
268 364 558246011522689932860952644018365230279207881124431908629777
364 292 -2555470538030641749477933591699261350120170893620654873879
292 364 -2555470538030641749477933591699261350120170893620654873879
364 316 1851509212406497221851667212916930171761654098780373557
316 364 1851509212406497221851667212916930171761654098780373557
364 340 2206935028684214126834005796083914793111741290910
340 364 2206935028684214126834005796083914793111741290910
364 364 39558918714389152421875259970060313833566
363 3 1918985486626371900497920
3 363 1918985486626371900497920
363 27 -684439998578549386508573720363963797064813971167809897494735104
27 363 -684439998578549386508573720363963797064813971167809897494735104
363 51 -2300897483579046123036848664079016469242722319328592255678099435424
51 363 -2300897483579046123036848664079016469242722319328592255678099435424
363 75 -210697791889941591633064119869036364763242589572871797311254367045396
75 363 -210697791889941591633064119869036364763242589572871797311254367045396
363 99 -24274080298011712720266937487583864120879674158413491023369662006901740
99 363 -24274080298011712720266937487583864120879674158413491023369662006901740
363 123 -7346661414366982300442249509595114425491649806530407215549073477946854
123 363 -7346661414366982300442249509595114425491649806530407215549073477946854
363 147 -2758770375824231176308274383387987298610822977676136921218532042775941
147 363 -2758770375824231176308274383387987298610822977676136921218532042775941
363 171 -640014086710037186328044095843888551861974714611551673347873103479229
171 363 -640014086710037186328044095843888551861974714611551673347873103479229
363 195 -6097708548461085390172718728380013423300186694702546918889169583690
195 363 -6097708548461085390172718728380013423300186694702546918889169583690
363 219 267304931858763254650669224534879442346633189139330313381559733242
219 363 267304931858763254650669224534879442346633189139330313381559733242
363 243 -728431321954987220578650080808405644323052306162791514568189356
243 363 -728431321954987220578650080808405644323052306162791514568189356
363 267 -9231717201720674601480722923703608057980538748153118164220160
267 363 -9231717201720674601480722923703608057980538748153118164220160
363 291 33760025167340147943813610675088272943117358181419173630060
291 363 33760025167340147943813610675088272943117358181419173630060
363 315 -27099225951617732434614138147764153681289739649092837886
315 363 -27099225951617732434614138147764153681289739649092837886
363 339 -45172655377324693352898605235930118417733668238247
339 363 -45172655377324693352898605235930118417733668238247
363 363 -1176756193902686279997867395561523037523566
362 2 279583335038128997376
2 362 279583335038128997376
362 26 1673277520240681665179139167917375069751643278449138030538679904
26 362 1673277520240681665179139167917375069751643278449138030538679904
362 50 5889030008491070074409348435715608226986041138952449833494385521384
50 362 5889030008491070074409348435715608226986041138952449833494385521384
362 74 2567095218851502911809377252131654057953581587849824712924200453277134
74 362 2567095218851502911809377252131654057953581587849824712924200453277134
362 98 167256055327236404595499188504968828615572420673872620506902475733001548
98 362 167256055327236404595499188504968828615572420673872620506902475733001548
362 122 44816712500170598351698646921122401428815153906305193956247353053290624
122 362 44816712500170598351698646921122401428815153906305193956247353053290624
362 146 12722056278058055792402675398312954775888613612903948905585086603485013
146 362 12722056278058055792402675398312954775888613612903948905585086603485013
362 170 5451825455763362184258361499644660757715880254192847886340930656233040
170 362 5451825455763362184258361499644660757715880254192847886340930656233040
362 194 114174031740112363916672105745643133455215058928159823122487605335206
194 362 114174031740112363916672105745643133455215058928159823122487605335206
362 218 -3088061948563240830487398862664603526244261838644040245670292783739
218 362 -3088061948563240830487398862664603526244261838644040245670292783739
362 242 3486684367286422172000763480411109920116389159606863891546326127
242 362 3486684367286422172000763480411109920116389159606863891546326127
362 266 128526292652360789552347578628649686645540830658202479746460464
266 362 128526292652360789552347578628649686645540830658202479746460464
362 290 -401446514817123439391581751743585211028778535610480043308117
290 362 -401446514817123439391581751743585211028778535610480043308117
362 314 367346878897080880964831476781946525531584606511948033953
314 362 367346878897080880964831476781946525531584606511948033953
362 338 756234096458804785528689804181921243812791582681443
338 362 756234096458804785528689804181921243812791582681443
362 362 31758288627531907522502832402738814790575990
361 1 1059315834038272
1 361 1059315834038272
361 25 -3281007422152160099429990004665336874658300599899585903122750528
25 361 -3281007422152160099429990004665336874658300599899585903122750528
361 49 53340524262534524341168723868609218909823269630282446394181396571472
49 361 53340524262534524341168723868609218909823269630282446394181396571472
361 73 -29659116267533100941894189484452930742572378168380737485694958328200264
73 361 -29659116267533100941894189484452930742572378168380737485694958328200264
361 97 -838761716377710013618863273105277798006676032253327231492769078250504948
97 361 -838761716377710013618863273105277798006676032253327231492769078250504948
361 121 -297694106859900663083025471906172022767138272471752082131502439578149090
121 361 -297694106859900663083025471906172022767138272471752082131502439578149090
361 145 -56419732501109502505338010070771725863565282930532868636168193778306194
145 361 -56419732501109502505338010070771725863565282930532868636168193778306194
361 169 -39897178700607876721942927467417282079214731313208423750249956506639815
169 361 -39897178700607876721942927467417282079214731313208423750249956506639815
361 193 -1363550240218691065413465681819024839076000902370866524207172901884284
193 361 -1363550240218691065413465681819024839076000902370866524207172901884284
361 217 26965211519170149596622924849505417440581135522272236291845604202098
217 361 26965211519170149596622924849505417440581135522272236291845604202098
361 241 37513895603760560097541876446199032754245478284934261312336537813
241 361 37513895603760560097541876446199032754245478284934261312336537813
361 265 -1526032794884338531743726313192673722282335798023355966603611000
265 361 -1526032794884338531743726313192673722282335798023355966603611000
361 289 4338956102155651124308985053347373035200094878952037309060166
289 361 4338956102155651124308985053347373035200094878952037309060166
361 313 -4632651524443142761560420366559846122324581811783607339666
313 361 -4632651524443142761560420366559846122324581811783607339666
361 337 -10521156657912412320397164890506330551113972178615013
337 361 -10521156657912412320397164890506330551113972178615013
361 361 -781118105517232059669281960574161810864559453
360 24 5172657120232424862439018160261151275276021414162284652862493680
24 360 5172657120232424862439018160261151275276021414162284652862493680
360 48 -823722682453611707666211238883946384197445607757126831283654906864736
48 360 -823722682453611707666211238883946384197445607757126831283654906864736
360 72 308722166771020237148849539303119552828073690748674405830737379211011380
72 360 308722166771020237148849539303119552828073690748674405830737379211011380
360 96 3118571452620722112543654770399582960005686520184630591975737265567774312
96 360 3118571452620722112543654770399582960005686520184630591975737265567774312
360 120 1683031922107080042423824057586201518210935870059467740612799544724107304
120 360 1683031922107080042423824057586201518210935870059467740612799544724107304
360 144 309221123586376485521668171583442629336918354020984829009644759747468238
144 360 309221123586376485521668171583442629336918354020984829009644759747468238
360 168 258450476131180032303667996298807766744502713145263107852444394796315132
168 360 258450476131180032303667996298807766744502713145263107852444394796315132
360 192 12521300382292033398278144527105856131350221269248297645828948241342400
192 360 12521300382292033398278144527105856131350221269248297645828948241342400
360 216 -175460753149424743321105827539543439414280658241504925414342003858426
216 360 -175460753149424743321105827539543439414280658241504925414342003858426
360 240 -1129047970345717729306696767406422814883744191050003792054996212493
240 360 -1129047970345717729306696767406422814883744191050003792054996212493
360 264 15668564971077208048784628292381683374398473294867321779484570417
264 360 15668564971077208048784628292381683374398473294867321779484570417
360 288 -42950876728098659574744292412099357405950048107026394472973649
288 360 -42950876728098659574744292412099357405950048107026394472973649
360 312 54557918578474261099306268764847881555750795765051252818683
312 360 54557918578474261099306268764847881555750795765051252818683
360 336 119853106925567481435781244841425424326837447158771427
336 360 119853106925567481435781244841425424326837447158771427
360 360 17583697031205173922922180889291577218161560509
359 23 -6562014844304320198859980009330673749316601199799171806245501056
23 359 -6562014844304320198859980009330673749316601199799171806245501056
359 47 6453589370054918303813930352846455939199384403070006542232904969251231
47 359 6453589370054918303813930352846455939199384403070006542232904969251231
359 71 -2841332206466229816218124979727610039943775416040611860154507862488391272
71 359 -2841332206466229816218124979727610039943775416040611860154507862488391272
359 95 -7790145391779209459910115382388506295701196168752632124335999410328917131
95 359 -7790145391779209459910115382388506295701196168752632124335999410328917131
359 119 -7357759996462342255812204901140509848005225484220847549292051033561021289
119 359 -7357759996462342255812204901140509848005225484220847549292051033561021289
359 143 -2207585562386656510981196380271653408456816944192883850128308200845673184
143 359 -2207585562386656510981196380271653408456816944192883850128308200845673184
359 167 -1526447118004215840622957879491687560675612483327646981449586830791298307
167 359 -1526447118004215840622957879491687560675612483327646981449586830791298307
359 191 -93728784289775372657335747130213124350095671597662112679418677237168042
191 359 -93728784289775372657335747130213124350095671597662112679418677237168042
359 215 710009460554535450837430911036556654959097243366255290851710682358545
215 359 710009460554535450837430911036556654959097243366255290851710682358545
359 239 16101197771508644680895898106895748912704881630488314483583482264945
239 359 16101197771508644680895898106895748912704881630488314483583482264945
359 263 -140649099959064138041744916904930743005215996546454085625423108554
263 359 -140649099959064138041744916904930743005215996546454085625423108554
359 287 391607848613569260465456112598105331645968417881445559315364131
287 359 391607848613569260465456112598105331645968417881445559315364131
359 311 -601954156791361434389888861367264984058486830003713232001914
311 359 -601954156791361434389888861367264984058486830003713232001914
359 335 -1035406159714360930308528101711265716415277877100462780
335 359 -1035406159714360930308528101711265716415277877100462780
359 359 -363722951777647390299445809883807524648917896682
358 22 6693110080962726660716556671669500279006573113796552122154719616
22 358 6693110080962726660716556671669500279006573113796552122154719616
358 46 -36054030945931662559485869825038622716630618556085355643943038713331357
46 358 -36054030945931662559485869825038622716630618556085355643943038713331357
358 70 23208199539944592306327642042385048157564591525039444337283261155150353184
70 358 23208199539944592306327642042385048157564591525039444337283261155150353184
358 94 4654862999987584286902767839409741118572187565049710727500772294922153899
94 358 4654862999987584286902767839409741118572187565049710727500772294922153899
358 118 24256642046472799194899714506334323471692733482070402112207233253529817319
118 358 24256642046472799194899714506334323471692733482070402112207233253529817319
358 142 16395460113806802734696616489785524342431644445290169747447128235105736604
142 358 16395460113806802734696616489785524342431644445290169747447128235105736604
358 166 8476185654463000432279139857197466490784280005337250681517754393307912275
166 358 8476185654463000432279139857197466490784280005337250681517754393307912275
358 190 583903603425249253348595299056086094106793598080798271078086544579440693
190 358 583903603425249253348595299056086094106793598080798271078086544579440693
358 214 801423074222374946647621387878541892150363599115087052715532910655463
214 358 801423074222374946647621387878541892150363599115087052715532910655463
358 238 -169169613018443516466175243084376320313688426514937789092683860827111
238 358 -169169613018443516466175243084376320313688426514937789092683860827111
358 262 1112161416021198155296705822864877916206046170153175203669393529268
262 358 1112161416021198155296705822864877916206046170153175203669393529268
358 286 -3300840194935279558075809343955170122551047460300765600472998741
286 358 -3300840194935279558075809343955170122551047460300765600472998741
358 310 6239783850550439727708439857519699330845482009044353707946199
310 358 6239783850550439727708439857519699330845482009044353707946199
358 334 4490153872036848224837863724647388240244351790554274174
334 358 4490153872036848224837863724647388240244351790554274174
358 358 6939433387303474804709672150248712575292216947665
357 21 -5475519988628395092068589762911710376518511769342479179957880832
21 357 -5475519988628395092068589762911710376518511769342479179957880832
357 45 155599205823170595771673527764373980236062889422474437706823374632025872
45 357 155599205823170595771673527764373980236062889422474437706823374632025872
357 69 -169233243723004271323630328841565827127478684887515822258289593654367917254
69 357 -169233243723004271323630328841565827127478684887515822258289593654367917254
357 93 76599202280637679131901126619524487573580681976106389793906584876333257917
93 357 76599202280637679131901126619524487573580681976106389793906584876333257917
357 117 -62523519302593337480624008363950701355289883091268806743498010724869376679
117 357 -62523519302593337480624008363950701355289883091268806743498010724869376679
357 141 -109671933613064120564481474513360508681764461935413898700911077030980736458
141 357 -109671933613064120564481474513360508681764461935413898700911077030980736458
357 165 -45451275057974166645791964768202873412945685329607062447288006091938715187
165 357 -45451275057974166645791964768202873412945685329607062447288006091938715187
357 189 -3021453055275499003574782000343829025372713740144978522031667575988199707
189 357 -3021453055275499003574782000343829025372713740144978522031667575988199707
357 213 -48536296584094497104092151676305692727270925021226437774810468475136723
213 357 -48536296584094497104092151676305692727270925021226437774810468475136723
357 237 1442242274530780351543811962922723561873898759092650724026482781164223
237 357 1442242274530780351543811962922723561873898759092650724026482781164223
357 261 -7780576061167013849667446615312986658724384406260224011642415657654
261 357 -7780576061167013849667446615312986658724384406260224011642415657654
357 285 25757439140612494291091148822651119526448633581257774296130020796
285 357 25757439140612494291091148822651119526448633581257774296130020796
357 309 -60920819986120349220556116024485036625926592076936089082600531
309 357 -60920819986120349220556116024485036625926592076936089082600531
357 333 56614635403694773454618077765179509480481219229765181289
333 357 56614635403694773454618077765179509480481219229765181289
357 357 -122544295079642926978960600473608175998720771002729
356 20 3577862431620610189871749539949090300022797637976379734015673600
20 356 3577862431620610189871749539949090300022797637976379734015673600
356 44 -529522237513044160961229132694945139214542926013957723440811048766657654
44 356 -529522237513044160961229132694945139214542926013957723440811048766657654
356 68 1108155901850724611871301709713730924217970237291267604453374074673634031904
68 356 1108155901850724611871301709713730924217970237291267604453374074673634031904
356 92 -506583679901581713013301716943138298846019330986647313569458450639626607182
92 356 -506583679901581713013301716943138298846019330986647313569458450639626607182
356 116 171850929736800133093356211073132564282177469772434539178328184509616249878
116 356 171850929736800133093356211073132564282177469772434539178328184509616249878
356 140 642456485415891123462447382115383187990288573240282953039285985014976095288
140 356 642456485415891123462447382115383187990288573240282953039285985014976095288
356 164 238224072736808162164183211901120333675662246672027720004306438446231382720
164 356 238224072736808162164183211901120333675662246672027720004306438446231382720
356 188 12581071414736216241914298854778585192145691302761637614207274700961795570
188 356 12581071414736216241914298854778585192145691302761637614207274700961795570
356 212 567451794661406319233910535958086515016008972576263058512182948352735232
212 356 567451794661406319233910535958086515016008972576263058512182948352735232
356 236 -10325899104604446741217713222991637541759895024447880884462087392879019
236 356 -10325899104604446741217713222991637541759895024447880884462087392879019
356 260 48223716502054206815100353719036460898008453747747653960487459939716
260 356 48223716502054206815100353719036460898008453747747653960487459939716
356 284 -185809046957266191801338797527242816811088719760673893363072973686
284 356 -185809046957266191801338797527242816811088719760673893363072973686
356 308 561487715958271777402476019248932443077335777019850127698985497
308 356 561487715958271777402476019248932443077335777019850127698985497
356 332 -1882513424924304586411950322301149302338038194112833852172
332 356 -1882513424924304586411950322301149302338038194112833852172
356 356 2009569397584890104635123579045872089948211259838138
355 19 -1856145528648169401609358813840938414061740221040542539870533120
19 355 -1856145528648169401609358813840938414061740221040542539870533120
355 43 1407436607611066720811129964075280346009478727688595596442750971852547636
43 355 1407436607611066720811129964075280346009478727688595596442750971852547636
355 67 -6550881134640616687435368036161662436740778465969090059179825887503605212766
67 355 -6550881134640616687435368036161662436740778465969090059179825887503605212766
355 91 1869880191639639811024705760973170610920777277307007431688526963270449784576
91 355 1869880191639639811024705760973170610920777277307007431688526963270449784576
355 115 -840039984749087453988914797364269373157238863193663729921209952567135897807
115 355 -840039984749087453988914797364269373157238863193663729921209952567135897807
355 139 -3336190081203223889406468930811186651987069285462861097834232342730258790564
139 355 -3336190081203223889406468930811186651987069285462861097834232342730258790564
355 163 -1208934043412898600124812629638078354020051626369972242195171980395418584307
163 355 -1208934043412898600124812629638078354020051626369972242195171980395418584307
355 187 -37572262980452447609062174756516796035992052618108296801743465693551350005
187 355 -37572262980452447609062174756516796035992052618108296801743465693551350005
355 211 -4683090212241081148970127390592953300002900395015522974245780581718528803
211 355 -4683090212241081148970127390592953300002900395015522974245780581718528803
355 235 62574561135213342034352651443358071471038390327559433483494694047957305
235 355 62574561135213342034352651443358071471038390327559433483494694047957305
355 259 -264483589843833064376756161557708938079485420969017651467179844393674
259 355 -264483589843833064376756161557708938079485420969017651467179844393674
355 283 1232537473720461106085875682876180534288900824773249628004294352889
283 355 1232537473720461106085875682876180534288900824773249628004294352889
355 307 -4895537815704997572144068131065833706758153877278674087707676103
307 355 -4895537815704997572144068131065833706758153877278674087707676103
355 331 32681305194443054507481417510735954833658990300985327186470
331 355 32681305194443054507481417510735954833658990300985327186470
355 355 -30696280937090724007406560967879161426154918794280901
354 18 758377573893328841714643550382183659871476197114778282308827136
18 354 758377573893328841714643550382183659871476197114778282308827136
354 42 -2755168111752253036711064599410145120102948522334295336145385642304593424
42 354 -2755168111752253036711064599410145120102948522334295336145385642304593424
354 66 35129650064745590074029062333472424553572229443974745183645552748482157507700
66 354 35129650064745590074029062333472424553572229443974745183645552748482157507700
354 90 -3369996776883298724749463198754990179824676598613605276249235077007220834556
90 354 -3369996776883298724749463198754990179824676598613605276249235077007220834556
354 114 5152540045865108070369354576719851395836538888123516009314531072163205338322
114 354 5152540045865108070369354576719851395836538888123516009314531072163205338322
354 138 15674056304138800600647913185026716934615358811151173795690904779042408555383
138 354 15674056304138800600647913185026716934615358811151173795690904779042408555383
354 162 5780866806323338141746454580526028770339567669438013952821012348646161107930
162 354 5780866806323338141746454580526028770339567669438013952821012348646161107930
354 186 35609437300175563985856467226076512155875274479046927654784588978158146398
186 354 35609437300175563985856467226076512155875274479046927654784588978158146398
354 210 31523019537465959613534703348321489492422457705795758550712003105528976294
210 354 31523019537465959613534703348321489492422457705795758550712003105528976294
354 234 -315608480831957121996325943478442012826212944148060596120014674487632312
234 354 -315608480831957121996325943478442012826212944148060596120014674487632312
354 258 1281180431859208004237488926287292127110051617368100006097225044413270
258 354 1281180431859208004237488926287292127110051617368100006097225044413270
354 282 -7430811410553297306485360791414394574139714264149571780406230469695
282 354 -7430811410553297306485360791414394574139714264149571780406230469695
354 306 40456143716248120218458608451703959471803886724776729390251686006
306 354 40456143716248120218458608451703959471803886724776729390251686006
354 330 -445813316821366242741486761065652338526197997002152398393716
330 354 -445813316821366242741486761065652338526197997002152398393716
354 354 438011299053372034631333230482404936233542173623141250
353 17 -241501355126521346774468688252445395438475995942158331063028736
17 353 -241501355126521346774468688252445395438475995942158331063028736
353 41 3072451457993812033214353553962714638077326484213653017456152479686866504
41 353 3072451457993812033214353553962714638077326484213653017456152479686866504
353 65 -171642302293922855046652348508352139754261170828148358078195082214018007545102
65 353 -171642302293922855046652348508352139754261170828148358078195082214018007545102
353 89 -12270733877280514245025785535651097549507695503489495879526768860484025851319
89 353 -12270733877280514245025785535651097549507695503489495879526768860484025851319
353 113 -27295809060186313514610802040916110567234084020549877874108031651315183165095
113 353 -27295809060186313514610802040916110567234084020549877874108031651315183165095
353 137 -67814084803883255684285879362466690219588591211847575787434988127303095995756
137 353 -67814084803883255684285879362466690219588591211847575787434988127303095995756
353 161 -25105637614389014769096715736491752168834379239235809156212708728041393972078
161 353 -25105637614389014769096715736491752168834379239235809156212708728041393972078
353 185 480232936023646458667357925201384311395339980929417864776556107880848086078
185 353 480232936023646458667357925201384311395339980929417864776556107880848086078
353 209 -181562989124793220189072804856979839644594004253609481517825661207638131917
209 353 -181562989124793220189072804856979839644594004253609481517825661207638131917
353 233 1236622695106057588215994909123237592796216739692844618899520103285767117
233 353 1236622695106057588215994909123237592796216739692844618899520103285767117
353 257 -5510113676091065972391726076126815206251031319522538555013695051304904
257 353 -5510113676091065972391726076126815206251031319522538555013695051304904
353 281 39736440936190354081425461869889271713102991175907306429920350110024
281 353 39736440936190354081425461869889271713102991175907306429920350110024
353 305 -317445196508101388777735988737418050155512507342513146866650867441
305 353 -317445196508101388777735988737418050155512507342513146866650867441
353 329 5237370673446725841070250249047012079412495295104617459645117
329 353 5237370673446725841070250249047012079412495295104617459645117
353 353 -5854132028215355436446345789402068163574598604514771045
352 16 59156209850512054217874362383349472353793066276004982040933376
16 352 59156209850512054217874362383349472353793066276004982040933376
352 40 2620886600607288669443388517621781627914161296037258159529736904294993672
40 352 2620886600607288669443388517621781627914161296037258159529736904294993672
352 64 767149566701602318791426347551897341081273185469497207205328973611959894991214
64 352 767149566701602318791426347551897341081273185469497207205328973611959894991214
352 88 167264089713406864999124807008821448250188082162387305081583152661711401575871
88 352 167264089713406864999124807008821448250188082162387305081583152661711401575871
352 112 126800532369660079903846511958350793426535863606879973488748565348963108313483
112 352 126800532369660079903846511958350793426535863606879973488748565348963108313483
352 136 272404497647954389219465902892544125068044345355628318690597622916179972166206
136 352 272404497647954389219465902892544125068044345355628318690597622916179972166206
352 160 94440268585923432001543804941840995453777207455449653869401556554128512461337
160 352 94440268585923432001543804941840995453777207455449653869401556554128512461337
352 184 -4342959485651611616640686272362313120364293996189562254627609470740471680589
184 352 -4342959485651611616640686272362313120364293996189562254627609470740471680589
352 208 912650066319706627809862722872196688572187790735487592536798955361478474027
208 352 912650066319706627809862722872196688572187790735487592536798955361478474027
352 232 -2727794618233645882462349330919540793176240855499429211436586918544541234
232 352 -2727794618233645882462349330919540793176240855499429211436586918544541234
352 256 21908422326422093666520385405155964712998044173257639824107355120245745
256 352 21908422326422093666520385405155964712998044173257639824107355120245745
352 280 -177850667454592041930659876687606195205796440271240489813366670586247
280 352 -177850667454592041930659876687606195205796440271240489813366670586247
352 304 2369040262275984648558686184859738535713959258932496341653310762944
304 352 2369040262275984648558686184859738535713959258932496341653310762944
352 328 -54995793370454605259370863235006215656230253745988683961568661
328 352 -54995793370454605259370863235006215656230253745988683961568661
352 352 73468297733583369713493052553519374970884522621735256219
351 15 -10964680736279408562477529174290927963156000396619794995167232
15 351 -10964680736279408562477529174290927963156000396619794995167232
351 39 -23987950094577996334299857441685246708607424738713652223913896842514857344
39 351 -23987950094577996334299857441685246708607424738713652223913896842514857344
351 63 -3147834948242531749127054450459398023397978140145656911641552064769933475769392
63 351 -3147834948242531749127054450459398023397978140145656911641552064769933475769392
351 87 -1129216670346402582835769126125882827176151224594606171852012664567321274847446
87 351 -1129216670346402582835769126125882827176151224594606171852012664567321274847446
351 111 -604880435669487980031905161454564789256736373251884530217818258666149816611736
111 351 -604880435669487980031905161454564789256736373251884530217818258666149816611736
351 135 -1007818985914678762167497598556105208522379523237178594979304182366310695933337
135 351 -1007818985914678762167497598556105208522379523237178594979304182366310695933337
351 159 -282700654185465020000411047604189204355458269103108592904639901478206846163732
159 351 -282700654185465020000411047604189204355458269103108592904639901478206846163732
351 183 23706431376333295221803205252596802196561712019972151690731815024742230678965
183 351 23706431376333295221803205252596802196561712019972151690731815024742230678965
351 207 -4028923444107196088049415805031917470316167689914206334147575317973580642916
207 351 -4028923444107196088049415805031917470316167689914206334147575317973580642916
351 231 -9390479780261162240542062993979107747582850941971995356330131041065868565
231 351 -9390479780261162240542062993979107747582850941971995356330131041065868565
351 255 -92771039743788531349064322510664613173346434670171564777050637431173760
255 351 -92771039743788531349064322510664613173346434670171564777050637431173760
351 279 546198132246963437633357713672474198214626184264905546280546393098213
279 351 546198132246963437633357713672474198214626184264905546280546393098213
351 303 -16840792306864395455048097950578610674110067845474338273285268308754
303 351 -16840792306864395455048097950578610674110067845474338273285268308754
351 327 526308245802289480347121723615549877561200847369260035737363669
327 351 526308245802289480347121723615549877561200847369260035737363669
351 351 -867774520677393878034906265185883431906320811676081039261
350 14 1506785653621821441922223773828307774033701952442729377552384
14 350 1506785653621821441922223773828307774033701952442729377552384
350 38 72195675845245911218481481229460729343923301845005380271276270108599876464
38 350 72195675845245911218481481229460729343923301845005380271276270108599876464
350 62 11897156053423290254473796750576338943888751263262584609952403843639737301884100
62 350 11897156053423290254473796750576338943888751263262584609952403843639737301884100
350 86 6134828540059679152114421614378494447003044069178990488112144386476385971017138
86 350 6134828540059679152114421614378494447003044069178990488112144386476385971017138
350 110 3381962742165724201264062655710632894536604338241007982917009857010561458796138
110 350 3381962742165724201264062655710632894536604338241007982917009857010561458796138
350 134 3320784388807229531001650838069479572936479406675639642750241409408968574418701
134 350 3320784388807229531001650838069479572936479406675639642750241409408968574418701
350 158 503753284811767426317902829750803490624642340765850647987820556174199017871170
158 350 503753284811767426317902829750803490624642340765850647987820556174199017871170
350 182 -100219654786889891652730164203462450853701665175225924586533163371354832696310
182 350 -100219654786889891652730164203462450853701665175225924586533163371354832696310
350 206 15554550793250925457318321505677575623460604831526221747302607234448973864588
206 350 15554550793250925457318321505677575623460604831526221747302607234448973864588
350 230 166013564051746827006304430694157534775800385675808953941962550348319015653
230 350 166013564051746827006304430694157534775800385675808953941962550348319015653
350 254 520093017950085966809601380530131024809714134370223324500487102200182757
254 350 520093017950085966809601380530131024809714134370223324500487102200182757
350 278 397633610184263457087228059925348001545378548740920228387932721593726
278 350 397633610184263457087228059925348001545378548740920228387932721593726
350 302 114198307560988057873692039661122287906218773519988328635467340279582
302 350 114198307560988057873692039661122287906218773519988328635467340279582
350 326 -4644615051616730380304443993639338086770853149066955092590452665
326 350 -4644615051616730380304443993639338086770853149066955092590452665
350 350 9667711780800815864474188101687910475381748016708312378485
349 13 -149685258186720142804327002844121535362438105043849860845568
13 349 -149685258186720142804327002844121535362438105043849860845568
349 37 -149927641212387852635828637580253089248083820420949819667068205288589576096
37 349 -149927641212387852635828637580253089248083820420949819667068205288589576096
349 61 -41539122240299594666395610365765761483118977251274527811829272897059920906827896
61 349 -41539122240299594666395610365765761483118977251274527811829272897059920906827896
349 85 -29907233568433059477361533757134617030505136361508644746330949263489217583115950
85 349 -29907233568433059477361533757134617030505136361508644746330949263489217583115950
349 109 -21183566977977646967570957590679305179369446654737791740249800756844348346366336
109 349 -21183566977977646967570957590679305179369446654737791740249800756844348346366336
349 133 -8898715607558945813481954053620577979113671446071791580658092209878248324981810
133 349 -8898715607558945813481954053620577979113671446071791580658092209878248324981810
349 157 880298651714523414071102519219925328943455064341274170779893238908754561096831
157 349 880298651714523414071102519219925328943455064341274170779893238908754561096831
349 181 356219874337973874595861548226229046265399915332126800375659622940740214243219
181 349 356219874337973874595861548226229046265399915332126800375659622940740214243219
349 205 -51562060334667244871776628481568893508640592013792696964142143214515484311028
205 349 -51562060334667244871776628481568893508640592013792696964142143214515484311028
349 229 -1313804990387913174961447714769139065713582965798668291078669498223707652207
229 349 -1313804990387913174961447714769139065713582965798668291078669498223707652207
349 253 -3800695581044779544775346749598135971818245593065607621359412500547059311
253 349 -3800695581044779544775346749598135971818245593065607621359412500547059311
349 277 -24623059329505880351679429074402892491657288140149200601927819341741735
277 349 -24623059329505880351679429074402892491657288140149200601927819341741735
349 301 -739682784162245601422869986703383715474932460048465908238869514145778
301 349 -739682784162245601422869986703383715474932460048465908238869514145778
349 325 38093165224777267038718175864280215963133979085806627683738892404
325 349 38093165224777267038718175864280215963133979085806627683738892404
349 349 -101795032964996081952639990104432084749643174185418679509943
348 12 10416107925171045281674655320404822412525757607942650167296
12 348 10416107925171045281674655320404822412525757607942650167296
348 36 239211547889192003748277304673933294317227672684066607940399221357118090848
36 348 239211547889192003748277304673933294317227672684066607940399221357118090848
348 60 134340512116298385915524868873020780732936895118627903267523245475754595989870960
60 348 134340512116298385915524868873020780732936895118627903267523245475754595989870960
348 84 136876716815773568186104249840770105773738512993979616353761174567065059863600444
84 348 136876716815773568186104249840770105773738512993979616353761174567065059863600444
348 108 132178256912532529499359817596815143639360468391956132367430509510488248339748000
108 348 132178256912532529499359817596815143639360468391956132367430509510488248339748000
348 132 13125831888726711982176753881905422394111531909231946810303072956763103787419046
132 348 13125831888726711982176753881905422394111531909231946810303072956763103787419046
348 156 -13185708695877975543488003963068586116573632684639641905018837811627824194363378
156 348 -13185708695877975543488003963068586116573632684639641905018837811627824194363378
348 180 -1176518748169438770056054210914822732215237608023805047516579915675783904158979
180 348 -1176518748169438770056054210914822732215237608023805047516579915675783904158979
348 204 139594742321654885285784899213147942331904625220284549816063591678592492742908
204 348 139594742321654885285784899213147942331904625220284549816063591678592492742908
348 228 7959516307595878188977207490952992652717527901301186824254187455226776936709
228 348 7959516307595878188977207490952992652717527901301186824254187455226776936709
348 252 29157306161241620861807581549784448780891542520924793912068658632857785724
252 348 29157306161241620861807581549784448780891542520924793912068658632857785724
348 276 263670734096733419349299174780123894472973801643419937939090785465232139
276 348 263670734096733419349299174780123894472973801643419937939090785465232139
348 300 4582168495270776373130500481707467450081914330337590974383690674196722
300 348 4582168495270776373130500481707467450081914330337590974383690674196722
348 324 -291959243325941967041187632703036324176029923054561311871173676173
324 348 -291959243325941967041187632703036324176029923054561311871173676173
348 348 1014920303036550970620235790819369116167364355661858126530584
347 11 -488110826532476598802814523026526659001615894208759037952
11 347 -488110826532476598802814523026526659001615894208759037952
347 35 -299855282424775705271657275160506178496167640841899639334136410577179152192
35 347 -299855282424775705271657275160506178496167640841899639334136410577179152192
347 59 -403387861086922979008699117620930932349888774235015354330154724944396110786980612
59 347 -403387861086922979008699117620930932349888774235015354330154724944396110786980612
347 83 -599838059684597922645576616535454005721190037697722209391270273703252529035253879
83 347 -599838059684597922645576616535454005721190037697722209391270273703252529035253879
347 107 -773108006989567052761316984542157543083067988032146677790921067348796112723812378
107 347 -773108006989567052761316984542157543083067988032146677790921067348796112723812378
347 131 46678971865571778384038431630726226723515986747077923719213234999482873499697816
131 347 46678971865571778384038431630726226723515986747077923719213234999482873499697816
347 155 71114632359287078038819190249004241919763285769325598502957828336502059313585676
155 347 71114632359287078038819190249004241919763285769325598502957828336502059313585676
347 179 4382785093598741863332473994268491442675000519911184745436717472237847142868749
179 347 4382785093598741863332473994268491442675000519911184745436717472237847142868749
347 203 -260206346433192463763253084337497109601750543064395692470810387845041596262352
203 347 -260206346433192463763253084337497109601750543064395692470810387845041596262352
347 227 -40842179475527027957238405705394613524773145064724333987563767228384496888565
227 347 -40842179475527027957238405705394613524773145064724333987563767228384496888565
347 251 -207683995452367144148586513065213264125828465781361627980721361095625556114
251 347 -207683995452367144148586513065213264125828465781361627980721361095625556114
347 275 -2086887615859550564586731666503726541304295493173720296204874000162511763
275 347 -2086887615859550564586731666503726541304295493173720296204874000162511763
347 299 -27181016528118427570045199253178248504524407848567394624399816639455220
299 347 -27181016528118427570045199253178248504524407848567394624399816639455220
347 323 2099535006917088900932042544404679397890518934958063018864337527035
323 347 2099535006917088900932042544404679397890518934958063018864337527035
347 347 -9598436342393682298529517266302712946401352344338513363603510
346 10 14656268657031135043419511387924916681955947755958337536
10 346 14656268657031135043419511387924916681955947755958337536
346 34 288782703380983644873925924917842917375693207380021521085105080434399505856
34 346 288782703380983644873925924917842917375693207380021521085105080434399505856
346 58 1126998503163846123533841791523537164009389815473842440617659922151406447187850572
58 346 1126998503163846123533841791523537164009389815473842440617659922151406447187850572
346 82 2528782528532871709595800316973985119336804358692011684715842250366343152405671937
82 346 2528782528532871709595800316973985119336804358692011684715842250366343152405671937
346 106 4188182060267597671438425225849605744013590503010398431825927905657812222733354174
106 346 4188182060267597671438425225849605744013590503010398431825927905657812222733354174
346 130 -569547611156529272189836667739999203000377341558091964242717998014192550763552044
130 346 -569547611156529272189836667739999203000377341558091964242717998014192550763552044
346 154 -252393822060267712788985746996392767643357286713970055830671949897460164717760678
154 346 -252393822060267712788985746996392767643357286713970055830671949897460164717760678
346 178 -21339053917859985122801869086027352920589174604466886386662272436334882634735745
178 346 -21339053917859985122801869086027352920589174604466886386662272436334882634735745
346 202 -17123532142122799506597696588478137209127659402651651634668168840374445475302
202 346 -17123532142122799506597696588478137209127659402651651634668168840374445475302
346 226 183991162139014195675068451074525752297424927958800826262609783025557939078661
226 346 183991162139014195675068451074525752297424927958800826262609783025557939078661
346 250 1334133761977933020366317694947469716727473528419892591967686818178672651782
250 346 1334133761977933020366317694947469716727473528419892591967686818178672651782
346 274 14146808556149933942237713195043601019362050182423347515301389647983469549
274 346 14146808556149933942237713195043601019362050182423347515301389647983469549
346 298 154577417128767340044560631496140699213349441592623299086890700352396205
298 346 154577417128767340044560631496140699213349441592623299086890700352396205
346 322 -14208453465838424962270790512323713965528039641614120780718679380375
322 346 -14208453465838424962270790512323713965528039641614120780718679380375
346 346 86246477771521642057812537507867311967696391096614328598729286
345 9 -264649408288598884919481790368215679118017856563576832
9 345 -264649408288598884919481790368215679118017856563576832
345 33 -191903600756623970674398859533481973668859397909709217791311174740118858752
33 345 -191903600756623970674398859533481973668859397909709217791311174740118858752
345 57 -2935113507122203455453878725883164057462240699283848293498720089397357115020569408
57 345 -2935113507122203455453878725883164057462240699283848293498720089397357115020569408
345 81 -10213899009252370314871956701077724039411168692696539854627079492632381847351984308
81 345 -10213899009252370314871956701077724039411168692696539854627079492632381847351984308
345 105 -21137061368471360862660220215844387066462189813402537301480540123828049430565931244
105 345 -21137061368471360862660220215844387066462189813402537301480540123828049430565931244
345 129 3588514797677741734461889409733298920949689143427753533764689794405064204765673330
129 345 3588514797677741734461889409733298920949689143427753533764689794405064204765673330
345 153 503568316263869207695146846245854712824462435748838658381573889933616171704373789
153 345 503568316263869207695146846245854712824462435748838658381573889933616171704373789
345 177 119670230153174962733638568621312989511231926128634028478903163757854856049610927
177 345 119670230153174962733638568621312989511231926128634028478903163757854856049610927
345 201 3093413712609548793387032208212229711069430679376515865147331990318875099228512
201 345 3093413712609548793387032208212229711069430679376515865147331990318875099228512
345 225 -738124408746068391797817514604688538104913249135340061623942367884537784923012
225 345 -738124408746068391797817514604688538104913249135340061623942367884537784923012
345 249 -7743344698765872179597974481289511239081379598978669534894376413032758785087
249 345 -7743344698765872179597974481289511239081379598978669534894376413032758785087
345 273 -86307739064942027737078932576077522819830625779251141334039435714151184515
273 345 -86307739064942027737078932576077522819830625779251141334039435714151184515
345 297 -843769480513553650494793829244995947799120306693512491314866910407674504
297 345 -843769480513553650494793829244995947799120306693512491314866910407674504
345 321 90687016736980778379053406472136243464197667322470567973060545447814
321 345 90687016736980778379053406472136243464197667322470567973060545447814
345 345 -737421786917002482984475092562357755857961383494230506586752129
344 8 2647374069035650859723375628335638146591030357196800
8 344 2647374069035650859723375628335638146591030357196800
344 32 41934185609716618711094216281948506046626580736596130552475790468719898752
32 344 41934185609716618711094216281948506046626580736596130552475790468719898752
344 56 7137571425554422417760681055362648503557055381474915414032068384188927063968000680
56 344 7137571425554422417760681055362648503557055381474915414032068384188927063968000680
344 80 39233843714027084756403661953414079317415658688046363003694258593779181955288255790
80 344 39233843714027084756403661953414079317415658688046363003694258593779181955288255790
344 104 100280900774419221471348244099242482821960767746873236921050693090710246182131647524
104 344 100280900774419221471348244099242482821960767746873236921050693090710246182131647524
344 128 -18428560293082847928814456904247712569962853406091769116785513722271672685271429800
128 344 -18428560293082847928814456904247712569962853406091769116785513722271672685271429800
344 152 873257410786787189124928840319541915333447990893056437811040461956821799039553366
152 344 873257410786787189124928840319541915333447990893056437811040461956821799039553366
344 176 -643706646215020328910535902356115952187869969060128277121227881825526165152109099
176 344 -643706646215020328910535902356115952187869969060128277121227881825526165152109099
344 200 -19214354145111065584238472126840875140412124023584061444696523328973380337517902
200 344 -19214354145111065584238472126840875140412124023584061444696523328973380337517902
344 224 2643768801659085110216039766048038313356038341615661266621795089272376868870681
224 344 2643768801659085110216039766048038313356038341615661266621795089272376868870681
344 248 40935201328528683151868429255693162287141647581172155162766762428892685681152
248 344 40935201328528683151868429255693162287141647581172155162766762428892685681152
344 272 485036227054975912448595825156955222057474340099759683598410331120056023656
272 344 485036227054975912448595825156955222057474340099759683598410331120056023656
344 296 4426005427650206700588997996821047087001312143606043997759747135525798942
296 344 4426005427650206700588997996821047087001312143606043997759747135525798942
344 320 -546738339005373024332915225087003250317330647022482232425469350478414
320 344 -546738339005373024332915225087003250317330647022482232425469350478414
344 344 6008161414596492722886237813844243188447346017945445553596332058
343 7 -13166395112499551292688320071698523401769301966848
7 343 -13166395112499551292688320071698523401769301966848
343 31 98318446655801985062859313726806868418474447494836896558596879349979728128
31 343 98318446655801985062859313726806868418474447494836896558596879349979728128
343 55 -16230665860146910228004740089044991406183656313091732573736109764825890559123964592
55 343 -16230665860146910228004740089044991406183656313091732573736109764825890559123964592
343 79 -142319392684618638007038249374960474455186493485752857634310429270760636028612824168
79 343 -142319392684618638007038249374960474455186493485752857634310429270760636028612824168
343 103 -450620017716604609818985682863062953065603358539323170363762314947137363141662857164
103 343 -450620017716604609818985682863062953065603358539323170363762314947137363141662857164
343 127 85764666574496164084469257901273095507312254616099174630540520579424212052106822576
127 343 85764666574496164084469257901273095507312254616099174630540520579424212052106822576
343 151 -15139793975510509553682389713501894002535932010736086602937000678596751779587061035
151 343 -15139793975510509553682389713501894002535932010736086602937000678596751779587061035
343 175 3068409917709901320895976911521794491463879316375989737787100665820920228118834880
175 343 3068409917709901320895976911521794491463879316375989737787100665820920228118834880
343 199 89027264923772253559960821942860734351579569896607313957904414404212159620624650
199 343 89027264923772253559960821942860734351579569896607313957904414404212159620624650
343 223 -8383709658683778727611437026330874689857790702392764999633097639048023743420460
223 343 -8383709658683778727611437026330874689857790702392764999633097639048023743420460
343 247 -198651269998394433638551407837106162154386001137832216011023428564073700120385
247 343 -198651269998394433638551407837106162154386001137832216011023428564073700120385
343 271 -2544018193361664753095652380399285954892364251240256413363903880379830975167
271 343 -2544018193361664753095652380399285954892364251240256413363903880379830975167
343 295 -22337186751074585291760724380785349882406252604766892627018501898474174187
295 343 -22337186751074585291760724380785349882406252604766892627018501898474174187
343 319 3116310127641175208525708939818386445927264950949046936461727649568916
319 343 3116310127641175208525708939818386445927264950949046936461727649568916
343 343 -46708399882120605659753660103619198087193188541617012698065055775
342 6 28122911498512032044830401835132156871199686656
6 342 28122911498512032044830401835132156871199686656
342 30 -176330759152144194349508134362249287686588705429394901513304681107493979136
30 342 -176330759152144194349508134362249287686588705429394901513304681107493979136
342 54 34557036758729203973592402139288637607211444928157338434897222785030977675533908416
54 342 34557036758729203973592402139288637607211444928157338434897222785030977675533908416
342 78 485098903435935365113901094873390723636025529761274285086297495216466175373412488840
78 342 485098903435935365113901094873390723636025529761274285086297495216466175373412488840
342 102 1927604138332050461518861106021599348615136189517801630863252604287218616314687685304
102 342 1927604138332050461518861106021599348615136189517801630863252604287218616314687685304
342 126 -379119664205833926188683922491535231723155190479711949774083103126613155837355601288
126 342 -379119664205833926188683922491535231723155190479711949774083103126613155837355601288
342 150 95974008666444726753951467011353804956165203182488706278927274036383162917884808186
150 342 95974008666444726753951467011353804956165203182488706278927274036383162917884808186
342 174 -12642707251743999035177494382173882112284006695352725898662323145107301591591357257
174 342 -12642707251743999035177494382173882112284006695352725898662323145107301591591357257
342 198 -379597830116139903753844273577813331833138865279772986845208983459538814431710204
198 342 -379597830116139903753844273577813331833138865279772986845208983459538814431710204
342 222 22908643957043071749494924153662879349642339108371970103883670880779226726926888
222 342 22908643957043071749494924153662879349642339108371970103883670880779226726926888
342 246 890424420310646381272954327903226177737344522821801830404841321397371422190510
246 342 890424420310646381272954327903226177737344522821801830404841321397371422190510
342 270 12556846532923297124891884887348020238776138986143284515954498237274890077740
270 342 12556846532923297124891884887348020238776138986143284515954498237274890077740
342 294 108591955050716861320053413378033860365549150291659480327103090943072832428
294 342 108591955050716861320053413378033860365549150291659480327103090943072832428
342 318 -16797174403608015814318821798132634225250907340437500285282363147740711
318 342 -16797174403608015814318821798132634225250907340437500285282363147740711
342 342 346909077725584472419147576806412191459446527259200910641552748231
341 5 -21004687560386887889887636365590919474839552
5 341 -21004687560386887889887636365590919474839552
341 29 180151885774216540263824635401635884289213277144140236344672124397126097408
29 341 180151885774216540263824635401635884289213277144140236344672124397126097408
341 53 -68964394172559830145489392992550240239506841526865745587485889943169483068571484256
53 341 -68964394172559830145489392992550240239506841526865745587485889943169483068571484256
341 77 -1549530820222504320564178473063983643269576526834451563220664121424092131687340601708
77 341 -1549530820222504320564178473063983643269576526834451563220664121424092131687340601708
341 101 -7872477780695874992757139548388064080820754307230328096607004905682956488429870125428
101 341 -7872477780695874992757139548388064080820754307230328096607004905682956488429870125428
341 125 1627822247235348977716350796415568132196734684137921976398144579873953613866168520182
125 341 1627822247235348977716350796415568132196734684137921976398144579873953613866168520182
341 149 -455230129676866530495185512263537550896776021459251712919285653632776388796259890407
149 341 -455230129676866530495185512263537550896776021459251712919285653632776388796259890407
341 173 44127730788291575478745684408480126267341494124846448941913206970427200137371986528
173 341 44127730788291575478745684408480126267341494124846448941913206970427200137371986528
341 197 1622614703727996499042250278686179479012822652164777636412376554055826364252996930
197 341 1622614703727996499042250278686179479012822652164777636412376554055826364252996930
341 221 -49779583568112590452825859927587616407413182641617552291687382274114023783101334
221 341 -49779583568112590452825859927587616407413182641617552291687382274114023783101334
341 245 -3703076925235763199379818536007033661890161598032105197797052449516795955129785
245 341 -3703076925235763199379818536007033661890161598032105197797052449516795955129785
341 269 -58654535744939895191584819544907250932117136876997469563145036613647152386714
269 341 -58654535744939895191584819544907250932117136876997469563145036613647152386714
341 293 -509152747541336951745466021471008502993200618919891651287006237812607656228
293 341 -509152747541336951745466021471008502993200618919891651287006237812607656228
341 317 85574057756852139984826601915196326022752471476502069313541232033248578
317 341 85574057756852139984826601915196326022752471476502069313541232033248578
341 341 -2464387980174258498694338763135354330078198066463281617054988984821
340 4 4041338143369131370631178627156273004544
4 340 4041338143369131370631178627156273004544
340 28 -135557692803339305206074657969905955638922989059573177200847628484264359424
28 340 -135557692803339305206074657969905955638922989059573177200847628484264359424
340 52 129120988120327309315814292492146799816355012988618678300259518429262545774453648288
52 340 129120988120327309315814292492146799816355012988618678300259518429262545774453648288
340 76 4635459901832562547753282681283987781604037151277966060080368853448179221382112496412
76 340 4635459901832562547753282681283987781604037151277966060080368853448179221382112496412
340 100 30741407389817677617601261564128247159386658099845467614473729021305753872990856845060
100 340 30741407389817677617601261564128247159386658099845467614473729021305753872990856845060
340 124 -6828646729522335479420786459477159503092728108558894533598562631908219108373824346502
124 340 -6828646729522335479420786459477159503092728108558894533598562631908219108373824346502
340 148 1815994208671393971503899466159206934901774623786915371858135663071683720358850233751
148 340 1815994208671393971503899466159206934901774623786915371858135663071683720358850233751
340 172 -123905220990895679604382381706954306199575553425546621097249633950512086568334464584
172 340 -123905220990895679604382381706954306199575553425546621097249633950512086568334464584
340 196 -7074809492386846784058999474745816513821931751527314438920272271878882106081753966
196 340 -7074809492386846784058999474745816513821931751527314438920272271878882106081753966
340 220 58608903766623385258315625215899732430157157492913412832086151293463347389158414
220 340 58608903766623385258315625215899732430157157492913412832086151293463347389158414
340 244 14330108703187194566508315332170031494112731135747143895713670225113208512799059
244 340 14330108703187194566508315332170031494112731135747143895713670225113208512799059
340 268 260333754748502098458792842962475835108512111014226645760287840018447237066033
268 340 260333754748502098458792842962475835108512111014226645760287840018447237066033
340 292 2305197568091226665818403491555241996150867403558468601977326756616647680040
292 340 2305197568091226665818403491555241996150867403558468601977326756616647680040
340 316 -411433283913795388313024060972607279342954183616725944871635230391210684
316 340 -411433283913795388313024060972607279342954183616725944871635230391210684
340 340 16762922319099364491037213254117600906865323853960880847981036605565
339 3 -121904161356147902692253461775384576
3 339 -121904161356147902692253461775384576
339 27 79666793381463345035096846215359477880864199384306912105893567811597246464
27 339 79666793381463345035096846215359477880864199384306912105893567811597246464
339 51 -226970764120775909718828209519263209021890902991902261816623440239542581899111059968
51 339 -226970764120775909718828209519263209021890902991902261816623440239542581899111059968
339 75 -12999358230397261157754700530536022941561470330396573305256249096445954211962960452640
75 339 -12999358230397261157754700530536022941561470330396573305256249096445954211962960452640
339 99 -114847458100945728102359962299968924828073546919175903757788775450002963176675285978704
99 339 -114847458100945728102359962299968924828073546919175903757788775450002963176675285978704
339 123 27843733282969196360924417856439217659859342318638109591459715299248776145452885913260
123 339 27843733282969196360924417856439217659859342318638109591459715299248776145452885913260
339 147 -6329589982084783952403398909003828213073412630608577139792418658525866696548757445040
147 339 -6329589982084783952403398909003828213073412630608577139792418658525866696548757445040
339 171 229252695254783491289194894177614373361259177224688725676016808260921617910231146587
171 339 229252695254783491289194894177614373361259177224688725676016808260921617910231146587
339 195 30559837984780171054550990580610924183793506345151467067004594044856022740707987708
195 339 30559837984780171054550990580610924183793506345151467067004594044856022740707987708
339 219 172717821297745153051728211681821969018839771939188587076051002200575580234271232
219 339 172717821297745153051728211681821969018839771939188587076051002200575580234271232
339 243 -51668207428006532204470131772281876108563571678829325952520761542037714571361034
243 339 -51668207428006532204470131772281876108563571678829325952520761542037714571361034
339 267 -1101157832778782815300045795997792713371325931096449327834448946071150043585214
267 339 -1101157832778782815300045795997792713371325931096449327834448946071150043585214
339 291 -10090181018870573253957139286277408964519971817142262479907022111638724200600
291 339 -10090181018870573253957139286277408964519971817142262479907022111638724200600
339 315 1861301295993246533288430022221155530836358817514651346915200171329726389
315 339 1861301295993246533288430022221155530836358817514651346915200171329726389
339 339 -109290921970572981590560854286776628877372793136310329082218063273837
338 2 232359365115422126039581589504
2 338 232359365115422126039581589504
338 26 -36919327688634022460913530700839549661829753401431404179397671642451309568
26 338 -36919327688634022460913530700839549661829753401431404179397671642451309568
338 50 374788550511568420371987420758489118487100994871002316149206844470948563350521349824
50 338 374788550511568420371987420758489118487100994871002316149206844470948563350521349824
338 74 34248893293000737739237447297268526372251344950033457363074768055290092111749499294984
74 338 34248893293000737739237447297268526372251344950033457363074768055290092111749499294984
338 98 410591439516137940966574075741086772495951536847840330076890798073582844959942437855672
98 338 410591439516137940966574075741086772495951536847840330076890798073582844959942437855672
338 122 -109221892168346681108953103840237720238757291860675253434487788424869218244035070968564
122 338 -109221892168346681108953103840237720238757291860675253434487788424869218244035070968564
338 146 19427276188478241977960765881343687514663937503611930113259604005065106735303926993054
146 338 19427276188478241977960765881343687514663937503611930113259604005065106735303926993054
338 170 126028247400783559483005881992916990112766626631333208373660458075084659415447090997
170 338 126028247400783559483005881992916990112766626631333208373660458075084659415447090997
338 194 -125562225538144667099031998849583648157338983138217928290786649790155390353112804992
194 338 -125562225538144667099031998849583648157338983138217928290786649790155390353112804992
338 218 -1699537418948770961230123184065661610346636126435677978001178262283794565485018052
218 338 -1699537418948770961230123184065661610346636126435677978001178262283794565485018052
338 242 173463140814580804662021119449559462713445516892245842641910408229998322041380108
242 338 173463140814580804662021119449559462713445516892245842641910408229998322041380108
338 266 4448462658392238610621030652648549284075122974729406839143928278587402338298761
266 338 4448462658392238610621030652648549284075122974729406839143928278587402338298761
338 290 42749000209857011543577553750225001575154019561798589792715197099144257530023
290 338 42749000209857011543577553750225001575154019561798589792715197099144257530023
338 314 -7881063283676103401182216592849222670838312391160804566102398989758621549
314 338 -7881063283676103401182216592849222670838312391160804566102398989758621549
338 338 683649481995607023657958203087432724012251296215194269165954833748999
337 1 -1885863288068758306816
1 337 -1885863288068758306816
337 25 13216951029872472686210929362629541763480339257487373398492989377026521088
25 337 13216951029872472686210929362629541763480339257487373398492989377026521088
337 49 -581588127937958565725002418861739254925689919749758427970060375914674789721878295680
49 337 -581588127937958565725002418861739254925689919749758427970060375914674789721878295680
337 73 -85048443682899063627155137741574650068751496322943820479406718442119750737422697117808
73 337 -85048443682899063627155137741574650068751496322943820479406718442119750737422697117808
337 97 -1404962881006662945222171074095953057456660331163416573357125943455108006141504460505248
97 337 -1404962881006662945222171074095953057456660331163416573357125943455108006141504460505248
337 121 407569357412610078311586365877815015695840736206007768068014661356525922928655145289860
121 337 407569357412610078311586365877815015695840736206007768068014661356525922928655145289860
337 145 -51429006998814714146556485715479141200305676227135013620329356002635848484237979453964
145 337 -51429006998814714146556485715479141200305676227135013620329356002635848484237979453964
337 169 -3780644881572247547162268006252134804365360794041184670659748065146578814692677838970
169 337 -3780644881572247547162268006252134804365360794041184670659748065146578814692677838970
337 193 474703807740917041323469000396386291840829906791794696240549228976805627277992117244
193 337 474703807740917041323469000396386291840829906791794696240549228976805627277992117244
337 217 8833391091243026158245466641984207496204331103531320060601672047399616842588603424
217 337 8833391091243026158245466641984207496204331103531320060601672047399616842588603424
337 241 -540315467395056883539459937272935668164023865654086776063814303963743032004838566
241 337 -540315467395056883539459937272935668164023865654086776063814303963743032004838566
337 265 -17191456216723991928830561864284028885849137031515606075474674751101112953094127
265 337 -17191456216723991928830561864284028885849137031515606075474674751101112953094127
337 289 -175497258150666322285310450214007660580977556569291210477529324921892312571812
289 337 -175497258150666322285310450214007660580977556569291210477529324921892312571812
337 313 30936535927779880279801074150421102815949129527432072150607004902922783455
313 337 30936535927779880279801074150421102815949129527432072150607004902922783455
337 337 -4106737603049858606097038397382723464047407509256050491511634723382725
336 24 -3373968107329993554600801234468644389672737209373191500937850498517958656
24 336 -3373968107329993554600801234468644389672737209373191500937850498517958656
336 48 848315876332116334952551399942858302997463329464037347980542619237650953987806539896
48 336 848315876332116334952551399942858302997463329464037347980542619237650953987806539896
336 72 199866287863305188659950651918840730501372599626432505515105222652037797663289018732576
72 336 199866287863305188659950651918840730501372599626432505515105222652037797663289018732576
336 96 4602607414401972304322920495803589026379251708080082752123278030432664674516587481492368
96 336 4602607414401972304322920495803589026379251708080082752123278030432664674516587481492368
336 120 -1431611259431760746802741215955373838746546486902448694677903181936010330523069937101448
120 336 -1431611259431760746802741215955373838746546486902448694677903181936010330523069937101448
336 144 107594761842174660074909857189585150158038540858062727353867786972286915138681045234078
144 336 107594761842174660074909857189585150158038540858062727353867786972286915138681045234078
336 168 22950352367113616850602421056259057286094948759420088251064861732973155687927553996046
168 336 22950352367113616850602421056259057286094948759420088251064861732973155687927553996046
336 192 -1606116176219977038539736556518861247114891249033821463699954558844061633975859776704
192 336 -1606116176219977038539736556518861247114891249033821463699954558844061633975859776704
336 216 -38003686885333923665816904123550732545379684766659381931400938515867352637905473780
216 336 -38003686885333923665816904123550732545379684766659381931400938515867352637905473780
336 240 1547482697324292992727841850380878103956363966929989380554666124106248382876531052
240 336 1547482697324292992727841850380878103956363966929989380554666124106248382876531052
336 264 63629504250810692165253170071191637528832963384585113930076552932134746301059847
264 336 63629504250810692165253170071191637528832963384585113930076552932134746301059847
336 288 698846300170928963161510895535244815710820855362845504474561957728801061296390
288 336 698846300170928963161510895535244815710820855362845504474561957728801061296390
336 312 -110566386529298411335663864829682392180725489192666685556637823531626993652
312 336 -110566386529298411335663864829682392180725489192666685556637823531626993652
336 336 23711225725464812234797089277445936633232112241207602717913549626239728
335 23 436965574758682823402854185931646721309272224811273800861134000713498624
23 335 436965574758682823402854185931646721309272224811273800861134000713498624
335 47 -1163176255875917131450004837723478509851379839499516855940120751829349579443756591360
47 335 -1163176255875917131450004837723478509851379839499516855940120751829349579443756591360
335 71 -446568498959990989094840075719427772399272330207231907491064010586344914351320792627359
71 335 -446568498959990989094840075719427772399272330207231907491064010586344914351320792627359
335 95 -14441703414768956321143237306306845649940995934025691764921653664862373377839912015902835
95 335 -14441703414768956321143237306306845649940995934025691764921653664862373377839912015902835
335 119 4684417199675205427340712487998652499659105996349263005025974154941100748332586380981407
119 335 4684417199675205427340712487998652499659105996349263005025974154941100748332586380981407
335 143 -108430133444176360361531065342340867784287775945239485208684324583566266485834493496338
143 335 -108430133444176360361531065342340867784287775945239485208684324583566266485834493496338
335 167 -101727581715392903749249401586566986825065555696550610294410114039556115821480447008277
167 335 -101727581715392903749249401586566986825065555696550610294410114039556115821480447008277
335 191 4688831715105586351697401224443360212020645618978214735553612296847598922516498850975
191 335 4688831715105586351697401224443360212020645618978214735553612296847598922516498850975
335 215 149392914498329337570891139847811139601428903546212173811668251770335457504805245853
215 335 149392914498329337570891139847811139601428903546212173811668251770335457504805245853
335 239 -3989855176236320657664599576789849899892651949326258194713777138432537065316224345
239 335 -3989855176236320657664599576789849899892651949326258194713777138432537065316224345
335 263 -225721947482595960171116412661200617192990520645603859260585271753086595659608549
263 335 -225721947482595960171116412661200617192990520645603859260585271753086595659608549
335 287 -2701926677845044763626236764546101332959775021114027254459979979680415266675106
287 335 -2701926677845044763626236764546101332959775021114027254459979979680415266675106
335 311 345977166117329224667838229556292455673569939978481879146681292630474996822
311 335 345977166117329224667838229556292455673569939978481879146681292630474996822
335 335 -131694448694227922120609427883632911031036804998765883362603067861444696
334 22 96485867659117692099122764770764525190939298020596938071972012382355456
22 334 96485867659117692099122764770764525190939298020596938071972012382355456
334 46 1499154202046273681487949683033956473948403979484009264596827377883794253402085399296
46 334 1499154202046273681487949683033956473948403979484009264596827377883794253402085399296
334 70 953356626292323911803355781754027479667971045007260704449264526601056712967784027911325
70 334 953356626292323911803355781754027479667971045007260704449264526601056712967784027911325
334 94 43429043107924408552625556664247650881992070696210969727568198574788214704493257223366033
94 334 43429043107924408552625556664247650881992070696210969727568198574788214704493257223366033
334 118 -14099989043067509255944973292914941107525697215165034868327854936789020406445449644768825
118 334 -14099989043067509255944973292914941107525697215165034868327854936789020406445449644768825
334 142 -502074978728695657961118432267164214540010320320602172431977733469414101858246182939536
142 334 -502074978728695657961118432267164214540010320320602172431977733469414101858246182939536
334 166 378988168466786953622109259807796665510383037765558141439411191636198962821748099508835
166 334 378988168466786953622109259807796665510383037765558141439411191636198962821748099508835
334 190 -10869899869620813772762637857741349010585234073492601845888653124875291216060613255333
190 334 -10869899869620813772762637857741349010585234073492601845888653124875291216060613255333
334 214 -555655401435301930648931681317981395512551199595790347510570561306992776642895083001
214 334 -555655401435301930648931681317981395512551199595790347510570561306992776642895083001
334 238 8764614037123493317051904400611394359510988291455742636643345957285266279125875532
238 334 8764614037123493317051904400611394359510988291455742636643345957285266279125875532
334 262 767732948679261609322264839002553963194390479978584941428309093353858145865694549
262 334 767732948679261609322264839002553963194390479978584941428309093353858145865694549
334 286 10151338162630558332166717042642910864111838538017380658286467531056378179316734
286 334 10151338162630558332166717042642910864111838538017380658286467531056378179316734
334 310 -849279945141160306134906063580755130226419468947523891723218711607695620585
310 334 -849279945141160306134906063580755130226419468947523891723218711607695620585
334 334 704184318307504058127838586681769721182766698594254270605678435771001859
333 21 -75395808741918183359671457024541211664145524959759311034059962299973632
21 333 -75395808741918183359671457024541211664145524959759311034059962299973632
333 45 -1815766112966207277750625676154105672175127223935218094532987521916340655192888479744
45 333 -1815766112966207277750625676154105672175127223935218094532987521916340655192888479744
333 69 -1953873875626836756297430675166856692769122852990261426551736573653334253481332167376144
69 333 -1953873875626836756297430675166856692769122852990261426551736573653334253481332167376144
333 93 -125266738268735962229504465648274286103534636819519457530240586552488234037636994646030597
93 333 -125266738268735962229504465648274286103534636819519457530240586552488234037636994646030597
333 117 38278283140593760197314188298019335134115497022575435468270201078399293355753817274094766
117 333 38278283140593760197314188298019335134115497022575435468270201078399293355753817274094766
333 141 4345841136364239809185594796528827148413741293513248346523827443861117687781405800280148
141 333 4345841136364239809185594796528827148413741293513248346523827443861117687781405800280148
333 165 -1239289327232895553139985046340741508109441481655483630089772292679753880146069224423414
165 333 -1239289327232895553139985046340741508109441481655483630089772292679753880146069224423414
333 189 13969397705282913584408826484901621646318351547686473379424582700164269230953431549553
189 333 13969397705282913584408826484901621646318351547686473379424582700164269230953431549553
333 213 1972712821498005580413717628615464051974948036513674379685586847176096611579579099825
213 333 1972712821498005580413717628615464051974948036513674379685586847176096611579579099825
333 237 -13425544752219271972023189138860214960850258609863904766958675859816157787894594429
237 333 -13425544752219271972023189138860214960850258609863904766958675859816157787894594429
333 261 -2503286522951400476336500802771389361573361803633966768478389729301763609259569812
261 333 -2503286522951400476336500802771389361573361803633966768478389729301763609259569812
333 285 -37091663237177042172627268241947480926643764348900617746641380709440071317683447
285 333 -37091663237177042172627268241947480926643764348900617746641380709440071317683447
333 309 852591414789662816811933696563214344171214055064427097263689221761024033141
309 333 852591414789662816811933696563214344171214055064427097263689221761024033141
333 333 -3627845386564019999363761208073897631221241161574994613142881462387906600
332 20 28429474931382030121217516354391873878586857607440798274969918463803392
20 332 28429474931382030121217516354391873878586857607440798274969918463803392
332 44 2065935809925236949053028679874348797061680207817898852804152294868200732391258372608
44 332 2065935809925236949053028679874348797061680207817898852804152294868200732391258372608
332 68 3859379617615911162128650111733331542827138811428721462756782908796408800053403967125622
68 332 3859379617615911162128650111733331542827138811428721462756782908796408800053403967125622
332 92 346890919164017568431357192090205219573768501172475149006517928479647245976342627515129246
92 332 346890919164017568431357192090205219573768501172475149006517928479647245976342627515129246
332 116 -90091082394389352839978390542583676267553618561078199263756160774222637371589040207470062
116 332 -90091082394389352839978390542583676267553618561078199263756160774222637371589040207470062
332 140 -21800847318817423330619756109224361261613041195207208673687205918015414809386916276192494
140 332 -21800847318817423330619756109224361261613041195207208673687205918015414809386916276192494
332 164 3599058191203001987833953674397994084014319661593105430890207168829692221841456914379178
164 332 3599058191203001987833953674397994084014319661593105430890207168829692221841456914379178
332 188 36197415208350321698927545582775531214197858280578192787478377074922402827549097334349
188 332 36197415208350321698927545582775531214197858280578192787478377074922402827549097334349
332 212 -6649129708615020464471438999526429179500281470621240059474340531513879463363318745538
212 332 -6649129708615020464471438999526429179500281470621240059474340531513879463363318745538
332 236 -6039094066306831498075696419553011336954826819915464483422537344367896973509182947
236 332 -6039094066306831498075696419553011336954826819915464483422537344367896973509182947
332 260 7818439797629230687277227805440003978394983656727019017903504624249782373809440125
260 332 7818439797629230687277227805440003978394983656727019017903504624249782373809440125
332 284 131903128560530792135705977648379107068634780313609159573472763472251784225475062
284 332 131903128560530792135705977648379107068634780313609159573472763472251784225475062
332 308 7376206265700727777318834920047102111840314647928377961523451117457506904740
308 332 7376206265700727777318834920047102111840314647928377961523451117457506904740
332 332 18021254862552108383022280874886857431525654447523279337917862441838026675
331 19 -5185314510151318380390600676886733872167699610417915801889281154744320
19 331 -5185314510151318380390600676886733872167699610417915801889281154744320
331 43 -2206860613521914564655660575761607687664218928859703858799548478181423458194287496192
43 331 -2206860613521914564655660575761607687664218928859703858799548478181423458194287496192
331 67 -7365894468148458714735852354794096492112654819555503679756807571134075058953988873498676
67 331 -7365894468148458714735852354794096492112654819555503679756807571134075058953988873498676
331 91 -923221755256847600371810260469767509562975993616497224168339225283473618669372499341188029
91 331 -923221755256847600371810260469767509562975993616497224168339225283473618669372499341188029
331 115 165026657219166360432352107745633884485579934122258279716800306451198804468119839023520500
115 331 165026657219166360432352107745633884485579934122258279716800306451198804468119839023520500
331 139 89327129535949799706170506564931583146265571879814528640070415557673590001929958495200458
139 331 89327129535949799706170506564931583146265571879814528640070415557673590001929958495200458
331 163 -9178688694554547673441045739021533838967058128816124063875964295365303843483753954870512
163 331 -9178688694554547673441045739021533838967058128816124063875964295365303843483753954870512
331 187 -375397142429962255094533571647479294478138921381572307005776066586219367392368433817000
187 331 -375397142429962255094533571647479294478138921381572307005776066586219367392368433817000
331 211 20984909330686932037497937315175805810094926333122029836049167819772036765904820770228
211 331 20984909330686932037497937315175805810094926333122029836049167819772036765904820770228
331 235 173274955236008481645156510330337010072777184282783935674890281480960041137424914114
235 331 173274955236008481645156510330337010072777184282783935674890281480960041137424914114
331 259 -23345567113385189959815392369864143060412864603359998544639911226025435069460342905
259 331 -23345567113385189959815392369864143060412864603359998544639911226025435069460342905
331 283 -456847672076003993256295579227312269328224018758234327508231328835813140705961313
283 331 -456847672076003993256295579227312269328224018758234327508231328835813140705961313
331 307 -70727404326641070663406309351728523325055878483518006107864203179606083466040
307 331 -70727404326641070663406309351728523325055878483518006107864203179606083466040
331 331 -86381512110100350518676413241662258932707706738680253680755528332743294963
330 18 1857368829996322641508087982585177348935325761301144236341295268757504
18 330 1857368829996322641508087982585177348935325761301144236341295268757504
330 42 2211650352558669054309913736914472806861532475402069659833422258241982571234170138624
42 330 2211650352558669054309913736914472806861532475402069659833422258241982571234170138624
330 66 13594974415642653718450155161044943956085969477294773079996270091899265695592605060933136
66 330 13594974415642653718450155161044943956085969477294773079996270091899265695592605060933136
330 90 2364065435133981862787184880977192568227311948227019448588865788259283637320497934525518374
90 330 2364065435133981862787184880977192568227311948227019448588865788259283637320497934525518374
330 114 -126843873714301933846823127038734099165734288588416470471194799449656511798011005735809128
114 330 -126843873714301933846823127038734099165734288588416470471194799449656511798011005735809128
330 138 -322537289197392842098799658858375333390107102679085014174281672907821443240604632660176316
138 330 -322537289197392842098799658858375333390107102679085014174281672907821443240604632660176316
330 162 19512094393082492614991497978646924465432164333042761307084687900765425077361459454111235
162 330 19512094393082492614991497978646924465432164333042761307084687900765425077361459454111235
330 186 1887749451921291019757321454435377162107796170972340326947263001254318120814889367496378
186 330 1887749451921291019757321454435377162107796170972340326947263001254318120814889367496378
330 210 -60700782676657889624190072102235772379351946553245439721958145126546426277558994443950
210 330 -60700782676657889624190072102235772379351946553245439721958145126546426277558994443950
330 234 -1011441071422940126763234803758272116582296047611699488059789870793208354909724714580
234 330 -1011441071422940126763234803758272116582296047611699488059789870793208354909724714580
330 258 66388674544658655481659131819530329058105540000964793004970433601576694262853888085
258 330 66388674544658655481659131819530329058105540000964793004970433601576694262853888085
330 282 1542196061412937788244273793337795866290375608037489154944161991528006855995990716
282 330 1542196061412937788244273793337795866290375608037489154944161991528006855995990716
330 306 424431182674911505788332281010977851166151287889335816745786362126584362511467
306 330 424431182674911505788332281010977851166151287889335816745786362126584362511467
330 330 399834723599655979551449463992136599069006119319460817596378648602909928472
329 17 314572994699685920407355426733152752554136952360118938766751844794368
17 329 314572994699685920407355426733152752554136952360118938766751844794368
329 41 -2077525230098804509184606731397758899991508008075741769438222049897713991567867467776
41 329 -2077525230098804509184606731397758899991508008075741769438222049897713991567867467776
329 65 -24243708521224730572107655871845466309637486361479171345775264386955253331239230944449608
65 329 -24243708521224730572107655871845466309637486361479171345775264386955253331239230944449608
329 89 -5831116812153741492181487485257974692679070987528093589657399074938898533114915174318718345
89 329 -5831116812153741492181487485257974692679070987528093589657399074938898533114915174318718345
329 113 -728149432702772291265243789191921187510811322520058637931780374638281018928585183724710930
113 329 -728149432702772291265243789191921187510811322520058637931780374638281018928585183724710930
329 137 1052040572372883933847467279653603376949708200674938975898031909956488482507763115618199432
137 329 1052040572372883933847467279653603376949708200674938975898031909956488482507763115618199432
329 161 -27973746757284247161337538265800489941829128448272632940556502500152602277847598749619320
161 329 -27973746757284247161337538265800489941829128448272632940556502500152602277847598749619320
329 185 -7424857270924516113047545454894983848801187096349872554163001217573602806324495117252357
185 329 -7424857270924516113047545454894983848801187096349872554163001217573602806324495117252357
329 209 155210258850392987297518532625095695361170381954791797823615374276319399502098860276873
209 329 155210258850392987297518532625095695361170381954791797823615374276319399502098860276873
329 233 4510276819635117347395768058394438714149513786870585191512254055412700462295236056535
233 329 4510276819635117347395768058394438714149513786870585191512254055412700462295236056535
329 257 -178470003898431224230399485674862954254329445920086148605439711693874344263716022496
257 329 -178470003898431224230399485674862954254329445920086148605439711693874344263716022496
329 281 -5077946910502324715005100517608979381673732868293346351350378617665900632420835025
281 329 -5077946910502324715005100517608979381673732868293346351350378617665900632420835025
329 305 -2124273295550700473786365626407010357172155558581112386663065852808081659821024
305 329 -2124273295550700473786365626407010357172155558581112386663065852808081659821024
329 329 -1788507803207022542632105804620672699276159306662876228183298261343793610682
328 16 270698234532510646981338438511245325331177356945106226721843042058240
16 328 270698234532510646981338438511245325331177356945106226721843042058240
328 40 1827218284941932138946734350172838016910606177657578345992209506352365328375808174080
40 328 1827218284941932138946734350172838016910606177657578345992209506352365328375808174080
328 64 41682374342327194835153258197308348257667252833933753192007782201659064303224248317458168
64 328 41682374342327194835153258197308348257667252833933753192007782201659064303224248317458168
328 88 13870093814398188547183157124120067182424836398928248155170950330154788359875230621424963913
88 328 13870093814398188547183157124120067182424836398928248155170950330154788359875230621424963913
328 112 5071236283098361705159196305094339040137946138814908348677951767188885998300498813939170770
112 328 5071236283098361705159196305094339040137946138814908348677951767188885998300498813939170770
328 136 -3116412803124825406519934995046596008916805164879378467118438222590215864509688304165776018
136 328 -3116412803124825406519934995046596008916805164879378467118438222590215864509688304165776018
328 160 -16477520754888724884280711361648719398580824980269746511587816496620012203669095953722718
160 328 -16477520754888724884280711361648719398580824980269746511587816496620012203669095953722718
328 184 25088852167185282250686230333248115454845655898362627448143912976488080780302823795465768
184 328 25088852167185282250686230333248115454845655898362627448143912976488080780302823795465768
328 208 -323047506907103197680804655410619633023213391376863325984363670408008212541633958373905
208 328 -323047506907103197680804655410619633023213391376863325984363670408008212541633958373905
328 232 -17682386105070102075683233836716125157264865608792234922617528993183670186974942818806
232 328 -17682386105070102075683233836716125157264865608792234922617528993183670186974942818806
328 256 446929243832465551340925636323102327832770686249230617665787536264720166562227400523
256 328 446929243832465551340925636323102327832770686249230617665787536264720166562227400523
328 280 16321754384446827227413510492396701953149683203152883952257371700482564125896766928
280 328 16321754384446827227413510492396701953149683203152883952257371700482564125896766928
328 304 9549438157048532020093699441025485347501213484905774045677555221149707490154314
304 328 9549438157048532020093699441025485347501213484905774045677555221149707490154314
328 328 7737211350581371590336273039049367344368463602932844918415815899339518458827
327 15 126118282894590259637556717465963593543417600768734067811780541808640
15 327 126118282894590259637556717465963593543417600768734067811780541808640
327 39 -1502778115646568169192385907652179997420667238033330326271344685771446842890531536896
39 327 -1502778115646568169192385907652179997420667238033330326271344685771446842890531536896
327 63 -68899767782150196812284123125375926159478125984976142485495718673563158498353489215746688
63 327 -68899767782150196812284123125375926159478125984976142485495718673563158498353489215746688
327 87 -31850932445697214544913760336998421553902834390734935737219896766694093216447748590690181544
87 327 -31850932445697214544913760336998421553902834390734935737219896766694093216447748590690181544
327 111 -21524150701840566126967849436817889084052318199740679398821354863191321245607414715526852532
111 327 -21524150701840566126967849436817889084052318199740679398821354863191321245607414715526852532
327 135 8317165380966085509373311733934923049052750545779088047147535089942359644498669583590481236
135 327 8317165380966085509373311733934923049052750545779088047147535089942359644498669583590481236
327 159 343575095955645657544651576144413252276595307500514011233076731559484035652170324123163403
159 327 343575095955645657544651576144413252276595307500514011233076731559484035652170324123163403
327 183 -75165008535062713327731110760334457695561556953264799303663821335008949010233103242868450
183 327 -75165008535062713327731110760334457695561556953264799303663821335008949010233103242868450
327 207 391085779173113741364163275586673930279071686506480391374630618151215792511821590608020
207 327 391085779173113741364163275586673930279071686506480391374630618151215792511821590608020
327 231 63687826799147056458170912447565532672936549682332961083934377863144628206463915425634
231 327 63687826799147056458170912447565532672936549682332961083934377863144628206463915425634
327 255 -1010020436111758572694188606358726709775294169481612761045748140842920203180449836880
255 327 -1010020436111758572694188606358726709775294169481612761045748140842920203180449836880
327 279 -51256161975361679260945266692884819891591103287239815217132917036929389101038600296
279 327 -51256161975361679260945266692884819891591103287239815217132917036929389101038600296
327 303 -39774224821698295648777158226223394500317664137727217054603055124277617389981505
303 327 -39774224821698295648777158226223394500317664137727217054603055124277617389981505
327 327 -32396926464795988276493358833782218054637942840280461065559197000280602460886
326 14 54487788555344033373570435659042007460168725435520301839294924849152
14 326 54487788555344033373570435659042007460168725435520301839294924849152
326 38 1154046467239778430498653994520102055945615171045214659192483760283040201920358985728
38 326 1154046467239778430498653994520102055945615171045214659192483760283040201920358985728
326 62 109185821255130521158703468462953569130027655330033952496327027981669337438854887800232080
62 326 109185821255130521158703468462953569130027655330033952496327027981669337438854887800232080
326 86 70685229096863519677779448962907080590549663042407314381834728650797826658260807556798861726
86 326 70685229096863519677779448962907080590549663042407314381834728650797826658260807556798861726
326 110 74886008742578481124644238561491685112121367920514104350142805935944385169992051768718781180
110 326 74886008742578481124644238561491685112121367920514104350142805935944385169992051768718781180
326 134 -19477557510300994320469070128684816963128144387755294385017555230734891951061242208820308836
134 326 -19477557510300994320469070128684816963128144387755294385017555230734891951061242208820308836
326 158 -1798671981017961963839657795323773532528831714682609869813537110211586965203787682225248743
158 326 -1798671981017961963839657795323773532528831714682609869813537110211586965203787682225248743
326 182 201277982110681283638921930230341611844892339535697802863278352199525806910093835791984977
182 326 201277982110681283638921930230341611844892339535697802863278352199525806910093835791984977
326 206 798440406355670226431372497494866718106784749218865640397978014487565610483319622820940
206 326 798440406355670226431372497494866718106784749218865640397978014487565610483319622820940
326 230 -214422837713578248143289225373403050163702646747653779859993092131702084178332583998284
230 326 -214422837713578248143289225373403050163702646747653779859993092131702084178332583998284
326 254 1894314554723484282005349171114756677150340731827541188637417551878401917246075061972
254 326 1894314554723484282005349171114756677150340731827541188637417551878401917246075061972
326 278 157400946425811943231453708155198178397263539383600197782676732680053288780253533421
278 326 157400946425811943231453708155198178397263539383600197782676732680053288780253533421
326 302 156035411065353976101184103885897514438691302108471317987910810362646057029101158
302 326 156035411065353976101184103885897514438691302108471317987910810362646057029101158
326 326 131402897329576061414734571541430202977890889179712902526686921654831461810390
325 13 19392176231060072304546810547513037518513935506560069798947920543744
13 325 19392176231060072304546810547513037518513935506560069798947920543744
325 37 -826138339506018261009815792887666549452572209633311445668156876686123234891736293376
37 325 -826138339506018261009815792887666549452572209633311445668156876686123234891736293376
325 61 -165493983619123934369006632756259847736890047782966280552707071276911190393618784153088096
61 325 -165493983619123934369006632756259847736890047782966280552707071276911190393618784153088096
325 85 -151741438271267027921417250974451956117548641765720958723603578999796083743476269905238110276
85 325 -151741438271267027921417250974451956117548641765720958723603578999796083743476269905238110276
325 109 -230001271709519143582039798504725462045661594955434045357422646649835421300809186147416525252
109 325 -230001271709519143582039798504725462045661594955434045357422646649835421300809186147416525252
325 133 37207880786509045510075121152461207936301111182959858606863098703733480372447671276986561442
133 325 37207880786509045510075121152461207936301111182959858606863098703733480372447671276986561442
325 157 7116606256757756675262373374567844619423455906988235537723623632971819229932898483461767806
157 325 7116606256757756675262373374567844619423455906988235537723623632971819229932898483461767806
325 181 -477014295996861270079595532244985930959511255952909211743352859500970683668957031674368222
181 325 -477014295996861270079595532244985930959511255952909211743352859500970683668957031674368222
325 205 -8203380051217164607949243077238317083298827169962117957914398952101707220967248593423446
205 325 -8203380051217164607949243077238317083298827169962117957914398952101707220967248593423446
325 229 679440951329785484115803813153786285653955648207310397012648371476671828867175874572251
229 325 679440951329785484115803813153786285653955648207310397012648371476671828867175874572251
325 253 -2023695206604112707178352169081577682338039525342725371639273779441656038310174107885
253 325 -2023695206604112707178352169081577682338039525342725371639273779441656038310174107885
325 277 -473068219316685177460049177915178195155338068224310926670237852310098597627102407098
277 325 -473068219316685177460049177915178195155338068224310926670237852310098597627102407098
325 301 -582412148429831918202932495701854267605372696207439350081864584355334463966991332
301 325 -582412148429831918202932495701854267605372696207439350081864584355334463966991332
325 325 -516727107553737736111465173823018036096284939027833419606800221123037786985819
324 12 5078754917965329808425448072172428281920653225015023074878320279552
12 324 5078754917965329808425448072172428281920653225015023074878320279552
324 36 550258737628358188709989862903893117882109522405899891783775213468690825174511452160
36 324 550258737628358188709989862903893117882109522405899891783775213468690825174511452160
324 60 239555755506101709964092971752075895781491798714955921919461555138229526229785621373622176
60 324 239555755506101709964092971752075895781491798714955921919461555138229526229785621373622176
324 84 315355580866623642831309885844858829245897334240444994728190900083233430407213731465419088776
84 324 315355580866623642831309885844858829245897334240444994728190900083233430407213731465419088776
324 108 642312164835441707895824153616117624988322835661303671052174052803914298302909380622005856616
108 324 642312164835441707895824153616117624988322835661303671052174052803914298302909380622005856616
324 132 -42861725367110690381845016864145186596083949122162957983746107066782992915196272825637042892
132 324 -42861725367110690381845016864145186596083949122162957983746107066782992915196272825637042892
324 156 -24230082111067795256714232488145067840017245421960778335832924944336289589954830426563398834
156 324 -24230082111067795256714232488145067840017245421960778335832924944336289589954830426563398834
324 180 961259041987070714440938812325808360491714613833270577512843626919258836087186263846118030
180 324 961259041987070714440938812325808360491714613833270577512843626919258836087186263846118030
324 204 39307418949858871929069035840050553212165791766476805476822676385579996476691229478014908
204 324 39307418949858871929069035840050553212165791766476805476822676385579996476691229478014908
324 228 -2029848171154762676735462234671440283163037898228259067120742033259194103806105577297698
228 324 -2029848171154762676735462234671440283163037898228259067120742033259194103806105577297698
324 252 -5093471514391187537721216565520459491369405183628895289848860489641560126905897594775
252 324 -5093471514391187537721216565520459491369405183628895289848860489641560126905897594775
324 276 1392621887685454333837978358299682964285575738378145063528445022379996975641230572210
276 324 1392621887685454333837978358299682964285575738378145063528445022379996975641230572210
324 300 2082709608922769552423073198529059141866335365096151617342171254992406112009300068
300 324 2082709608922769552423073198529059141866335365096151617342171254992406112009300068
324 324 1971818180658036955156279006376008790020940288672171495427749472821659709605940
323 11 756423838166070590871357714982984306084029339837794706025237970944
11 323 756423838166070590871357714982984306084029339837794706025237970944
323 35 -340288489392534279507112840116353118069710661642440931834505403572714872068734124032
35 323 -340288489392534279507112840116353118069710661642440931834505403572714872068734124032
323 59 -330987967238247868738013265512519695473780095565932561105414142553822380787237568306176192
59 323 -330987967238247868738013265512519695473780095565932561105414142553822380787237568306176192
323 83 -634905505845435269302959811882935985241254748588194716255437299190383101317532746460476361094
83 323 -634905505845435269302959811882935985241254748588194716255437299190383101317532746460476361094
323 107 -1653974665425137140840156566124421444174559257227356655387936586317769809214046864725767395362
107 323 -1653974665425137140840156566124421444174559257227356655387936586317769809214046864725767395362
323 131 -63997776554619679912642005947881687343498794817294021522262056143975300444592243569556683856
131 323 -63997776554619679912642005947881687343498794817294021522262056143975300444592243569556683856
323 155 73673111324846167032403477781702803332035518277902718191983481204148330128937793185950982876
155 323 73673111324846167032403477781702803332035518277902718191983481204148330128937793185950982876
323 179 -1432393091346866896374574118493684648275347450011559827667442613966638455851905844900816437
179 323 -1432393091346866896374574118493684648275347450011559827667442613966638455851905844900816437
323 203 -148442530885261314875761068852692528922021885842503402001627512564563202191112688535027671
203 323 -148442530885261314875761068852692528922021885842503402001627512564563202191112688535027671
323 227 5709804771037481663517173230647543890259492603671364128595858461043726273884681304535646
227 323 5709804771037481663517173230647543890259492603671364128595858461043726273884681304535646
323 251 47599671710827381964408657363164456517085037352370730293927375048657534110963650957200
251 323 47599671710827381964408657363164456517085037352370730293927375048657534110963650957200
323 275 -4017975731857341505485222922984043944632667191512955181631734762895333967041403733236
275 323 -4017975731857341505485222922984043944632667191512955181631734762895333967041403733236
323 299 -7172181082228330406318579088070696344451184057435630454625444507721817067552010609
299 323 -7172181082228330406318579088070696344451184057435630454625444507721817067552010609
323 323 -7308689673557103682989197403080960032218825957047485394356542780662347407837109
322 10 53202234902066313132473589377002783803415959604227336144200663040
10 322 53202234902066313132473589377002783803415959604227336144200663040
322 34 194923004779287187529298685961442737256673300697294186249460184574193455954069094400
34 322 194923004779287187529298685961442737256673300697294186249460184574193455954069094400
322 58 436743285020522084634813873851814276520110621320135809985308111926677349755419551200928320
58 322 436743285020522084634813873851814276520110621320135809985308111926677349755419551200928320
322 82 1238961477866945805375936180174452297436186674243528281147311295128898510501284124437728337266
82 322 1238961477866945805375936180174452297436186674243528281147311295128898510501284124437728337266
322 106 3953425311149241852623273448216250658936132928268820473295870236095859488316898395061578590062
106 322 3953425311149241852623273448216250658936132928268820473295870236095859488316898395061578590062
322 130 656706881110070204136611513963832933636583715154033948855946677492400464212446361725044863600
130 322 656706881110070204136611513963832933636583715154033948855946677492400464212446361725044863600
322 154 -201442719801370167956354732408758906758862932673894049687743388315102140426842008623186315640
154 322 -201442719801370167956354732408758906758862932673894049687743388315102140426842008623186315640
322 178 382946987643624864581241997555633203481431731151152895623328728973425213116806495782201352
178 322 382946987643624864581241997555633203481431731151152895623328728973425213116806495782201352
322 202 488612997718537961728575256636810629783293206301181750910540896366937309030253039206739345
202 322 488612997718537961728575256636810629783293206301181750910540896366937309030253039206739345
322 226 -15059806702060144808891155112491780987925832283201101649206057261676228789418802416467746
226 322 -15059806702060144808891155112491780987925832283201101649206057261676228789418802416467746
322 250 -231221604726776174171291966740256261921549631984221318092119808279601235007553212872342
250 322 -231221604726776174171291966740256261921549631984221318092119808279601235007553212872342
322 274 11366386694661629628279097076984184226783075053431050104439260750224418971644326112707
274 322 11366386694661629628279097076984184226783075053431050104439260750224418971644326112707
322 298 23881376290401023110068038472225822406033191749595988989648984902002899293003191907
298 322 23881376290401023110068038472225822406033191749595988989648984902002899293003191907
322 322 26340400825273944518031995901381911719930150202655399874017183248027032226536356
321 9 1594886350421959783403220220315761593166008963867383640765759488
9 321 1594886350421959783403220220315761593166008963867383640765759488
321 33 -103148255584011280355395320232653554430704947696292885680670378058381180134011437056
33 321 -103148255584011280355395320232653554430704947696292885680670378058381180134011437056
321 57 -551198142257201574498272985003007409275825007879809139883965749388505267986827913725973504
57 321 -551198142257201574498272985003007409275825007879809139883965749388505267986827913725973504
321 81 -2344291825844805362272837522510986341403680686333438808820012821672545459690001111137645843424
81 321 -2344291825844805362272837522510986341403680686333438808820012821672545459690001111137645843424
321 105 -8790301919270626369235606859515408194959854292229295932337938188657724480528167700524427251480
105 321 -8790301919270626369235606859515408194959854292229295932337938188657724480528167700524427251480
321 129 -2893160920432443451545317251140408000355092249190476930041042235066526811188915951946109964318
129 321 -2893160920432443451545317251140408000355092249190476930041042235066526811188915951946109964318
321 153 488524891584538052242049989877737969157414516320946795992302057839610988158092508622724751594
153 321 488524891584538052242049989877737969157414516320946795992302057839610988158092508622724751594
321 177 8126842265542569830722191468702592574566931891493776942516516203151981194008874933183559368
177 321 8126842265542569830722191468702592574566931891493776942516516203151981194008874933183559368
321 201 -1455620488855117936873172412987448502761849459305411204069664638510684852204685410747057420
201 321 -1455620488855117936873172412987448502761849459305411204069664638510684852204685410747057420
321 225 36943986961714204683265724742114596448525734598060329682878424831013513246374695569664067
225 321 36943986961714204683265724742114596448525734598060329682878424831013513246374695569664067
321 249 919952152288203430336879706193350862791632094797351702317432524781090334264425592447098
249 321 919952152288203430336879706193350862791632094797351702317432524781090334264425592447098
321 273 -31531035731381994452170280758418053236601813353186226713484553990741624089974942649904
273 321 -31531035731381994452170280758418053236601813353186226713484553990741624089974942649904
321 297 -77143191864190724636973623024986552310011627753527797220834931856047220341886480899
297 321 -77143191864190724636973623024986552310011627753527797220834931856047220341886480899
321 321 -92402683737642809922437201613115582201436974881118685349427196032462300062663423
320 8 18689536464047185848410935080251015093616042376179332870569984
8 320 18689536464047185848410935080251015093616042376179332870569984
320 32 50275914003356209564314917113161144145102319482928968971408439614633403678144200704
32 320 50275914003356209564314917113161144145102319482928968971408439614633403678144200704
320 56 666917989477235117362452131156933572122676045342940051072124515226545028851587973079330688
56 320 666917989477235117362452131156933572122676045342940051072124515226545028851587973079330688
320 80 4302067859341761500860621647579464544512029705949997754738617813440545870158938249145899234556
80 320 4302067859341761500860621647579464544512029705949997754738617813440545870158938249145899234556
320 104 18149517575230492739739507264486239891568693778485638775415095324659798501748460278375886258116
104 320 18149517575230492739739507264486239891568693778485638775415095324659798501748460278375886258116
320 128 9935051670013778807036751017994562773635308601254991980150656200185058283595407645388112393952
128 320 9935051670013778807036751017994562773635308601254991980150656200185058283595407645388112393952
320 152 -1002097062640937561016358247019944324694913910339996527094614077492893171161535378085407453264
152 320 -1002097062640937561016358247019944324694913910339996527094614077492893171161535378085407453264
320 176 -43134030762159591595643723875642691434368294391845247183215881232791249370308384321193232377
176 320 -43134030762159591595643723875642691434368294391845247183215881232791249370308384321193232377
320 200 3996111559958514879926819787814100795059420903513741121314247334500372210138248436272585370
200 320 3996111559958514879926819787814100795059420903513741121314247334500372210138248436272585370
320 224 -82989055297929790069616498122810791497918938048382720207249627228494500683600152357311092
224 320 -82989055297929790069616498122810791497918938048382720207249627228494500683600152357311092
320 248 -3290402866276685918134859965674688128936583329591929089940138438053253013109374458091023
248 320 -3290402866276685918134859965674688128936583329591929089940138438053253013109374458091023
320 272 85760657863018341587403093164123972948715704337669675688323238011344653489665030992980
272 320 85760657863018341587403093164123972948715704337669675688323238011344653489665030992980
320 296 242423519353161695637401453680813198368798572336802032451113631252416081056072267754
296 320 242423519353161695637401453680813198368798572336802032451113631252416081056072267754
320 320 315878468957120655971775343110192040971465552265831915518735269582275560199043669
319 7 76725755265707697112739301841649700679365678394597743525888
7 319 76725755265707697112739301841649700679365678394597743525888
319 31 -22497499846269056456674816623686731661870520182787061590025185815955768284951609344
31 319 -22497499846269056456674816623686731661870520182787061590025185815955768284951609344
319 55 -775798672679191378307444987899054921908399563567333483064808460382568106599655390222387456
55 319 -775798672679191378307444987899054921908399563567333483064808460382568106599655390222387456
319 79 -7657908216173862407598059368669393481201678981767934593365265100143750530019387622181755852552
79 319 -7657908216173862407598059368669393481201678981767934593365265100143750530019387622181755852552
319 103 -34575939032801305219904715438828068203609606816054750064903719316496603325358762431270968345968
103 319 -34575939032801305219904715438828068203609606816054750064903719316496603325358762431270968345968
319 127 -29527659692103103760122193011726643451810447973016407535460842707354503118068753388313632322114
127 319 -29527659692103103760122193011726643451810447973016407535460842707354503118068753388313632322114
319 151 1476232075285767998640980434794238452747232049686219235626760374357879684612677778079727948656
151 319 1476232075285767998640980434794238452747232049686219235626760374357879684612677778079727948656
319 175 157976322701643590990182757275050097500567083052980344272180013687758910627402824307836533833
175 319 157976322701643590990182757275050097500567083052980344272180013687758910627402824307836533833
319 199 -10206753673453171252387829767930407634780263972336251105451805670068149891839971619699495384
199 319 -10206753673453171252387829767930407634780263972336251105451805670068149891839971619699495384
319 223 165074371717410369583813382169296974414752962895562405837597716743990699666010401291605869
223 319 165074371717410369583813382169296974414752962895562405837597716743990699666010401291605869
319 247 10960395761587342231295771799684222799214012981106575627123699037462603119041529783560380
247 319 10960395761587342231295771799684222799214012981106575627123699037462603119041529783560380
319 271 -228603177792795974850309172860089097231311762036605225843452381981889545973872814582265
271 319 -228603177792795974850309172860089097231311762036605225843452381981889545973872814582265
319 295 -742857520372598088578149843154719028571031372966621508570966799362766407922264015594
295 319 -742857520372598088578149843154719028571031372966621508570966799362766407922264015594
319 319 -1053522811492820639062245921545086058353073062759554821438461531897809024278594320
318 6 94338671660064035463329486301503278058152844201000173568
6 318 94338671660064035463329486301503278058152844201000173568
318 30 9209026986572667964366274516345795262171638515361315601421579779698106697698508800
30 318 9209026986572667964366274516345795262171638515361315601421579779698106697698508800
318 54 870078362601129837980809930306876413189502046546865477119761285881553004517926723899720704
54 318 870078362601129837980809930306876413189502046546865477119761285881553004517926723899720704
318 78 13222840632105314764537618367985977671447459201287759118381650697755966438607712962814166811296
78 318 13222840632105314764537618367985977671447459201287759118381650697755966438607712962814166811296
318 102 59922604150868625827891167975326019687301824221327554452762036400181646551035307517916839171824
102 318 59922604150868625827891167975326019687301824221327554452762036400181646551035307517916839171824
318 126 78739147146152911539181161221458835124768732240022460731913180566642301672756276756588467643324
126 318 78739147146152911539181161221458835124768732240022460731913180566642301672756276756588467643324
318 150 -59381031061488005762392202267565398339410734921995969386110987998279749941394700019897064136
150 318 -59381031061488005762392202267565398339410734921995969386110987998279749941394700019897064136
318 174 -485119337581191971765713845455406665890646734132004729596497359397593479045940957666739915214
174 318 -485119337581191971765713845455406665890646734132004729596497359397593479045940957666739915214
318 198 24374189565287945065276313888665797014024091284371808055194786272667283287036962341128584260
198 318 24374189565287945065276313888665797014024091284371808055194786272667283287036962341128584260
318 222 -265452790107140118862042753346982765102129587055320865833972193716278545875818300985825262
222 318 -265452790107140118862042753346982765102129587055320865833972193716278545875818300985825262
318 246 -34597715297778687071538560980340776933429596068556490042350604526373707111786317251409628
246 318 -34597715297778687071538560980340776933429596068556490042350604526373707111786317251409628
318 270 596788570936763927871796986010646088755931221616407080055085275902534372713498574763748
270 318 596788570936763927871796986010646088755931221616407080055085275902534372713498574763748
318 294 2223990231472616289015924065227786133760803746009982159133646812716365512989521164221
294 318 2223990231472616289015924065227786133760803746009982159133646812716365512989521164221
318 318 3432315636985047618620617189832911996228315659316337827476845281121254172847677056
317 5 27536855254452168234111767007756686762573357928939520
5 317 27536855254452168234111767007756686762573357928939520
317 29 -3434548368318459641822114236943125675633949260366002288947272554907490169790660608
29 317 -3434548368318459641822114236943125675633949260366002288947272554907490169790660608
317 53 -942834491923002715486189101413644350990419816903104471008871369105161607546110575807830528
53 317 -942834491923002715486189101413644350990419816903104471008871369105161607546110575807830528
317 77 -22146503168470801021523815111545211531076486106192361396360029584770260082697564528401632178064
77 317 -22146503168470801021523815111545211531076486106192361396360029584770260082697564528401632178064
317 101 -91601815620802005091947926450263512921882426132824083087159818049310696460154122678238448510760
101 317 -91601815620802005091947926450263512921882426132824083087159818049310696460154122678238448510760
317 125 -191022995990174400054412830659139626113966210858173945025592591566698352057302154361280727682794
125 317 -191022995990174400054412830659139626113966210858173945025592591566698352057302154361280727682794
317 149 -10658241122656512491888546253211202801547344117238769911821284788593764057811412974059338341346
149 317 -10658241122656512491888546253211202801547344117238769911821284788593764057811412974059338341346
317 173 1309440373106716356315970765656876780999311222089606614979308883433977167053509499093698402897
173 317 1309440373106716356315970765656876780999311222089606614979308883433977167053509499093698402897
317 197 -54512375577406384781767884229254411403908736796760118854455090000189530880130124974393778168
197 317 -54512375577406384781767884229254411403908736796760118854455090000189530880130124974393778168
317 221 219921448012786563478432644747416219110808070938777314868049460707499487719559315941784605
221 317 219921448012786563478432644747416219110808070938777314868049460707499487719559315941784605
317 245 104545190090902652912820671852495808448931302841236651975994168179814260122580870217363492
245 317 104545190090902652912820671852495808448931302841236651975994168179814260122580870217363492
317 269 -1524428939668003359134135088769469539647174899986864157332487863392715364399756719543642
269 317 -1524428939668003359134135088769469539647174899986864157332487863392715364399756719543642
317 293 -6515425769281103852688794574045130450634588156152168960222561868339398160949593403936
293 317 -6515425769281103852688794574045130450634588156152168960222561868339398160949593403936
317 317 -10936750777458239819475319928885559176461753721532843073435918120268700135370794841
316 4 1331782177835369129125976198226921533958451625984
4 316 1331782177835369129125976198226921533958451625984
316 28 1161985682939025410617562061564785117592782359537928219607301173724980478637768704
28 316 1161985682939025410617562061564785117592782359537928219607301173724980478637768704
316 52 988001182109673257504934428603732874963747535725752694465736424651880652813671415584159232
52 316 988001182109673257504934428603732874963747535725752694465736424651880652813671415584159232
316 76 35976275468995202836697452204482072407224346924643022184703940719547273930016721772338994556016
76 316 35976275468995202836697452204482072407224346924643022184703940719547273930016721772338994556016
316 100 113973712363538794841285012056246471417936524022144176840551158877826991942661141242447902493896
100 316 113973712363538794841285012056246471417936524022144176840551158877826991942661141242447902493896
316 124 422691183474987537016186349402766585847917403219845018448993757774450130494272399741614470114754
124 316 422691183474987537016186349402766585847917403219845018448993757774450130494272399741614470114754
316 148 54568540348204448233267684040519930401506199302174529157194279797698675122519008350902926137938
148 316 54568540348204448233267684040519930401506199302174529157194279797698675122519008350902926137938
316 172 -3112413447836438373539783511474720909470923783442028719794144702208711771495312326767088169727
172 316 -3112413447836438373539783511474720909470923783442028719794144702208711771495312326767088169727
316 196 114069566713488556056566909030497112553687697856740870747285327827159116896028470633606968296
196 316 114069566713488556056566909030497112553687697856740870747285327827159116896028470633606968296
316 220 663918750818358355716283547885033765742786888445625404010770615535627955211697505932899387
220 316 663918750818358355716283547885033765742786888445625404010770615535627955211697505932899387
316 244 -304443700360742933642692945666627204634221575020212777800677015167402114414121551571380812
244 316 -304443700360742933642692945666627204634221575020212777800677015167402114414121551571380812
316 268 3805911785799521302083725961589185691750289735055930378244092451687319484161087882799582
268 316 3805911785799521302083725961589185691750289735055930378244092451687319484161087882799582
316 292 18701620736320413793443658142507437705570984633917879275704895595342405724155276815526
292 316 18701620736320413793443658142507437705570984633917879275704895595342405724155276815526
316 316 34125839745584806459292909977435775257999487837461045679892053568705178649231698244
315 3 5843075833683210003855752300994030288764928
3 315 5843075833683210003855752300994030288764928
315 27 -354907835540185853614893991390747457492046178969223581680616537911444986405060608
27 315 -354907835540185853614893991390747457492046178969223581680616537911444986405060608
315 51 -1000383424320940419224284505685430626697790900731013850394489125710507137782442069696585728
51 315 -1000383424320940419224284505685430626697790900731013850394489125710507137782442069696585728
315 75 -56677910177075969413226788162096500230141966547225011236561550117230865534400739572257917047552
75 315 -56677910177075969413226788162096500230141966547225011236561550117230865534400739572257917047552
315 99 -81563133773492497082026496616652033102863724206759715207757520562641040085729544573050399941568
99 315 -81563133773492497082026496616652033102863724206759715207757520562641040085729544573050399941568
315 123 -847006950543466863403934324857392709432689836584697922645446911191810126724828721453011931119272
123 315 -847006950543466863403934324857392709432689836584697922645446911191810126724828721453011931119272
315 147 -198652017804464494632911808011977810477183042939318299888840133483643704281425215627160686982372
147 315 -198652017804464494632911808011977810477183042939318299888840133483643704281425215627160686982372
315 171 6256932915794854694249623057687228482183259927056705030613531357255727328210396589532805119858
171 315 6256932915794854694249623057687228482183259927056705030613531357255727328210396589532805119858
315 195 -222727146776374910956429996740239102546590237808020638027366812595767115302327659845810074972
195 315 -222727146776374910956429996740239102546590237808020638027366812595767115302327659845810074972
315 219 -4742786733190094075049546773794736713620044414570846418287281996078001009882130623807948112
219 315 -4742786733190094075049546773794736713620044414570846418287281996078001009882130623807948112
315 243 858617856015659394714743402809032580634831390614295235699472547828979928792448874845021360
243 315 858617856015659394714743402809032580634831390614295235699472547828979928792448874845021360
315 267 -9274516812385873333118035135720821645820936217129461319468680092906128638371839113878512
267 315 -9274516812385873333118035135720821645820936217129461319468680092906128638371839113878512
315 291 -52645699764161899160529168870704382792079112728044059637967138037419599758320488022847
291 315 -52645699764161899160529168870704382792079112728044059637967138037419599758320488022847
315 315 -104398688730458135799602286325982032214801317319875082964380193419136415054168869749
314 2 699252738214163452335087341075955712
2 314 699252738214163452335087341075955712
314 26 97342244163187763288799254328943777027465796491839041541644531396091746961063936
26 314 97342244163187763288799254328943777027465796491839041541644531396091746961063936
314 50 976237185323339685686636320516124139180002350087434961356046875239482074079010844581196800
50 314 976237185323339685686636320516124139180002350087434961356046875239482074079010844581196800
314 74 86587280710004991988575467825864165622953627470788853069664889459988558547207750670475840431136
74 314 86587280710004991988575467825864165622953627470788853069664889459988558547207750670475840431136
314 98 -109506092040244276050026795158599910156989958273187786159199990144738262501746342925938295955472
98 314 -109506092040244276050026795158599910156989958273187786159199990144738262501746342925938295955472
314 122 1503934729507051993048046924027787498241876242827293933384480576841326745229366768026033164628060
122 314 1503934729507051993048046924027787498241876242827293933384480576841326745229366768026033164628060
314 146 610339732822517969589849539164524220354866894831438879612403396979999053775180619384488388975708
146 314 610339732822517969589849539164524220354866894831438879612403396979999053775180619384488388975708
314 170 -9051446109860037061531340103700206236145669833072957054803602955942262519594424240971413763792
170 314 -9051446109860037061531340103700206236145669833072957054803602955942262519594424240971413763792
314 194 405423586382071247427257606909813007520885718040592577511727539346624577155483071777700189396
194 314 405423586382071247427257606909813007520885718040592577511727539346624577155483071777700189396
314 218 19232344541581014129599776911944186038831339386536943444683681702998931881819712576637144826
218 314 19232344541581014129599776911944186038831339386536943444683681702998931881819712576637144826
314 242 -2354426621061090472945785311408151429846182527251480656680675426941559465886576880604492524
242 314 -2354426621061090472945785311408151429846182527251480656680675426941559465886576880604492524
314 266 22022907459671895007383084383775733483327951494491076469126508089550449897670477689222435
266 314 22022907459671895007383084383775733483327951494491076469126508089550449897670477689222435
314 290 145450269122018600486454349658924208859821203184595601815678913378317412056388667481513
290 314 145450269122018600486454349658924208859821203184595601815678913378317412056388667481513
314 314 313488644508178057786892752260463189833942181508906646275435812657745952596269001680
313 1 121189207303595454971772928
1 313 121189207303595454971772928
313 25 -23834822077820267166165892949942867401952674005201604974986985891333018931429376
25 313 -23834822077820267166165892949942867401952674005201604974986985891333018931429376
313 49 -914572285870061545666232475073388077873709732264410946541699093680834384591504983300831232
49 313 -914572285870061545666232475073388077873709732264410946541699093680834384591504983300831232
313 73 -128262702621675928938534440655929300452249010533168858030942325980424445849072928102319240383168
73 313 -128262702621675928938534440655929300452249010533168858030942325980424445849072928102319240383168
313 97 664015716792598305698988017536700516723123870893607522837668144647115672876314960398647408790752
97 313 664015716792598305698988017536700516723123870893607522837668144647115672876314960398647408790752
313 121 -2235667609972190534305008385009799959456736721615809304079342729507748319177829378153609406801040
121 313 -2235667609972190534305008385009799959456736721615809304079342729507748319177829378153609406801040
313 145 -1664493757846641831560335536862195341178253478741881971888147492793932741619723028705795937275116
145 313 -1664493757846641831560335536862195341178253478741881971888147492793932741619723028705795937275116
313 169 184681440222715815183557295758220765724951332177957966757757204019164995638234689848934237958
169 313 184681440222715815183557295758220765724951332177957966757757204019164995638234689848934237958
313 193 -698438635696038458696472828631274375965221514186101190805916204797593360003733797408833600608
193 313 -698438635696038458696472828631274375965221514186101190805916204797593360003733797408833600608
313 217 -64856662008296641222429643436738202858458496439118689507457682326819849678076421983428117380
217 313 -64856662008296641222429643436738202858458496439118689507457682326819849678076421983428117380
313 241 6297540626931659845054582014684465130051698953509919455765157357133928771895569589819886132
241 313 6297540626931659845054582014684465130051698953509919455765157357133928771895569589819886132
313 265 -50843078083041435172646719007363058333856899245599593158175165997452304908886238351645132
265 313 -50843078083041435172646719007363058333856899245599593158175165997452304908886238351645132
313 289 -394621592402556788645998350544687840728531847937539778115126395321006981437047111153592
289 313 -394621592402556788645998350544687840728531847937539778115126395321006981437047111153592
313 313 -924971291361969495583629693093062750445882999170622076304531611521603105086425707367
312 24 5179498475905429059017472872388926211620003173607712220293940450297047500718080
24 312 5179498475905429059017472872388926211620003173607712220293940450297047500718080
312 48 818652315088098052751157870259571632133622168069867542589870991982746819228831820728631296
48 312 818652315088098052751157870259571632133622168069867542589870991982746819228831820728631296
312 72 184216533766004044486836281273902909263269779244955793224695740621569629145284449159204894276048
72 312 184216533766004044486836281273902909263269779244955793224695740621569629145284449159204894276048
312 96 -1941642152099498827489403164405317595281984618951118455394115316732402227654791731592857518468160
96 312 -1941642152099498827489403164405317595281984618951118455394115316732402227654791731592857518468160
312 120 2280410511351376603376295080432690305359878328160764429115131190535745168710115879247456113840488
120 312 2280410511351376603376295080432690305359878328160764429115131190535745168710115879247456113840488
312 144 4103898435784450662976927156247547173532442694132454027183827796602207838754059929755287284811352
144 312 4103898435784450662976927156247547173532442694132454027183827796602207838754059929755287284811352
312 168 65725332634826581713245222660580539826339565639610573398353958335872165519650179727838384542104
168 312 65725332634826581713245222660580539826339565639610573398353958335872165519650179727838384542104
312 192 1227584825528930919975013663892679362329051742097858926487287908192924712429871315335182861704
192 312 1227584825528930919975013663892679362329051742097858926487287908192924712429871315335182861704
312 216 198632602997747359888252961391810498932562945534645948200401233405586276482000360865933401940
216 312 198632602997747359888252961391810498932562945534645948200401233405586276482000360865933401940
312 240 -16475221854343863959094759748915022442654768387574421169744330416774404995528706671623221564
240 312 -16475221854343863959094759748915022442654768387574421169744330416774404995528706671623221564
312 264 113749808622394479204532096064621280775420197369112347919425927416062808126357695556952018
264 312 113749808622394479204532096064621280775420197369112347919425927416062808126357695556952018
312 288 1051864126028220309180880557647902684803548470469451669407435373200426471229853929838892
288 312 1051864126028220309180880557647902684803548470469451669407435373200426471229853929838892
312 312 2684345371199108540153325496017520597181599707963000569712166880375781060199776237862
311 23 -995194799979033243303924532251190921802354368329216006073602451966429440770048
23 311 -995194799979033243303924532251190921802354368329216006073602451966429440770048
311 47 -696716850650309129233654888378979533363212257877555777367299837477844998040966734789083136
47 311 -696716850650309129233654888378979533363212257877555777367299837477844998040966734789083136
311 71 -256525405243351857877068881311858600904498021066337716061884651960848891698145856204638480766336
71 311 -256525405243351857877068881311858600904498021066337716061884651960848891698145856204638480766336
311 95 4511229885214531106997485548757270567768534358118682239491430186269391620939538764949343510835883
95 311 4511229885214531106997485548757270567768534358118682239491430186269391620939538764949343510835883
311 119 564125576549503708918891673692435547364173137974234196032582782195520878234382746441578897438784
119 311 564125576549503708918891673692435547364173137974234196032582782195520878234382746441578897438784
311 143 -9180932716036617055625424920556716350765486438697307456681188166046288839043654488610985219720693
143 311 -9180932716036617055625424920556716350765486438697307456681188166046288839043654488610985219720693
311 167 -338020979713965804013225908203495465383066854353460909703275643007097798967931835649206528113221
167 311 -338020979713965804013225908203495465383066854353460909703275643007097798967931835649206528113221
311 191 -2660367399425558951462106170660723085388217644684293692629865545010233035087591488342790486344
191 311 -2660367399425558951462106170660723085388217644684293692629865545010233035087591488342790486344
311 215 -572595236561643409227461254876882442396556426399051890381113689062992551602358742201441216612
215 311 -572595236561643409227461254876882442396556426399051890381113689062992551602358742201441216612
311 239 42249840750634494381130590582871403727853141016604885229259969657913541857042080516077729878
239 311 42249840750634494381130590582871403727853141016604885229259969657913541857042080516077729878
311 263 -245378254347129873462594755139709564435650593251268305927189946709676395657894929563471532
263 311 -245378254347129873462594755139709564435650593251268305927189946709676395657894929563471532
311 287 -2755627204488917887129564177941089799055796778361882462627430685897939354203711986418442
287 311 -2755627204488917887129564177941089799055796778361882462627430685897939354203711986418442
311 311 -7668890690635616750619282450558235152471417991312640240854081395354006757202758669029
310 22 172274843916955745104219491937996882270255025091917939083469210527713539915776
22 310 172274843916955745104219491937996882270255025091917939083469210527713539915776
310 46 561133867712524087119666336518447536082966035661348165436616999817872869158903796449017856
46 310 561133867712524087119666336518447536082966035661348165436616999817872869158903796449017856
310 70 346349122840019967954301871303456662491814509883155412278659557839954234188831002681903361724544
70 310 346349122840019967954301871303456662491814509883155412278659557839954234188831002681903361724544
310 94 -9182090094086878963163900080323159768583754825221232209949168997422540906092162746485207913754433
94 310 -9182090094086878963163900080323159768583754825221232209949168997422540906092162746485207913754433
310 118 -11399358876270674541162522116765621013876732075887563206129830307958146194129294756659558641797744
118 310 -11399358876270674541162522116765621013876732075887563206129830307958146194129294756659558641797744
310 142 18481190735434951575235527840792695385179559016730837198326551037870507748981602209769726863412995
142 310 18481190735434951575235527840792695385179559016730837198326551037870507748981602209769726863412995
310 166 1251234798855915390151519635241924801034148988803996407079204028108718634016669466368601662151947
166 310 1251234798855915390151519635241924801034148988803996407079204028108718634016669466368601662151947
310 190 8181804776724392564734466219007625011224196616527363997850520663297997591288642146483991964166
190 310 8181804776724392564734466219007625011224196616527363997850520663297997591288642146483991964166
310 214 1582402989305265415920397107077629908578661869080486664811666875738379522415572842800253553948
214 310 1582402989305265415920397107077629908578661869080486664811666875738379522415572842800253553948
310 238 -106390814903478679282140572395775634314955018459728278202082587046496694652121240884495357324
238 310 -106390814903478679282140572395775634314955018459728278202082587046496694652121240884495357324
310 262 506095036091234006102741702464528704735414568150719199468490683568422513747035981203245982
262 310 506095036091234006102741702464528704735414568150719199468490683568422513747035981203245982
310 286 7097705366770557157064017031724378306994309986695002758613605264400329356106867025012700
286 310 7097705366770557157064017031724378306994309986695002758613605264400329356106867025012700
310 310 21584799474030500914137388466200757543845860897744374563876085003506688461334197153495
309 21 -28279378922084786481693675847141718427901678285307343070393069974911123980288
21 309 -28279378922084786481693675847141718427901678285307343070393069974911123980288
309 45 -425962970493657453617306026984604399749086259786434914066636770392341027617602288112107520
45 309 -425962970493657453617306026984604399749086259786434914066636770392341027617602288112107520
309 69 -453423281416607755305814305296772001841135732377800089892492400937846924275205916578063336380416
69 309 -453423281416607755305814305296772001841135732377800089892492400937846924275205916578063336380416
309 93 16978170901762762586814348199762744726596775273690708846722382058065682729129894355048008802995536
93 309 16978170901762762586814348199762744726596775273690708846722382058065682729129894355048008802995536
309 117 40299398082087756992234226056590370093606527401437227221014193224965658653257193920994675080323876
117 309 40299398082087756992234226056590370093606527401437227221014193224965658653257193920994675080323876
309 141 -32601265351192729590421827862732229045594144094367935392100042952047305674004385063293045442217154
141 309 -32601265351192729590421827862732229045594144094367935392100042952047305674004385063293045442217154
309 165 -3955703524721732786554710303664143770658301112550663050003350434194380729536394675421861383540187
165 309 -3955703524721732786554710303664143770658301112550663050003350434194380729536394675421861383540187
309 189 -30858277235116715379842343404016362942049455481515420652968233430808634024599230499972439844703
189 309 -30858277235116715379842343404016362942049455481515420652968233430808634024599230499972439844703
309 213 -4237595688341998715481009459244439545936028397497732525078453644313098861566374872169165554030
213 309 -4237595688341998715481009459244439545936028397497732525078453644313098861566374872169165554030
309 237 263405918091031205394433463890444176923712894333413701711196498368876516340046755120926706889
237 309 263405918091031205394433463890444176923712894333413701711196498368876516340046755120926706889
309 261 -982966536370877405080000428351525834179920473379335107522570988470043318803159121741318914
261 309 -982966536370877405080000428351525834179920473379335107522570988470043318803159121741318914
309 285 -17980289617490043332868195352438921983724730079793815071841712991227532109511789502671412
285 309 -17980289617490043332868195352438921983724730079793815071841712991227532109511789502671412
309 309 -59893967317878902811548599713417231290349578581055329672712604723751408439541785984399
308 20 4035549056688109042315806928884680680502734910756200296992582377192621604864
20 308 4035549056688109042315806928884680680502734910756200296992582377192621604864
308 44 303789500126498819129559133800627423255202178746152783713427053179579873452498124564856832
44 308 303789500126498819129559133800627423255202178746152783713427053179579873452498124564856832
308 68 575620407503923245387159235271713158515589550794288354955263051512756382880267548357423912896256
68 308 575620407503923245387159235271713158515589550794288354955263051512756382880267548357423912896256
308 92 -29020815095433643758861131043538777296208119875235505855035694389779375936380021657142018059040494
92 308 -29020815095433643758861131043538777296208119875235505855035694389779375936380021657142018059040494
308 116 -104325484888777060654199188498148559041209530364780178618822544864422148526291778891336978104022112
116 308 -104325484888777060654199188498148559041209530364780178618822544864422148526291778891336978104022112
308 140 46842289314032597545174317658352143961848841600319631603053301862357619609040049633029720589867610
140 308 46842289314032597545174317658352143961848841600319631603053301862357619609040049633029720589867610
308 164 11256430863746447237387757634727413355679807719380196167127000052934362894977714116340715256395582
164 308 11256430863746447237387757634727413355679807719380196167127000052934362894977714116340715256395582
308 188 118210437182187520824002279557733750979296235322018953411013613946476655769990800019022448681136
188 308 118210437182187520824002279557733750979296235322018953411013613946476655769990800019022448681136
308 212 11072966317885918882560020251880130610613075147453159427461556496012559415367685345942618094000
212 308 11072966317885918882560020251880130610613075147453159427461556496012559415367685345942618094000
308 236 -641766291694506705261683881223894230490325627969910082428385233743391271911695807887625341268
236 308 -641766291694506705261683881223894230490325627969910082428385233743391271911695807887625341268
308 260 1743120146389802095434105949146199101166650359665313577973572313298902109547981619758512834
260 308 1743120146389802095434105949146199101166650359665313577973572313298902109547981619758512834
308 284 44811290910766385013528535025344755259276670807025892260466639246400912844647405098892924
284 308 44811290910766385013528535025344755259276670807025892260466639246400912844647405098892924
308 308 163946876972298027876407942273815691244538395129429658261512926903166791071481533506406
307 19 594227154830867845817394190758359614039817706177895254869538139286706061312
19 307 594227154830867845817394190758359614039817706177895254869538139286706061312
307 43 -203100103668204086304988000821442464090629934525245235294458887723298603884523107347070976
43 307 -203100103668204086304988000821442464090629934525245235294458887723298603884523107347070976
307 67 -708688101391065632688762083569446768994447555398155564683520946712648322646322064908852229698048
67 307 -708688101391065632688762083569446768994447555398155564683520946712648322646322064908852229698048
307 91 46310604734093192986191163029331411008267890084965091707595389309638138851819637619980598051176644
91 307 46310604734093192986191163029331411008267890084965091707595389309638138851819637619980598051176644
307 115 227290084499207443773659784905119962707756398854325881332216309275038415501464922986176521351473012
115 307 227290084499207443773659784905119962707756398854325881332216309275038415501464922986176521351473012
307 139 -40550122513517145733657177932430478661676573473883269316437595350876641697887829101548315355435612
139 307 -40550122513517145733657177932430478661676573473883269316437595350876641697887829101548315355435612
307 163 -29479652557641096929936696351171942374623149599251166181060378512345560988597513434853493550448099
163 307 -29479652557641096929936696351171942374623149599251166181060378512345560988597513434853493550448099
307 187 -427435730371240636950521043045982962545557893309414470041802074207616746181249664489369362396856
187 307 -427435730371240636950521043045982962545557893309414470041802074207616746181249664489369362396856
307 211 -28373849331235691741379513953961442337251778567373675941009239887017027535069643295252391351014
211 307 -28373849331235691741379513953961442337251778567373675941009239887017027535069643295252391351014
307 235 1539619718652234987994168469313993973711036896960940135149279130105359648850828546293118891448
235 307 1539619718652234987994168469313993973711036896960940135149279130105359648850828546293118891448
307 259 -2610802727845741524082159698848369965926769507228913082730528938092405408530131931984793730
259 307 -2610802727845741524082159698848369965926769507228913082730528938092405408530131931984793730
307 283 -109899937411172309756089709474069932620599935432034172177200276350974524109090252707433881
283 307 -109899937411172309756089709474069932620599935432034172177200276350974524109090252707433881
307 307 -442942756680730312228452252203647361898932625540183758550469815781295072084641058998785
306 18 -1337040183464178560315756792820190703478856592988141259889815091106338045952
18 306 -1337040183464178560315756792820190703478856592988141259889815091106338045952
306 42 127165766942309840352418488614490137856842276473739486189662370586025309077087843474472960
42 306 127165766942309840352418488614490137856842276473739486189662370586025309077087843474472960
306 66 846261800454740144930407575551102570972637388882416583576425644656381852070893629620106675922944
66 306 846261800454740144930407575551102570972637388882416583576425644656381852070893629620106675922944
306 90 -69462536839851522494912280608258569426165511860635970378401982299247607518125629022530454091864400
90 306 -69462536839851522494912280608258569426165511860635970378401982299247607518125629022530454091864400
306 114 -432332554643189053226666947962967077224133319877768208315782428114788978419648174315326921369452216
114 306 -432332554643189053226666947962967077224133319877768208315782428114788978419648174315326921369452216
306 138 -44738307163926449436087459871994551918733245249086316847542358413564493466537183851842546689355048
138 306 -44738307163926449436087459871994551918733245249086316847542358413564493466537183851842546689355048
306 162 71797405985458940795917602864587108050005926155395453051059958056170088677341742378955481969422442
162 306 71797405985458940795917602864587108050005926155395453051059958056170088677341742378955481969422442
306 186 1439600740661974705924521918224588007947113970247647365592323701262930623267483925597579661294057
186 306 1439600740661974705924521918224588007947113970247647365592323701262930623267483925597579661294057
306 210 71589274164419370259133990367709909686839330082784629119295145634690611682694173023080926422340
210 306 71589274164419370259133990367709909686839330082784629119295145634690611682694173023080926422340
306 234 -3638310618257291830378411186974192480870935327150008174873022147519836841851574124004673766946
234 306 -3638310618257291830378411186974192480870935327150008174873022147519836841851574124004673766946
306 258 2389635953736741981152149457544845231828222052784919425247820551587756080840178808605013728
258 306 2389635953736741981152149457544845231828222052784919425247820551587756080840178808605013728
306 282 265275042878003231937422837979886551234802290892950564974536630329448184685282109850719269
282 306 265275042878003231937422837979886551234802290892950564974536630329448184685282109850719269
306 306 1181778069988007995965467898233212463839291483693445797793084231960894416193545716564762
305 17 174270880736940115590213224565427408462908858665726297237904166767772565504
17 305 174270880736940115590213224565427408462908858665726297237904166767772565504
305 41 -74616349751833336483434069688299277231160816296658394223377346341508552342169360357392384
41 305 -74616349751833336483434069688299277231160816296658394223377346341508552342169360357392384
305 65 -980212251670254388172551599189682365593814909666295627950753932818400067842481615639264749126656
65 305 -980212251670254388172551599189682365593814909666295627950753932818400067842481615639264749126656
305 89 98555408960940619451592762538388771422671218592211931364370049017635818842282024798032724409660904
89 305 98555408960940619451592762538388771422671218592211931364370049017635818842282024798032724409660904
305 113 718356266193170869977890766679051646536383171268649870394242914050373196339083917692356728489944148
113 305 718356266193170869977890766679051646536383171268649870394242914050373196339083917692356728489944148
305 137 342414788563284873482984788365202005271171742017242996355417374590437403282086587010823449351114590
137 305 342414788563284873482984788365202005271171742017242996355417374590437403282086587010823449351114590
305 161 -163307887194389896158254049585068832255345365651057922104502973618041700667933065145398807354418395
161 305 -163307887194389896158254049585068832255345365651057922104502973618041700667933065145398807354418395
305 185 -4531920936145987763882499998107950145848861390183917167102410292208487904956949876825007976650385
185 305 -4531920936145987763882499998107950145848861390183917167102410292208487904956949876825007976650385
305 209 -178496213505878681538478678368310333628510138286189560350841639252343806069122146012298891915050
209 305 -178496213505878681538478678368310333628510138286189560350841639252343806069122146012298891915050
305 233 8471235909599830736980949327177229147218710627843543377458650032362654670979816669089407385689
233 305 8471235909599830736980949327177229147218710627843543377458650032362654670979816669089407385689
305 257 3512654552758799976040971111369879227812654552149698916226093367776220643691100081451401064
257 305 3512654552758799976040971111369879227812654552149698916226093367776220643691100081451401064
305 281 -630234128856808320229242516908735842313533374227287056959300621299523778576642442540282760
281 305 -630234128856808320229242516908735842313533374227287056959300621299523778576642442540282760
305 305 -3115100846531096652003682677042328609093364650232361782250410652683014119091646211017026
304 16 204601823775997208426437507732462324532174476863345609243732419924470005760
16 304 204601823775997208426437507732462324532174476863345609243732419924470005760
304 40 41139666906279664425530726236463121634338441724476903132961710899230599497948338103255040
40 304 41139666906279664425530726236463121634338441724476903132961710899230599497948338103255040
304 64 1101329371991490944220319141780342923395079604723199425213086160240779742760688191781350204046336
64 304 1101329371991490944220319141780342923395079604723199425213086160240779742760688191781350204046336
304 88 -133385606682586447028381835828317408458514466134145396772429602185314633370889353810171487106057304
88 304 -133385606682586447028381835828317408458514466134145396772429602185314633370889353810171487106057304
304 112 -1007051594252876119503051777004625162535420466539442124891592299323187373510033690563227377091912596
112 304 -1007051594252876119503051777004625162535420466539442124891592299323187373510033690563227377091912596
304 136 -1108886366615529241784925502615383064310201246919237991225144474075141994091827450766071098202534750
136 304 -1108886366615529241784925502615383064310201246919237991225144474075141994091827450766071098202534750
304 160 346873244831667098873312951099574926894789597287338789025118652844787708882425784730269283328651695
160 304 346873244831667098873312951099574926894789597287338789025118652844787708882425784730269283328651695
304 184 13420887218654297922994395642741774939905162809189022133722357555656604247430798168110867962152991
184 304 13420887218654297922994395642741774939905162809189022133722357555656604247430798168110867962152991
304 208 441254139430684067889627341732109919884869261496803797709811790158610208745551579126037244088638
208 304 441254139430684067889627341732109919884869261496803797709811790158610208745551579126037244088638
304 232 -19437285086347556711079309902921822421721672511600561216550369601384220432428644140522291314953
232 304 -19437285086347556711079309902921822421721672511600561216550369601384220432428644140522291314953
304 256 -29798283850239336916989144813211770394058103581859656742400022115932277136075768944824820658
256 304 -29798283850239336916989144813211770394058103581859656742400022115932277136075768944824820658
304 280 1473552982386204921908453959747905203125814289871561262311769705162884504028430416504655779
280 304 1473552982386204921908453959747905203125814289871561262311769705162884504028430416504655779
304 304 8116093839266957809311906485463827965118857513629139060707001626943694279018255619008969
303 15 -17240542622067225338169780799684220541095525308590574078253589009912561664
15 303 -17240542622067225338169780799684220541095525308590574078253589009912561664
303 39 -21420098735051626910574353739578551124699211246225933949210889012132984855937908595490816
39 303 -21420098735051626910574353739578551124699211246225933949210889012132984855937908595490816
303 63 -1200277414832540345483692811525625006798684511402720670115846564696343275361280568902474671833088
63 303 -1200277414832540345483692811525625006798684511402720670115846564696343275361280568902474671833088
303 87 174510842099880874733364497120900167570170476204198801341399193255234880120545359407590423119690880
87 303 174510842099880874733364497120900167570170476204198801341399193255234880120545359407590423119690880
303 111 1045428264257105876722682337482201458369451712775203777245498774859196385736149607783662719527867680
111 303 1045428264257105876722682337482201458369451712775203777245498774859196385736149607783662719527867680
303 135 2752048877604492124779910769582682653041069015454117780041253772125310371479921576246832911619298604
135 303 2752048877604492124779910769582682653041069015454117780041253772125310371479921576246832911619298604
303 159 -684876690504252331076020569592074243339931510444256871987547776596079477106971174939996188911360824
159 303 -684876690504252331076020569592074243339931510444256871987547776596079477106971174939996188911360824
303 183 -37611113336308563658417637969592810476766962050509230215290652908953373342335089319386237882815517
183 303 -37611113336308563658417637969592810476766962050509230215290652908953373342335089319386237882815517
303 207 -1084480547323813769351760297729248812713782573776815581779718300757509076683725502864537887816352
207 303 -1084480547323813769351760297729248812713782573776815581779718300757509076683725502864537887816352
303 231 43956525464743134518660762921713364986716090770857292413393098332257025368814216472879540650896
231 303 43956525464743134518660762921713364986716090770857292413393098332257025368814216472879540650896
303 255 119283916604436509557392468015535167083008622855998844612911029555613156771100012710109860652
255 303 119283916604436509557392468015535167083008622855998844612911029555613156771100012710109860652
303 279 -3389699818805571413727405130137833019985832675238820875114310921339767131259495880940930492
279 303 -3389699818805571413727405130137833019985832675238820875114310921339767131259495880940930492
303 303 -20909287117803286717244819531717564994746369247079234594225396005398138400482078557869512
302 14 -9275968427259753555987158454446490008355464944673633890483674971042217984
14 302 -9275968427259753555987158454446490008355464944673633890483674971042217984
302 38 10606482674555537943044503652685253681974835868879339377250396014080554549507719428046848
38 302 10606482674555537943044503652685253681974835868879339377250396014080554549507719428046848
302 62 1268696553335752504704958648498639152574655154425372959894846766211992074753314943424233817360384
62 302 1268696553335752504704958648498639152574655154425372959894846766211992074753314943424233817360384
302 86 -225437466229226683085735688563018249843085482820218490277288427292419025940973260162371543172923344
86 302 -225437466229226683085735688563018249843085482820218490277288427292419025940973260162371543172923344
302 110 -255033284016514941106907019880836375511478314846258867068214638219546283089235999032510060378900120
110 302 -255033284016514941106907019880836375511478314846258867068214638219546283089235999032510060378900120
302 134 -5749875574867985447671706370819049306052763265274544123464840024441584226918710200946790595010005412
134 302 -5749875574867985447671706370819049306052763265274544123464840024441584226918710200946790595010005412
302 158 1243060395356313360277889748039348281849297176237693042543990110199156562793167633688323290869394210
158 302 1243060395356313360277889748039348281849297176237693042543990110199156562793167633688323290869394210
302 182 100229113070640763473795500301450796323617983435651409253641092170682910918711725847285169566192685
182 302 100229113070640763473795500301450796323617983435651409253641092170682910918711725847285169566192685
302 206 2654876755572429875633587724586821353268341663494952517524826975281128442651237706254592952516660
206 302 2654876755572429875633587724586821353268341663494952517524826975281128442651237706254592952516660
302 230 -97978493753319799853495939239532516989361029514142392166106992282621579146644092600655271007152
230 302 -97978493753319799853495939239532516989361029514142392166106992282621579146644092600655271007152
302 254 -389320352060930936178478664409678294538359598575952975229704049093557659350748761467865549390
254 302 -389320352060930936178478664409678294538359598575952975229704049093557659350748761467865549390
302 278 7667789480967701626357442284181301361311267878267734738060530970028348735382837555050396306
278 302 7667789480967701626357442284181301361311267878267734738060530970028348735382837555050396306
302 302 53286137344096940564892556238880739348773414780282775210515189684975626939981210010325548
301 13 -58693690853702870217399953619143422491157989459203356226609073704927232
13 301 -58693690853702870217399953619143422491157989459203356226609073704927232
301 37 -5031806346174695610688065170082241756024820519751414107477284948149293791085362971410432
37 301 -5031806346174695610688065170082241756024820519751414107477284948149293791085362971410432
301 61 -1300286475971451431532461694736252897774089725108622778891135588741904591498307064751055587520512
61 301 -1300286475971451431532461694736252897774089725108622778891135588741904591498307064751055587520512
301 85 296039148549547226592365668412804914784641445302172686702661853417595476242882219974458832960896992
85 301 296039148549547226592365668412804914784641445302172686702661853417595476242882219974458832960896992
301 109 -2458542481506307605656456800814599325881643731519784943108900077573287942097254318172199689900738864
109 301 -2458542481506307605656456800814599325881643731519784943108900077573287942097254318172199689900738864
301 133 10260196895251227148314893832998993597724031440349236719877534775379310141521124650641441021541786524
133 301 10260196895251227148314893832998993597724031440349236719877534775379310141521124650641441021541786524
301 157 -2024513882480676745078341994692549834646577629836928075073094053290678191343821572462833566449222208
157 301 -2024513882480676745078341994692549834646577629836928075073094053290678191343821572462833566449222208
301 181 -254967521597942902376662674998008781646976324491229005668287083921321394616198580483765459274421272
181 301 -254967521597942902376662674998008781646976324491229005668287083921321394616198580483765459274421272
301 205 -6478433993991309163301547924010578488252472305995290264981220183784388142667602866119908108039876
205 301 -6478433993991309163301547924010578488252472305995290264981220183784388142667602866119908108039876
301 229 215236395284609952290132229024529662034891953165636730956622880124768488626701239078525455702770
229 301 215236395284609952290132229024529662034891953165636730956622880124768488626701239078525455702770
301 253 1147800931483919613646277231288469448739242260580045815919035622359298818824692289199347123308
253 301 1147800931483919613646277231288469448739242260580045815919035622359298818824692289199347123308
301 277 -17043745617293405927427083460550352179392117091935529425674347912721757152152069621643419885
277 301 -17043745617293405927427083460550352179392117091935529425674347912721757152152069621643419885
301 301 -134376829352906117068250071588270613962088321405788903867787944293766647919173035468882497
300 12 68915550557797241931759162955864914806188434030868192449462479668379648
12 300 68915550557797241931759162955864914806188434030868192449462479668379648
300 36 2296410243389065360548999198096565670908858160018802723164183638125356995384555186683904
36 300 2296410243389065360548999198096565670908858160018802723164183638125356995384555186683904
300 60 1291696459229690441037045292420541764591195481048862698406669926740924130947947444082356587626496
60 300 1291696459229690441037045292420541764591195481048862698406669926740924130947947444082356587626496
300 84 -406728038836736867860005571218120466819477250221950102485675493251346606141174218202069983951944992
84 300 -406728038836736867860005571218120466819477250221950102485675493251346606141174218202069983951944992
300 108 8875233905861881114397014695408098506782958079880167549870633229652880313969767468223198719918007136
108 300 8875233905861881114397014695408098506782958079880167549870633229652880313969767468223198719918007136
300 132 -15066879548540454452728888381158970913222424051886704312802277037102667316849726753230974250053414360
132 300 -15066879548540454452728888381158970913222424051886704312802277037102667316849726753230974250053414360
300 156 2790042836110776341419932023113412228631136333513285076248981738645366788754233448596323756322079904
156 300 2790042836110776341419932023113412228631136333513285076248981738645366788754233448596323756322079904
300 180 621017507056733993324600109523850006340151601499442996666475030037113053338766659727459575368216694
180 300 621017507056733993324600109523850006340151601499442996666475030037113053338766659727459575368216694
300 204 15749743229177326068487918266804375676940788145548031055982228621627913055997304850481918554519640
204 300 15749743229177326068487918266804375676940788145548031055982228621627913055997304850481918554519640
300 228 -465842333405953666637034249850786309797102599572397538556152938015004424807115461923072097123676
228 300 -465842333405953666637034249850786309797102599572397538556152938015004424807115461923072097123676
300 252 -3175700933563859200418303686751752531828674176804123651606027553364999328700670081810598795372
252 300 -3175700933563859200418303686751752531828674176804123651606027553364999328700670081810598795372
300 276 37186036011145412627734337983554702862896312317017476727081919911843074875534123204262061961
276 300 37186036011145412627734337983554702862896312317017476727081919911843074875534123204262061961
300 300 335435222177605402887412903022409283949490525718920662342223430348324189299986019707049962
299 11 2575563953995824316126120407907688641252334736657238084369940150747136
11 299 2575563953995824316126120407907688641252334736657238084369940150747136
299 35 -1003520235080104440785083123869478021996126523692969237552919086557199034125868492390400
35 299 -1003520235080104440785083123869478021996126523692969237552919086557199034125868492390400
299 59 -1243065862318219492732250119982710424514958473344786093863760519166329518026557603063710599380992
59 299 -1243065862318219492732250119982710424514958473344786093863760519166329518026557603063710599380992
299 83 592078297099094453184731336825609829569282890604345373405323706835190952485764439948917665921793984
83 299 592078297099094453184731336825609829569282890604345373405323706835190952485764439948917665921793984
299 107 -21473938540502538187015535721617142639441812827298922431043741619920010813615809587193570576387631208
107 299 -21473938540502538187015535721617142639441812827298922431043741619920010813615809587193570576387631208
299 131 15361619854710344920931035993692402106491753676945279560579679036207118522572426781815830136112564366
131 299 15361619854710344920931035993692402106491753676945279560579679036207118522572426781815830136112564366
299 155 -2652571734505367900866538522313438191955572885262042739747883826524221728118587096793518693401362962
155 299 -2652571734505367900866538522313438191955572885262042739747883826524221728118587096793518693401362962
299 179 -1451695173333837564885242035887672970210255190384134349135091950345291763289680463048124840724439655
179 299 -1451695173333837564885242035887672970210255190384134349135091950345291763289680463048124840724439655
299 203 -38086313098228584730139497266019464832503886830382297453428217880358112355047003019656549957761452
203 299 -38086313098228584730139497266019464832503886830382297453428217880358112355047003019656549957761452
299 227 992722310702782039689809207249241190699159470036927477472564139865630567828119072592455321984345
227 299 992722310702782039689809207249241190699159470036927477472564139865630567828119072592455321984345
299 251 8400170002606637821481529965489738292158247391258218111481485323551554390204927481107913569618
251 299 8400170002606637821481529965489738292158247391258218111481485323551554390204927481107913569618
299 275 -79517075343168202630045781192757683721209827066659045467577922490204323599076103888872585158
275 299 -79517075343168202630045781192757683721209827066659045467577922490204323599076103888872585158
299 299 -829074704495752039048990795761727090878106775012447472192742692979659148251143183819670640
298 10 -6324561378686812553258927216384151916219889365359974719876723900416
10 298 -6324561378686812553258927216384151916219889365359974719876723900416
298 34 411701374158183560102882032557986828368682492024539464324011514380407225340497055711232
34 298 411701374158183560102882032557986828368682492024539464324011514380407225340497055711232
298 58 1158106793523011906400738491808269608395565679286801438831980194214671591968945071010592550518784
58 298 1158106793523011906400738491808269608395565679286801438831980194214671591968945071010592550518784
298 82 -901749864916906732342942754252072999372341931280873961109153709169676103763893040649486172691693376
82 298 -901749864916906732342942754252072999372341931280873961109153709169676103763893040649486172691693376
298 106 43064809308962283083250565705025529743782028028052616522233437378905967276593783461052605202723786680
106 298 43064809308962283083250565705025529743782028028052616522233437378905967276593783461052605202723786680
298 130 1099279283146257436469415350835616620152022519460871784789962890649697974311212038402299165806663326
130 298 1099279283146257436469415350835616620152022519460871784789962890649697974311212038402299165806663326
298 154 -727559335349744403744216878544112059738001921726549245256240465831385847890556020669209756938823194
154 298 -727559335349744403744216878544112059738001921726549245256240465831385847890556020669209756938823194
298 178 3262675359939154908335216320081326099104949424323619968361347468171382744766911576453023480691134493
178 298 3262675359939154908335216320081326099104949424323619968361347468171382744766911576453023480691134493
298 202 91405792140517493634152178806058695797084193962091020981053657125610466431779129568907786590722668
202 298 91405792140517493634152178806058695797084193962091020981053657125610466431779129568907786590722668
298 226 -2080849053048376182232058260247989768273675100589990986239271574178601532406935175338612041149871
226 298 -2080849053048376182232058260247989768273675100589990986239271574178601532406935175338612041149871
298 250 -21467048683415126404350431599054711306138636580162986800979883941227665309038612527435587483408
250 298 -21467048683415126404350431599054711306138636580162986800979883941227665309038612527435587483408
298 274 166294519510664404147634400178961812262626651927374147284393652562610186833037360583485541908
274 298 166294519510664404147634400178961812262626651927374147284393652562610186833037360583485541908
298 298 2029529152527853157397219060900808262723123877462539528783420464040400668734620279472904270
297 9 1056443905863186880648229066978228944158860663014262975716057415680
9 297 1056443905863186880648229066978228944158860663014262975716057415680
297 33 -151560895913619127641548729241161435057799673149505761440754692065451964556087748722688
33 297 -151560895913619127641548729241161435057799673149505761440754692065451964556087748722688
297 57 -1043691354380606326207734098722764277478288077315602374237221577251032046516559825819735868833792
57 297 -1043691354380606326207734098722764277478288077315602374237221577251032046516559825819735868833792
297 81 1396086736799046997866915976967201340561363809633590410731193546041879040964362875260723384957527040
81 297 1396086736799046997866915976967201340561363809633590410731193546041879040964362875260723384957527040
297 105 -75749572963577937922030477785204723496244269994492527692294688576792272087602669513696972210365019264
105 297 -75749572963577937922030477785204723496244269994492527692294688576792272087602669513696972210365019264
297 129 -59322765051773748296857096460503159828857507791573867030493475572892769482167124504033047242843094488
129 297 -59322765051773748296857096460503159828857507791573867030493475572892769482167124504033047242843094488
297 153 12568979553160831337321344779800341191534947524275667022440860549106489373293044345710128035575693252
153 297 12568979553160831337321344779800341191534947524275667022440860549106489373293044345710128035575693252
297 177 -7058891971693249243418326767122783365441870451711861560364644150465556655397279120965901834342642358
177 297 -7058891971693249243418326767122783365441870451711861560364644150465556655397279120965901834342642358
297 201 -217168565590467299409528856825202293302814807990211191445671021401460850821269764347291341417424660
201 297 -217168565590467299409528856825202293302814807990211191445671021401460850821269764347291341417424660
297 225 4283801214671669689107761295383461846891877911663602922933581706267477820659344142292401053851164
225 297 4283801214671669689107761295383461846891877911663602922933581706267477820659344142292401053851164
297 249 53350186917921956882064508923563499610520090370727690975425212506142218649510261704529734836468
249 297 53350186917921956882064508923563499610520090370727690975425212506142218649510261704529734836468
297 273 -339063109228469584148927644173412025782633819747363880836961837748130727478088282954831670992
273 297 -339063109228469584148927644173412025782633819747363880836961837748130727478088282954831670992
297 297 -4921763789841399007085253914354680544646189367609677124306490492074312296594543028163523403
296 8 3530337060741613841019218551175241563977327615245778091085127483392
8 296 3530337060741613841019218551175241563977327615245778091085127483392
296 32 44899612194643281119570507170324981483619639921025902288185890786664113822418050482176
32 296 44899612194643281119570507170324981483619639921025902288185890786664113822418050482176
296 56 908990468220399684628195385286332722867394078240161671097283400837024209952783114005706435002368
56 296 908990468220399684628195385286332722867394078240161671097283400837024209952783114005706435002368
296 80 -2134169706921383152454109373253078535336231458146326348358873634965034133934229660962743793696916864
80 296 -2134169706921383152454109373253078535336231458146326348358873634965034133934229660962743793696916864
296 104 118950820043064623597401291954672863467838878774921521038244951656980572907084105697432511269150042384
104 296 118950820043064623597401291954672863467838878774921521038244951656980572907084105697432511269150042384
296 128 201966610621478373230374192470945047420041498147213820779810180050208130332591677706628330729666419300
128 296 201966610621478373230374192470945047420041498147213820779810180050208130332591677706628330729666419300
296 152 -43215397909835998749615841020825547409504305433687363258208883322766979773748256533040563370709802668
152 296 -43215397909835998749615841020825547409504305433687363258208883322766979773748256533040563370709802668
296 176 14711303941148953053458609363506304846294662250245063051927945480279977144791714623360909610011872438
176 296 14711303941148953053458609363506304846294662250245063051927945480279977144791714623360909610011872438
296 200 509563484628124418524788379688692778573594258209066952102009404510398749059766458367543046510236384
200 296 509563484628124418524788379688692778573594258209066952102009404510398749059766458367543046510236384
296 224 -8643498261703188472308631833796335430097286103934010830214865478369959597770775574161746715488790
224 296 -8643498261703188472308631833796335430097286103934010830214865478369959597770775574161746715488790
296 248 -129500786204543239341164885392131425414792664140805834634994117685934642505649139808399417942150
248 296 -129500786204543239341164885392131425414792664140805834634994117685934642505649139808399417942150
296 272 670850477381627451632306359486237263378432581944379638510067192723020711951321576935233685885
272 296 670850477381627451632306359486237263378432581944379638510067192723020711951321576935233685885
296 296 11826886748325360297639325517464597677263290079224998121537346657387261981653869701995253286
295 7 -91398782107457430065058840062810928144092481237260910339930718208
7 295 -91398782107457430065058840062810928144092481237260910339930718208
295 31 -6587800087604885762555984944041413255205161635976704835261778526541259720229207932928
31 295 -6587800087604885762555984944041413255205161635976704835261778526541259720229207932928
295 55 -764296142802615204863211927667733258918831192477282282983574611550391308532438161728303050915840
55 295 -764296142802615204863211927667733258918831192477282282983574611550391308532438161728303050915840
295 79 3153773086750099822450968401228440685525478994950781803659841568564346202953024793537047181109148928
79 295 3153773086750099822450968401228440685525478994950781803659841568564346202953024793537047181109148928
295 103 -166481589507553439865374544170845689417590604390365996324958738676334225221982777200382418075709599200
103 295 -166481589507553439865374544170845689417590604390365996324958738676334225221982777200382418075709599200
295 127 -488104650570166923431893092642923132190851542746565532540454071757166203965449767342441825369560499696
127 295 -488104650570166923431893092642923132190851542746565532540454071757166203965449767342441825369560499696
295 151 111167984851964585942785543132661118960316238917813720006593608032973782049938032500514007920240050660
151 295 111167984851964585942785543132661118960316238917813720006593608032973782049938032500514007920240050660
295 175 -29533332986724746002296937553712300359303664611995262090812357701054626418449908017192969912043617104
175 295 -29533332986724746002296937553712300359303664611995262090812357701054626418449908017192969912043617104
295 199 -1178387095397308647476199792785504755614813184661711238332527080463237330056847321743290528471888228
199 295 -1178387095397308647476199792785504755614813184661711238332527080463237330056847321743290528471888228
295 223 17044215855540357148865593272611491615706338038782856016656205457873710859745457853022120871097000
223 295 17044215855540357148865593272611491615706338038782856016656205457873710859745457853022120871097000
295 247 307964939139164939390773450094114674279619138856161424689709886585489505460767087091563278899770
247 295 307964939139164939390773450094114674279619138856161424689709886585489505460767087091563278899770
295 271 -1278402436179019428171689776363073707258882514490034058648864795153122980745720465849686673100
271 295 -1278402436179019428171689776363073707258882514490034058648864795153122980745720465849686673100
295 295 -28166898396962690753524375657626431866694662977708679282045457896426819474968860769391351059
294 6 285465007890093353371333048711102535606651501660686456077680640
6 294 285465007890093353371333048711102535606651501660686456077680640
294 30 -3618506486084794207849362558052057684787036251205488400535877550190513760066961670144
30 294 -3618506486084794207849362558052057684787036251205488400535877550190513760066961670144
294 54 619725569427762541438483793438885168605380463356023786330879633197441649821744610548257488633856
54 294 619725569427762541438483793438885168605380463356023786330879633197441649821744610548257488633856
294 78 -4445602357750497439674385958928548443274592759080702104217726867151846881160040257441949061879321600
78 294 -4445602357750497439674385958928548443274592759080702104217726867151846881160040257441949061879321600
294 102 203150528442130906963756377449385161447305828250560472003994541980159471448488145065852513673797205376
102 294 203150528442130906963756377449385161447305828250560472003994541980159471448488145065852513673797205376
294 126 973878656843943215157255679873754524022441240064618026924950240877208454199326775712731387718479353456
126 294 973878656843943215157255679873754524022441240064618026924950240877208454199326775712731387718479353456
294 150 -246183400098811264631756180623328567502085286834062524768915311558137241663671075017996020822606176296
150 294 -246183400098811264631756180623328567502085286834062524768915311558137241663671075017996020822606176296
294 174 57060623606643170441134990835948138355239573635061609191550834712798734929022339417181584970537927680
174 294 57060623606643170441134990835948138355239573635061609191550834712798734929022339417181584970537927680
294 198 2681437225241159137126086770128795325333287429868925016551460541617815159848504336017375048927838168
198 294 2681437225241159137126086770128795325333287429868925016551460541617815159848504336017375048927838168
294 222 -32715428635926499569031538758555716003483278642034309106975735584059230861880873767237611580644332
222 294 -32715428635926499569031538758555716003483278642034309106975735584059230861880873767237611580644332
294 246 -719073453402121963718388969719440739021921488091694001897496050251967891662338809218408057760396
246 294 -719073453402121963718388969719440739021921488091694001897496050251967891662338809218408057760396
294 270 2316667164699296387253361029264455224415697297925428176971651346046955277437976872015092193190
270 294 2316667164699296387253361029264455224415697297925428176971651346046955277437976872015092193190
294 294 66499152483018706333082263665679496419024886382789251431242457522126943045368977806147350346
293 5 -109487471936134728130984742774749068073834081460897265483776
5 293 -109487471936134728130984742774749068073834081460897265483776
293 29 4015537135265232802785365745701280453666539426466759935365588682830387513982082613248
29 293 4015537135265232802785365745701280453666539426466759935365588682830387513982082613248
293 53 -484034087620102114703735657841173468053753557741206096664770235745421816584927968934592789348352
53 293 -484034087620102114703735657841173468053753557741206096664770235745421816584927968934592789348352
293 77 5927757405963928702232468867754420609058289930875531738572209831633681773032913615357516550550610432
77 293 5927757405963928702232468867754420609058289930875531738572209831633681773032913615357516550550610432
293 101 -202237871803920349831425027249694291536059891980063026170737492543941501956563077821906415426945313216
101 293 -202237871803920349831425027249694291536059891980063026170737492543941501956563077821906415426945313216
293 125 -1654673695071174496303009406183009466986743219791268311707501354135771243044344364778996216244029545576
125 293 -1654673695071174496303009406183009466986743219791268311707501354135771243044344364778996216244029545576
293 149 490149127024175824731009267507273871541664353280300696393471812540605898958765051029318377085890604124
149 293 490149127024175824731009267507273871541664353280300696393471812540605898958765051029318377085890604124
293 173 -105878060649700828335462449435847890891958981239792446395598913942023461538764617667760666268299243698
173 293 -105878060649700828335462449435847890891958981239792446395598913942023461538764617667760666268299243698
293 197 -5996899115113781712072816979257778928702393668117900411054313559018814622441343418654363835381651524
197 293 -5996899115113781712072816979257778928702393668117900411054313559018814622441343418654363835381651524
293 221 60768808399651595714021951426775121437376807017472033915836358688387633113201433271769958159592112
221 293 60768808399651595714021951426775121437376807017472033915836358688387633113201433271769958159592112
293 245 1651172009970660244132435240836029145618306691998014126382848816173291465181298834376461773136490
245 293 1651172009970660244132435240836029145618306691998014126382848816173291465181298834376461773136490
293 269 -3896405397520548786692093862016618617154857583093277464959721138949448061994991244682031327120
269 293 -3896405397520548786692093862016618617154857583093277464959721138949448061994991244682031327120
293 293 -155663230590603779482104696103624469102634835857795279421946375373780620108865578234169000135
292 4 3807778974843391709695269539670909311819696797950935040
4 292 3807778974843391709695269539670909311819696797950935040
292 28 -2175760337864625956063788487251428085148727566371449624467081069928026559498128719872
28 292 -2175760337864625956063788487251428085148727566371449624467081069928026559498128719872
292 52 363741492453328885835478799053179028319783879885429301844658543373474590596889446989304164253696
52 292 363741492453328885835478799053179028319783879885429301844658543373474590596889446989304164253696
292 76 -7429328664431012802268449547145926987829278688060289498889137763783520239713285544228356623114366464
76 292 -7429328664431012802268449547145926987829278688060289498889137763783520239713285544228356623114366464
292 100 126192663544322565057412912378366387553825032948660476055518436089645290457662879520503802306973937216
100 292 126192663544322565057412912378366387553825032948660476055518436089645290457662879520503802306973937216
292 124 2341000008352811918482643135782544552329500632247626039963315416105448387934369698292067266400283177736
124 292 2341000008352811918482643135782544552329500632247626039963315416105448387934369698292067266400283177736
292 148 -890326149812583581568941665084903884197775157880577030925855847948486845010536608406373382541026296588
148 292 -890326149812583581568941665084903884197775157880577030925855847948486845010536608406373382541026296588
292 172 187925259200775562622690480572573789522477583485108985425567950799231606709391308959493932178056668754
172 292 187925259200775562622690480572573789522477583485108985425567950799231606709391308959493932178056668754
292 196 13170845875771121738868822566646778011675631523116071426933580471652140405656034481440981199499271812
196 292 13170845875771121738868822566646778011675631523116071426933580471652140405656034481440981199499271812
292 220 -108245724109709366961455370412158449437898801070157348464166262465180022412704246992826248313148032
220 292 -108245724109709366961455370412158449437898801070157348464166262465180022412704246992826248313148032
292 244 -3733303109838297489509785049349937649471264678974631531141227624283080085264594301176393364183342
244 292 -3733303109838297489509785049349937649471264678974631531141227624283080085264594301176393364183342
292 268 5754619915003204776184830435042485459657370864206807958262971331853155765391303665380124152736
268 292 5754619915003204776184830435042485459657370864206807958262971331853155765391303665380124152736
292 292 361349644697707832302548409666403453426667695150518718715062565560914154357688244872835787003
291 3 -6337712479267546102884541816115257211221790687232
3 291 -6337712479267546102884541816115257211221790687232
291 27 657982137390054891793714018272825418399374845409507195162913924245799094301296164864
27 291 657982137390054891793714018272825418399374845409507195162913924245799094301296164864
291 51 -262703390693756160661529749143209715650599870675328869398459106569723804988498498595912358559744
51 291 -262703390693756160661529749143209715650599870675328869398459106569723804988498498595912358559744
291 75 8692823501702534444448946278278525300017548940129642929521859613729629557314505909784580507133714432
75 291 8692823501702534444448946278278525300017548940129642929521859613729629557314505909784580507133714432
291 99 66292600957819846831408342585269370348379235959399146557755577618605082510014429577607481279847410688
99 291 66292600957819846831408342585269370348379235959399146557755577618605082510014429577607481279847410688
291 123 -2440947882290897857405310256791483967465247775939843209034498022226023589296800234797642819631784858048
123 291 -2440947882290897857405310256791483967465247775939843209034498022226023589296800234797642819631784858048
291 147 1473882719524255072753813510389441632842044315700088520316807775429559301188387147950802802343563313904
147 291 1473882719524255072753813510389441632842044315700088520316807775429559301188387147950802802343563313904
291 171 -316781232976109286260288850083928574735885443213090632451182855722579230094023771592793996772916961884
171 291 -316781232976109286260288850083928574735885443213090632451182855722579230094023771592793996772916961884
291 195 -28392061917294889294132589420561470625353993341721339042563226908217113928238571197547060199997190144
195 291 -28392061917294889294132589420561470625353993341721339042563226908217113928238571197547060199997190144
291 219 182047470181219865175032464241037711792197799270089624323903566569463864044202352153150305443036452
219 291 182047470181219865175032464241037711792197799270089624323903566569463864044202352153150305443036452
291 243 8319408042375825024828598520258787316674951024395945628743304502521936606016624215974301901726964
243 291 8319408042375825024828598520258787316674951024395945628743304502521936606016624215974301901726964
291 267 -6224655209797987549324744425084836258102568255485536800940510207815655148356752936966610049478
267 291 -6224655209797987549324744425084836258102568255485536800940510207815655148356752936966610049478
291 291 -831982136102156663726324420547727543268255436937640496796384795800405275297451324002054648724
290 2 135050519397006118587631893976998779813888
2 290 135050519397006118587631893976998779813888
290 26 79969937409228491673163476008581672192376015228265520755504739285734071448335548416
26 290 79969937409228491673163476008581672192376015228265520755504739285734071448335548416
290 50 182154609223739778489911582819080579084942870089400455172218205555028508087914886744993045676032
50 290 182154609223739778489911582819080579084942870089400455172218205555028508087914886744993045676032
290 74 -9402460256344964058279833682250915603029764941026541782987949053360681887838374652400852903684539392
74 290 -9402460256344964058279833682250915603029764941026541782987949053360681887838374652400852903684539392
290 98 -403715665516466546918336818474163810053078104359910299234275497337937978708072075647029339543667658880
98 290 -403715665516466546918336818474163810053078104359910299234275497337937978708072075647029339543667658880
290 122 643538984822105012413609743831295194658817478087971327262365955417436299478800115074017726493187972976
122 290 643538984822105012413609743831295194658817478087971327262365955417436299478800115074017726493187972976
290 146 -2183101445608953847228011522014499841727234079002649888062765915850211982771222678544436358204673280296
146 290 -2183101445608953847228011522014499841727234079002649888062765915850211982771222678544436358204673280296
290 170 500505295957984828775466210337961745007633474876254417844122695088106039836613644545308870820571487516
170 290 500505295957984828775466210337961745007633474876254417844122695088106039836613644545308870820571487516
290 194 60051918957147218068804797774485417472550614281128401986869538249436069798569727216278398264652683144
194 290 60051918957147218068804797774485417472550614281128401986869538249436069798569727216278398264652683144
290 218 -280392893496052833899124062995145724493122551831023731867266921397264556322207430793793227209443340
218 290 -280392893496052833899124062995145724493122551831023731867266921397264556322207430793793227209443340
290 242 -18286089044399443659681160547969000298331644370691519839947176206912978289979675955398020286344648
242 290 -18286089044399443659681160547969000298331644370691519839947176206912978289979675955398020286344648
290 266 -638530681074461611747693505365290652288266561869152340976344976673087360522506394563909883246
266 290 -638530681074461611747693505365290652288266561869152340976344976673087360522506394563909883246
290 290 1900258836815526500963505683350220629824694752193302188109998622831627253962655503321994720882
289 1 -1388040018944749922189460897792
1 289 -1388040018944749922189460897792
289 25 -267667357510214495064382149335561351250613943462984416703536985462703869445913182208
25 289 -267667357510214495064382149335561351250613943462984416703536985462703869445913182208
289 49 -121145788798758185147192729613584055873860238020135390144755903306293824216334908655898648903680
49 289 -121145788798758185147192729613584055873860238020135390144755903306293824216334908655898648903680
289 73 9238998804919359707130850403854890122789958365427061226478449021479714039684175390616255510191888384
73 289 9238998804919359707130850403854890122789958365427061226478449021479714039684175390616255510191888384
289 97 874241596642176192584070730769184448635758297167424443539875771504556944707807278950996222016394242816
97 289 874241596642176192584070730769184448635758297167424443539875771504556944707807278950996222016394242816
289 121 5443541386228158632574693208397519673577190917816001638478851240803156111897080707613411759276542956512
121 289 5443541386228158632574693208397519673577190917816001638478851240803156111897080707613411759276542956512
289 145 2735675926928197145943080213298419191587007013469911422573040064298149071338980687142057724333380245984
145 289 2735675926928197145943080213298419191587007013469911422573040064298149071338980687142057724333380245984
289 169 -721883407798483144121652532738837543134645279032595048618146997656907890807264258898006511747160795076
169 289 -721883407798483144121652532738837543134645279032595048618146997656907890807264258898006511747160795076
289 193 -124595663412813197209480152858897542743038888380568984349316474602557015004832047674336608104491819280
193 289 -124595663412813197209480152858897542743038888380568984349316474602557015004832047674336608104491819280
289 217 367103270378799361954323391380218263586710187172861698178053419750605599655658831619359405544850352
217 289 367103270378799361954323391380218263586710187172861698178053419750605599655658831619359405544850352
289 241 39668413697411421621615622520905626846452746035649880469584144651166093251654644260982572992121636
241 289 39668413697411421621615622520905626846452746035649880469584144651166093251654644260982572992121636
289 265 32561181955071580521368887024650188168597718239036943887234753181715337421234999517447637710392
265 289 32561181955071580521368887024650188168597718239036943887234753181715337421234999517447637710392
289 289 -4306124898763042409515453583593881961503533583444755030363586656716612422845433368821397616816
288 24 214306598387923439444464457778889562644212793251536516390030585297632920664782405632
24 288 214306598387923439444464457778889562644212793251536516390030585297632920664782405632
288 48 77218938754623400175643370908923906670794403824828493630246694144623388699934483759893460287488
48 288 77218938754623400175643370908923906670794403824828493630246694144623388699934483759893460287488
288 72 -7952966254999547197396595361404180870275008999223781193294296337335919524474026932604344395645583360
72 288 -7952966254999547197396595361404180870275008999223781193294296337335919524474026932604344395645583360
288 96 -1389577526897917002728312169451069804130249747044267346853036137640030631206174938297174833228280879332
96 288 -1389577526897917002728312169451069804130249747044267346853036137640030631206174938297174833228280879332
288 120 -19536123916630593007549457228423302242555258401361148341214315976298219328099887376166499368104789171776
120 288 -19536123916630593007549457228423302242555258401361148341214315976298219328099887376166499368104789171776
288 144 -2352801917417006482863049587837981479365645280346927991323761575538802069455747640022929991847824754352
144 288 -2352801917417006482863049587837981479365645280346927991323761575538802069455747640022929991847824754352
288 168 892078195315344093159024192699330044723829762942194780883905627808727227044044911808337946691976564232
168 288 892078195315344093159024192699330044723829762942194780883905627808727227044044911808337946691976564232
288 192 253540726905537698575767322800474568283189500378797244383256754566759293580465633431902312791708074568
192 288 253540726905537698575767322800474568283189500378797244383256754566759293580465633431902312791708074568
288 216 -303913965437657428354680406253920658355949618673592907277181763775756922519557212000916899161787640
216 288 -303913965437657428354680406253920658355949618673592907277181763775756922519557212000916899161787640
288 240 -84972540074873344321230707665497349971465253341710291466478462631737263232485142778983909381843024
240 288 -84972540074873344321230707665497349971465253341710291466478462631737263232485142778983909381843024
288 264 -137753966841071326221097458638831209422554778364551932224670378072836287329204246384178378825776
264 288 -137753966841071326221097458638831209422554778364551932224670378072836287329204246384178378825776
288 288 9682649707733418392099746475051159766492503319254672948713682192872389241072231061391038111505
287 23 -115278532511330946939671435733845904237874161542242612686325262450111476708677779456
23 287 -115278532511330946939671435733845904237874161542242612686325262450111476708677779456
287 47 -47142731453262163342377064198119618341621602029120342298384694185100266644730693797720029659136
47 287 -47142731453262163342377064198119618341621602029120342298384694185100266644730693797720029659136
287 71 5439616751964965320286109839660650632995830750360432827086177440949171592202772155585719572813840384
71 287 5439616751964965320286109839660650632995830750360432827086177440949171592202772155585719572813840384
287 95 1748483193284352385168141461538368897271516594334848887079751543009113889415614557901992444032788485632
95 287 1748483193284352385168141461538368897271516594334848887079751543009113889415614557901992444032788485632
287 119 46463694280093962977144198279611901533408164504972072692430987898506527558673427707150608691253718669041
119 287 46463694280093962977144198279611901533408164504972072692430987898506527558673427707150608691253718669041
287 143 -730718438262875867159535999723218149369970762484117905398152385562899897177522743240309001816947226785
143 287 -730718438262875867159535999723218149369970762484117905398152385562899897177522743240309001816947226785
287 167 -751660833193721197145571487034122459345195810562028721711218191364962777247311403219432917722669116511
167 287 -751660833193721197145571487034122459345195810562028721711218191364962777247311403219432917722669116511
287 191 -505926883540057607597340663618370905049203985299324760007810461976817431439925771808797792653324506337
191 287 -505926883540057607597340663618370905049203985299324760007810461976817431439925771808797792653324506337
287 215 -314176024084562583841514328844458327187760827303524727442557507013381992060776154406471104771311583
215 287 -314176024084562583841514328844458327187760827303524727442557507013381992060776154406471104771311583
287 239 179800705067632181773605251067292442637099500428835568246248743464215750345536197653748749087483551
239 287 179800705067632181773605251067292442637099500428835568246248743464215750345536197653748749087483551
287 263 439966610325111402253915303665658875958400813774764088472858633865700472825023375659469387871686
263 287 439966610325111402253915303665658875958400813774764088472858633865700472825023375659469387871686
287 287 -21606822246908652170090425466114881716174781135905683976059928927706175589385898970236689474374
286 22 45974994412060603891090759899096336153812000199285579951805764834219217700951949312
22 286 45974994412060603891090759899096336153812000199285579951805764834219217700951949312
286 46 27554325074052726885565848194834291427629752236912705404845174110771533135149862509884743876608
46 286 27554325074052726885565848194834291427629752236912705404845174110771533135149862509884743876608
286 70 -1794147811987362218803639011878500928012123476347908688432332638531391692828612082498573040934453248
70 286 -1794147811987362218803639011878500928012123476347908688432332638531391692828612082498573040934453248
286 94 -1614862662065866187673347273896655240212312417439641196937101989351751914832288302588117358174670635520
94 286 -1614862662065866187673347273896655240212312417439641196937101989351751914832288302588117358174670635520
286 118 -90988537945952257124100702965999898713524211475577917646425915500399173155179614223041947244132185213075
118 286 -90988537945952257124100702965999898713524211475577917646425915500399173155179614223041947244132185213075
286 142 10092098773901798797595395006749056174357527571363809770110991077677742007211553145788264129335918054155
142 286 10092098773901798797595395006749056174357527571363809770110991077677742007211553145788264129335918054155
286 166 -327206719404490661749757662381224998280231370122690990226943976546109526321193617764517738636877051085
166 286 -327206719404490661749757662381224998280231370122690990226943976546109526321193617764517738636877051085
286 190 989778096104081625417118076619989415669217954322495795930269491207427524722591673467700545947384456002
190 286 989778096104081625417118076619989415669217954322495795930269491207427524722591673467700545947384456002
286 214 2538109261086751387958797705436675002049744386527132352816739408209587443874842335270672639000808673
214 286 2538109261086751387958797705436675002049744386527132352816739408209587443874842335270672639000808673
286 238 -375934553418792942326293041727984959813780575040268170290437623939294667403896456411875517331634661
238 286 -375934553418792942326293041727984959813780575040268170290437623939294667403896456411875517331634661
286 262 -1244114450385387237147181811900779375217316186508725252566299754016801918910117869059936887107840
262 286 -1244114450385387237147181811900779375217316186508725252566299754016801918910117869059936887107840
286 286 47855211541897468582985378804441555762045154795599740924488355417134213346087662216702211686036
285 21 -13344816770616094714687192691103885114430206881474850200391970564891737546943365120
21 285 -13344816770616094714687192691103885114430206881474850200391970564891737546943365120
285 45 -15414564892884130277204505578067483561026822084393189434717071744801575310841019477811907264512
45 285 -15414564892884130277204505578067483561026822084393189434717071744801575310841019477811907264512
285 69 -2672660767489802144383844241134453820714638514807102347927798433796621601529185716569715505285300224
69 285 -2672660767489802144383844241134453820714638514807102347927798433796621601529185716569715505285300224
285 93 530340807662558774651266740682154962787033887675193172462044620948840660080115436620859850238779285504
93 285 530340807662558774651266740682154962787033887675193172462044620948840660080115436620859850238779285504
285 117 155016624253203320352162871766877833830884534187275254267751516467462620089752014988046091091067447346416
117 285 155016624253203320352162871766877833830884534187275254267751516467462620089752014988046091091067447346416
285 141 -32425098922599322245220896359015681498032145246749273156980622059160040179355346235593678130800872673271
141 285 -32425098922599322245220896359015681498032145246749273156980622059160040179355346235593678130800872673271
285 165 3716282693570394437437973558160056559486058478427661388715069391407356006440748348486992964042297734907
165 285 3716282693570394437437973558160056559486058478427661388715069391407356006440748348486992964042297734907
285 189 -1897961326543777809454352076413843756102137971972628879017469417994788226694049362103476404357001797903
189 285 -1897961326543777809454352076413843756102137971972628879017469417994788226694049362103476404357001797903
285 213 -8902346889735365202750395274250207176821657365410801330356772435793321164058010626483260566626783018
213 285 -8902346889735365202750395274250207176821657365410801330356772435793321164058010626483260566626783018
285 237 776843833924754470969478550154241886220022053730260630912462941007033115115870784482694047708731297
237 285 776843833924754470969478550154241886220022053730260630912462941007033115115870784482694047708731297
285 261 3278395760383699512458249004733924034662308422732568314950888318728547412427528235576688908677910
261 285 3278395760383699512458249004733924034662308422732568314950888318728547412427528235576688908677910
285 285 -105210540047367454754914691177696792922325854220095220495558519243252479379856093038171591745424
284 20 2471762474834267008038989136610471606693441407468940373231511242509755233297498112
20 284 2471762474834267008038989136610471606693441407468940373231511242509755233297498112
284 44 8252083710767478048141788274142039268710662247348111628624487649854643756320066741034402447360
44 284 8252083710767478048141788274142039268710662247348111628624487649854643756320066741034402447360
284 68 7469381213456878458718454550118168750845888038315240773422360748217269743954240552465065737839968256
68 284 7469381213456878458718454550118168750845888038315240773422360748217269743954240552465065737839968256
284 92 2019082616709161040918606598053862200861200527178567616888294977434324647322606072328060836911582995456
92 284 2019082616709161040918606598053862200861200527178567616888294977434324647322606072328060836911582995456
284 116 -232670763884542822524781306602194491360218111634401314954066240060015733230773407065774221607955843668522
116 284 -232670763884542822524781306602194491360218111634401314954066240060015733230773407065774221607955843668522
284 140 79464197563537352407846963932117176426875338370240936983998185317479971358330353460026352037768525699370
140 284 79464197563537352407846963932117176426875338370240936983998185317479971358330353460026352037768525699370
284 164 -12213760598718445053256114960960650047621356635070039272142323563373081694347219099983952638767751862158
164 284 -12213760598718445053256114960960650047621356635070039272142323563373081694347219099983952638767751862158
284 188 3566032814571766732261343659725352484277953731729096480522707360327978657395229667024820452142235860339
188 284 3566032814571766732261343659725352484277953731729096480522707360327978657395229667024820452142235860339
284 212 25212750869989710663260616629534520257912675246660722303339603632780494441809077349784281463086320886
212 284 25212750869989710663260616629534520257912675246660722303339603632780494441809077349784281463086320886
284 236 -1586775203700500674533232628967130673312838534847455976758150353153145859269642179678006910657339304
236 284 -1586775203700500674533232628967130673312838534847455976758150353153145859269642179678006910657339304
284 260 -8238642276939851845548841586776979026879778733094023415114201220250731126093781743223444132784276
260 284 -8238642276939851845548841586776979026879778733094023415114201220250731126093781743223444132784276
284 284 229629811365019791515824175294768951322892579278731703061433718106451164630802876321005201614326
283 19 -114248709492352737069882550527588952308563328395610461575677560593506168360402944
19 283 -114248709492352737069882550527588952308563328395610461575677560593506168360402944
283 43 -4226504325821930401999518903854368092984680073450674439284626829302482832799661822280084750336
43 283 -4226504325821930401999518903854368092984680073450674439284626829302482832799661822280084750336
283 67 -12006433177049760411411798615688939165696973358081518218400211671359251606425321167682069923202334720
67 283 -12006433177049760411411798615688939165696973358081518218400211671359251606425321167682069923202334720
283 91 -6471611897725451194605600871990217329153916543362016837463599761406128062610018490301005293662250022912
91 283 -6471611897725451194605600871990217329153916543362016837463599761406128062610018490301005293662250022912
283 115 303237941359335013888585531704584967554531011466392827078078215458958633179525045989872380496921460075916
115 283 303237941359335013888585531704584967554531011466392827078078215458958633179525045989872380496921460075916
283 139 -170600542132787923518693312439351487930880248353594687514915951110842534422792122804271741408183319725599
139 283 -170600542132787923518693312439351487930880248353594687514915951110842534422792122804271741408183319725599
283 163 31237708550148660454164502448338607116093545949725418260208249296021635795723956950702335657249523907352
163 283 31237708550148660454164502448338607116093545949725418260208249296021635795723956950702335657249523907352
283 187 -6561782425789968305174429083695618215088730670639558340454560294221454179571794291499302195890127605482
187 283 -6561782425789968305174429083695618215088730670639558340454560294221454179571794291499302195890127605482
283 211 -64253120048899531877101908275983310166211555915593908291360303929784882963851093009572847612237418212
211 283 -64253120048899531877101908275983310166211555915593908291360303929784882963851093009572847612237418212
283 235 3203960153971023660805954820156375749104971266513988624383179669375135405196338500146025059853982215
235 283 3203960153971023660805954820156375749104971266513988624383179669375135405196338500146025059853982215
283 259 19991482911034417698017665833140809630631323827631261420287293597738822660054684316009357273679306
259 283 19991482911034417698017665833140809630631323827631261420287293597738822660054684316009357273679306
283 283 -497600482571155492836713328929232544008624787362698459828906800879780918847663166701181925586190
282 18 -84495456047187056477140817883942876413246093308499661931605018324564669091545088
18 282 -84495456047187056477140817883942876413246093308499661931605018324564669091545088
282 42 2069749183442604180211303734382289467979228206141254003593283545900108336968488913208654954496
42 282 2069749183442604180211303734382289467979228206141254003593283545900108336968488913208654954496
282 66 15708351142525305049026702337723864104908049408675690434464851270089217553474599653976791887858630656
66 282 15708351142525305049026702337723864104908049408675690434464851270089217553474599653976791887858630656
282 90 13001633820296378045680408156760650332627573008035870208255650686730206172703241284214560875123021144064
90 282 13001633820296378045680408156760650332627573008035870208255650686730206172703241284214560875123021144064
282 114 -323165770826843760681595183338986281525696414644396821678376093489550795870350611521013710901033535720688
114 282 -323165770826843760681595183338986281525696414644396821678376093489550795870350611521013710901033535720688
282 138 336067100111588952528913524312837231286205348307195665568258137546892900523002046140845689190042929440034
138 282 336067100111588952528913524312837231286205348307195665568258137546892900523002046140845689190042929440034
282 162 -70838849772964628751468328345916092710037946921930562016861924018141132758322350716275842387920431572132
162 282 -70838849772964628751468328345916092710037946921930562016861924018141132758322350716275842387920431572132
282 186 11816882633561546142459172105000967637132935488749608136397340584256834621342700277617789595397340749980
186 282 11816882633561546142459172105000967637132935488749608136397340584256834621342700277617789595397340749980
282 210 153273493683681057728247101504947021404261146909280428424792614803122780423224104500990875663751798626
210 282 153273493683681057728247101504947021404261146909280428424792614803122780423224104500990875663751798626
282 234 -6395157406520043992999056151574315906149231872547248221919956917797942972017461892193490227834438926
234 282 -6395157406520043992999056151574315906149231872547248221919956917797942972017461892193490227834438926
282 258 -47193181608424680717580522646175983180491646173315172666832770159489712910250665330939567629027258
258 282 -47193181608424680717580522646175983180491646173315172666832770159489712910250665330939567629027258
282 282 1070676777674454710534597513515257062162753103645511897084342321954731558670223764305450945953760
281 17 25850216607681586558286252177069226429590597632268797164329521112134796324110336
17 281 25850216607681586558286252177069226429590597632268797164329521112134796324110336
281 41 -967699119507878697667691993894541514902974683717077673343697783107603471756558893288649654272
41 281 -967699119507878697667691993894541514902974683717077673343697783107603471756558893288649654272
281 65 -18127749923629330711133403447992290222334073538375712802028241193007371164245694837566193452170870784
65 281 -18127749923629330711133403447992290222334073538375712802028241193007371164245694837566193452170870784
281 89 -21309643456966840302767941653868248245451597361966847529594718550570780828413795481648949513690828697600
89 281 -21309643456966840302767941653868248245451597361966847529594718550570780828413795481648949513690828697600
281 113 220104463237234704389197288981342617863059868008601675160641380920071223680692838944640039693609339333176
113 281 220104463237234704389197288981342617863059868008601675160641380920071223680692838944640039693609339333176
281 137 -620166366998081652229481043874974651977214733149622628889579990046484750150227146222995959550586126964003
137 281 -620166366998081652229481043874974651977214733149622628889579990046484750150227146222995959550586126964003
281 161 148977524642491034075343611628985855622337909335445808387060226691978611241193645401520254260822012654239
161 281 148977524642491034075343611628985855622337909335445808387060226691978611241193645401520254260822012654239
281 185 -20807302954090197911185974239301271100395288782184458802950571124637309376072647216179857688487871714569
185 281 -20807302954090197911185974239301271100395288782184458802950571124637309376072647216179857688487871714569
281 209 -348768345664741054180658036352611990399710868773711105686347884625806098639450346054037616784495386006
209 281 -348768345664741054180658036352611990399710868773711105686347884625806098639450346054037616784495386006
281 233 12617801014581322695986911654972114927893389695847962195836600959907283288587698596821386614267485601
233 281 12617801014581322695986911654972114927893389695847962195836600959907283288587698596821386614267485601
281 257 108910580708231545340831905732095471473427617958470510241005912144373449594207860037388079329507324
257 281 108910580708231545340831905732095471473427617958470510241005912144373449594207860037388079329507324
281 281 -2287703792191680178894889322211720452196878151423247708675533389954321722261509738161577621435170
280 16 -2887175090835809022742290641260316271986553070652308715912799542467703913578496
16 280 -2887175090835809022742290641260316271986553070652308715912799542467703913578496
280 40 430703189239551629613221709433271442094163288067872158833572460782733668764364285682179375104
40 280 430703189239551629613221709433271442094163288067872158833572460782733668764364285682179375104
280 64 19031148540964889155065093569365923480541534647469357164569658995150472873769393484858273308990242816
64 280 19031148540964889155065093569365923480541534647469357164569658995150472873769393484858273308990242816
280 88 30451409931024543640934730740396253047766752966379909385790707624187026664213531058542722884902410850304
88 280 30451409931024543640934730740396253047766752966379909385790707624187026664213531058542722884902410850304
280 112 105821604212709023340942170926420209749332943917308645688095949693457775126965591161897767042276845059960
112 280 105821604212709023340942170926420209749332943917308645688095949693457775126965591161897767042276845059960
280 136 1083299163829728732649871764080897313198949495325859031889991393758785612113158160007065368020166389945699
136 280 1083299163829728732649871764080897313198949495325859031889991393758785612113158160007065368020166389945699
280 160 -296670229266541780911963323954321217225811351035992878545290067394654696062347126908397931954746300249351
160 280 -296670229266541780911963323954321217225811351035992878545290067394654696062347126908397931954746300249351
280 184 35774878013057115356757223015491830440911706832217939929960824109629671227163766922293808939599015686950
184 280 35774878013057115356757223015491830440911706832217939929960824109629671227163766922293808939599015686950
280 208 765014386585357694957265505671625936257040769476905903676136474175522848385495051270508487001626677474
208 280 765014386585357694957265505671625936257040769476905903676136474175522848385495051270508487001626677474
280 232 -24605526265779860559015504575745592559828831249062858287645393744422136085101153477187234862296471499
232 280 -24605526265779860559015504575745592559828831249062858287645393744422136085101153477187234862296471499
280 256 -246530485621649425399616357370380314453234797346843777188115019496805887720076359324590810667953290
256 280 -246530485621649425399616357370380314453234797346843777188115019496805887720076359324590810667953290
280 280 4854464035225135278782149760724495124593589361504473132221791342934318575621009415563545330126544
279 15 -841334033818249730345102725651391083984218588515186545991409585189799591936
15 279 -841334033818249730345102725651391083984218588515186545991409585189799591936
279 39 -181565974622259000835479986774419406951240967338216480386558024424514525263504194929529192448
39 279 -181565974622259000835479986774419406951240967338216480386558024424514525263504194929529192448
279 63 -18434599250602232631495191396646457326876448348657252423094371748219924209788607949490203659295784960
63 279 -18434599250602232631495191396646457326876448348657252423094371748219924209788607949490203659295784960
279 87 -38783781357351904216079604626024818430077066237180174178454880551317643308852566791012849771706889863168
87 279 -38783781357351904216079604626024818430077066237180174178454880551317643308852566791012849771706889863168
279 111 -766555513038858661787311160904512334270431581184583490510696813190545679393934992457243836832421744804480
111 279 -766555513038858661787311160904512334270431581184583490510696813190545679393934992457243836832421744804480
279 135 -1800423972114165057615471686349604909681693612264695509829086701426326024391350123523553235080478174036024
135 279 -1800423972114165057615471686349604909681693612264695509829086701426326024391350123523553235080478174036024
279 159 565767602482027220976880068589404392748023701528218269883134584435360810836783853740996323087356651392038
159 279 565767602482027220976880068589404392748023701528218269883134584435360810836783853740996323087356651392038
279 183 -59946259077494403698432184690994998478463429827621356073581226480765335335084672504200249899801898151178
183 279 -59946259077494403698432184690994998478463429827621356073581226480765335335084672504200249899801898151178
279 207 -1628059428025878097902621533126081862490886846431914534374725943523210632940533942670747034099882762466
207 279 -1628059428025878097902621533126081862490886846431914534374725943523210632940533942670747034099882762466
279 231 47414986942309208357591271064404772021041645138377585261945227158007099866922754000921798244378559252
231 279 47414986942309208357591271064404772021041645138377585261945227158007099866922754000921798244378559252
279 255 548689809372902101356465622300564385080690750128967679591179809215542206191542950863953985624908536
255 279 548689809372902101356465622300564385080690750128967679591179809215542206191542950863953985624908536
279 279 -10230976251850134825604665986472371389732471168134640897385463873799817733818802823825780315017372
278 14 22168083187325541973513241185710550362873671749442848327002817001358641594368
14 278 22168083187325541973513241185710550362873671749442848327002817001358641594368
278 38 71952419914172932029255158491061881940128475959863403250488183678616307454195295622860374016
38 278 71952419914172932029255158491061881940128475959863403250488183678616307454195295622860374016
278 62 16581867596254509699425206316947213003778458085569626786426761714737807835285520206000359326611406848
62 278 16581867596254509699425206316947213003778458085569626786426761714737807835285520206000359326611406848
278 86 44098364732377377877248579281946142457632796700725879318767039875999710491232034264117867727589157560320
86 278 44098364732377377877248579281946142457632796700725879318767039875999710491232034264117867727589157560320
278 110 1849446954266330855908188994590300347074852494689286923517484163886920420195346354405464065186084652187536
110 278 1849446954266330855908188994590300347074852494689286923517484163886920420195346354405464065186084652187536
278 134 2851959072965894727267651024745421994666385238659290621670765137014984311876347494001135972011670864727882
134 278 2851959072965894727267651024745421994666385238659290621670765137014984311876347494001135972011670864727882
278 158 -1040212739313002721518486718674113151403026260086741172149359759394180852772303285969545659783952858427810
158 278 -1040212739313002721518486718674113151403026260086741172149359759394180852772303285969545659783952858427810
278 182 97627497365391029680895506641602949035304196583686299156798230276746596735288619341582326017686358725800
182 278 97627497365391029680895506641602949035304196583686299156798230276746596735288619341582326017686358725800
278 206 3375869372346956855779524833618961092762151445449312421167080489856922556871652911390819085902755414050
206 278 3375869372346956855779524833618961092762151445449312421167080489856922556871652911390819085902755414050
278 230 -90263900597885976710525896739092206535567572345211369560196609269116841067588587872127122372997671312
230 278 -90263900597885976710525896739092206535567572345211369560196609269116841067588587872127122372997671312
278 254 -1202872311529288753815698979637473701551835730936309969170378793442352191985313781819738697642219886
254 278 -1202872311529288753815698979637473701551835730936309969170378793442352191985313781819738697642219886
278 278 21417051025530033745827089192177871266558594602035771684527879567491069086734832347477351767284078
277 13 -385622533785285065658571221005692482395232226452496907484920330598878281728
13 277 -385622533785285065658571221005692482395232226452496907484920330598878281728
277 37 -26563788850367439238471703539983233446571904159540715022296444079843941832965629151599919104
37 277 -26563788850367439238471703539983233446571904159540715022296444079843941832965629151599919104
277 61 -13874545110182628820748864091843850721974261181651461858240487951477934363731427241813490178872836096
61 277 -13874545110182628820748864091843850721974261181651461858240487951477934363731427241813490178872836096
277 85 -43978626130949198207007817157871908125576832670308193138777582837596182146285178034572432540441868713984
85 277 -43978626130949198207007817157871908125576832670308193138777582837596182146285178034572432540441868713984
277 109 -3355614649640464831877542686732097280680708891108478338309384612043579259762076449084686331869476926450272
109 277 -3355614649640464831877542686732097280680708891108478338309384612043579259762076449084686331869476926450272
277 133 -4301043918516256985948870058551598285696568327167468033289513993759595839391004172703399144664972169568236
133 277 -4301043918516256985948870058551598285696568327167468033289513993759595839391004172703399144664972169568236
277 157 1851518707181851651975828053369038681136561699972938859863325987648057230020612390345100030915862027613630
157 277 1851518707181851651975828053369038681136561699972938859863325987648057230020612390345100030915862027613630
277 181 -153899529840075453465483411410833426022520108549029997391850848565647135036426219818621149731774681098877
181 277 -153899529840075453465483411410833426022520108549029997391850848565647135036426219818621149731774681098877
277 205 -6840580129913135182647946942528747860593035433415628372884838403756266153108948267948963842082650022792
205 277 -6840580129913135182647946942528747860593035433415628372884838403756266153108948267948963842082650022792
277 229 169694009976928753650121049533356459764647364180624631701103524888502654116828130810905743406007189144
229 277 169694009976928753650121049533356459764647364180624631701103524888502654116828130810905743406007189144
277 253 2601049393405133907611095833117239382306371336488068025428555202074630928565675352783288946758287582
253 277 2601049393405133907611095833117239382306371336488068025428555202074630928565675352783288946758287582
277 277 -44534861193805540326445912771961051820785584346753416431510513303510745488685987818323560385613766
276 12 747217473925392794565686637270279968493143194191573576194257946979587850240
12 276 747217473925392794565686637270279968493143194191573576194257946979587850240
276 36 9083220650905810347774490712237541691017530081579092767756177502402623929784703310102528000
36 276 9083220650905810347774490712237541691017530081579092767756177502402623929784703310102528000
276 60 10776209928871809988777147323234786475836089691622194530835271353486675828116344107121606609711661056
60 276 10776209928871809988777147323234786475836089691622194530835271353486675828116344107121606609711661056
276 84 36352958078410265044570172192391571483782996295189166284270113708658197766020167549842221956784157229056
84 276 36352958078410265044570172192391571483782996295189166284270113708658197766020167549842221956784157229056
276 108 5117375632443765003512068774234385800629683189192715516989915472016220340224358628717760322018960644203168
108 276 5117375632443765003512068774234385800629683189192715516989915472016220340224358628717760322018960644203168
276 132 6148677679964753830191116524874785112138345433612873946304704392057239604629549952686215410979523477533912
132 276 6148677679964753830191116524874785112138345433612873946304704392057239604629549952686215410979523477533912
276 156 -3198671814487323884658614415522858327328127736987451912885761490057361461460434969144829153643789695709596
156 276 -3198671814487323884658614415522858327328127736987451912885761490057361461460434969144829153643789695709596
276 180 233359357017411038201346671827767764972862621448982947241367701129888541088531649730422700288846878269070
180 276 233359357017411038201346671827767764972862621448982947241367701129888541088531649730422700288846878269070
276 204 13574014475530312066186307059052621349006952809861113151399038199364047180788802496153976254565870425244
204 276 13574014475530312066186307059052621349006952809861113151399038199364047180788802496153976254565870425244
276 228 -314890129314557397137610782638653866285045973238097681609829399930689138044837433880958751751976553852
228 276 -314890129314557397137610782638653866285045973238097681609829399930689138044837433880958751751976553852
276 252 -5553750844677014367373043225068776543453506059426926650373304607089954909860221589626314723969020070
252 276 -5553750844677014367373043225068776543453506059426926650373304607089954909860221589626314723969020070
276 276 91995788747787690950411926138389305780599641415511216740115305402091317798847448356000980166496948
275 11 -189893244450204024684879474523548160649764422161002624791144826436707155968
11 275 -189893244450204024684879474523548160649764422161002624791144826436707155968
275 35 -2911447276257265470232026733163858245420645993078893407348218275877200777922402993771118592
35 275 -2911447276257265470232026733163858245420645993078893407348218275877200777922402993771118592
275 59 -7717562031490583856021790840220512194879732882943654705430553892271930455229353381558829772244516864
59 275 -7717562031490583856021790840220512194879732882943654705430553892271930455229353381558829772244516864
275 83 -20140380008499671905537694112273197677622425448610078253948109435480374821660707374466659859666852773888
83 275 -20140380008499671905537694112273197677622425448610078253948109435480374821660707374466659859666852773888
275 107 -6711229299280929663755085373464194561361417782216956676618769224087158519524152898169372663738953852900544
107 275 -6711229299280929663755085373464194561361417782216956676618769224087158519524152898169372663738953852900544
275 131 -8256015786742739982941430873786836223162555662963733929139716417925569903964289762187064146004361032729282
131 275 -8256015786742739982941430873786836223162555662963733929139716417925569903964289762187064146004361032729282
275 155 5371339771532975894921106155953140282994608102424966711595454037093849500473650418028097870251681476294399
155 275 5371339771532975894921106155953140282994608102424966711595454037093849500473650418028097870251681476294399
275 179 -336864691830245375773627738165484601482356891189252632910544713060119404171225578590822453356634837126078
179 275 -336864691830245375773627738165484601482356891189252632910544713060119404171225578590822453356634837126078
275 203 -26418430722892239971232798771678883731799596228334145211733679261719221772860242195824090695151630855746
203 275 -26418430722892239971232798771678883731799596228334145211733679261719221772860242195824090695151630855746
275 227 576385529980141094888565083097190736548946583487061659932876204488985285335149962651893081537769837776
227 275 576385529980141094888565083097190736548946583487061659932876204488985285335149962651893081537769837776
275 251 11719570164497487660000242577161010834169832099622720171466177053775184776003567365266026040389492326
251 275 11719570164497487660000242577161010834169832099622720171466177053775184776003567365266026040389492326
275 275 -188795324628532690718687374207925684644330876983635974240317318041953665980137957698315372181871826
274 10 15004204145488311236422001892386490968637276300179608187736599525094064128
10 274 15004204145488311236422001892386490968637276300179608187736599525094064128
274 34 929626839929105002021431741847812858975778093288758492973022977150079858696157711430582272
34 274 929626839929105002021431741847812858975778093288758492973022977150079858696157711430582272
274 58 5025514976208510299120317254006701133320177631271743838915541944133684455936613483227908140454379520
58 274 5025514976208510299120317254006701133320177631271743838915541944133684455936613483227908140454379520
274 82 -4178465325326580795095564613727623176380060710441105278045628632589046302134042608148644829247899566080
82 274 -4178465325326580795095564613727623176380060710441105278045628632589046302134042608148644829247899566080
274 106 7397787817065323423632755978361201388299409978757147694069936655547681680781385417621856260744338608750144
106 274 7397787817065323423632755978361201388299409978757147694069936655547681680781385417621856260744338608750144
274 130 10221942893483384969174312871586110344277780842838491306416729953738294942983120224149607506144555448310246
130 274 10221942893483384969174312871586110344277780842838491306416729953738294942983120224149607506144555448310246
274 154 -8772553368200339110533869938590759498624786533653881295698286245897189507904413509374386594259814678697913
154 274 -8772553368200339110533869938590759498624786533653881295698286245897189507904413509374386594259814678697913
274 178 454433897885992700157007750316783583623811476826437745422646017321707036792348475540446305142808295475594
178 274 454433897885992700157007750316783583623811476826437745422646017321707036792348475540446305142808295475594
274 202 50489026387740668879800173075116647265378314135044001406671311324651727928555392835657735868959100206150
202 274 50489026387740668879800173075116647265378314135044001406671311324651727928555392835657735868959100206150
274 226 -1039842215763739021132390530591324611038736129344466614476855373126781489734978785973825628358150573638
226 274 -1039842215763739021132390530591324611038736129344466614476855373126781489734978785973825628358150573638
274 250 -24458676211881052426531588077398495542847802700377661232781206266487466299470138376646878549040064534
250 274 -24458676211881052426531588077398495542847802700377661232781206266487466299470138376646878549040064534
274 274 384942939492041135283605738378759949410301966126774288189384343148309516516627515259806073024193232
273 9 -349542141968614653954848272426916827217750301429897643028169678697529344
9 273 -349542141968614653954848272426916827217750301429897643028169678697529344
273 33 -332536536216407390630673114242682311650664303463743133139693206712676101706726867172589568
33 273 -332536536216407390630673114242682311650664303463743133139693206712676101706726867172589568
273 57 -2888922604330646203795384280455776622617503181902244178086208127619289966903557183071780469836087296
57 273 -2888922604330646203795384280455776622617503181902244178086208127619289966903557183071780469836087296
273 81 34256593363176845368448854834616777387850193724217877372780503854586147167802150347855059993489168138240
81 273 34256593363176845368448854834616777387850193724217877372780503854586147167802150347855059993489168138240
273 105 -6132444104310869294298489287236098674163452649476667924085574505524365435151479939657950694659373958435840
105 273 -6132444104310869294298489287236098674163452649476667924085574505524365435151479939657950694659373958435840
273 129 -11205496692482728952717529349529496190271572342451838689763960687558097943129483614962291936285658642246304
129 273 -11205496692482728952717529349529496190271572342451838689763960687558097943129483614962291936285658642246304
273 153 13932044348387025899725527662658359594278473891531035552061340107790042475725477298466043154207395217181076
153 273 13932044348387025899725527662658359594278473891531035552061340107790042475725477298466043154207395217181076
273 177 -551179247885258182574797863363294598416426634091883916071371723061222741460039669987240118466303513149953
177 273 -551179247885258182574797863363294598416426634091883916071371723061222741460039669987240118466303513149953
273 201 -94834414661402523034109959082852275304595778405209893036757579396093320314566015913942649769524434925788
201 273 -94834414661402523034109959082852275304595778405209893036757579396093320314566015913942649769524434925788
273 225 1846937631705682745476604799155997964032736761932425822328113106226495013219374323149848792336415415400
225 273 1846937631705682745476604799155997964032736761932425822328113106226495013219374323149848792336415415400
273 249 50513189796531350432675594174535224193904966725973818556311393880167038093118685536978195634320704118
249 273 50513189796531350432675594174535224193904966725973818556311393880167038093118685536978195634320704118
273 273 -779844599047948236607645856814472098300802463541965105645362304155079076084524492068780780148845374
272 8 1902537632909983104962852704698400546617246002068195530405843394625536
8 272 1902537632909983104962852704698400546617246002068195530405843394625536
272 32 139418659748628333010884503926986130396831568067242518203269660708023136695530291418103808
32 272 139418659748628333010884503926986130396831568067242518203269660708023136695530291418103808
272 56 1361299624137253817177346412751514023258031874676219222175572979771354451085809624147220461906821120
56 272 1361299624137253817177346412751514023258031874676219222175572979771354451085809624147220461906821120
272 80 -65998133280956489367752001257775114651921315695128879096895392928444407710353567944751669385095583891456
80 272 -65998133280956489367752001257775114651921315695128879096895392928444407710353567944751669385095583891456
272 104 1693145667403344373455074734822723355989327102676938331009535195095324402031449458590364272676429520959360
104 272 1693145667403344373455074734822723355989327102676938331009535195095324402031449458590364272676429520959360
272 128 9689098917462929771013672860408261953696796608154190269561846612406699344374692563287567507387781553634004
128 272 9689098917462929771013672860408261953696796608154190269561846612406699344374692563287567507387781553634004
272 152 -21492857178039501806926854640058246664078979645694328153924210152403806914265366114227135877797699261132862
152 272 -21492857178039501806926854640058246664078979645694328153924210152403806914265366114227135877797699261132862
272 176 541232749060778313299695125358631182590713366902130276312806852372832573879548277417067414531685715184364
176 272 541232749060778313299695125358631182590713366902130276312806852372832573879548277417067414531685715184364
272 200 175191280752972415192521309402605316219547528781600268284702928036999782456854560479693189301528187473044
200 272 175191280752972415192521309402605316219547528781600268284702928036999782456854560479693189301528187473044
272 224 -3225137514506287048976524143811324364719465626911042925965022911276377170585620848198814144246326413118
224 272 -3225137514506287048976524143811324364719465626911042925965022911276377170585620848198814144246326413118
272 248 -103285672132856854335597959709996344089820865322055940853705440700730307131164333711080031849987168042
248 272 -103285672132856854335597959709996344089820865322055940853705440700730307131164333711080031849987168042
272 272 1569819101983783500803234680614485992288820746631415361517407274212473417592898161973655076981980422
271 7 65495092287315464432801657516284646448256108149819624594077059645440
7 271 65495092287315464432801657516284646448256108149819624594077059645440
271 31 -60024118902456684652572781022241151368084684822926293711917056570025772586154390391357440
31 271 -60024118902456684652572781022241151368084684822926293711917056570025772586154390391357440
271 55 -390922250007419984939901067005802470971052284581270019239912723515755600744478790455973113925468160
55 271 -390922250007419984939901067005802470971052284581270019239912723515755600744478790455973113925468160
271 79 94156392522471292269742098570156657414816815024524475812314207230410515590556407259772581116633959366656
79 271 94156392522471292269742098570156657414816815024524475812314207230410515590556407259772581116633959366656
271 103 7043342823591510540454313247402963771617915776275253605140524189442279157782170846228481270195498858661632
103 271 7043342823591510540454313247402963771617915776275253605140524189442279157782170846228481270195498858661632
271 127 -3192884873137266505648297377541803923723023124710210514375005861469301418609268293616710291606536947852632
127 271 -3192884873137266505648297377541803923723023124710210514375005861469301418609268293616710291606536947852632
271 151 32139886890576096200532986902139546148480171707512695468651570427907974695734165166297228475867279738892456
151 271 32139886890576096200532986902139546148480171707512695468651570427907974695734165166297228475867279738892456
271 175 -241887758472326239277084424274041443077073078285299206994251805890151736485228017966183556331872295402199
175 271 -241887758472326239277084424274041443077073078285299206994251805890151736485228017966183556331872295402199
271 199 -318468625535453033389166311123202879985239894575444250071490300541432617073937966313480302534676010301344
199 271 -318468625535453033389166311123202879985239894575444250071490300541432617073937966313480302534676010301344
271 223 5526156118232584297084077935727537382271407627090153460240280663019215257840737999521534244288947200042
223 271 5526156118232584297084077935727537382271407627090153460240280663019215257840737999521534244288947200042
271 247 209179466610086716238921553871636531319341991052631012289824322808441420059555916972363149792288618784
247 271 209179466610086716238921553871636531319341991052631012289824322808441420059555916972363149792288618784
271 271 -3140096127272950607330075281916030405997700792958705186876170621047648805972589390190814632253388924
270 6 3312394982751147799725057812206353362464553358415838933352871624704
6 270 3312394982751147799725057812206353362464553358415838933352871624704
270 30 22661110772040682690295853616783037131876234328394448966183262548497185692288620049727488
30 270 22661110772040682690295853616783037131876234328394448966183262548497185692288620049727488
270 54 -136197572325220213335415201031954070289212413328268686275382843420388379151473856870842155214569472
54 270 -136197572325220213335415201031954070289212413328268686275382843420388379151473856870842155214569472
270 78 -113333385204384151169051380406804041491843205006037669200732468835723241958840251007717060475473681711104
78 270 -113333385204384151169051380406804041491843205006037669200732468835723241958840251007717060475473681711104
270 102 -20682609332918000683622091733695122017644570537241396587416069983331250935702439137344877497666146286124032
102 270 -20682609332918000683622091733695122017644570537241396587416069983331250935702439137344877497666146286124032
270 126 -12023952889954327695248601261702457009203268387571474440394753011124513936569948337086321142319441984455456
126 270 -12023952889954327695248601261702457009203268387571474440394753011124513936569948337086321142319441984455456
270 150 -46417226169010379949450661090710967754519617182943907524177607746571939649277587179403304892126691559276872
150 270 -46417226169010379949450661090710967754519617182943907524177607746571939649277587179403304892126691559276872
270 174 -703459367245384133981981946603938327147426805026644006556969801475732335641866669242163603970965935187102
174 270 -703459367245384133981981946603938327147426805026644006556969801475732335641866669242163603970965935187102
270 198 569906922734776369856819800891636928934442184891924774781210480541217231616250993571956670981744879822752
198 270 569906922734776369856819800891636928934442184891924774781210480541217231616250993571956670981744879822752
270 222 -9266745676305532911076580934509065934142803083938312337542852149196893024592677743599478647743294745212
222 270 -9266745676305532911076580934509065934142803083938312337542852149196893024592677743599478647743294745212
270 246 -419755345758834908340302270293081797805101176488945480320332024583036697081296238589406804184056105022
246 270 -419755345758834908340302270293081797805101176488945480320332024583036697081296238589406804184056105022
270 270 6241787736626088865906636464174507510051257737561080900620054271347775443854254946947157382011113100
269 5 6240033304063111774924108762542611155237316384402470204828811264
5 269 6240033304063111774924108762542611155237316384402470204828811264
269 29 -7389069848227162891727449704878088103208470902941703852918729529396346727359822069497856
29 269 -7389069848227162891727449704878088103208470902941703852918729529396346727359822069497856
269 53 354392047862260911220150361562082910327503800324466888524438728985338342592436691607402561142784000
53 269 354392047862260911220150361562082910327503800324466888524438728985338342592436691607402561142784000
269 77 119165463821920472281204541308335535008124186842536807671905024357191340786432041542576516026321082515456
77 269 119165463821920472281204541308335535008124186842536807671905024357191340786432041542576516026321082515456
269 101 38814456493994881777738948058186875846979969467698281865994011578746705046979205886703664703605946889717248
101 269 38814456493994881777738948058186875846979969467698281865994011578746705046979205886703664703605946889717248
269 125 41199292606153365819396043522360832525884888561561022036260475566307532171531287818364420383654487531164880
125 269 41199292606153365819396043522360832525884888561561022036260475566307532171531287818364420383654487531164880
269 149 64348696277113403506882466785487981020878671398055211333840731840132087294383129829303238391438134696937612
149 269 64348696277113403506882466785487981020878671398055211333840731840132087294383129829303238391438134696937612
269 173 2949358461366365359147818511626976632358976802980673950702380755047651762275800417560532332376671558607061
173 269 2949358461366365359147818511626976632358976802980673950702380755047651762275800417560532332376671558607061
269 197 -1004279018573725262738729862863117244694935429751194595191901766563064588518027972734205252531818741165044
197 269 -1004279018573725262738729862863117244694935429751194595191901766563064588518027972734205252531818741165044
269 221 15150088542623228897761532824686922389000064489940183804614050082404203546147900126262532580808219996018
221 269 15150088542623228897761532824686922389000064489940183804614050082404203546147900126262532580808219996018
269 245 834844415334990884355465731557784147859793607086591123242258241019135973891151444992601915521905947996
245 269 834844415334990884355465731557784147859793607086591123242258241019135973891151444992601915521905947996
269 269 -12330134868497460518709824080043311025280536482802809680771701488740986420393205232248448614670540562
268 4 397390075127937088977250145488080406050847910558054249136128
4 268 397390075127937088977250145488080406050847910558054249136128
268 28 3023233527835649881392792540928317144533278508403240583461889083080112499655368662581248
28 268 3023233527835649881392792540928317144533278508403240583461889083080112499655368662581248
268 52 -386938252545143644338311908727112584912594137646289444336403988643804267333842327243112971189092352
52 268 -386938252545143644338311908727112584912594137646289444336403988643804267333842327243112971189092352
268 76 -109393199642734295152537568278634623445195324511779740575410468803756318813104928342762563152403090112512
76 268 -109393199642734295152537568278634623445195324511779740575410468803756318813104928342762563152403090112512
268 100 -59563715554442962566344014490161789788215836578406736628240957455364027707077992208838200731636695979141632
100 268 -59563715554442962566344014490161789788215836578406736628240957455364027707077992208838200731636695979141632
268 124 -91112135500540003378858593505544517779437381551965891764583383799818402521798423079085931598345897982646064
124 268 -91112135500540003378858593505544517779437381551965891764583383799818402521798423079085931598345897982646064
268 148 -84729462934558258613264892905596793507349909978067187513382157104112869894395378097488215417660319984074940
148 268 -84729462934558258613264892905596793507349909978067187513382157104112869894395378097488215417660319984074940
268 172 -7639526337242853232133886261350755961871109212637280912853444224358847233689298245224990907155382631345441
172 268 -7639526337242853232133886261350755961871109212637280912853444224358847233689298245224990907155382631345441
268 196 1743046461381658898683116296917423934821215057263361817474122041755944292180236141092682850075236338648564
196 268 1743046461381658898683116296917423934821215057263361817474122041755944292180236141092682850075236338648564
268 220 -24011612727182733397779146811339203646687192210180841419480197698392977916776874692089897986779369047390
220 268 -24011612727182733397779146811339203646687192210180841419480197698392977916776874692089897986779369047390
268 244 -1646129391818107241448002320256424994146026387201857122445855647616935819030696696847134891804921171820
244 268 -1646129391818107241448002320256424994146026387201857122445855647616935819030696696847134891804921171820
268 268 24206873178898469850451559732397861318094600342803836815893429829024579022908621152540333579033797336
267 3 547724812415666118202234006141723380830741293925662720
3 267 547724812415666118202234006141723380830741293925662720
267 27 -2199850767445713817327789257487144777131892117312822543222933231242209089193657057148928
27 267 -2199850767445713817327789257487144777131892117312822543222933231242209089193657057148928
267 51 328807948471756740138261891553557891953379667197493738058357918646137793984945477238793775949545472
51 267 328807948471756740138261891553557891953379667197493738058357918646137793984945477238793775949545472
267 75 84513963286646503751777991643030607822547116152978883941004357350123180975995630745801824834051377201152
75 267 84513963286646503751777991643030607822547116152978883941004357350123180975995630745801824834051377201152
267 99 79368511617640100020307390344641450921412881503884930185088776431340861485953031673879598638626533041364992
99 267 79368511617640100020307390344641450921412881503884930185088776431340861485953031673879598638626533041364992
267 123 169740319414711923073701558387612484354793304572083715451735622120021753849309390138981285899712737660743424
123 267 169740319414711923073701558387612484354793304572083715451735622120021753849309390138981285899712737660743424
267 147 103893193727831363476512050043300853187808907920480951046528130241741768453232544488574445979530848288902944
147 267 103893193727831363476512050043300853187808907920480951046528130241741768453232544488574445979530848288902944
267 171 16688040413656235433465999577166298757263586640273115496188793022569746207410574482805181505694934888908372
171 267 16688040413656235433465999577166298757263586640273115496188793022569746207410574482805181505694934888908372
267 195 -2980052881862960243064497797784353276692924880188272719698851403195818268330351086104128118122083371232120
195 267 -2980052881862960243064497797784353276692924880188272719698851403195818268330351086104128118122083371232120
267 219 36560759392651850411210516153138978498469425503568988962701764347165687220710763921800109608385278180212
219 267 36560759392651850411210516153138978498469425503568988962701764347165687220710763921800109608385278180212
267 243 3218653508034688891469843595647293451681713770132995887629490172426139635136928345020007232299969369442
243 267 3218653508034688891469843595647293451681713770132995887629490172426139635136928345020007232299969369442
267 267 -47232400920276650059801271132503459696643997152094850262227141161605074399396783439624485155064032710
266 2 4134744871381011908500997763085137831035666432
2 266 4134744871381011908500997763085137831035666432
266 26 1706909438777412562053847511931989264846118454334858517569525992629112700042598800162816
26 266 1706909438777412562053847511931989264846118454334858517569525992629112700042598800162816
266 50 -242235967255733151097843815474652402266355556074928400008671212637363959590239335329187683421388800
50 266 -242235967255733151097843815474652402266355556074928400008671212637363959590239335329187683421388800
266 74 -47812376532177595310696131164438511280987232852823509905723171779990084414621277515036213449526844850176
74 266 -47812376532177595310696131164438511280987232852823509905723171779990084414621277515036213449526844850176
266 98 -93172262856655111295079119837183896282648792550991787669940137472408753310903924964394953977991357658188800
98 266 -93172262856655111295079119837183896282648792550991787669940137472408753310903924964394953977991357658188800
266 122 -285272080611731089638135428464851834062549909175629005270476734499601307433723806210781861294418519176868512
122 266 -285272080611731089638135428464851834062549909175629005270476734499601307433723806210781861294418519176868512
266 146 -113676820333383530131513310760795859237670888110914987983789772867526571142134436937878785899804183688333256
146 266 -113676820333383530131513310760795859237670888110914987983789772867526571142134436937878785899804183688333256
266 170 -33170503410149771429844334310463909026788755956171488341993799304117385427291696174767915114031177541257134
170 266 -33170503410149771429844334310463909026788755956171488341993799304117385427291696174767915114031177541257134
266 194 5019086141747274856399561490617332727755977737536425134204049998998044394237721079104804044842165883448472
194 266 5019086141747274856399561490617332727755977737536425134204049998998044394237721079104804044842165883448472
266 218 -52645460840702972046879240168370705277503869707114301048733037104562650667236207385583188499660586764080
218 266 -52645460840702972046879240168370705277503869707114301048733037104562650667236207385583188499660586764080
266 242 -6242043494247475650505776123910294295907402044521588295346779092844795982121382032842924770498062531410
242 266 -6242043494247475650505776123910294295907402044521588295346779092844795982121382032842924770498062531410
266 266 91598705521538866139141949666861392387683781910793714386838492223263215887138705920869764299376105212
265 1 5216862252991342577357051429650432
1 265 5216862252991342577357051429650432
265 25 -1035512661823417079702234266601042834159972328794826482175544758826027740581552604577792
25 265 -1035512661823417079702234266601042834159972328794826482175544758826027740581552604577792
265 49 160955349387399273060080515082344039824836091223340640002313941008106116162636680299281115592523776
49 265 160955349387399273060080515082344039824836091223340640002313941008106116162636680299281115592523776
265 73 4732228324447779208666686045069754372103481698595764770712492187387604003323968981861800271686162972672
73 265 4732228324447779208666686045069754372103481698595764770712492187387604003323968981861800271686162972672
265 97 95157645885632436177191318076645174340419920906182804874098663216141368440163179944244446599687615834195968
97 265 95157645885632436177191318076645174340419920906182804874098663216141368440163179944244446599687615834195968
265 121 444162220357569420409484451723466092514499450871042441152842206548544333475846957036388724733840592358640064
121 265 444162220357569420409484451723466092514499450871042441152842206548544333475846957036388724733840592358640064
265 145 98203802910672781468207823961404063916973278514748005771185284397494428947274981310542813330274857331842800
145 265 98203802910672781468207823961404063916973278514748005771185284397494428947274981310542813330274857331842800
265 169 61830201207271677488608134949864487128653479981987377109104399998357714333979289697558864753700935046600904
169 265 61830201207271677488608134949864487128653479981987377109104399998357714333979289697558864753700935046600904
265 193 -8327377334973868118643679129976436172118733322055653594233963275280114212401215911619250942079567851660296
193 265 -8327377334973868118643679129976436172118733322055653594233963275280114212401215911619250942079567851660296
265 217 69486402408920080547320251072649767981986991295046047447604493355186799389666421552290818071482705615836
217 265 69486402408920080547320251072649767981986991295046047447604493355186799389666421552290818071482705615836
265 241 12008853845153884279417762498240890946845860576131673417775107968994348316600554999165599375918358724028
241 265 12008853845153884279417762498240890946845860576131673417775107968994348316600554999165599375918358724028
265 265 -176564443760453435261835857017191241310324430059520444668675689624096329519404434892763395039702439338
264 24 473731371078380958008253933066043799737566363088238642534743083816958703270279904231424
24 264 473731371078380958008253933066043799737566363088238642534743083816958703270279904231424
264 48 -98379576637516543219428961370873664525926316707035351775351734724312037349035775253943939107913728
48 264 -98379576637516543219428961370873664525926316707035351775351734724312037349035775253943939107913728
264 72 38258939717612497172190431844156618714128636445272027552381244851955352416406055491164488672422456721408
72 264 38258939717612497172190431844156618714128636445272027552381244851955352416406055491164488672422456721408
264 96 -80019963562518908958922576807621845985506338411975263605613838238917506367897138692777981411757216447594496
96 264 -80019963562518908958922576807621845985506338411975263605613838238917506367897138692777981411757216447594496
264 120 -647913857211119124980063130263747270683834997672746969596892441327400493650478132641450966989313829086493968
120 264 -647913857211119124980063130263747270683834997672746969596892441327400493650478132641450966989313829086493968
264 144 -28990717684730576031374162386451524038526451487797273279790572734968776558652780069954780779513821695005472
144 264 -28990717684730576031374162386451524038526451487797273279790572734968776558652780069954780779513821695005472
264 168 -109665487344689899053755923049455001522187993036891822241533694140683561643119367135403018368241382417512564
168 264 -109665487344689899053755923049455001522187993036891822241533694140683561643119367135403018368241382417512564
264 192 13609648912928274674262524343744126034385472924290724198034540005527058185339192860069137451013536159836432
192 264 13609648912928274674262524343744126034385472924290724198034540005527058185339192860069137451013536159836432
264 216 -77803459458730054434075306213679289391613181460499243872491747051268490996046367059482995554012036216128
216 264 -77803459458730054434075306213679289391613181460499243872491747051268490996046367059482995554012036216128
264 240 -22922890820396517635619255966958287816082895840969700262568992655932353547285977281011994510762032343404
240 264 -22922890820396517635619255966958287816082895840969700262568992655932353547285977281011994510762032343404
264 264 338296522116827999107422004874872399702535942907261583592952435658026205675458428734803637673683234176
263 23 -167586883590580155416616492672217988246408567688542588315200251406891925866041919406080
23 263 -167586883590580155416616492672217988246408567688542588315200251406891925866041919406080
263 47 56015905950044654859144394858390586379243604647339727442370434373593402724953292489026468493393920
47 263 56015905950044654859144394858390586379243604647339727442370434373593402724953292489026468493393920
263 71 -75016556793414389174381071114241152073193829267360603418697628221962134448966771776857572395065834209280
71 263 -75016556793414389174381071114241152073193829267360603418697628221962134448966771776857572395065834209280
263 95 44593491035981075518051886763192481165944347998748685422418749364659454868660885156769069131993439899746304
95 263 44593491035981075518051886763192481165944347998748685422418749364659454868660885156769069131993439899746304
263 119 888324440715138840818968903446932185028998901742084882305684413097088666951693914072777449467681184717280128
119 263 888324440715138840818968903446932185028998901742084882305684413097088666951693914072777449467681184717280128
263 143 -142239214556038725125934327238319095438596680514570378620243872052376865041403649332897107459100383071793517
143 263 -142239214556038725125934327238319095438596680514570378620243872052376865041403649332897107459100383071793517
263 167 186482966897029584497767304115265062175667906296778594268824989471472064894207018771374348048711877714931880
167 263 186482966897029584497767304115265062175667906296778594268824989471472064894207018771374348048711877714931880
263 191 -21907395492835862872807007200402805181827619289032442536988843919614684513964702928842141206566974046842666
191 263 -21907395492835862872807007200402805181827619289032442536988843919614684513964702928842141206566974046842666
263 215 53796979855414155413702630563719507568219352289199292735957544805236598527388434248075841026941527948846
215 263 53796979855414155413702630563719507568219352289199292735957544805236598527388434248075841026941527948846
263 239 43420367606743471762337402678090266896752463973678852087366809742851393841168732692428894994963297704545
239 263 43420367606743471762337402678090266896752463973678852087366809742851393841168732692428894994963297704545
263 263 -644298696099645832902006739388322410464482373696009311564737840406116019356642922852443435831392258722
262 22 50459132428934739221885011774320621846461089856038490927797170667637696171457302757376
22 262 50459132428934739221885011774320621846461089856038490927797170667637696171457302757376
262 46 -30022685111698401392198054002656833106627832334280140926568750706955561307853899320769371141308416
46 262 -30022685111698401392198054002656833106627832334280140926568750706955561307853899320769371141308416
262 70 100927351227365539242390326490199123440414311884727844063524166741886146125160223241578608104514089123840
70 262 100927351227365539242390326490199123440414311884727844063524166741886146125160223241578608104514089123840
262 94 10543742727325368523384582042931940469290065560993322225866603813559276330660661085372706430864391749238784
94 262 10543742727325368523384582042931940469290065560993322225866603813559276330660661085372706430864391749238784
262 118 -1141088322446924358552541713859407336250199636702516021081906937998405229734895224843127445177674076707474048
118 262 -1141088322446924358552541713859407336250199636702516021081906937998405229734895224843127445177674076707474048
262 142 493759159503963620186749630374478760628099250275934459835010595242718666893320618463728157203297622420078215
142 262 493759159503963620186749630374478760628099250275934459835010595242718666893320618463728157203297622420078215
262 166 -305146630531244474680984320782008474698784402554687169199783469978466393356981787899013166538562049075559008
166 262 -305146630531244474680984320782008474698784402554687169199783469978466393356981787899013166538562049075559008
262 190 34727305072738935418378912554109546667229313497367618946849751010303094004580319121974504889038178688021588
190 262 34727305072738935418378912554109546667229313497367618946849751010303094004580319121974504889038178688021588
262 214 56769540178278950850672390882902825571258922601523230888214095060124346770416975134628732466089050851982
214 262 56769540178278950850672390882902825571258922601523230888214095060124346770416975134628732466089050851982
262 238 -81626418489218673582882418463642621313932337776214177403148984221132364895992214264053162958013240245779
238 262 -81626418489218673582882418463642621313932337776214177403148984221132364895992214264053162958013240245779
262 262 1219795303252445725009401314935337859819721780198055352112223557286859629345376921918001621799043936690
261 21 -16543210804080171298382313150419070960986732437245959193412602833604556963754427809792
21 261 -16543210804080171298382313150419070960986732437245959193412602833604556963754427809792
261 45 15307254252659124754633291138719342446197955483983294970186674958303276404831370765602661471354880
45 261 15307254252659124754633291138719342446197955483983294970186674958303276404831370765602661471354880
261 69 -113683348502152487649362411343573173463819798795089434743791633964782527416398592182568120151721184854016
69 261 -113683348502152487649362411343573173463819798795089434743791633964782527416398592182568120151721184854016
261 93 -79984980206908140991457206494543346645901239121996782273642431192302340974077550093849159913694326228516864
93 261 -79984980206908140991457206494543346645901239121996782273642431192302340974077550093849159913694326228516864
261 117 1357922555317695384589612467100899874838346436576669723613884976960174030794475121111850287197701901285947392
117 261 1357922555317695384589612467100899874838346436576669723613884976960174030794475121111850287197701901285947392
261 141 -1147840738696129470882909279491462715294376039655548356346749022557405406812857039780977565369007616742515248
141 261 -1147840738696129470882909279491462715294376039655548356346749022557405406812857039780977565369007616742515248
261 165 480980884042858352191874719819511078072038189734218317864938818291827353132864150439954804195930985495672934
165 261 480980884042858352191874719819511078072038189734218317864938818291827353132864150439954804195930985495672934
261 189 -54200722611648633135033152113493105591899943281369477426004782511929577359003802612931213483393373536996889
189 261 -54200722611648633135033152113493105591899943281369477426004782511929577359003802612931213483393373536996889
261 213 -369143668359343883914894875075266544309497850765360760490206177719762095778370533398033425169587767003262
213 261 -369143668359343883914894875075266544309497850765360760490206177719762095778370533398033425169587767003262
261 237 152311467580245601501459252553069054491020663134062512118704761499689093485562919806869324949136416014632
237 261 152311467580245601501459252553069054491020663134062512118704761499689093485562919806869324949136416014632
261 261 -2295677196443304667247996893328214853210642354031362666444783708765827776293638085949541892856257097182
260 20 6987075057583706006841423767672832067765740393028784762519713205084111127810072903680
20 260 6987075057583706006841423767672832067765740393028784762519713205084111127810072903680
260 44 -7508176481084361877927106269709831507138272788910179766200063922343292708881370959532713471639552
44 260 -7508176481084361877927106269709831507138272788910179766200063922343292708881370959532713471639552
260 68 113465300583287944093256862082906976133648854783654965776684052109338065928489517012854562461452362317824
68 260 113465300583287944093256862082906976133648854783654965776684052109338065928489517012854562461452362317824
260 92 153419776547409881889678500546644839781466153434980420155035839109886665551666852547268920370808958336106496
92 260 153419776547409881889678500546644839781466153434980420155035839109886665551666852547268920370808958336106496
260 116 -1457794168008640054061737496088712284470998104831454268233334140797094440348774769265374905573534367722337024
116 260 -1457794168008640054061737496088712284470998104831454268233334140797094440348774769265374905573534367722337024
260 140 2289292139792210182249643511334112945488380314778343729324387105306420792898574309984696802372062361743738114
140 260 2289292139792210182249643511334112945488380314778343729324387105306420792898574309984696802372062361743738114
260 164 -729330346588256182577841829211891888544035985872122509702319731441422297058236198564845353750209230645452960
164 260 -729330346588256182577841829211891888544035985872122509702319731441422297058236198564845353750209230645452960
260 188 83272680815738497383563751434678876892227996521865504476631688025310519452002666632745718439867294527669248
188 260 83272680815738497383563751434678876892227996521865504476631688025310519452002666632745718439867294527669248
260 212 1116730513681754197007875868309120613213696222420058174766807925288834218499951661342127031298376179634092
212 260 1116730513681754197007875868309120613213696222420058174766807925288834218499951661342127031298376179634092
260 236 -282127808476805563368941876238324517207016939627639202985805194322946136898327721005432106591801350136282
236 260 -282127808476805563368941876238324517207016939627639202985805194322946136898327721005432106591801350136282
260 260 4295094460062442721938969187401678505037581585994482443510114644239410431367689041985356324399117214464
259 19 -3087764279093767697823166297182433665507029167915190317104874347238407586290895683584
19 259 -3087764279093767697823166297182433665507029167915190317104874347238407586290895683584
259 43 3579618977575449740512644830755030606358927414456967599119214000966804773773417428483279855550464
43 259 3579618977575449740512644830755030606358927414456967599119214000966804773773417428483279855550464
259 67 -102554690070217273196265466020473852207144055560612148520527757974856853097900883871505561759085261488128
67 259 -102554690070217273196265466020473852207144055560612148520527757974856853097900883871505561759085261488128
259 91 -216881390560368983579428048887219416856886407304481120152125617489283808368308304580312592055537440597737472
91 259 -216881390560368983579428048887219416856886407304481120152125617489283808368308304580312592055537440597737472
259 115 1318377363396907706220673392715546640828316433969952705160335218121841029489001210187661452276943600997276160
115 259 1318377363396907706220673392715546640828316433969952705160335218121841029489001210187661452276943600997276160
259 139 -4189032629947702697194867617241202579164530947514420757698758303285849356643794332751331571895650638599684956
139 259 -4189032629947702697194867617241202579164530947514420757698758303285849356643794332751331571895650638599684956
259 163 1059551412117129846914026783966325255078750260769618380607817557947662365165173975036873412342659110169857406
163 259 1059551412117129846914026783966325255078750260769618380607817557947662365165173975036873412342659110169857406
259 187 -125914939957815168801243601483899038254767262827207037366297315193888205970472414859746346831352683612821268
187 259 -125914939957815168801243601483899038254767262827207037366297315193888205970472414859746346831352683612821268
259 211 -2755408067693226160130806597557553817653036481526795280804120539855466006500867506497587388017698270009422
211 259 -2755408067693226160130806597557553817653036481526795280804120539855466006500867506497587388017698270009422
259 235 518815829882068551440751219639693276029228079743560048007820731134470430562773478438188100520914820230020
235 259 518815829882068551440751219639693276029228079743560048007820731134470430562773478438188100520914820230020
259 259 -7988886286735410889143743660750809251732711054461318128696693498948987249051968998302101458536535788590
258 18 1163997087754287527382500929947213567094815379047445328107370292833450798524986818560
18 258 1163997087754287527382500929947213567094815379047445328107370292833450798524986818560
258 42 -1667385916451387929996979581319314080852718867500045696798803472706558824002348853918080488701952
42 258 -1667385916451387929996979581319314080852718867500045696798803472706558824002348853918080488701952
258 66 84545515476914621818991027516367277567784446133569322787252833511267858553663575712068105264707693182976
66 258 84545515476914621818991027516367277567784446133569322787252833511267858553663575712068105264707693182976
258 90 255296446619698650194183632944825505945338836435499228050214155944514933017628318292438256902073051632369664
90 258 255296446619698650194183632944825505945338836435499228050214155944514933017628318292438256902073051632369664
258 114 -769532984957076972495910480748957248589009176804574364185264192711968891940476693573524553108444287005149184
114 258 -769532984957076972495910480748957248589009176804574364185264192711968891940476693573524553108444287005149184
258 138 7232653223842207024463413342292464609303567840024072264183127269998223652429731110911011045265887230371744048
138 258 7232653223842207024463413342292464609303567840024072264183127269998223652429731110911011045265887230371744048
258 162 -1462591829130206074933458486634837274838710105181157966395633981746166377967411359468993997746302822823921972
162 258 -1462591829130206074933458486634837274838710105181157966395633981746166377967411359468993997746302822823921972
258 186 187355279167724713661903060641499285577482126654302017790246227454900229058857116704733697938095807170976972
186 258 187355279167724713661903060641499285577482126654302017790246227454900229058857116704733697938095807170976972
258 210 6149946498546874289704186749067208943744061980594821673341471296620342825641155140235752148866359603007684
210 258 6149946498546874289704186749067208943744061980594821673341471296620342825641155140235752148866359603007684
258 234 -947268845158276420321201713827768277283057351373599254343616950282639699658108127769151996978024998080746
234 258 -947268845158276420321201713827768277283057351373599254343616950282639699658108127769151996978024998080746
258 258 14772862270619660192523598468917497990417680181120018178721896325682068204197367482122615287759996269700
257 17 -353944632099994999841602341275144644030691767546963394084732954174885516203454889984
17 257 -353944632099994999841602341275144644030691767546963394084732954174885516203454889984
257 41 754393985207921402716662260128476245951673676669278187787805529480073136689905358566183883767808
41 257 754393985207921402716662260128476245951673676669278187787805529480073136689905358566183883767808
257 65 -63410166352500130054909723974582839058689213017607480418106139858343844785217661241148119707224083791872
65 257 -63410166352500130054909723974582839058689213017607480418106139858343844785217661241148119707224083791872
257 89 -255907411038131675952260365755572883130077173643511349924569584373421154744637727620434139739356135264616448
89 257 -255907411038131675952260365755572883130077173643511349924569584373421154744637727620434139739356135264616448
257 113 -408689263761570112722982064325350902236546959962906945840000750268070581581986341582938917325636729325136896
113 257 -408689263761570112722982064325350902236546959962906945840000750268070581581986341582938917325636729325136896
257 137 -11952890822377464608066396186803627316323334066586762309378113174662205274292892328387000114118328868775088216
137 257 -11952890822377464608066396186803627316323334066586762309378113174662205274292892328387000114118328868775088216
257 161 1887659216380122776217169530377302402303037098457426953044238014839163854187626607044584426976506022532255278
161 257 1887659216380122776217169530377302402303037098457426953044238014839163854187626607044584426976506022532255278
257 185 -274321499671835791563964844622781173157568478201589638493685443758040038451827886015312013264330414189168877
185 257 -274321499671835791563964844622781173157568478201589638493685443758040038451827886015312013264330414189168877
257 209 -12900705207037913304526584930919101894497031342996572241786180529477080906163567194196051754016048273078654
209 257 -12900705207037913304526584930919101894497031342996572241786180529477080906163567194196051754016048273078654
257 233 1717358799075015341807018618972762416369725863868506161898600128338441718444806775072674415355530665741932
233 257 1717358799075015341807018618972762416369725863868506161898600128338441718444806775072674415355530665741932
257 257 -27159445515752140530422205712365955473365704654525179218369328942127765954590665311619611798795175969904
256 16 86407154920494609466234432514712693495252515145618437775197963595828643961889619968
16 256 86407154920494609466234432514712693495252515145618437775197963595828643961889619968
256 40 -324198661206650908150986458954732867464390931718170032256518496598900985898833067516558625996800
40 256 -324198661206650908150986458954732867464390931718170032256518496598900985898833067516558625996800
256 64 42670722006779363845600740292381354618582701473257695111489349532734454475896169132730307959196108193792
64 256 42670722006779363845600740292381354618582701473257695111489349532734454475896169132730307959196108193792
256 88 211777340699027306688412849244413674043517433961212879338010239356327040471627651042905508523190695283916800
88 256 211777340699027306688412849244413674043517433961212879338010239356327040471627651042905508523190695283916800
256 112 2480409322870510021379500252264515060146379931687472709007832732776115032159921296201617281891272077730305024
112 256 2480409322870510021379500252264515060146379931687472709007832732776115032159921296201617281891272077730305024
256 136 19063266981884089946929049373129567371007462922013204988605811589687947825770705625655140428790738594209060200
136 256 19063266981884089946929049373129567371007462922013204988605811589687947825770705625655140428790738594209060200
256 160 -2201121088903964670095778125818552726559798218775773390740432239777748535599505213252527921953311503168061582
160 256 -2201121088903964670095778125818552726559798218775773390740432239777748535599505213252527921953311503168061582
256 184 395327144137540598238573050195593199971626493459880040110864759985519756105450867980548244009683765013452917
184 256 395327144137540598238573050195593199971626493459880040110864759985519756105450867980548244009683765013452917
256 208 25905729928841195573633111390871113169121385968152126913461056412398860257366220051692131686147784008164806
208 256 25905729928841195573633111390871113169121385968152126913461056412398860257366220051692131686147784008164806
256 232 -3091778051934585736785607925884282175557626559673600061503604423969424372271000490014773711073839827880904
232 256 -3091778051934585736785607925884282175557626559673600061503604423969424372271000490014773711073839827880904
256 256 49644105240307534434679368250736550036840200084092728758343899358289818934429919453688003187008307225714
255 15 -16800720283673513262394008526787228308951160606879129122679851784623356570228490240
15 255 -16800720283673513262394008526787228308951160606879129122679851784623356570228490240
255 39 126259639887773347812541490570635370067320865852526221445265608102336221480950286710943053250560
39 255 126259639887773347812541490570635370067320865852526221445265608102336221480950286710943053250560
255 63 -24852063070645205603512996511185342131243755194672361778337512674730954076727121782602499702331073888256
63 255 -24852063070645205603512996511185342131243755194672361778337512674730954076727121782602499702331073888256
255 87 -124408855373857419788250453556337122641408180180114718390733453284643217305065749487881913091422881291698176
87 255 -124408855373857419788250453556337122641408180180114718390733453284643217305065749487881913091422881291698176
255 111 -5737214306551157223791375026959102049419045039335341409159147872029746146882295610860693471378257224830107648
111 255 -5737214306551157223791375026959102049419045039335341409159147872029746146882295610860693471378257224830107648
255 135 -29487626905504166201324273844222021503866967389530032871945119533697154476972760707250212416304102686325313408
135 255 -29487626905504166201324273844222021503866967389530032871945119533697154476972760707250212416304102686325313408
255 159 2117547838559467988773622415494999535207317808716057466261950077711213904932650299000440358086902074204834096
159 255 2117547838559467988773622415494999535207317808716057466261950077711213904932650299000440358086902074204834096
255 183 -561103646667616498470982419455141339200509991611306087198427421202738692452162357233697619413278441517960690
183 255 -561103646667616498470982419455141339200509991611306087198427421202738692452162357233697619413278441517960690
255 207 -50310961606090914490167523052304681239512458574731443385544710841743053216513246347816245977992102591473968
207 255 -50310961606090914490167523052304681239512458574731443385544710841743053216513246347816245977992102591473968
255 231 5527692969615487802622461484395124559158761750552201700535143132436898504253312332586295475264712122684046
231 255 5527692969615487802622461484395124559158761750552201700535143132436898504253312332586295475264712122684046
255 255 -90223067132585955484607878539607283545152996177913204283488276218592187568750896890297023270697120590744
254 14 2525648192368239998867935681697634768253961014353144377743579227094363240929427456
14 254 2525648192368239998867935681697634768253961014353144377743579227094363240929427456
254 38 -40078350146473459071746552488344204213496803453360974570829827401671474370580903653768446345216
38 254 -40078350146473459071746552488344204213496803453360974570829827401671474370580903653768446345216
254 62 11282138309703646812123161474926839107107461623011021651240110379798877129310702079053015333179123302400
62 254 11282138309703646812123161474926839107107461623011021651240110379798877129310702079053015333179123302400
254 86 4610711494417480150813414683671230132370108661464812370431680512103590812445413897518917000339551214895104
86 254 4610711494417480150813414683671230132370108661464812370431680512103590812445413897518917000339551214895104
254 110 10467269522926986208434496380504176992540447583066615097770731472628014021614715109529198086292024779069691904
110 254 10467269522926986208434496380504176992540447583066615097770731472628014021614715109529198086292024779069691904
254 134 44376793867278717773166664904486391327906520871847565702930192320193315917130949845511921767436482491024687280
134 254 44376793867278717773166664904486391327906520871847565702930192320193315917130949845511921767436482491024687280
254 158 -1088565432873545173534805583679075622333486067649974614324942529972911023312578261251446088438177235744965764
158 254 -1088565432873545173534805583679075622333486067649974614324942529972911023312578261251446088438177235744965764
254 182 785458961170204641334574835460889253511261427454264497794940432279840250570391919761179066631042601098989606
182 254 785458961170204641334574835460889253511261427454264497794940432279840250570391919761179066631042601098989606
254 206 95089146204059518038859431358489465427485152021528505401001392083524166521332712962596068334510438514605172
206 254 95089146204059518038859431358489465427485152021528505401001392083524166521332712962596068334510438514605172
254 230 -9815089062132780245026804066117989512105111921875610589155432238133505339102543802924044050629979713248838
230 254 -9815089062132780245026804066117989512105111921875610589155432238133505339102543802924044050629979713248838
254 254 163035887115830570406110596183489655023427046523799191541042857128331413658931361327725547586673225660884
253 13 -277264099285470173557463901743213464124991929134518711417827070764242653612605440
13 253 -277264099285470173557463901743213464124991929134518711417827070764242653612605440
253 37 6569481259369591488512157032811760599268799191838526863363392509481501281265489857826833563648
37 253 6569481259369591488512157032811760599268799191838526863363392509481501281265489857826833563648
253 61 -2198946858550456663542284420015914620940995535645536941235485336640718262730383569492098067037849387008
61 253 -2198946858550456663542284420015914620940995535645536941235485336640718262730383569492098067037849387008
253 85 128862607206182037086481455984976033849733576828452587684115180200559324095399239881354527206434946341142528
85 253 128862607206182037086481455984976033849733576828452587684115180200559324095399239881354527206434946341142528
253 109 -16908320331249131485064050429515440585036913997749727086878139223911567163318865432959107371016931395029569536
109 253 -16908320331249131485064050429515440585036913997749727086878139223911567163318865432959107371016931395029569536
253 133 -65098906166932750987816302476751112552371415623173379639715807320993268431270770365121382534666953656492755744
133 253 -65098906166932750987816302476751112552371415623173379639715807320993268431270770365121382534666953656492755744
253 157 -1870131348405703106595843117053522724329439794615032809643037282531475690961921763961088122539335828993087240
157 253 -1870131348405703106595843117053522724329439794615032809643037282531475690961921763961088122539335828993087240
253 181 -1087198860301609929504193355878518305109467194835167957991418072601199547504875583861091152777637059065614330
181 253 -1087198860301609929504193355878518305109467194835167957991418072601199547504875583861091152777637059065614330
253 205 -175619045078747898338624913489025273345254460119306631115001957702158320884997258249237631182823848715220032
205 253 -175619045078747898338624913489025273345254460119306631115001957702158320884997258249237631182823848715220032
253 229 17309463918412070596062865742692269736979940625392006217860806826088639679173843531048233944770049735979300
229 253 17309463918412070596062865742692269736979940625392006217860806826088639679173843531048233944770049735979300
253 253 -292939116931171729040791551567675757118701085310033266957894630013686027422357644050024015672877338970742
252 12 20422002990622400695713767902446820710301041640557650747028245384858367183290368
12 252 20422002990622400695713767902446820710301041640557650747028245384858367183290368
252 36 3694593225187337112457084457073038809351785842384021227350472405653884291410725359944965554176
36 252 3694593225187337112457084457073038809351785842384021227350472405653884291410725359944965554176
252 60 -2945435339229984147232097593153152822815969970403485013164986070706359079996283091315273753396628160512
60 252 -2945435339229984147232097593153152822815969970403485013164986070706359079996283091315273753396628160512
252 84 -252780292631845689091594349810594385348849864362098445784015367143311463750928305279934752883584144255221760
84 252 -252780292631845689091594349810594385348849864362098445784015367143311463750928305279934752883584144255221760
252 108 25184983777135631688462813285887119819318662896078331684064069189866453420562636606202738323372128163978903552
108 252 25184983777135631688462813285887119819318662896078331684064069189866453420562636606202738323372128163978903552
252 132 93184171278818304463880799618182373615243186619734339029637990187308138445478679692584154838056915910035947744
132 252 93184171278818304463880799618182373615243186619734339029637990187308138445478679692584154838056915910035947744
252 156 8439531688899830989175814539308379629264416907959419042034754538790577137594995198917775337739732650556276112
156 252 8439531688899830989175814539308379629264416907959419042034754538790577137594995198917775337739732650556276112
252 180 1494421096006206762425553120861101201512343407558908592542068697267263234592002208102682810208780040078781684
180 252 1494421096006206762425553120861101201512343407558908592542068697267263234592002208102682810208780040078781684
252 204 317826796299742765945176456357676065096685653781651443924810687753123978808072596535349946356498945100596928
204 252 317826796299742765945176456357676065096685653781651443924810687753123978808072596535349946356498945100596928
252 228 -30320369195481921161206617784193021411239504438456913016953804707069392876589415515953173137703661898535732
228 252 -30320369195481921161206617784193021411239504438456913016953804707069392876589415515953173137703661898535732
252 252 523375229627560418258096469558805206998920080330339434554855612074348044928985369248313263952852495542580
251 11 -902965389502280730954510124653951749871933102770316366059563746621178297450496
11 251 -902965389502280730954510124653951749871933102770316366059563746621178297450496
251 35 -5009531536784810660481087379403572879413869271759896249244667373050848175399063223649666334720
35 251 -5009531536784810660481087379403572879413869271759896249244667373050848175399063223649666334720
251 59 5113812196208739471166345083297878975842205559656718886312356162616169321597460723392506842396307226624
59 251 5113812196208739471166345083297878975842205559656718886312356162616169321597460723392506842396307226624
251 83 344275079028318424264686019706584086743266367731060519769033788948100336350580953653471989139334411078074368
83 251 344275079028318424264686019706584086743266367731060519769033788948100336350580953653471989139334411078074368
251 107 -35234151780485177228893143519654693156426287736155898128707698636878609116291106182786245793095452013102989312
107 251 -35234151780485177228893143519654693156426287736155898128707698636878609116291106182786245793095452013102989312
251 131 -130197812333865501975632604953502225104742831246346759279431614641986536862541540730242765069333907312985511488
131 251 -130197812333865501975632604953502225104742831246346759279431614641986536862541540730242765069333907312985511488
251 155 -21378589876434989182876865279611188480059772526776231363504568493602181821742425034316057155376934358443761468
155 251 -21378589876434989182876865279611188480059772526776231363504568493602181821742425034316057155376934358443761468
251 179 -2053702070478093019824538278561774343814690156097712889908608304651632306753165238454047069420995149295868765
179 251 -2053702070478093019824538278561774343814690156097712889908608304651632306753165238454047069420995149295868765
251 203 -564719230329363495641115420535819583508807893968793717302526936137652327608856992018473171916107311576641492
203 251 -564719230329363495641115420535819583508807893968793717302526936137652327608856992018473171916107311576641492
251 227 52755473797314835115542860236051844206905655932406526850568773464199833180644145137585752732347426656123524
227 251 52755473797314835115542860236051844206905655932406526850568773464199833180644145137585752732347426656123524
251 251 -929831068949701805230114767147856757507369281844769797343075394872321634548623519061080790836391423525632
250 10 21229217057593791214663554464293402451095916928218605333022817681895260684288
10 250 21229217057593791214663554464293402451095916928218605333022817681895260684288
250 34 3738870834002499805909485740757983308415559463613066469833024562663644650856792196593089511424
34 250 3738870834002499805909485740757983308415559463613066469833024562663644650856792196593089511424
250 58 -5353950240812925038252569573262835222296410752164795663008181254520326078457706737921153868239348957184
58 250 -5353950240812925038252569573262835222296410752164795663008181254520326078457706737921153868239348957184
250 82 -385867617970737453361779659487229148489189266793505304243601157982006951828832861930750841277005531833171968
82 250 -385867617970737453361779659487229148489189266793505304243601157982006951828832861930750841277005531833171968
250 106 46726497451473219211553194389428993960614055750193817545453816004853502965782077341714611765439215447701618688
106 250 46726497451473219211553194389428993960614055750193817545453816004853502965782077341714611765439215447701618688
250 130 177507175469114871092666659617945565311626083487390262811720769280773263668523799382047687069745929964098749120
130 250 177507175469114871092666659617945565311626083487390262811720769280773263668523799382047687069745929964098749120
250 154 45065319063789556184892553976085162942015898499951563320788134892161336117933132375222183716752902340879871348
154 250 45065319063789556184892553976085162942015898499951563320788134892161336117933132375222183716752902340879871348
250 178 2848774136732801241445521103980913862898392546529301939206219114513905303892195624161429475894764298949398475
178 250 2848774136732801241445521103980913862898392546529301939206219114513905303892195624161429475894764298949398475
250 202 986502576504112916637065078873886311462083865410520910014745065977862024353806271048154593243321860314072924
202 250 986502576504112916637065078873886311462083865410520910014745065977862024353806271048154593243321860314072924
250 226 -91180434359707316293428350112402228545514539332493340804704421657517717821517393708029997884455458365844516
226 250 -91180434359707316293428350112402228545514539332493340804704421657517717821517393708029997884455458365844516
250 250 1642721185895045636227549560534940497032858707214044612924291547264533502961110494716457811884736855060788
249 9 -279066898448504088916108347891535611457413322356252190873992211436207603712
9 249 -279066898448504088916108347891535611457413322356252190873992211436207603712
249 33 -2269406604711129215063904359524340172974394198670051438361230054574954554960737788832908312576
33 249 -2269406604711129215063904359524340172974394198670051438361230054574954554960737788832908312576
249 57 4572410023254107922930928045115334129658645423739818752410005670184301209368572438659975061186772205568
57 249 4572410023254107922930928045115334129658645423739818752410005670184301209368572438659975061186772205568
249 81 369373747697025015581852123536119173836184573945448576681540827566088889354871071582028680593167059582451712
81 249 369373747697025015581852123536119173836184573945448576681540827566088889354871071582028680593167059582451712
249 105 -58996292718236960607943776218303853680449736286689542466079513032337851167255760847619792407117108806812434432
105 249 -58996292718236960607943776218303853680449736286689542466079513032337851167255760847619792407117108806812434432
249 129 -235901015244033329610594190753776172030935739116240262975560956269577235815782085658001699330432821490602507264
129 249 -235901015244033329610594190753776172030935739116240262975560956269577235815782085658001699330432821490602507264
249 153 -86241619227556321827873570552579750215493975096508026405541277721358889769449824332114180776224120257168058560
153 249 -86241619227556321827873570552579750215493975096508026405541277721358889769449824332114180776224120257168058560
249 177 -4036732599879346959310055163460165023911279268538388736300214154933349685217393947275900885773913294339909372
177 249 -4036732599879346959310055163460165023911279268538388736300214154933349685217393947275900885773913294339909372
249 201 -1695950421379194191602636145760380602658272441320217357317341734543471856349603643194454465106981233776360152
201 249 -1695950421379194191602636145760380602658272441320217357317341734543471856349603643194454465106981233776360152
249 225 156550343193048713400441481136218265635785156055217593194806584682875661745434248553238293559814728416113444
225 249 156550343193048713400441481136218265635785156055217593194806584682875661745434248553238293559814728416113444
249 249 -2886069692156960582066818949215768210536674243958114496617754112700028322396727097817621862742001259557778
248 8 9875790781052615219631430634775664721349451185742281239445846400094437376
8 248 9875790781052615219631430634775664721349451185742281239445846400094437376
248 32 1226800794101374541362375970794335181895561891524277036182491452533986431812548738572852658176
32 248 1226800794101374541362375970794335181895561891524277036182491452533986431812548738572852658176
248 56 -3426532113985743802038534649797389274731981457397969485076557702303064460198266455435701391301403475968
56 248 -3426532113985743802038534649797389274731981457397969485076557702303064460198266455435701391301403475968
248 80 -297664417474622768699870731220589545482786197168534245347045655564240919448789007619707844574418195972096000
80 248 -297664417474622768699870731220589545482786197168534245347045655564240919448789007619707844574418195972096000
248 104 70995094000745102222941995930805686317806354125675497513942475981375773875447933174223035958569624531481329664
104 248 70995094000745102222941995930805686317806354125675497513942475981375773875447933174223035958569624531481329664
248 128 305012271710145439150864789970073077936119406752211279817692985435007165212331290010482246860651817507344963200
128 248 305012271710145439150864789970073077936119406752211279817692985435007165212331290010482246860651817507344963200
248 152 155005976575973071184598350544091385227452935203388811334363381828895663459158037235860509417162508228104651736
152 248 155005976575973071184598350544091385227452935203388811334363381828895663459158037235860509417162508228104651736
248 176 5915318744152462394824425257863635744627301715470145821052755604528939030215127483785345328111628856298131834
176 248 5915318744152462394824425257863635744627301715470145821052755604528939030215127483785345328111628856298131834
248 200 2871253655339824813637170314993351181102665200911859036006676749462781679012119923940043072300204404639329928
200 248 2871253655339824813637170314993351181102665200911859036006676749462781679012119923940043072300204404639329928
248 224 -267017738969867934507799912596964829382724337452056730632950234997564050079207907399400636509241584381589240
224 248 -267017738969867934507799912596964829382724337452056730632950234997564050079207907399400636509241584381589240
248 248 5042520426630142541293623893495918043461831841758348028151969239940833417824910680571122735739725924332564
247 7 -57313305849315669436856621236751863535837256155121959143192113633558528
7 247 -57313305849315669436856621236751863535837256155121959143192113633558528
247 31 -610814974106479691229590093512354330066280372669457829973542246511626330007290406074111229952
31 247 -610814974106479691229590093512354330066280372669457829973542246511626330007290406074111229952
247 55 2313461684432208697896294102293664108827728362824636430478222993422097825470213451619959492017037246464
55 247 2313461684432208697896294102293664108827728362824636430478222993422097825470213451619959492017037246464
247 79 183832539818257919742614659811752989634162780445425967178945602037013755178965619231468139124118698149806080
79 247 183832539818257919742614659811752989634162780445425967178945602037013755178965619231468139124118698149806080
247 103 -81286446055172558321022539382780677583957489503387337213815028455372849171690572509740526410214424833425801216
103 247 -81286446055172558321022539382780677583957489503387337213815028455372849171690572509740526410214424833425801216
247 127 -382492506316078867458124677977716074122346690130776393900099621589190568777372554508384003651786523800802822912
127 247 -382492506316078867458124677977716074122346690130776393900099621589190568777372554508384003651786523800802822912
247 151 -266090192932062377181812223754177276139430908633130838759499926448961336726706063522674449979379922896934281296
151 247 -266090192932062377181812223754177276139430908633130838759499926448961336726706063522674449979379922896934281296
247 175 -9043364906244603213008276865266067429300524142679389641188319581841634989266163926657521166377693341038469048
175 247 -9043364906244603213008276865266067429300524142679389641188319581841634989266163926657521166377693341038469048
247 199 -4789201651906019211400081891747405895658593757382967093332623603556358358210107453679878622543267968855588376
199 247 -4789201651906019211400081891747405895658593757382967093332623603556358358210107453679878622543267968855588376
247 223 452453479110921852703620212264840011571558328638989158969503403788523211972617560979695130765061756497280224
223 247 452453479110921852703620212264840011571558328638989158969503403788523211972617560979695130765061756497280224
247 247 -8761971364603616814825600549443111272653062045217006496693120221064824495517773648428250471186407917412450
246 6 -753273190415415713560106111843756740084098985663447762641833070428160
6 246 -753273190415415713560106111843756740084098985663447762641833070428160
246 30 282358696522814704423054107383009414460671887391115366899927993027184824176882335369104719872
30 246 282358696522814704423054107383009414460671887391115366899927993027184824176882335369104719872
246 54 -1418533999455535457565528612508343042666093379526639737940209898937612617037739168298547977025291812864
54 246 -1418533999455535457565528612508343042666093379526639737940209898937612617037739168298547977025291812864
246 78 -48037391536866652819348320586482236695283334523193276185322061840242485556395718752900761843033250623127552
78 246 -48037391536866652819348320586482236695283334523193276185322061840242485556395718752900761843033250623127552
246 102 88097973891652374371739506917464403158291014826641500554725461209092692514701848383545852347034613695128272896
102 246 88097973891652374371739506917464403158291014826641500554725461209092692514701848383545852347034613695128272896
246 126 462889806325901249565658453906717734995428341761540624907720145279886313755502791098304706897016782743791619072
126 246 462889806325901249565658453906717734995428341761540624907720145279886313755502791098304706897016782743791619072
246 150 440434916794348335547351425900763859684404266621031556600934730744840561702149922848980373476642603920040231488
150 246 440434916794348335547351425900763859684404266621031556600934730744840561702149922848980373476642603920040231488
246 174 14449332952119088314934281334573188462006338925445905298123600861617306702706948371547331118705397574978625880
174 246 14449332952119088314934281334573188462006338925445905298123600861617306702706948371547331118705397574978625880
246 198 7872074902607845100553347501764977063309148860400695000691300532883659707635220651388332546338433851078886768
198 246 7872074902607845100553347501764977063309148860400695000691300532883659707635220651388332546338433851078886768
246 222 -761672440460760072077314998713161758067237628656373677482349734558602928626516979189801854489641517271927024
222 246 -761672440460760072077314998713161758067237628656373677482349734558602928626516979189801854489641517271927024
246 246 15142081801844203480902593890485268408426193823257647749220161938009398822134977108829233080992687076618076
245 5 -9025803235675572682487656227619891574081719059462204309358801584128
5 245 -9025803235675572682487656227619891574081719059462204309358801584128
245 29 -120198915252351871198831458930543105010449323621186391876367259774836171174797531843974397952
29 245 -120198915252351871198831458930543105010449323621186391876367259774836171174797531843974397952
245 53 785729740805038174281221601476883353785785171465299236976143953832627550005661181172783800472005771264
53 245 785729740805038174281221601476883353785785171465299236976143953832627550005661181172783800472005771264
245 77 -87080725022174729430661752847720901822763365799834875917829873628448410511369069133793538707745284686872576
77 245 -87080725022174729430661752847720901822763365799834875917829873628448410511369069133793538707745284686872576
245 101 -89443817033715114845768679392202712904305343648809451527820254176001410687456836480806022759413616332294848512
101 245 -89443817033715114845768679392202712904305343648809451527820254176001410687456836480806022759413616332294848512
245 125 -536196176633305945240943055006873930133059961281845856985441062820588717650405674592170441202643281740759674368
125 245 -536196176633305945240943055006873930133059961281845856985441062820588717650405674592170441202643281740759674368
245 149 -707037244716856484904435050415418036257008320984438303008792834525699944601686897758203563469784568042306745760
149 245 -707037244716856484904435050415418036257008320984438303008792834525699944601686897758203563469784568042306745760
245 173 -23981632012836360781892779224838021971459855544696960388926345462252444900908323980355590216068614749692635108
173 245 -23981632012836360781892779224838021971459855544696960388926345462252444900908323980355590216068614749692635108
245 197 -12751793470951466159870260437926028169490800831928326046097744672405996960724781100431276098100046568086968040
197 245 -12751793470951466159870260437926028169490800831928326046097744672405996960724781100431276098100046568086968040
245 221 1273898348926525747142900502267323735816498843402019361271196105407899511672677232773483990825965193879534060
221 245 1273898348926525747142900502267323735816498843402019361271196105407899511672677232773483990825965193879534060
245 245 -26026531104913789804757266735032154601211999858073310326124442467804756918510603297892102629365071598573610
244 4 2753062977538023091568535791717508547048514499457240761580388352
4 244 2753062977538023091568535791717508547048514499457240761580388352
244 28 46293868613132252184299759620484945626869688122959207102614700022864275719312989455613165568
28 244 46293868613132252184299759620484945626869688122959207102614700022864275719312989455613165568
244 52 -383524561958543845785596919400918366392800510527552361254642012780518866248461841270934999575249813504
52 244 -383524561958543845785596919400918366392800510527552361254642012780518866248461841270934999575249813504
244 76 201186100673540280334453576961737759567624646368857120881881985243641869677235319128079451329499213919682560
76 244 201186100673540280334453576961737759567624646368857120881881985243641869677235319128079451329499213919682560
244 100 83324250424383742838410538052083700388987234806913760738932881167461878447032608709700592114355169603742597120
100 244 83324250424383742838410538052083700388987234806913760738932881167461878447032608709700592114355169603742597120
244 124 586058787786805806655908738901532914045025360583255994707043098958443722982035023356082381407247964606396957184
124 244 586058787786805806655908738901532914045025360583255994707043098958443722982035023356082381407247964606396957184
244 148 1104974036761159600419514269983985662736651682446797899404827989228857125463396106035928620244513929193120374368
148 244 1104974036761159600419514269983985662736651682446797899404827989228857125463396106035928620244513929193120374368
244 172 40880977873167703561937939681130481939111764346232689065372299061265881575115753700876146609031359466258311796
172 244 40880977873167703561937939681130481939111764346232689065372299061265881575115753700876146609031359466258311796
244 196 20354129597843517612107341989132449205970875892248899560267990395819215243290381572854619007424130806820558856
196 244 20354129597843517612107341989132449205970875892248899560267990395819215243290381572854619007424130806820558856
244 220 -2116822006668615252590053369744775523226091726450471289595083127584539021501044848512303624379228546127345740
220 244 -2116822006668615252590053369744775523226091726450471289595083127584539021501044848512303624379228546127345740
244 244 44495131090380509777341368278343492762295846136169393449500980693692272066221114653828427601962779801777226
243 3 -6802480587729093170739266471072800915707845684239792078848
3 243 -6802480587729093170739266471072800915707845684239792078848
243 27 -15805391339289515149350003279342032697504854639959831627816384604479547601667338883223781376
27 243 -15805391339289515149350003279342032697504854639959831627816384604479547601667338883223781376
243 51 152905691580791900769103135091909320078737056830620783337848128767023320555751642801012271497542107136
51 243 152905691580791900769103135091909320078737056830620783337848128767023320555751642801012271497542107136
243 75 -280042736983181456367666451029953001912016283548843640600221242478476948229528142414869040477129068320391168
75 243 -280042736983181456367666451029953001912016283548843640600221242478476948229528142414869040477129068320391168
243 99 -68000361055727013845209493241102454484961109468510731699708225512611596582215423068667753279365311728495624192
99 243 -68000361055727013845209493241102454484961109468510731699708225512611596582215423068667753279365311728495624192
243 123 -587694458212418289092049551099628910230720532303640758449535499549391568288182804367860513468931899772167806976
123 243 -587694458212418289092049551099628910230720532303640758449535499549391568288182804367860513468931899772167806976
243 147 -1685398085148910358665618643732145019796987063546872715297717658896872897329407509432341036041979361708200021504
147 243 -1685398085148910358665618643732145019796987063546872715297717658896872897329407509432341036041979361708200021504
243 171 -70691576565069957423443548165074458335895585357773339705721507814779259647104719678059578092266930211411971936
171 243 -70691576565069957423443548165074458335895585357773339705721507814779259647104719678059578092266930211411971936
243 195 -32003213755536624806899800176113948878351823545722019300151340035937617931267907687389076118566371916352349344
195 243 -32003213755536624806899800176113948878351823545722019300151340035937617931267907687389076118566371916352349344
243 219 3494836302800884862990425250695400132229951837905990876503583744331357406065639204705592085693799223235923960
219 243 3494836302800884862990425250695400132229951837905990876503583744331357406065639204705592085693799223235923960
243 243 -75664833007693239173701498708442624485403028077225341793797995822873861276526017945513471365323913920726688
242 2 31715650846726045617033210842657178112787486867456
2 242 31715650846726045617033210842657178112787486867456
242 26 4725669635782921391127502538723474839140745716709055034993395049765986233467416428597477376
26 242 4725669635782921391127502538723474839140745716709055034993395049765986233467416428597477376
242 50 -35330385736165679229832490289893563369240527000034845747149162903164324802762836928792826108553723904
50 242 -35330385736165679229832490289893563369240527000034845747149162903164324802762836928792826108553723904
242 74 317504439199325221403921102294008485580145316258243450406051210544514753059162235186569234276845889865646080
74 242 317504439199325221403921102294008485580145316258243450406051210544514753059162235186569234276845889865646080
242 98 42329330255771410303949555658387593308332475322681512774015610321068064011815446205592299390730158438214533120
98 242 42329330255771410303949555658387593308332475322681512774015610321068064011815446205592299390730158438214533120
242 122 505609379332058747071231621503466250883173632282556886871050849528543914898760313306857632976176765358160092160
122 242 505609379332058747071231621503466250883173632282556886871050849528543914898760313306857632976176765358160092160
242 146 2513152369462083906090260300786611249936717038254093001301100633250139179269852460766335972252618386301173777728
146 242 2513152369462083906090260300786611249936717038254093001301100633250139179269852460766335972252618386301173777728
242 170 122676476515895156648301298135199307795139113217475726908638812903639168792497862967557096748716548950614422232
170 242 122676476515895156648301298135199307795139113217475726908638812903639168792497862967557096748716548950614422232
242 194 49540558500043812750773063292790415642454874558786149848083072234921967830367061476450427548660302000134213488
194 242 49540558500043812750773063292790415642454874558786149848083072234921967830367061476450427548660302000134213488
242 218 -5732858054284879478358540393620744341256379497071602099393087216540770713540590466872190654411158572580915304
218 242 -5732858054284879478358540393620744341256379497071602099393087216540770713540590466872190654411158572580915304
242 242 127991854337405341777596394938972558904743281093086481137896098209624757471051860490742334313499161110670004
241 1 -8733863105185658912716384469774237696
1 241 -8733863105185658912716384469774237696
241 25 -1272586434067588238483717646450900196237379319896827951878126004532064321434473075197345792
25 241 -1272586434067588238483717646450900196237379319896827951878126004532064321434473075197345792
241 49 -15260184642966431642716951744787024157664083323695237557753443427099146112384368536305546224010788864
49 241 -15260184642966431642716951744787024157664083323695237557753443427099146112384368536305546224010788864
241 73 -315454446097229799939096102879155958717489830557891554957621118972728225486898431559262287880318005515649024
73 241 -315454446097229799939096102879155958717489830557891554957621118972728225486898431559262287880318005515649024
241 97 -6129710536959466602261420963566185553550131697940371334166184286752026580662544704127602015113658042186465280
97 241 -6129710536959466602261420963566185553550131697940371334166184286752026580662544704127602015113658042186465280
241 121 -291305911410767309057913502184077507458246001693840135414259449963267819604794673833773276076237584531033122816
121 241 -291305911410767309057913502184077507458246001693840135414259449963267819604794673833773276076237584531033122816
241 145 -3667443582560524291075926088513459219470155337990141330472082871230769062960375957753155183435871237256121521024
145 241 -3667443582560524291075926088513459219470155337990141330472082871230769062960375957753155183435871237256121521024
241 169 -211964679810716886062549162059298307187705538380070791359675183051471234439075835954076305437346026553450878416
169 241 -211964679810716886062549162059298307187705538380070791359675183051471234439075835954076305437346026553450878416
241 193 -75440842343713030019479130238570351893741647038173790898057163177900449605616383922991851669434827325582850368
193 241 -75440842343713030019479130238570351893741647038173790898057163177900449605616383922991851669434827325582850368
241 217 9343838367422940599663817816890585328151775625152287084371815523140783866676344267611651332627725280649466664
217 241 9343838367422940599663817816890585328151775625152287084371815523140783866676344267611651332627725280649466664
241 241 -215377348828135439939689456688690244116514889217475573619542243648779167700912375502947614465180444640914888
240 24 356507683061424955361590738007244850113695722725676064919514550940149738434187575886348288
24 240 356507683061424955361590738007244850113695722725676064919514550940149738434187575886348288
240 48 30285233083714691304105885484797047061612118965809262880451904415587838122351813843711536313996935168
48 240 30285233083714691304105885484797047061612118965809262880451904415587838122351813843711536313996935168
240 72 282017753084796347244982722218519955048625250660688338223648565864035561421496460568368258741590309912707072
72 240 282017753084796347244982722218519955048625250660688338223648565864035561421496460568368258741590309912707072
240 96 -39473465973719279836393681353868788283316973847760965846884873885314798700506080598154941426109195033910444032
96 240 -39473465973719279836393681353868788283316973847760965846884873885314798700506080598154941426109195033910444032
240 120 -118745979636656439424508569134905442461804345294017631354022185922432108784241787166534782072888613662742413312
120 240 -118745979636656439424508569134905442461804345294017631354022185922432108784241787166534782072888613662742413312
240 144 5240757207526434429401682606126554876025017547292201080126403354315947658047091196086342329396557871321485471560
144 240 5240757207526434429401682606126554876025017547292201080126403354315947658047091196086342329396557871321485471560
240 168 362734015577731058082506126184244843189478956658970699536231967794502316234694473426195455382047530975269548896
168 240 362734015577731058082506126184244843189478956658970699536231967794502316234694473426195455382047530975269548896
240 192 112884760552276853943165061575594183117044552120363623586513978650194198025533660638750441748354432513252182816
192 240 112884760552276853943165061575594183117044552120363623586513978650194198025533660638750441748354432513252182816
240 216 -15131995868029630503468217198144099483768091849083211435677283117585040773143255595254959558877801120652151120
216 240 -15131995868029630503468217198144099483768091849083211435677283117585040773143255595254959558877801120652151120
240 240 360555049101596765706192691578590126759370994901835166928817948352962265974366464338551582496059146414718772
239 23 -130095045769389986704346569678780159785205505250122125908847504336624264761485808461938688
23 239 -130095045769389986704346569678780159785205505250122125908847504336624264761485808461938688
239 47 -28951957094487072181197033591888160020952391955082058304825477664612320416499406371015271063400480768
47 239 -28951957094487072181197033591888160020952391955082058304825477664612320416499406371015271063400480768
239 71 -228766280139119041599269817011511406371973145523027657432050715250378777359370511259822808199881298387402752
71 239 -228766280139119041599269817011511406371973145523027657432050715250378777359370511259822808199881298387402752
239 95 91794051864149160016141160887667302471601198916999226874750337870767870740106976416021450251219152794013401088
95 239 91794051864149160016141160887667302471601198916999226874750337870767870740106976416021450251219152794013401088
239 119 804485553444231425787558493891822091607845097592815663277549849784274361936076646895966726801611631262456217600
119 239 804485553444231425787558493891822091607845097592815663277549849784274361936076646895966726801611631262456217600
239 143 -7334887165121048582151852177026918438940310675980282660944165742461538125920751915506310366871742474512243042048
143 239 -7334887165121048582151852177026918438940310675980282660944165742461538125920751915506310366871742474512243042048
239 167 -612822636474312114878444185428617103515473986167677053569909862032410795612721446027635087372136378162913329747
167 239 -612822636474312114878444185428617103515473986167677053569909862032410795612721446027635087372136378162913329747
239 191 -165711342362620808709282744096809679302125685397336062750870671020273263267251156631379578084533046924496182891
191 239 -165711342362620808709282744096809679302125685397336062750870671020273263267251156631379578084533046924496182891
239 215 24349503878066153324379798592201315179256851957664737695307373400375287239933536176067024890363945147662774854
215 239 24349503878066153324379798592201315179256851957664737695307373400375287239933536176067024890363945147662774854
239 239 -600514162907187030625946793581053827617956473787228296112961333407015610329143683729643642636822484276180764
238 22 58670129063166709057336602415622472890709181801747429854358032074692048581770172801482752
22 238 58670129063166709057336602415622472890709181801747429854358032074692048581770172801482752
238 46 21873168450813580097071570545930077316454844205262732450041056502655287762322638780639097431519133696
46 238 21873168450813580097071570545930077316454844205262732450041056502655287762322638780639097431519133696
238 70 167768908283013916912686483473427372148739252974982490915721839743257670532822150191961681941913139100516352
70 238 167768908283013916912686483473427372148739252974982490915721839743257670532822150191961681941913139100516352
238 94 -146505458011574680915901402221304075906494476903954086977619381310627320322964325848154297519412703331818143744
94 238 -146505458011574680915901402221304075906494476903954086977619381310627320322964325848154297519412703331818143744
238 118 -1862481024342155757674714083504879357749999830809231163126411638661555341592730614790206028182391745549652066304
118 238 -1862481024342155757674714083504879357749999830809231163126411638661555341592730614790206028182391745549652066304
238 142 10052609477848335624361041203146444999746868153016372005204402533000556717079409843065343889010473545204695110912
142 238 10052609477848335624361041203146444999746868153016372005204402533000556717079409843065343889010473545204695110912
238 166 1020257978707854135025469600037915189703339839346635935568909815665366565344294405709970737581114667286620861369
166 238 1020257978707854135025469600037915189703339839346635935568909815665366565344294405709970737581114667286620861369
238 190 238109385602612304508128522930677434947556713604057260878127205721687776990621794071786374983670669805936663257
190 238 238109385602612304508128522930677434947556713604057260878127205721687776990621794071786374983670669805936663257
238 214 -38932542313287646198424431381934286560044979710108275996791806465521895436556999392065340601903364769936481754
214 238 -38932542313287646198424431381934286560044979710108275996791806465521895436556999392065340601903364769936481754
238 238 995138150010013095777326990648855591991699033209814778949864422437324323888244250435461973192988833268446144
237 21 -25445165540480554459842744532863600681476414919908137031962229387462773104423571531235328
21 237 -25445165540480554459842744532863600681476414919908137031962229387462773104423571531235328
237 45 -14252969542362528730211008597675748682079889992228361937879909461974732783868952862200072719218769920
45 237 -14252969542362528730211008597675748682079889992228361937879909461974732783868952862200072719218769920
237 69 -109210101728586845086915038804950460451479977424657383751281767511619105383042109617715619830551125568782336
69 237 -109210101728586845086915038804950460451479977424657383751281767511619105383042109617715619830551125568782336
237 93 197821189953006756757491552700175251148669370928580610595803779830889673446773022982356607906586143416345690112
93 237 197821189953006756757491552700175251148669370928580610595803779830889673446773022982356607906586143416345690112
237 117 3404372172073578118398346855818882357258122294738319803892633771761394268675524017801607445857266836730771668992
117 237 3404372172073578118398346855818882357258122294738319803892633771761394268675524017801607445857266836730771668992
237 141 -13483184681191282869324949149857160158375896508374981722381741271174983178635260075458728288335834893665600172032
141 237 -13483184681191282869324949149857160158375896508374981722381741271174983178635260075458728288335834893665600172032
237 165 -1672284478998427093320719239181350918899271134399036195672890076628062601194836206480509851475165381114179081168
165 237 -1672284478998427093320719239181350918899271134399036195672890076628062601194836206480509851475165381114179081168
237 189 -333807353328430384171391728523696003810262472808568862279391567882698716598607132417997453667680520326110989061
189 237 -333807353328430384171391728523696003810262472808568862279391567882698716598607132417997453667680520326110989061
237 213 61854263597340311986845896132335138185643021711395751258697536297384203433431174801910204166555093695540265396
213 237 61854263597340311986845896132335138185643021711395751258697536297384203433431174801910204166555093695540265396
237 237 -1640901685194137367901590366453969109384760925762493132390569637713911946010660204393785812709568789358787928
236 20 9278159778525360306333166923457804686370092739938765347981708420540349850468259146498048
20 236 9278159778525360306333166923457804686370092739938765347981708420540349850468259146498048
236 44 8178510841479468645970927045706412211253567009878185287195423066736984307895496750527938987080810496
44 236 8178510841479468645970927045706412211253567009878185287195423066736984307895496750527938987080810496
236 68 59998744623614606715804078634929725417130310436888991850073055961443662262719471105402613717285707488165888
68 236 59998744623614606715804078634929725417130310436888991850073055961443662262719471105402613717285707488165888
236 92 -238995106013665188256572051304465452870800968691144688839708216734318730750404719282258272248662832632591024128
92 236 -238995106013665188256572051304465452870800968691144688839708216734318730750404719282258272248662832632591024128
236 116 -5552830082879210036478928021461191459297683700322611200877013047975141041399095498996987685611786730476335267840
116 236 -5552830082879210036478928021461191459297683700322611200877013047975141041399095498996987685611786730476335267840
236 140 17679584588178553606712228319743770603786426919148766390477247827661714007414337696574857923912222867089925989888
140 236 17679584588178553606712228319743770603786426919148766390477247827661714007414337696574857923912222867089925989888
236 164 2697542373266075641257119605807809161946755111337248844148879177185364251380200054494537157814978693518493917822
164 236 2697542373266075641257119605807809161946755111337248844148879177185364251380200054494537157814978693518493917822
236 188 454365511487321202633872412367260508986979088640626101127307898580585519745941678016627204055210976481527582350
188 236 454365511487321202633872412367260508986979088640626101127307898580585519745941678016627204055210976481527582350
236 212 -97648628960815817173802809335593083049099202031461620661674444506749776166561402209276613103610212848585551436
212 236 -97648628960815817173802809335593083049099202031461620661674444506749776166561402209276613103610212848585551436
236 236 2692488557225977486303767364054300470328927990765477263349825484318927479971972523993386621370223448356189628
235 19 -2716168376352556300010163763989446087362852216474309107967275341993113888282130306301952
19 235 -2716168376352556300010163763989446087362852216474309107967275341993113888282130306301952
235 43 -4100348484761117358783323880816431782941611228406963877697945746873533194171144284750970365090463744
43 235 -4100348484761117358783323880816431782941611228406963877697945746873533194171144284750970365090463744
235 67 -23437720092002327446567306974477030918896343643749635376405105645420795114414219294277096724213736765652992
67 235 -23437720092002327446567306974477030918896343643749635376405105645420795114414219294277096724213736765652992
235 91 263146808841473121071689100127082090048344187343485226506998322844968126006572043339836695844461990968282841088
91 235 263146808841473121071689100127082090048344187343485226506998322844968126006572043339836695844461990968282841088
235 115 8434312318433808024454098686507480648368609217485892659949172403749792945849385592986434062442579190997006680064
115 235 8434312318433808024454098686507480648368609217485892659949172403749792945849385592986434062442579190997006680064
235 139 -22625191830939407516941921613293377160224266271502025696281370704822398227253980728262514031033106177353815864320
139 235 -22625191830939407516941921613293377160224266271502025696281370704822398227253980728262514031033106177353815864320
235 163 -4282072452906616421251965246797199711885972965581389190750813743359827584778563175684373802569016260406455690148
163 235 -4282072452906616421251965246797199711885972965581389190750813743359827584778563175684373802569016260406455690148
235 187 -595939426551821619588425318906162890621342005264215682634953963931359101524660112914902817572172296357134915037
187 235 -595939426551821619588425318906162890621342005264215682634953963931359101524660112914902817572172296357134915037
235 211 153181989484252102598876684057098979572734461768871811466032552854409078638434554164830747616676078970284176808
211 235 153181989484252102598876684057098979572734461768871811466032552854409078638434554164830747616676078970284176808
235 235 -4396761153947113427337786257564934198172417187944704706181969282624799255930945839043311240390165394719128804
234 18 617935565693066407738423174559629212847844834188891643441678600778407778156764200960000
18 234 617935565693066407738423174559629212847844834188891643441678600778407778156764200960000
234 42 1728914038669812900560383412367471213949819598896298934591155060127597745069800280415443186062721024
42 234 1728914038669812900560383412367471213949819598896298934591155060127597745069800280415443186062721024
234 66 -261160536485735577442031672795761077666797377946928946746535823440752670983524508890304962304547324166144
66 234 -261160536485735577442031672795761077666797377946928946746535823440752670983524508890304962304547324166144
234 90 -264337413060619387517448569705766273020996179688769480675420305133962563906278974625863880222807136169732603904
90 234 -264337413060619387517448569705766273020996179688769480675420305133962563906278974625863880222807136169732603904
234 114 -12167997336849057041468794100963335931040790526805647694018014805117354547420223813557499957641659432115076333568
114 234 -12167997336849057041468794100963335931040790526805647694018014805117354547420223813557499957641659432115076333568
234 138 28187834674838293475030491257648887019801873063746019622459822767669795948937595062334743902505126650882574815232
138 234 28187834674838293475030491257648887019801873063746019622459822767669795948937595062334743902505126650882574815232
234 162 6689757932979154161412275740273392879200821336754062949561030361452745496293676962841461111971573570556504031952
162 234 6689757932979154161412275740273392879200821336754062949561030361452745496293676962841461111971573570556504031952
234 186 743539271290201075395047412686522361838958668357517801977840973269411378973354859339495376059851961435069115302
186 234 743539271290201075395047412686522361838958668357517801977840973269411378973354859339495376059851961435069115302
234 210 -238781019173379183107782650891839021176999503007626573287915462462548633943667358023858313784183055732489369072
210 234 -238781019173379183107782650891839021176999503007626573287915462462548633943667358023858313784183055732489369072
234 234 7145913055875797473822670920639492243577461707013038326326123422707116934406409184578787370278301072586563416
233 17 -102607011620864238831869429281039427006579084809591035135391951712432016067597934002176
17 233 -102607011620864238831869429281039427006579084809591035135391951712432016067597934002176
233 41 -545468564052601688554357508302375018823263665424095618293411604021350601611018051508656973681786880
41 233 -545468564052601688554357508302375018823263665424095618293411604021350601611018051508656973681786880
233 65 12985074656580778820416273229449450790451206160231134574393454326365819382403574750900996546671999291752448
65 233 12985074656580778820416273229449450790451206160231134574393454326365819382403574750900996546671999291752448
233 89 238731429650705648987222617448188447692661883984866179624210225432132641764957844208146383603657997027041607680
89 233 238731429650705648987222617448188447692661883984866179624210225432132641764957844208146383603657997027041607680
233 113 16850557018086360324785038636948938371094372264188416081868394556507016237277073986707641323155504359744447971328
113 233 16850557018086360324785038636948938371094372264188416081868394556507016237277073986707641323155504359744447971328
233 137 -34059544695303984279271964640534691345847156305040747361215990585467051101018376130902329597360630130807588005888
137 233 -34059544695303984279271964640534691345847156305040747361215990585467051101018376130902329597360630130807588005888
233 161 -10287615407580823159826653064802799808452138081625204238376002741200385664365184842547751012573330870648102906792
161 233 -10287615407580823159826653064802799808452138081625204238376002741200385664365184842547751012573330870648102906792
233 185 -861316270025446834278958079073109084498250667130828050614410805585409869887289662713176931546241368012779347913
185 233 -861316270025446834278958079073109084498250667130828050614410805585409869887289662713176931546241368012779347913
233 209 369869188072427414541129112429923736291990882474426821815243612544644011699300374010115586114828045485471144276
209 233 369869188072427414541129112429923736291990882474426821815243612544644011699300374010115586114828045485471144276
233 233 -11560301328074779973746556399670287414478607285134831849212343058836596891191285335612994937686155875985374848
232 16 10288809656486928513052143521160936768283475814458738290955871466749562671413017444352
16 232 10288809656486928513052143521160936768283475814458738290955871466749562671413017444352
232 40 62924827997086383026212311809386578661273775261971992272794629742942233460050498345938445534232576
40 232 62924827997086383026212311809386578661273775261971992272794629742942233460050498345938445534232576
232 64 -17629077960542167922046006034311374169315165890337838385663776196907769211127909507169567156648052548173824
64 232 -17629077960542167922046006034311374169315165890337838385663776196907769211127909507169567156648052548173824
232 88 -185608720706372371353096929747980981045118511408882321882479157407963990356942241146427563118614126765673545728
88 232 -185608720706372371353096929747980981045118511408882321882479157407963990356942241146427563118614126765673545728
232 112 -22536894208319948646700133531053716054033280160963575838329232584766974238932720538591833230197600300441651904512
112 232 -22536894208319948646700133531053716054033280160963575838329232584766974238932720538591833230197600300441651904512
232 136 39681530003449106223257177739287394618227951412067535701597025748197289845544457532380290410793602106394790844416
136 232 39681530003449106223257177739287394618227951412067535701597025748197289845544457532380290410793602106394790844416
232 160 15575952851165111438725125726467487622815874194227721927137509316253167175830531029782494802445859032945099578008
160 232 15575952851165111438725125726467487622815874194227721927137509316253167175830531029782494802445859032945099578008
232 184 876720606823135269478652906135719828693958211729337604606217276321326509386404465351784004450944219001581857545
184 232 876720606823135269478652906135719828693958211729337604606217276321326509386404465351784004450944219001581857545
232 208 -569323362305031258807361031474926191325647233300539468457300338290323419774476636850824412379523675094409650452
208 232 -569323362305031258807361031474926191325647233300539468457300338290323419774476636850824412379523675094409650452
232 232 18617034398602629213297579883723081325886142962478297463479838769482297180513211039964182502478885132838681460
231 15 18006226373812856936833658598431864714405073381432905144359751237734233431353589760
15 231 18006226373812856936833658598431864714405073381432905144359751237734233431353589760
231 39 72571842607409582216164715277992920349412650553490985029300426302518798258362585841944331978539008
39 231 72571842607409582216164715277992920349412650553490985029300426302518798258362585841944331978539008
231 63 17188441560166699447477405143220351926178218176627709776223610520982565744650244933854829039664774101598208
63 231 17188441560166699447477405143220351926178218176627709776223610520982565744650244933854829039664774101598208
231 87 107966712249836928043934240143965573654568543315680311899938388305017947759330322578205435617540654099735773184
87 231 107966712249836928043934240143965573654568543315680311899938388305017947759330322578205435617540654099735773184
231 111 29217614669308548139661189788799304139860290078572094270076543529732103158052636167432659332932347294501727895552
111 231 29217614669308548139661189788799304139860290078572094270076543529732103158052636167432659332932347294501727895552
231 135 -44155709044508836775871268122920832110332915249412109519637134193335751561958310058042460557426749571670045982720
135 231 -44155709044508836775871268122920832110332915249412109519637134193335751561958310058042460557426749571670045982720
231 159 -23222758726797124363663316217388990944514154722422617387476336914955836410640815369558805488724550348708415381632
159 231 -23222758726797124363663316217388990944514154722422617387476336914955836410640815369558805488724550348708415381632
231 183 -655443915291213624966339341261326834488722860054956651604422299819630688646201395067904377587321965759200097704
183 231 -655443915291213624966339341261326834488722860054956651604422299819630688646201395067904377587321965759200097704
231 207 870842492807883776124671674820514248853277677073811543017983340850400844652851370777754766557001140506258071752
207 231 870842492807883776124671674820514248853277677073811543017983340850400844652851370777754766557001140506258071752
231 231 -29848862662020417854365174332442402468722575755723862752550221586366268290776349357567511089914803151963286888
230 14 -198089271090442677489510853434442519504464357512343385531085538074046774117257969664
14 230 -198089271090442677489510853434442519504464357512343385531085538074046774117257969664
230 38 -72747566270799164437418258329519289729491013140067897627299994785446714932446396857813668234002432
38 230 -72747566270799164437418258329519289729491013140067897627299994785446714932446396857813668234002432
230 62 -14175271216155467568948358857858266046104037850825109936174806873761255195162802710045248929604129741864960
62 230 -14175271216155467568948358857858266046104037850825109936174806873761255195162802710045248929604129741864960
230 86 -12499374204906595744161725769912661559735666328802723453236143762630430668188674784120623760865418763825053696
86 230 -12499374204906595744161725769912661559735666328802723453236143762630430668188674784120623760865418763825053696
230 110 -36794755682456155132668652818910976928119936657250608934072504794311565541761513200023027189850317746121371287552
110 230 -36794755682456155132668652818910976928119936657250608934072504794311565541761513200023027189850317746121371287552
230 134 46146886721320505533329975271511206852624280063950400840487050129573208184763527552227516125954971997060988260352
134 230 46146886721320505533329975271511206852624280063950400840487050129573208184763527552227516125954971997060988260352
230 158 34100711654920956119362465287751411913246334694051844923591587048694886310165849746584399286613774737212890685264
158 230 34100711654920956119362465287751411913246334694051844923591587048694886310165849746584399286613774737212890685264
230 182 -37166136934111645386151013277333738325684547905708859973391529195343462603972845876037361164190778740286688738
182 230 -37166136934111645386151013277333738325684547905708859973391529195343462603972845876037361164190778740286688738
230 206 -1323728353141926941423299038207371511557192536575744417830181170157916373070428174784381667192829455217267873304
206 230 -1323728353141926941423299038207371511557192536575744417830181170157916373070428174784381667192829455217267873304
230 230 47650749175226306824554640463051240504099496857067638175784478852464579717789388889162411497423069513377455784
229 13 32636297982132699999264806783300563404448887759396987476574818256917103181886914560
13 229 32636297982132699999264806783300563404448887759396987476574818256917103181886914560
229 37 40994794469616012988432950014838770654945122986666725348334680452601928752224895159499403598757888
37 229 40994794469616012988432950014838770654945122986666725348334680452601928752224895159499403598757888
229 61 10368568647181320835403818904750527856725602471575631105362273931888157571049038969309466398276846331363328
61 229 10368568647181320835403818904750527856725602471575631105362273931888157571049038969309466398276846331363328
229 85 -91141670799956398965359624112483066366132446617158671658971202561030957392975481523645994023388039388925526016
85 229 -91141670799956398965359624112483066366132446617158671658971202561030957392975481523645994023388039388925526016
229 109 45058063778199693855942350468677760203050833484866895156623318499197762670469267685873846019176217245495005806592
109 229 45058063778199693855942350468677760203050833484866895156623318499197762670469267685873846019176217245495005806592
229 133 -43783352066938857846531820092643714007162414134837721832457356274897268370928486470279285054211961566092823486464
133 229 -43783352066938857846531820092643714007162414134837721832457356274897268370928486470279285054211961566092823486464
229 157 -49323865642925590160793486294675758519615301691761639848027562611900028011136372332873119538122885092586422891744
157 229 -49323865642925590160793486294675758519615301691761639848027562611900028011136372332873119538122885092586422891744
229 181 1594092099425036322503710092146510306708068884469884582715816880856779338253435820398621118972411703339139206332
181 229 1594092099425036322503710092146510306708068884469884582715816880856779338253435820398621118972411703339139206332
229 205 1999622460050538739954547635316832578108514784258386952083075746053121325478452766129719668228915675638096718184
205 229 1999622460050538739954547635316832578108514784258386952083075746053121325478452766129719668228915675638096718184
229 229 -75750883068718279634929416535098717802425972034661433336165034695244927919037853509115771535152771646738639972
228 12 -2427823191452028440126085142702656853708202804772673393669289950702262716756656128
12 228 -2427823191452028440126085142702656853708202804772673393669289950702262716756656128
228 36 -15202087108959221612583860058626646457937779086956586119164071977897580707433816836089564184444928
36 228 -15202087108959221612583860058626646457937779086956586119164071977897580707433816836089564184444928
228 60 -6820161797910090236979547534414562857882447325647815517608851377746541557503835950239942420898416745775104
60 228 -6820161797910090236979547534414562857882447325647815517608851377746541557503835950239942420898416745775104
228 84 191730283768557955513106211869043545934995286396110530944227886732529115193983571892328122227699302886061113344
84 228 191730283768557955513106211869043545934995286396110530944227886732529115193983571892328122227699302886061113344
228 108 -53664807944765762074876660309940747094982701919029670032097603843174205628997392931296133993779046783494165364736
108 228 -53664807944765762074876660309940747094982701919029670032097603843174205628997392931296133993779046783494165364736
228 132 34568321797733707731664136353007122961467051655001780396174354590886203955589100334767207783381944936678506954752
132 228 34568321797733707731664136353007122961467051655001780396174354590886203955589100334767207783381944936678506954752
228 156 70279381045580440399165784034308638672753051647014127364277088363080883168688422461484257164307186979040076259616
156 228 70279381045580440399165784034308638672753051647014127364277088363080883168688422461484257164307186979040076259616
228 180 -4651815712805607853102323007824354352341626280333917611701657356442769352672302872848624714155483253657434201208
180 228 -4651815712805607853102323007824354352341626280333917611701657356442769352672302872848624714155483253657434201208
228 204 -3001934785327614336770341387755663542357804928774099110035829916634547307196049677495684271715302561603912457232
204 228 -3001934785327614336770341387755663542357804928774099110035829916634547307196049677495684271715302561603912457232
228 228 119932119525472062543992155670832644420518691110068494005101619762844510527991574776462987618981920328559921752
227 11 51888046701461918074112026813732646877942378216354603644591104102240266525605888
11 227 51888046701461918074112026813732646877942378216354603644591104102240266525605888
227 35 2029830492076174175927812057014939259575553017103799134078590056973596801962483062963286271066112
35 227 2029830492076174175927812057014939259575553017103799134078590056973596801962483062963286271066112
227 59 4006293160759596667971513334249560575001665142235134622599471142040590205869844497820062789548857435881472
59 227 4006293160759596667971513334249560575001665142235134622599471142040590205869844497820062789548857435881472
227 83 -278247069297679807105894650403453027669032276431193596657381496589297408431428606252389258988494471295901106176
83 227 -278247069297679807105894650403453027669032276431193596657381496589297408431428606252389258988494471295901106176
227 107 62126658556861352890310588060463779331566442275546378813441501146369576256834997050192115520564190126943670108160
107 227 62126658556861352890310588060463779331566442275546378813441501146369576256834997050192115520564190126943670108160
227 131 -15320116006139519849233146814902458157706770797486348776595761418497848860360063090369233899842239111111370670080
131 227 -15320116006139519849233146814902458157706770797486348776595761418497848860360063090369233899842239111111370670080
227 155 -98647731285851180321586972589351517039230603383523279696055125223800056022272744665746239076245770185172845783488
155 227 -98647731285851180321586972589351517039230603383523279696055125223800056022272744665746239076245770185172845783488
227 179 10212668594170442624989287623751917964457274927309757535609344479795157641608811970543520773589574995874775011514
179 227 10212668594170442624989287623751917964457274927309757535609344479795157641608811970543520773589574995874775011514
227 203 4478953538167809585802147269299304622876968998781374642216340154229577884764537647734462318529744840101944224052
203 227 4478953538167809585802147269299304622876968998781374642216340154229577884764537647734462318529744840101944224052
227 227 -189133781906735984740745704028548647977343706818398633257102070665935966911930023780147797079542424830375500672
226 10 4658432178714597824182960394501541686672629977025104800707475838496925900865536
10 226 4658432178714597824182960394501541686672629977025104800707475838496925900865536
226 34 2323151980303297662346934017913897810062121915334614385971242556422093628097211991427877888327680
34 226 2323151980303297662346934017913897810062121915334614385971242556422093628097211991427877888327680
226 58 -2025124615868561338731925292645631669966398918924543567010453128856499298188698077229241822517686154821632
58 226 -2025124615868561338731925292645631669966398918924543567010453128856499298188698077229241822517686154821632
226 82 341689839680524553569369724142251583468577393441666556173643146537780062974747225531971609046985186514032394240
82 226 341689839680524553569369724142251583468577393441666556173643146537780062974747225531971609046985186514032394240
226 106 -69807495253623753070013998689307319798117098476589741524971971780256805240100524184883347824231561758643155107840
106 226 -69807495253623753070013998689307319798117098476589741524971971780256805240100524184883347824231561758643155107840
226 130 -17835056052200164123194254682997974996311835732377184081099858411076174205953282232343692712971095830445519077376
130 226 -17835056052200164123194254682997974996311835732377184081099858411076174205953282232343692712971095830445519077376
226 154 136402846619683824477449861151005647652985338776207379694366348194779545240663398986337597146455098948851562741056
154 226 136402846619683824477449861151005647652985338776207379694366348194779545240663398986337597146455098948851562741056
226 178 -19816754383436381952071955654802181518411157596822352758247105903596276915911679200253387820881291566179698479438
178 226 -19816754383436381952071955654802181518411157596822352758247105903596276915911679200253387820881291566179698479438
226 202 -6641961862484048458914290512604554356017409020911412074595429447018914019292357501123282561324753093043581679980
202 226 -6641961862484048458914290512604554356017409020911412074595429447018914019292357501123282561324753093043581679980
226 226 297129735617364444961267573895217239538965221680501857655527290102904862291885911604337992349521494532271317632
225 9 -329746695202396087720892547880933198980263520926109889365838701550632255356928
9 225 -329746695202396087720892547880933198980263520926109889365838701550632255356928
225 33 -2607453308614770103231481409304531017453220494548388557650854764755694727065394257519087720595456
33 225 -2607453308614770103231481409304531017453220494548388557650854764755694727065394257519087720595456
225 57 773662337059814095306722733853302425720966030002367329172634308709740714005715785367267150108593114578944
57 225 773662337059814095306722733853302425720966030002367329172634308709740714005715785367267150108593114578944
225 81 -376514942401085121395618923036320119801465810974459609114851356123862471166876401917693234398583370487758323712
81 225 -376514942401085121395618923036320119801465810974459609114851356123862471166876401917693234398583370487758323712
225 105 75936042181144854433670783334554022467859417709267584071805149441138290890750907676200826941138955275527377649664
105 225 75936042181144854433670783334554022467859417709267584071805149441138290890750907676200826941138955275527377649664
225 129 69387807573916647056134059310940144769673389956007771054471580146441057236833084997646429653791607167544003657728
129 225 69387807573916647056134059310940144769673389956007771054471580146441057236833084997646429653791607167544003657728
225 153 -185782069814376994909306529739111927556113237779380939099810695319646691285126522956470443909796402789667323053056
153 225 -185782069814376994909306529739111927556113237779380939099810695319646691285126522956470443909796402789667323053056
225 177 35778113561502402927065835810092373654570537575679856047200111929016355618091905410822247361132254940308967475232
177 225 35778113561502402927065835810092373654570537575679856047200111929016355618091905410822247361132254940308967475232
225 201 9790136456001642073198563162247181818581779065164166548627937506236224064091992592270354755241194022652615352432
201 225 9790136456001642073198563162247181818581779065164166548627937506236224064091992592270354755241194022652615352432
225 225 -465077483167433726475822951336108441762147913877881686365178230905133409480161210206631049499556419422854760356
224 8 6926041441760713480275104192335245341276660847973159449092658570897056071680
8 224 6926041441760713480275104192335245341276660847973159449092658570897056071680
224 32 1742115464856921405696912716689735013886656711430583584919266229331518968332372223894218805870592
32 224 1742115464856921405696912716689735013886656711430583584919266229331518968332372223894218805870592
224 56 -74208156331706475344955482866342301225121671652791714080861461555479573381911316610023427420696638128128
56 224 -74208156331706475344955482866342301225121671652791714080861461555479573381911316610023427420696638128128
224 80 381391166056809270993939858469355916931766311206433385916192854140912786870473588368292544811498764748791480320
80 224 381391166056809270993939858469355916931766311206433385916192854140912786870473588368292544811498764748791480320
224 104 -79636808274788688502154970720953939116485724985322820765057555893354865300037555441945669093729294471747449389056
104 224 -79636808274788688502154970720953939116485724985322820765057555893354865300037555441945669093729294471747449389056
224 128 -144252671682410228619396915253644671487822936065689084935564967266074528029049173655717669893132222671622083837952
128 224 -144252671682410228619396915253644671487822936065689084935564967266074528029049173655717669893132222671622083837952
224 152 249215245618641783019602011623479801965053987107643550834200149060050674813288496476519916839133744527121593248128
152 224 249215245618641783019602011623479801965053987107643550834200149060050674813288496476519916839133744527121593248128
224 176 -61501473420171882625022792841697929107255632215659945269021256356818081416607093947517560973138804346310115975556
176 224 -61501473420171882625022792841697929107255632215659945269021256356818081416607093947517560973138804346310115975556
224 200 -14344608235258159234723468963817042647545266266429933855254976922918066577573252345416851784247139214463754560872
200 224 -14344608235258159234723468963817042647545266266429933855254976922918066577573252345416851784247139214463754560872
224 224 725380816540075102723151097224617791904108841223659831426777895579214102958737238905365566402588941137361770880
223 7 -25477214837169380054162843743113826165602585954159469525620765990187958272
7 223 -25477214837169380054162843743113826165602585954159469525620765990187958272
223 31 -926234543759860326896288829715911001289901666944150700454565069696262554141613699202949207556096
31 223 -926234543759860326896288829715911001289901666944150700454565069696262554141613699202949207556096
223 55 -251965110944523912654724661182488451871529865797727286557938790492112498023780669250329319780665199165440
55 223 -251965110944523912654724661182488451871529865797727286557938790492112498023780669250329319780665199165440
223 79 -359117841755526040920339037914845698276156552528105227899164552204410828765692861806860985581891219264414679040
79 223 -359117841755526040920339037914845698276156552528105227899164552204410828765692861806860985581891219264414679040
223 103 79981699522316635415852801488627441943064880957094105075338272903049300101553084375318785091479399803356832595968
103 223 79981699522316635415852801488627441943064880957094105075338272903049300101553084375318785091479399803356832595968
223 127 247419268809375452524336844685613780474663678569011865589414365080998884696080594638547770012664597385347763798016
127 223 247419268809375452524336844685613780474663678569011865589414365080998884696080594638547770012664597385347763798016
223 151 -329203693042586341114452898073689593870468418612006535628032087718412341259685914961528032402346587860739293017344
151 223 -329203693042586341114452898073689593870468418612006535628032087718412341259685914961528032402346587860739293017344
223 175 101896181487260186934041673531623473312707038597813620766640567036942207037314636714287832701418330655494949172216
175 223 101896181487260186934041673531623473312707038597813620766640567036942207037314636714287832701418330655494949172216
223 199 20894889911395355685748684581355802443957137966445925258037566103341339739339474508930716194656937094180901703264
199 223 20894889911395355685748684581355802443957137966445925258037566103341339739339474508930716194656937094180901703264
223 223 -1127529054424417547163730802446457583802488737415509189210603228884641743215007671962868546979144410678586448668
222 6 167844622195962466235805454404228503620685759851279033395304368267329536
6 222 167844622195962466235805454404228503620685759851279033395304368267329536
222 30 426552682001797200688574913996291425405486975790580160934733631137212316250594719300872327659520
30 222 426552682001797200688574913996291425405486975790580160934733631137212316250594719300872327659520
222 54 351498644151617032181461824354757732089256962443355355017486575122112919685534007484692371377678964490240
54 222 351498644151617032181461824354757732089256962443355355017486575122112919685534007484692371377678964490240
222 78 315768330900665141523728706164856366712825636294261232436639680498055436167785144046869538507353149848019795968
78 222 315768330900665141523728706164856366712825636294261232436639680498055436167785144046869538507353149848019795968
222 102 -76062635765285026363084445556374848337429248237168907261330441051388268977347192038061729492742199763128201248768
102 222 -76062635765285026363084445556374848337429248237168907261330441051388268977347192038061729492742199763128201248768
222 126 -383409672455508741307356541520402782575318821812609473942817074510867038985889083416639962545206807186354201427968
126 222 -383409672455508741307356541520402782575318821812609473942817074510867038985889083416639962545206807186354201427968
222 150 428144507710665866330385647377497144268852565552260028771905943132975711762795325621853511166180708515616258044928
150 222 428144507710665866330385647377497144268852565552260028771905943132975711762795325621853511166180708515616258044928
222 174 -163901543783589898205841423990503353179646573546708888296467519808915831263999348068438437749501310519008486480224
174 222 -163901543783589898205841423990503353179646573546708888296467519808915831263999348068438437749501310519008486480224
222 198 -30262013833968618132816130889812708206774787454903911106076310307955747250994690548065274779297705450184534446176
198 222 -30262013833968618132816130889812708206774787454903911106076310307955747250994690548065274779297705450184534446176
222 222 1746904035778927460523376608059838493923579721567511062614946629273575461350921759051228816237335465783829968456
221 5 1495826975242358101739614996150205789394352602574476627634873125830656
5 221 1495826975242358101739614996150205789394352602574476627634873125830656
221 29 -178407175206660904381947366343795716921487128424990749534260410055196701060053541103219712720896
29 221 -178407175206660904381947366343795716921487128424990749534260410055196701060053541103219712720896
221 53 -330697111876365162238723944732532262594115546043404427633211005408338315886646114436079756654101833711616
53 221 -330697111876365162238723944732532262594115546043404427633211005408338315886646114436079756654101833711616
221 77 -259305766159383073217831145837703216684652560083556894387231826558782088595045886176494349005868055245558382592
77 221 -259305766159383073217831145837703216684652560083556894387231826558782088595045886176494349005868055245558382592
221 101 67082468312434036294422522509863123548907327565371965803757824437913974325528665873489207939350685246823486980096
101 221 67082468312434036294422522509863123548907327565371965803757824437913974325528665873489207939350685246823486980096
221 125 555510090756065773178861274512136735334727816718381681532111451821264006107718733024132287610308059552734199676928
125 221 555510090756065773178861274512136735334727816718381681532111451821264006107718733024132287610308059552734199676928
221 149 -548105273972046901920251551590041563121404539594417816416104159150057930851656086487599846728834081332026328338944
149 221 -548105273972046901920251551590041563121404539594417816416104159150057930851656086487599846728834081332026328338944
221 173 257131016202282588750161304397075773724731202827335941508834384254778395148122508325991700985342017264228481232496
173 221 257131016202282588750161304397075773724731202827335941508834384254778395148122508325991700985342017264228481232496
221 197 43584317254541295018498017583174916790621990278614771688219327888809185237221763275681026746465514997324773913616
197 221 43584317254541295018498017583174916790621990278614771688219327888809185237221763275681026746465514997324773913616
221 221 -2698033027371430378473048368887139256974346627406166911009510248738189027278191216924376617564722107375670124492
220 4 1191272485042974557156943144189342972094490108180294279245020004352
4 220 1191272485042974557156943144189342972094490108180294279245020004352
220 28 70311336031562706081930772658698893321853043489873866974039539497753747979767722004462247608320
28 220 70311336031562706081930772658698893321853043489873866974039539497753747979767722004462247608320
220 52 259339474060585137556755195687017825709837694508167123546726567571475617792523396194528150373062942916608
52 220 259339474060585137556755195687017825709837694508167123546726567571475617792523396194528150373062942916608
220 76 198025225951133789883473786928859358156056125449446555352576063512343992191079074932821652354937976950318170112
76 220 198025225951133789883473786928859358156056125449446555352576063512343992191079074932821652354937976950318170112
220 100 -52457702332669101015707992069342308697434569338778425343286923562137569323957574102977630708320395987411709984768
100 220 -52457702332669101015707992069342308697434569338778425343286923562137569323957574102977630708320395987411709984768
220 124 -764758297504127314902743073907688748921951077921846732733619614715920826560137080146331281653979394233286482984960
124 220 -764758297504127314902743073907688748921951077921846732733619614715920826560137080146331281653979394233286482984960
220 148 690570847556115364161822619086799145458369308502335704102113069359453248353331213950601512400634545540734442962432
148 220 690570847556115364161822619086799145458369308502335704102113069359453248353331213950601512400634545540734442962432
220 172 -394629059650070059735965046750429242751548897114473117224757048861362651453084981946319578328151005889495297189264
172 220 -394629059650070059735965046750429242751548897114473117224757048861362651453084981946319578328151005889495297189264
220 196 -62434079535367369347138358373591750878747808535644026242596061667474353112958128439928514733447448293792439247440
196 220 -62434079535367369347138358373591750878747808535644026242596061667474353112958128439928514733447448293792439247440
220 220 4154486237132132074028307553356516942168087108664765702123501803910747674249487035043375786066906853804591473052
219 3 17076467823621526553938114758631684203344254804190030716731392
3 219 17076467823621526553938114758631684203344254804190030716731392
219 27 -26829697242183286900064744963476677190173392530267237662857634723358224223839369490716786950144
27 219 -26829697242183286900064744963476677190173392530267237662857634723358224223839369490716786950144
219 51 -178600414474569635002677574538940578257733039928015329605258705178918869773642181062658068602833766187008
51 219 -178600414474569635002677574538940578257733039928015329605258705178918869773642181062658068602833766187008
219 75 -139178944686913698354818492571580223183417570667114602028072982980954237667995126765039039657987406780205891584
75 219 -139178944686913698354818492571580223183417570667114602028072982980954237667995126765039039657987406780205891584
219 99 31922625263151267165232828921620393713005799465580654332586332996930434922984359037035291723887545464240885202944
99 219 31922625263151267165232828921620393713005799465580654332586332996930434922984359037035291723887545464240885202944
219 123 1008690022932248479015894452418927296400931033677495413747092172658342317277292318823452097529105058094221484883968
123 219 1008690022932248479015894452418927296400931033677495413747092172658342317277292318823452097529105058094221484883968
219 147 -856209653247194671780208250460851670476426820812306532184519719233568051811756137718021043955284675130459689558016
147 219 -856209653247194671780208250460851670476426820812306532184519719233568051811756137718021043955284675130459689558016
219 171 593710629753749825223762738705224430916203703029005733355157303705371858312116990846148495875635626357818691898624
171 219 593710629753749825223762738705224430916203703029005733355157303705371858312116990846148495875635626357818691898624
219 195 88976500223055057698705574953698877237740889644603839770763607762237847682633717287097338188376287307952867279232
195 219 88976500223055057698705574953698877237740889644603839770763607762237847682633717287097338188376287307952867279232
219 219 -6378680379006386816337567783556174097116679013209955641618374029188393730682818825261225405932312914204881101104
218 2 78824132699134952331263790347685190846379939764109312
2 218 78824132699134952331263790347685190846379939764109312
218 26 10006913759304145308837241639118578792208351864938827031077528406085789797460667188179999129600
26 218 10006913759304145308837241639118578792208351864938827031077528406085789797460667188179999129600
218 50 109235902354230303147857168677940233395593871801153883724373357755081424481168433879395492677130901258240
50 218 109235902354230303147857168677940233395593871801153883724373357755081424481168433879395492677130901258240
218 74 88047821466882782279169758299191968866844293301938335293549513645070930175056092805446304074856093249131511808
74 218 88047821466882782279169758299191968866844293301938335293549513645070930175056092805446304074856093249131511808
218 98 -5621368635494943951010429183411083408124999911960917242154319989158925806334311119930113266629050215931985264640
98 218 -5621368635494943951010429183411083408124999911960917242154319989158925806334311119930113266629050215931985264640
218 122 -1279877733023720825132351260593261273463010214772734612523328607264561507522762140911982520465356956685813449490432
122 218 -1279877733023720825132351260593261273463010214772734612523328607264561507522762140911982520465356956685813449490432
218 146 1044744170196842634266080870438825154256219995490955198022563651241335362912557471447010035283061419301499762041856
146 218 1044744170196842634266080870438825154256219995490955198022563651241335362912557471447010035283061419301499762041856
218 170 -876814897975064474055583778237880193525278753254431449813478673468814562798302648856407940223798893743142638229472
170 218 -876814897975064474055583778237880193525278753254431449813478673468814562798302648856407940223798893743142638229472
218 194 -126187350344027965544478818319735096378424734454132416794147762978103451845229639107252787201804388098057011507808
194 218 -126187350344027965544478818319735096378424734454132416794147762978103451845229639107252787201804388098057011507808
218 218 9766412229653626216805492784434632833306427721333885279229143398438648822328838461038441081986181261703422857992
217 1 7755917059752192574298093417346782724096
1 217 7755917059752192574298093417346782724096
217 25 -3604221353968037525291864951778400508512504655323335956662580709422503974777275991484149006336
25 217 -3604221353968037525291864951778400508512504655323335956662580709422503974777275991484149006336
217 49 -58641958285663380940645467620187929134860271774242885354480251479706899977009602869973092199354572210176
49 217 -58641958285663380940645467620187929134860271774242885354480251479706899977009602869973092199354572210176
217 73 -47572223696350824454525774305490080127535423541402331761540397491449238075501765816175459257417360350262591488
73 217 -47572223696350824454525774305490080127535423541402331761540397491449238075501765816175459257417360350262591488
217 97 -25826869570009150194257584704333151991573644648640997913298938305862277828276283046042667946277781225951668994048
97 217 -25826869570009150194257584704333151991573644648640997913298938305862277828276283046042667946277781225951668994048
217 121 1564332507976157548754646789439745422687305204104407290112219457280306335348064151321701027036208847094499288023040
121 217 1564332507976157548754646789439745422687305204104407290112219457280306335348064151321701027036208847094499288023040
217 145 -1255060759499391211271053691757807827999690723671402605711175397442377309414853521464596658938135302477646499321856
145 217 -1255060759499391211271053691757807827999690723671402605711175397442377309414853521464596658938135302477646499321856
217 169 1272246541347867438447210813789177233935195940321509306847323937011216238411569464796844059428433284139081184976192
169 217 1272246541347867438447210813789177233935195940321509306847323937011216238411569464796844059428433284139081184976192
217 193 178152874077045773569963499609719818018041857463086315163212123404236295615076294879621526870666880381975290571072
193 217 178152874077045773569963499609719818018041857463086315163212123404236295615076294879621526870666880381975290571072
217 217 -14913235604241923789639657200098708123104655602247547215266344447398727191345610365600038054629949553956237029344
216 24 1220497865963585839203451997898961392041426687695798881799998535473377897814804487361498447872
24 216 1220497865963585839203451997898961392041426687695798881799998535473377897814804487361498447872
216 48 26459954782349943210393626824434183936176281397191028817759462059543297169864469214558600222761231056896
48 216 26459954782349943210393626824434183936176281397191028817759462059543297169864469214558600222761231056896
216 72 18500036472687930840833057184509560548763497517086981155831010511075248343849131526821513945534209394657460224
72 216 18500036472687930840833057184509560548763497517086981155831010511075248343849131526821513945534209394657460224
216 96 61303146789665652593676579758662792051185058939330549157732170307021305336623034364352251218525291663598133706752
96 216 61303146789665652593676579758662792051185058939330549157732170307021305336623034364352251218525291663598133706752
216 120 -1839881568927128889443058732280085242818076751786430070379814957876182501335928536213957686215953212957210468941824
120 216 -1839881568927128889443058732280085242818076751786430070379814957876182501335928536213957686215953212957210468941824
216 144 1485758527806386413905945092850666877704105806475143985300406140086281487297308563153696585244866686874704072278016
144 216 1485758527806386413905945092850666877704105806475143985300406140086281487297308563153696585244866686874704072278016
216 168 -1814593545683549361875602097912551156086452975699369431307960973849757104931588820438097823605233067373770664775856
168 216 -1814593545683549361875602097912551156086452975699369431307960973849757104931588820438097823605233067373770664775856
216 192 -250486440294750742368144051059461459851901481215128702343604550127670207365981026598899792294253669643892333363584
192 216 -250486440294750742368144051059461459851901481215128702343604550127670207365981026598899792294253669643892333363584
216 216 22713137439779756812452499904874347465115188395161863572116360799646673299733378389663944092701118511151320507312
215 23 -376818198913622681107697902292086802256281692770227020821958992217174235924624635117153812480
23 215 -376818198913622681107697902292086802256281692770227020821958992217174235924624635117153812480
215 47 -8717573570492900880893259022676264765510629263484135330903266296754615331492143564669356253602318909440
47 215 -8717573570492900880893259022676264765510629263484135330903266296754615331492143564669356253602318909440
215 71 103966408171158684633053111546512370818972870625979520684814807278644548533511866295763040008181097636560896
71 215 103966408171158684633053111546512370818972870625979520684814807278644548533511866295763040008181097636560896
215 95 -99214900096624526797112072754844049818249305536185288058447083105824256624049248998291678961571053942552890703872
95 215 -99214900096624526797112072754844049818249305536185288058447083105824256624049248998291678961571053942552890703872
215 119 2074677281955715407817432438822051342573278445618956670065800170645694037294933365565039493375254773357586864406528
119 215 2074677281955715407817432438822051342573278445618956670065800170645694037294933365565039493375254773357586864406528
215 143 -1736414657009392730624402735589771732481683770409539922818459099557652352524909248135793094142738649525869595983872
143 215 -1736414657009392730624402735589771732481683770409539922818459099557652352524909248135793094142738649525869595983872
215 167 2544493082695734876894421627578354467870391880643018613694647874022432476823138929593688118856866568278162369952384
167 215 2544493082695734876894421627578354467870391880643018613694647874022432476823138929593688118856866568278162369952384
215 191 350912931961654054060022302944925422582113822718295166689733563305312815726124443777297652823513483173060676303199
191 215 350912931961654054060022302944925422582113822718295166689733563305312815726124443777297652823513483173060676303199
215 215 -34504827261947319230378347593129166904746657537989978766058861609197480208411798636249189574360826854847117452544
214 22 102982071211009716864314464302792035944525983296940787148364970223171812148066318340702863360
22 214 102982071211009716864314464302792035944525983296940787148364970223171812148066318340702863360
214 46 581202706465101332013463868043594465862314230583029849953006534636757109976899709979760377390105100288
46 214 581202706465101332013463868043594465862314230583029849953006534636757109976899709979760377390105100288
214 70 -10191022331882447127609355907745876376997306046889886936568680781903546649386578424344568236964815554853470208
70 214 -10191022331882447127609355907745876376997306046889886936568680781903546649386578424344568236964815554853470208
214 94 137577848167318133097906374435494579334840130876694423783425651277746897899413042349406104985154766266322705711104
94 214 137577848167318133097906374435494579334840130876694423783425651277746897899413042349406104985154766266322705711104
214 118 -2226034802163277230516508972411456247787138980191902371820447366343308258675700326921820246951062785376079394635776
118 214 -2226034802163277230516508972411456247787138980191902371820447366343308258675700326921820246951062785376079394635776
214 142 2009931391236426246525768468647105458915559230955122309671138310613224141496284986860455473130971938006866693849088
142 214 2009931391236426246525768468647105458915559230955122309671138310613224141496284986860455473130971938006866693849088
214 166 -3507259591900257896222335112951520774101115013017725799253914693875258251193210595425631760895195574972570552917888
166 214 -3507259591900257896222335112951520774101115013017725799253914693875258251193210595425631760895195574972570552917888
214 190 -490096676363952236445093007628187509537091292992698371494892325882912363498392404938974427559026747111147227307357
190 214 -490096676363952236445093007628187509537091292992698371494892325882912363498392404938974427559026747111147227307357
214 214 52287983871454670946399576656319375121149746181335093581326684860060640221368268193736386432165449154742057603936
213 21 -24179048573151251591156357258588266233155021182021778012911361107667088844997302598418563072
21 213 -24179048573151251591156357258588266233155021182021778012911361107667088844997302598418563072
213 45 2114482898786559606613795100543570155792046042464846070314297128217965855723913066500637740922669367296
45 213 2114482898786559606613795100543570155792046042464846070314297128217965855723913066500637740922669367296
213 69 14089360374027949313556065966145755009702596478435796526827462194355944126339933305167326168445862629326454784
69 213 14089360374027949313556065966145755009702596478435796526827462194355944126339933305167326168445862629326454784
213 93 -174152324559225105127659872591861770712386536473944246459108695276078622978904461316815877811815409896378693844992
93 213 -174152324559225105127659872591861770712386536473944246459108695276078622978904461316815877811815409896378693844992
213 117 2239830869093120092912901628496221297369142095988610861380052458551564057495264070256886528321993221897214090018816
117 213 2239830869093120092912901628496221297369142095988610861380052458551564057495264070256886528321993221897214090018816
213 141 -2316421580884212364851398186273159850750626541003516795477082368074686780116327454410656254927402769167547496398848
141 213 -2316421580884212364851398186273159850750626541003516795477082368074686780116327454410656254927402769167547496398848
213 165 4749685038029998601790101909641795447329629624232045866841258429642974866496935926769187967005085010862549535188992
165 213 4749685038029998601790101909641795447329629624232045866841258429642974866496935926769187967005085010862549535188992
213 189 682825895308832980356176642046518449671076719117370318820692371818830687420784450584983509087642400198116371407888
189 213 682825895308832980356176642046518449671076719117370318820692371818830687420784450584983509087642400198116371407888
213 213 -79041922247474205990889765972586952788510547568693848638068470977189128414569393558445486047096685534031976721800
212 20 4701835034670313477078215275515496826754409812144333654558445456356488618888804308107657216
20 212 4701835034670313477078215275515496826754409812144333654558445456356488618888804308107657216
212 44 -2285647901015477214488374835329090730390945761670464631958057382360921579144281009098624024406071967744
44 212 -2285647901015477214488374835329090730390945761670464631958057382360921579144281009098624024406071967744
212 68 -14017064043899104548851864763581298939689691316530288696658335470220031845846316703568687632876528990360174592
68 212 -14017064043899104548851864763581298939689691316530288696658335470220031845846316703568687632876528990360174592
212 92 206626007644071459660916634006970311819732141558183115622030077672559824063070681100200506218290032930082577711104
92 212 206626007644071459660916634006970311819732141558183115622030077672559824063070681100200506218290032930082577711104
212 116 -2050719735961795090108933611617825352569589814720089464441910561536333464809725336776970256758108799499693348356096
116 212 -2050719735961795090108933611617825352569589814720089464441910561536333464809725336776970256758108799499693348356096
212 140 2679175765895918620635164814942567264361628588194705510588238991279120814906786034540619144169479173980704721862656
140 212 2679175765895918620635164814942567264361628588194705510588238991279120814906786034540619144169479173980704721862656
212 164 -6314064954401120955775440748006867884024782353831569875596112781781802423249359711141113253250416094231924755028224
164 212 -6314064954401120955775440748006867884024782353831569875596112781781802423249359711141113253250416094231924755028224
212 188 -949722118362464770731695410623312632963622434971383187604705519109469139720965304631317770236676467306023228068598
188 212 -949722118362464770731695410623312632963622434971383187604705519109469139720965304631317770236676467306023228068598
212 212 119193635233574196841278294509692771626651039905778126365438495289088805623785241443048020656541327300794794432448
211 19 -715773213688822864798088276680072544870120017963529881547747992864639558940482704022437888
19 211 -715773213688822864798088276680072544870120017963529881547747992864639558940482704022437888
211 43 1628025912810336280899258665193178508370872795822703518468947751121492493099321124698895127156145258496
43 211 1628025912810336280899258665193178508370872795822703518468947751121492493099321124698895127156145258496
211 67 11794390352774582067947902035009713171372537853825574644673717985148840145490913747287988041427287605797453824
67 211 11794390352774582067947902035009713171372537853825574644673717985148840145490913747287988041427287605797453824
211 91 -232828317621437219781079724729866414802708528024773678641628371821623914175338428991987637850887993970915379511296
91 211 -232828317621437219781079724729866414802708528024773678641628371821623914175338428991987637850887993970915379511296
211 115 1583424766968677336490896867147657548417252587603078742288230196533681405071416165705703808488550787193834288709632
115 211 1583424766968677336490896867147657548417252587603078742288230196533681405071416165705703808488550787193834288709632
211 139 -3143320471186487480404250358557969215843186185954519992097353952428352458051855840753167920800545472471713068875776
139 211 -3143320471186487480404250358557969215843186185954519992097353952428352458051855840753167920800545472471713068875776
211 163 8228192518473042840005161740706424759191398490474750128282700296152908644739920266431734431530944552455311399439872
163 211 8228192518473042840005161740706424759191398490474750128282700296152908644739920266431734431530944552455311399439872
211 187 1319725442800842888553685560885852222376419827962199530853999306661905050910351424812025584176821282086808207073332
187 211 1319725442800842888553685560885852222376419827962199530853999306661905050910351424812025584176821282086808207073332
211 211 -179302812541089365670901962492624856595909132066141119400851175237383904923915958472810340894143032228256201096488
210 18 76268431367001516574145630751551508298961532275482910805002653141238318720767792877928448
18 210 76268431367001516574145630751551508298961532275482910805002653141238318720767792877928448
210 42 -932867140287013545906272145324277954783512482583819294068740617827278952838545697825213229257350709248
42 210 -932867140287013545906272145324277954783512482583819294068740617827278952838545697825213229257350709248
210 66 -8739133071843512081423778826212060090097106410845942885527970370344283290385211225698230454061913987220504576
66 210 -8739133071843512081423778826212060090097106410845942885527970370344283290385211225698230454061913987220504576
210 90 250955276574615537035702967051936722317145291783755213232992086643683450009931600947411566532511255463130268958720
90 210 250955276574615537035702967051936722317145291783755213232992086643683450009931600947411566532511255463130268958720
210 114 -755333744095944615602473678481583344974786774535801104199148714549470729807878128196885445834198606289664682754048
114 210 -755333744095944615602473678481583344974786774535801104199148714549470729807878128196885445834198606289664682754048
210 138 3787805937400306287230132246170353916184189711272091398471313224267807248274410273910903568781907741895196902686720
138 210 3787805937400306287230132246170353916184189711272091398471313224267807248274410273910903568781907741895196902686720
210 162 -10489698802149753485173851135392214603497380706989368850973921267770613200895958276380060015968083873216543134734336
162 210 -10489698802149753485173851135392214603497380706989368850973921267770613200895958276380060015968083873216543134734336
210 186 -1833728480418961853856512097018420892360002237280482326701948395407433584320095651235666708945717525457273781921296
186 210 -1833728480418961853856512097018420892360002237280482326701948395407433584320095651235666708945717525457273781921296
210 210 269060712730146009831722712886238589041890545825456346575370936767299668202992608013989156746855669964243349628656
209 17 -4013298871105277089780514247233033048736097612758304365348473264191725108296733463412736
17 209 -4013298871105277089780514247233033048736097612758304365348473264191725108296733463412736
209 41 452817379721813881122513765148814263449634745388673394476772657001061339510758681414195793353129328640
41 209 452817379721813881122513765148814263449634745388673394476772657001061339510758681414195793353129328640
209 65 5691696864419866434607966161705967250793956067595603213642548014020092245750060967066635069936223077839929344
65 209 5691696864419866434607966161705967250793956067595603213642548014020092245750060967066635069936223077839929344
209 89 -259777944207074890206765235556656278397211215547335024613350724400503531881963450261610519538358951909839320645632
89 209 -259777944207074890206765235556656278397211215547335024613350724400503531881963450261610519538358951909839320645632
209 113 -519450005970694059368874142243998269882337239318703925807522983143570938340832162133829404189182615600447935741952
113 209 -519450005970694059368874142243998269882337239318703925807522983143570938340832162133829404189182615600447935741952
209 137 -4741327699965170529341683461136615960373113201717091836199341696924587125252378552779418457277828086386376860237824
137 209 -4741327699965170529341683461136615960373113201717091836199341696924587125252378552779418457277828086386376860237824
209 161 13042711230369303927557334212047804584026500940520143458129992580728602500776273499428842585781546323903353494043648
161 209 13042711230369303927557334212047804584026500940520143458129992580728602500776273499428842585781546323903353494043648
209 185 2549910907600469140829482263280876373610161668498518381971397150181159634665822465662409793690152036382269279089992
185 209 2549910907600469140829482263280876373610161668498518381971397150181159634665822465662409793690152036382269279089992
209 209 -402741054213584538873175711490973047872169381406590448298126590444384376817310655534876790895733325373978726161128
208 16 -122856093837331681178622005345950369953309588116679885410903854867639677176800291586048
16 208 -122856093837331681178622005345950369953309588116679885410903854867639677176800291586048
208 40 -189988668180390035631307946590283375124242272249806344780003135227936516457274348575385313984060063744
40 208 -189988668180390035631307946590283375124242272249806344780003135227936516457274348575385313984060063744
208 64 -3108134477879191172573927835504880586402036163350530602480879041293883551459344819689604234967141299227983872
64 208 -3108134477879191172573927835504880586402036163350530602480879041293883551459344819689604234967141299227983872
208 88 258803995888642711671783698046562120518213145166513413298128796001376316459040239776153863699714483375856794206208
88 208 258803995888642711671783698046562120518213145166513413298128796001376316459040239776153863699714483375856794206208
208 112 2324576956740217571928232410185941200552918464154698369494948896906015903696163694759439897640865302467213990559744
112 208 2324576956740217571928232410185941200552918464154698369494948896906015903696163694759439897640865302467213990559744
208 136 6202661267468412408115416539189619714558317523600823624456214260774536772546857516437702262769979339621669885968384
136 208 6202661267468412408115416539189619714558317523600823624456214260774536772546857516437702262769979339621669885968384
208 160 -15744377195564001952005834967474669851457441847208945988869441627345428842651416050564495609123533912655389689742336
160 208 -15744377195564001952005834967474669851457441847208945988869441627345428842651416050564495609123533912655389689742336
208 184 -3551586707401289364482823270010814762101313374929820611596595767645729775699423009657272265283489476244916019109880
184 208 -3551586707401289364482823270010814762101313374929820611596595767645729775699423009657272265283489476244916019109880
208 208 601299016466804735799386136148247943967898586795172579929321354227466463431123918562077060397582956086540185953640
207 15 -6858009188316024774735128971242328037343380121315145584864221011566296153853605707776
15 207 -6858009188316024774735128971242328037343380121315145584864221011566296153853605707776
207 39 70640835484081226596192651704889670229421063167719656440469921291870503512938467436695503373571457024
39 207 70640835484081226596192651704889670229421063167719656440469921291870503512938467436695503373571457024
207 63 1171201401561482079816843986914394468580513276530320905894702758270378173339276166663380480624061815923408896
63 207 1171201401561482079816843986914394468580513276530320905894702758270378173339276166663380480624061815923408896
207 87 -248362681666924242898603677383342182982169806267770409918838181567916187724730005192148388328636895935154781945856
87 207 -248362681666924242898603677383342182982169806267770409918838181567916187724730005192148388328636895935154781945856
207 111 -4734593687802122109350307793912053734024011565216000157109900704814241360684667346915658092223878533977908157874176
111 207 -4734593687802122109350307793912053734024011565216000157109900704814241360684667346915658092223878533977908157874176
207 135 -8465641845302172234411000806160812000225587140573819015109466715446784159053028151317550094402533813051529619308544
135 207 -8465641845302172234411000806160812000225587140573819015109466715446784159053028151317550094402533813051529619308544
207 159 18318394143489230298657707934767295311140115238748086296166457307656374076463055570340990648899714529438191347318784
159 207 18318394143489230298657707934767295311140115238748086296166457307656374076463055570340990648899714529438191347318784
207 183 4958749404992936548336261640945533287457705687194171321160396964092346671643083743811498495104973896244122954771072
183 207 4958749404992936548336261640945533287457705687194171321160396964092346671643083743811498495104973896244122954771072
207 207 -895395225693785057238415614084785618700299027970151862404240074899895298203766609461642917256323844386929727857728
206 14 14436158808334027660046109982730536564496631256657591570025570860312940449199653126144
14 206 14436158808334027660046109982730536564496631256657591570025570860312940449199653126144
206 38 -25192708249462545254351503322983489552740399845626753554600467223796248469689337669800734118253690880
38 206 -25192708249462545254351503322983489552740399845626753554600467223796248469689337669800734118253690880
206 62 110376954294686904076161242189835292292746427212502591488881327329277611742398936934068698980314763271077888
62 206 110376954294686904076161242189835292292746427212502591488881327329277611742398936934068698980314763271077888
206 86 229590367738326202469214321046892767739363535244557921229939377541750617077720684360327815657693349880996510564352
86 206 229590367738326202469214321046892767739363535244557921229939377541750617077720684360327815657693349880996510564352
206 110 7807114918456568734676329411316476526295805839356047939080953368725524935664821781926691223329592954660723984695296
110 206 7807114918456568734676329411316476526295805839356047939080953368725524935664821781926691223329592954660723984695296
206 134 11948624756794935178199914948511562938810179451478037240820401656882131071736251675202780296463313478140657821286400
134 206 11948624756794935178199914948511562938810179451478037240820401656882131071736251675202780296463313478140657821286400
206 158 -20292356488638855118921682590517433874853025379146089224445036445282587561893559501059469128582442563768011242944512
158 206 -20292356488638855118921682590517433874853025379146089224445036445282587561893559501059469128582442563768011242944512
206 182 -6945029138146753320100237937912456722255390507718368301147852463277280280906622058949467556523825212094314465728144
182 206 -6945029138146753320100237937912456722255390507718368301147852463277280280906622058949467556523825212094314465728144
206 206 1329733559372852129562024618151508556439878725950211844450486240315404541111212486191861166272770972318950025632944
205 13 -2725722268130645422466784771895576046964455553884394989709906176955093296851258966016
13 205 -2725722268130645422466784771895576046964455553884394989709906176955093296851258966016
205 37 10348558713815699706038910621042347335517115897212900309887565201942812203155952564385047133292593152
37 205 10348558713815699706038910621042347335517115897212900309887565201942812203155952564385047133292593152
205 61 -825718399032041291891562041596314393143541396046705294644577498395588449142103399894239291594373361362272256
61 205 -825718399032041291891562041596314393143541396046705294644577498395588449142103399894239291594373361362272256
205 85 -204307932552556826832351806658380226120785208492494379640601503750091047924772076358265492767921840657220333731840
85 205 -204307932552556826832351806658380226120785208492494379640601503750091047924772076358265492767921840657220333731840
205 109 -11574582676704178180823694677593659194866527749264564840261462689111335382163358754290081623273856400566333109960704
109 205 -11574582676704178180823694677593659194866527749264564840261462689111335382163358754290081623273856400566333109960704
205 133 -17227701618029094930844280399849528754718660360962523129990470893267119981488055944617526878921515277344519089029120
133 205 -17227701618029094930844280399849528754718660360962523129990470893267119981488055944617526878921515277344519089029120
205 157 20915545280861066495978061053443927991208499051130383432927937494620482850014846915673130544311449591551539223580672
157 205 20915545280861066495978061053443927991208499051130383432927937494620482850014846915673130544311449591551539223580672
205 181 9762515620056047229952670486786528126307113249052756748497367183799583847754218491850183224328776128671655035036768
181 205 9762515620056047229952670486786528126307113249052756748497367183799583847754218491850183224328776128671655035036768
205 205 -1969255812855776930437639835551908536522354500085243019054917416237274096390581521432802732341377305062741088947872
204 12 221666864218400753563354771931359417424985647057044643832177688052155906722835202048
12 204 221666864218400753563354771931359417424985647057044643832177688052155906722835202048
204 36 -5555952702823110402633177654800902097734481360408750107591992157864307862946391582526530475612176384
36 204 -5555952702823110402633177654800902097734481360408750107591992157864307862946391582526530475612176384
204 60 1108256221004669859430112588835287961854830122439348405924784271818009540023752683282395880272871975844577280
60 204 1108256221004669859430112588835287961854830122439348405924784271818009540023752683282395880272871975844577280
204 84 174800888335703848904336328797910067395975169974084058015252301323306154743870679449901409853016497099324746891264
84 204 174800888335703848904336328797910067395975169974084058015252301323306154743870679449901409853016497099324746891264
204 108 16036332905685896186627049898539313523863348585987358253813883114617176513606330820049483423945713531477579813355520
108 204 16036332905685896186627049898539313523863348585987358253813883114617176513606330820049483423945713531477579813355520
204 132 25072225522652868193874188628160800855632112014791842181334275620891485015608692917815659686359707828890377329311744
132 204 25072225522652868193874188628160800855632112014791842181334275620891485015608692917815659686359707828890377329311744
204 156 -19053837159651769766307115040048555427191301244247726537529988531989583268545752567187966829180859406980850488147968
156 204 -19053837159651769766307115040048555427191301244247726537529988531989583268545752567187966829180859406980850488147968
204 180 -13777928470818991428911690659288823907313125205437755831291703298753811468407846538584562166581978382989436220864160
180 204 -13777928470818991428911690659288823907313125205437755831291703298753811468407846538584562166581978382989436220864160
204 204 2907947446731463277819373869760642383186454799159285731131331184738951619537825485049573232935258182772768341494592
203 11 -6383440420046796074894656216811239396955095403845539847519708815477112895921192960
11 203 -6383440420046796074894656216811239396955095403845539847519708815477112895921192960
203 35 3364401590211369347849154855913507446165960410363578959935655460285938211761870417891046020347854848
35 203 3364401590211369347849154855913507446165960410363578959935655460285938211761870417891046020347854848
203 59 -1099920079719354315627963295973783008053320167366962451383171588655114361929278215037094817007144920462393344
59 203 -1099920079719354315627963295973783008053320167366962451383171588655114361929278215037094817007144920462393344
203 83 -143533954407509318249098361273099823650513660277701006877247622320132302698143203330542338902335062352425190948864
83 203 -143533954407509318249098361273099823650513660277701006877247622320132302698143203330542338902335062352425190948864
203 107 -21151790321052805849811875738881369115851495223054523242270870127977694529841484250812316477180525675536193834450944
107 203 -21151790321052805849811875738881369115851495223054523242270870127977694529841484250812316477180525675536193834450944
203 131 -36480340228467869870073249674677542729550869545327394455001894300668013335183117447127280531678833819097139574210560
131 203 -36480340228467869870073249674677542729550869545327394455001894300668013335183117447127280531678833819097139574210560
203 155 13058802478489897553950393074864212432552500301577294501607971887978736338972146240705504206621996673754228378271744
155 203 13058802478489897553950393074864212432552500301577294501607971887978736338972146240705504206621996673754228378271744
203 179 19525031240112094459905340973573056252614226498105513496994734367599167695508436983700366448657552257343310070073536
179 203 19525031240112094459905340973573056252614226498105513496994734367599167695508436983700366448657552257343310070073536
203 203 -4281296332949911804096687615989093330452145103024832465461756638068547031380639748467311527424461923223846197713584
202 10 32182797254622891752630290954322669179494639274947889148062336947241597743923200
10 202 32182797254622891752630290954322669179494639274947889148062336947241597743923200
202 34 -1893095754761500881876594881561392466110553207787411381155377239033803976630579129466579351282647040
34 202 -1893095754761500881876594881561392466110553207787411381155377239033803976630579129466579351282647040
202 58 928230855917106779107541996063306267289453125642456279437719359623774443472576649999098795819408225319518208
58 202 928230855917106779107541996063306267289453125642456279437719359623774443472576649999098795819408225319518208
202 82 112847949069153263126950189933969882890396308931501758401924368903649297008413422902524692050113223539931155005440
82 202 112847949069153263126950189933969882890396308931501758401924368903649297008413422902524692050113223539931155005440
202 106 26835642135979560622797537089218269383922321519263205248110129606995434384471359308357705160804661012008654811955200
106 202 26835642135979560622797537089218269383922321519263205248110129606995434384471359308357705160804661012008654811955200
202 130 52711258602752544127490761130767194232948765603474102402548957357969009317254353769951878462189576095358344006467584
130 202 52711258602752544127490761130767194232948765603474102402548957357969009317254353769951878462189576095358344006467584
202 154 -608929987528485198006698201535835968728015632887133961804046814336507291303491106832996125314101718880857108283392
154 202 -608929987528485198006698201535835968728015632887133961804046814336507291303491106832996125314101718880857108283392
202 178 -27780116552587013280400951751649826889021562030873473204591409853109121123626488235797870226095300848377257862912576
178 202 -27780116552587013280400951751649826889021562030873473204591409853109121123626488235797870226095300848377257862912576
202 202 6283836537834032190741948704597006645296528468835123765889601961490247954536272406385337444549154227351923378477840
201 9 -22597473960907288240027827112079545629840270849995451652955818664579780801724416
9 201 -22597473960907288240027827112079545629840270849995451652955818664579780801724416
201 33 895603655680365327970361120040915090430234401542465247710334776007376862624594553418033956776837120
33 201 895603655680365327970361120040915090430234401542465247710334776007376862624594553418033956776837120
201 57 -693274837872247986517164757429471264123369846146329356659030099108968808352733795369226579249434499586457600
57 201 -693274837872247986517164757429471264123369846146329356659030099108968808352733795369226579249434499586457600
201 81 -84692698003194369947802203685634159901115820183498388364752790947596601442543820288820663025228277830821888393216
81 201 -84692698003194369947802203685634159901115820183498388364752790947596601442543820288820663025228277830821888393216
201 105 -32955804448688843968996823004371889173064984504527954151321899178810404904276719333940543482198582968068143855960064
105 201 -32955804448688843968996823004371889173064984504527954151321899178810404904276719333940543482198582968068143855960064
201 129 -75310056628242257600090734267212068466369787515368562136342813646730614678619980275031259516658925451921555005112320
129 201 -75310056628242257600090734267212068466369787515368562136342813646730614678619980275031259516658925451921555005112320
201 153 -21477586216262488062897007534451157712526470678280819559773709920489658405558727313585090644781366173997468801564672
153 201 -21477586216262488062897007534451157712526470678280819559773709920489658405558727313585090644781366173997468801564672
201 177 39669995239943492386690093127564266299661645497553370569283175712738773373144669950491987960839791169952983638168576
177 201 39669995239943492386690093127564266299661645497553370569283175712738773373144669950491987960839791169952983638168576
201 201 -9193735734268327598925143929992942155454165339790619904403306442370541022510481333413985025393770235662435282153216
200 8 760694197027057695684562832069153566540249209814605310484624026513332806615040
8 200 760694197027057695684562832069153566540249209814605310484624026513332806615040
200 32 -328144740984031432922854021123865537321180656791927928499043424528974179013878953150714514562351104
32 200 -328144740984031432922854021123865537321180656791927928499043424528974179013878953150714514562351104
200 56 462807635031200146049489738774948020446998220922858598457018975609895762142226817716573929721829053157081088
56 200 462807635031200146049489738774948020446998220922858598457018975609895762142226817716573929721829053157081088
200 80 60442302676912948598906977703020014484728095290973055454080049553671313213756507585472509247090864521040191553536
80 200 60442302676912948598906977703020014484728095290973055454080049553671313213756507585472509247090864521040191553536
200 104 39334894357624261487967141238608873753316618564586447652780613148689345687526544836459131570905654202685753340723200
104 200 39334894357624261487967141238608873753316618564586447652780613148689345687526544836459131570905654202685753340723200
200 128 106119822205738437206684153518564949824882744833583916272458272401043549127175487831954267010738729877183079909425152
128 200 106119822205738437206684153518564949824882744833583916272458272401043549127175487831954267010738729877183079909425152
200 152 57456761688760993020552996856510534693287245363893869255473055420994454119147403041294516515697080336487668616069120
152 200 57456761688760993020552996856510534693287245363893869255473055420994454119147403041294516515697080336487668616069120
200 176 -56825387318420629831725172320173036193621013998877129785545532282331676411190768154516356244535831619918656305758080
176 200 -56825387318420629831725172320173036193621013998877129785545532282331676411190768154516356244535831619918656305758080
200 200 13407092004139036812521900991126076092896015606691967516755165399454743996349347460801306956138659771031799465693408
199 7 -17130976339854780263923688967448067922012005303728912910918399515741841784832
7 199 -17130976339854780263923688967448067922012005303728912910918399515741841784832
199 31 72570749473540821443227871184800271564015399048128780097496100702572199013042310435808477200777216
31 199 72570749473540821443227871184800271564015399048128780097496100702572199013042310435808477200777216
199 55 -273928883721132184627813294618626113425316434250333746879490227916736092100323729378124074131721160778317824
55 199 -273928883721132184627813294618626113425316434250333746879490227916736092100323729378124074131721160778317824
199 79 -40819914878599239780252269891747751403757061704886821129557784475067763477240413702323463938957713501446912081920
79 199 -40819914878599239780252269891747751403757061704886821129557784475067763477240413702323463938957713501446912081920
199 103 -45755743081360173804908171229029087880922981371882454015043589777837662019413086573382620582906657129839258488537088
103 199 -45755743081360173804908171229029087880922981371882454015043589777837662019413086573382620582906657129839258488537088
199 127 -147275233710026182131187712468570824409533708594539549067855210431503662776147905232072606525777166535076835517005824
127 199 -147275233710026182131187712468570824409533708594539549067855210431503662776147905232072606525777166535076835517005824
199 151 -112894446144775367462611593340270553923354711442171894250132053109690842465866830671141526771628948588171014689652736
151 199 -112894446144775367462611593340270553923354711442171894250132053109690842465866830671141526771628948588171014689652736
199 175 81597149043215012506543432424988043955525173391952588223084708805797108309306318901197113398084865164232616930879744
175 199 81597149043215012506543432424988043955525173391952588223084708805797108309306318901197113398084865164232616930879744
199 199 -19485550447493659670071271060326953811163806725963461865895740757758303912908853447920158869923330879281598512717376
198 6 56783469210384081939592784814541271681084018734598916534055128106329440256
6 198 56783469210384081939592784814541271681084018734598916534055128106329440256
198 30 10762292043532622898736665250057773205425656597109997900690369945302915625211014357553405610688512
30 198 10762292043532622898736665250057773205425656597109997900690369945302915625211014357553405610688512
198 54 139291324059510117021721447143346514369830565747676777249461369288990732680462279278467270832143467536187392
54 198 139291324059510117021721447143346514369830565747676777249461369288990732680462279278467270832143467536187392
198 78 25933541436830237338789642326863162909735329882904670843319976053733949383589715490991460956819609266830167769088
78 198 25933541436830237338789642326863162909735329882904670843319976053733949383589715490991460956819609266830167769088
198 102 51971199438660805309498471635163785267036521603745119107729495112454796455062979891915291750441626262048985757777920
102 198 51971199438660805309498471635163785267036521603745119107729495112454796455062979891915291750441626262048985757777920
198 126 201171199189581935977209511644386052990662552001189266028979433676543449687675043845921630258316031078517093777276928
126 198 201171199189581935977209511644386052990662552001189266028979433676543449687675043845921630258316031078517093777276928
198 150 194914358733098470708359308951295718021911981157913146681679144096736576529591136246692675861833832578434758161727488
150 198 194914358733098470708359308951295718021911981157913146681679144096736576529591136246692675861833832578434758161727488
198 174 -117358622746813558646816774209178937111040143185950868908924697306075749396486121679082669372525921629265522042962944
174 198 -117358622746813558646816774209178937111040143185950868908924697306075749396486121679082669372525921629265522042962944
198 198 28222105247399566727022300122929514689370092062109718960312076435104015913463213614828981641257405456011698123246848
197 5 -152287350359439184062862859150666139094421746837053818691292618580557824
5 197 -152287350359439184062862859150666139094421746837053818691292618580557824
197 29 -22711039409209932601929488921081670131543152737211970735243981773461320752371538052383682005565440
29 197 -22711039409209932601929488921081670131543152737211970735243981773461320752371538052383682005565440
197 53 -55398840099259253566654104819271920394668411934317082192148220928971135906426859419278321959385931186176000
53 197 -55398840099259253566654104819271920394668411934317082192148220928971135906426859419278321959385931186176000
197 77 -15399995168198041059657857263561280466663152020051710560865818554414852799571638699050938253202895190906380484608
77 197 -15399995168198041059657857263561280466663152020051710560865818554414852799571638699050938253202895190906380484608
197 101 -57718048608738223791310275563405162603126767551588455375127286246894148572822257184827379175770283366014935688544256
101 197 -57718048608738223791310275563405162603126767551588455375127286246894148572822257184827379175770283366014935688544256
197 125 -270400274598309884807030396251301719935039154967145362254648470685176871861645481746377493248066501779451236176625664
125 197 -270400274598309884807030396251301719935039154967145362254648470685176871861645481746377493248066501779451236176625664
197 149 -312443890068001453290776333598674329598082157255965111817314743841644400620161001279928568419279068912489550334918656
149 197 -312443890068001453290776333598674329598082157255965111817314743841644400620161001279928568419279068912489550334918656
197 173 168924856678507889734871751793389084464181737979161539949311911252723846516524982375939274774633124107111450505386496
173 197 168924856678507889734871751793389084464181737979161539949311911252723846516524982375939274774633124107111450505386496
197 197 -40731613282699174502499830539905338168539184527084756088836451960378162290823978298304809873061918507514479651045504
196 4 -158641463889023006944371131058896861743778502581034893742961514774528
4 196 -158641463889023006944371131058896861743778502581034893742961514774528
196 28 15209582071690162429776128574849895091827781903121549424260780550744768915266503665972356128440320
28 196 15209582071690162429776128574849895091827781903121549424260780550744768915266503665972356128440320
196 52 10683591271651844661815087030257532268001646009997476500835061424467179813001252741916687142342490004127744
52 196 10683591271651844661815087030257532268001646009997476500835061424467179813001252741916687142342490004127744
196 76 8517959693520050303380530345257103911083064542745185943530208377987858636842428477044153667661415562925410615296
76 196 8517959693520050303380530345257103911083064542745185943530208377987858636842428477044153667661415562925410615296
196 100 62734312714438944194573349451928949809341093689661959845780394385355391661254655861885228901264736913303259026817024
100 196 62734312714438944194573349451928949809341093689661959845780394385355391661254655861885228901264736913303259026817024
196 124 357653440753843448350587880343018856514129361637014090637674696305983501291123294892433303383254172576339187264913408
124 196 357653440753843448350587880343018856514129361637014090637674696305983501291123294892433303383254172576339187264913408
196 148 476436770573329317373015398670412555471530584850433154615668007062036041953120540967962887119396904875094266190233600
148 196 476436770573329317373015398670412555471530584850433154615668007062036041953120540967962887119396904875094266190233600
196 172 -243128862300790981307314025119568034038687343352674096026804612892024099768567117985617349180589175630341946385561088
172 196 -243128862300790981307314025119568034038687343352674096026804612892024099768567117985617349180589175630341946385561088
196 196 58574734993187053850741470858900616638149493945204580297092823808666554789285192822161349882614102617781268208586624
195 3 -11051346300945976177974692311498685555347554453908319816732639232
3 195 -11051346300945976177974692311498685555347554453908319816732639232
195 27 -7305425222552116202615522370558687757089000684588362465099807111283928123933958669602989868580864
27 195 -7305425222552116202615522370558687757089000684588362465099807111283928123933958669602989868580864
195 51 8246076938663020661366236423688001546538787165554611086889271658318888427759797832768322980035190887284736
51 195 8246076938663020661366236423688001546538787165554611086889271658318888427759797832768322980035190887284736
195 75 -4447146427435747166995998196944130281904799895253872284977131833986586019671855327223706243142469049551490646016
75 195 -4447146427435747166995998196944130281904799895253872284977131833986586019671855327223706243142469049551490646016
195 99 -66778577523329453292723910844966108316569460943275668623566207082231966368536790696297209238495188013929155627319296
99 195 -66778577523329453292723910844966108316569460943275668623566207082231966368536790696297209238495188013929155627319296
195 123 -465580662073197175916138680406492337677369957795473663274601601656660529224046766724357817217537556889026968617484288
123 195 -465580662073197175916138680406492337677369957795473663274601601656660529224046766724357817217537556889026968617484288
195 147 -700044758647424437025802506256926121782699565375435806666950585368337378912202144964668195954083538562944312931254272
147 195 -700044758647424437025802506256926121782699565375435806666950585368337378912202144964668195954083538562944312931254272
195 171 349606858398122485942362440727817446231591280188093603236194494371241311959441638699511556652872908901435582160838656
171 195 349606858398122485942362440727817446231591280188093603236194494371241311959441638699511556652872908901435582160838656
195 195 -83926900458727971912859178057881116521086323148075690787120778849048031892532436015986665774882140480369279822338048
194 2 73843624796590294581699652131621785455113957914408124416
2 194 73843624796590294581699652131621785455113957914408124416
194 26 2823584569387219395059249179172485950817557334495045394422831565560954290476668884902034771279872
26 194 2823584569387219395059249179172485950817557334495045394422831565560954290476668884902034771279872
194 50 -12832912704111614351257190173301403744282926925247875420965139830594629368629362730072682667557219249160192
50 194 -12832912704111614351257190173301403744282926925247875420965139830594629368629362730072682667557219249160192
194 74 2358244668395143589049407741800364870846887150830452383081584378414865986921195656692727189247534595381609365504
74 194 2358244668395143589049407741800364870846887150830452383081584378414865986921195656692727189247534595381609365504
194 98 69649441637403452920316633049551286438550586453379338741645268765941117271634128239094739061397284049180113479139328
98 194 69649441637403452920316633049551286438550586453379338741645268765941117271634128239094739061397284049180113479139328
194 122 596610558262514515071174027023777333348542785614901221864438571259978991189144579336495733776844345441827629607944192
122 194 596610558262514515071174027023777333348542785614901221864438571259978991189144579336495733776844345441827629607944192
194 146 998703148470579199247661496242232088110276914096351785530172451467297929782872953362469879739509825049719370445488128
146 194 998703148470579199247661496242232088110276914096351785530172451467297929782872953362469879739509825049719370445488128
194 170 -501858996596687090119775239811264009765981484024523132410769741704102260222353822657509813820443389041814760762733568
170 194 -501858996596687090119775239811264009765981484024523132410769741704102260222353822657509813820443389041814760762733568
194 194 119807688188991317323213418311409705285807318159796769629696563790639750388081531770206081939819386712270933181991168
193 1 -4066730165192451924168404633459305855582208
1 193 -4066730165192451924168404633459305855582208
193 25 -906489178951995768400301250991253358883765953145941446498687955649893607115446060562333497819136
25 193 -906489178951995768400301250991253358883765953145941446498687955649893607115446060562333497819136
193 49 11071190867615407068540025591421175436428804206646931291328534085762616354313996408976106504645946166476800
49 193 11071190867615407068540025591421175436428804206646931291328534085762616354313996408976106504645946166476800
193 73 -1533597392476360036875369516045175720794852018564991576495522200769642479739861278437987632448388799707712847872
73 193 -1533597392476360036875369516045175720794852018564991576495522200769642479739861278437987632448388799707712847872
193 97 -71202878880866242743061030070250375151099982239939448508140573122792075368765960309517362283250247938629951643713536
97 193 -71202878880866242743061030070250375151099982239939448508140573122792075368765960309517362283250247938629951643713536
193 121 -752732377458142666677173629162932530260871666847464897434930839612748183270688435021859293030553071718960180219609088
121 193 -752732377458142666677173629162932530260871666847464897434930839612748183270688435021859293030553071718960180219609088
193 145 -1390087492233819816905158901392450450271245941529576474680455717886032458429769190527243779756538593695204075768905728
145 193 -1390087492233819816905158901392450450271245941529576474680455717886032458429769190527243779756538593695204075768905728
193 169 718669684657467502714925676431207265448169108927068501380574337649280646607102860855905592982555613538428265068951552
169 193 718669684657467502714925676431207265448169108927068501380574337649280646607102860855905592982555613538428265068951552
193 193 -170390978750582033398930840192731534384880084540137405410515014230180920600216111349818903786918445578045091494315520
192 24 242197173236853857494480601525782124692782364446485516938995517193090358730104565063292970598400
24 192 242197173236853857494480601525782124692782364446485516938995517193090358730104565063292970598400
192 48 -7584669198175976270899098464799871379665469908614236028278663133939151814181185993058505544945080922537984
48 192 -7584669198175976270899098464799871379665469908614236028278663133939151814181185993058505544945080922537984
192 72 1415308944081348770925415725095433422498124136960276995345166997608217651141656717736434308811097828848098607104
72 192 1415308944081348770925415725095433422498124136960276995345166997608217651141656717736434308811097828848098607104
192 96 71365370200939016793491140085908334448215180620432262852837864297944174731733410777788886319572493287338103808196608
96 192 71365370200939016793491140085908334448215180620432262852837864297944174731733410777788886319572493287338103808196608
192 120 935247951857102261114601519596558136156604442677154310827426828834277986385935040016538394416511037756974466389245952
120 192 935247951857102261114601519596558136156604442677154310827426828834277986385935040016538394416511037756974466389245952
192 144 1893892010893828070404931961707043938498209732546598511453639706833696502221151739807014131307559958832254733575520256
144 192 1893892010893828070404931961707043938498209732546598511453639706833696502221151739807014131307559958832254733575520256
192 168 -1025992459447299040739918033139554139553388467057167164799404237322937169371058284949093549237263030861382997457240064
168 192 -1025992459447299040739918033139554139553388467057167164799404237322937169371058284949093549237263030861382997457240064
192 192 241422759270615973046695071919023396021960679057261719950152608953115028078131449518284286553811620969571007007814214
191 23 -52749794935747379013727318283340504821263718073421948707956293528173420866798113589198468415488
23 191 -52749794935747379013727318283340504821263718073421948707956293528173420866798113589198468415488
191 47 4483450701932605340427427253685391200046304192741677943323358297164963783481034071789809194412923733147648
47 191 4483450701932605340427427253685391200046304192741677943323358297164963783481034071789809194412923733147648
191 71 -1610489845484460241271771853840717105791079427818757755708248983607565207973468875840337882730515961296313122816
71 191 -1610489845484460241271771853840717105791079427818757755708248983607565207973468875840337882730515961296313122816
191 95 -70141122914740657110635736949069689480297074819168755994099724893814387824542997116877352508373193786280151204495360
95 191 -70141122914740657110635736949069689480297074819168755994099724893814387824542997116877352508373193786280151204495360
191 119 -1144506026085260818694132791691728851516204372709582965732471246073380345005056639073264294407965892886206419893747712
119 191 -1144506026085260818694132791691728851516204372709582965732471246073380345005056639073264294407965892886206419893747712
191 143 -2531374614444839493302571151009252649834625321110403870871078013965764539061081772429923323396137391928011613039230976
143 191 -2531374614444839493302571151009252649834625321110403870871078013965764539061081772429923323396137391928011613039230976
191 167 1459428344439158977085140988802824749203798896337603093817033714927503733678705007653859548124503084089141580358221824
167 191 1459428344439158977085140988802824749203798896337603093817033714927503733678705007653859548124503084089141580358221824
191 191 -340781957501164066797861680385463068769760169080274810821030028460361841200432222699637807573836891156090182988631040
190 22 8833787833607809638482616264473817643428947142223664601823655198504034049886429701442459664384
22 190 8833787833607809638482616264473817643428947142223664601823655198504034049886429701442459664384
190 46 -2371803381583413507343128214525747370991147496585199417575349181340646836239478610639608641360247262281728
46 190 -2371803381583413507343128214525747370991147496585199417575349181340646836239478610639608641360247262281728
190 70 1869686284858886314456098751486725854863838407179978729402318972851068186423534901658278559788037903014359465984
70 190 1869686284858886314456098751486725854863838407179978729402318972851068186423534901658278559788037903014359465984
190 94 67612449959572859011176040824650714650643494611755214178968164945087433337111913685203508101892388133832086945529856
94 190 67612449959572859011176040824650714650643494611755214178968164945087433337111913685203508101892388133832086945529856
190 118 1379635893415127411542989626300317114653593334478273123850163567132507740237257144596797589061479676877960636234989568
118 190 1379635893415127411542989626300317114653593334478273123850163567132507740237257144596797589061479676877960636234989568
190 142 3324610602863484223933095399379264183852976802902639735238627555315554389740478198702750945104897589125934914713157632
142 190 3324610602863484223933095399379264183852976802902639735238627555315554389740478198702750945104897589125934914713157632
190 166 -2067453548036554187480740959350539819064110849296505516755316948633246955032242407133229665514363094598566076543926272
166 190 -2067453548036554187480740959350539819064110849296505516755316948633246955032242407133229665514363094598566076543926272
190 190 479230752755965269292853673245638821143229272639187078518786255162559001552326127080824327759277546849083732727964672
189 21 -943574695004089397463413741643113924715944923129672954461089937531351470575716709374959288320
21 189 -943574695004089397463413741643113924715944923129672954461089937531351470575716709374959288320
189 45 1154518036970020182088219850640745418603148257997158155966525780547344022762413784062582694597262409990144
45 189 1154518036970020182088219850640745418603148257997158155966525780547344022762413784062582694597262409990144
189 69 -2054295337425665676016836906149202997641032031541544017459756251760768976596808036893541006989259745240731877376
69 189 -2054295337425665676016836906149202997641032031541544017459756251760768976596808036893541006989259745240731877376
189 93 -63933239735504656823085955153451866544438021888773929583581337528838231419409270927121280653030143274712317623795712
93 189 -63933239735504656823085955153451866544438021888773929583581337528838231419409270927121280653030143274712317623795712
189 117 -1638301397497851622106909294098920778740038578559148755690949343422687916344090936193959720694831745897904975967682560
117 189 -1638301397497851622106909294098920778740038578559148755690949343422687916344090936193959720694831745897904975967682560
189 141 -4295398638966473202370529903292014087560530140963713550038462915778985428466838729115096048653037055815818376413970432
141 189 -4295398638966473202370529903292014087560530140963713550038462915778985428466838729115096048653037055815818376413970432
189 165 2915581959309068130671184280082804809326293471874378621608381899153009792864541648063605577756714182506999555005874176
165 189 2915581959309068130671184280082804809326293471874378621608381899153009792864541648063605577756714182506999555005874176
189 189 -671415203669823775302873424463048932168690585184605526296966230792384255140259488127893326199057123842954238578704384
188 20 -4661034085023534407951955330170945308261312451425113527446989235950190204716772084131299328
20 188 -4661034085023534407951955330170945308261312451425113527446989235950190204716772084131299328
188 44 -534557491512570458297199354985885573425312921237581145433283663786410088652394513942112401296137048293376
44 188 -534557491512570458297199354985885573425312921237581145433283663786410088652394513942112401296137048293376
188 68 2104212103762661355987779495833696424958066654227652453327914923267492840002577867982453802345821277871287566336
68 188 2104212103762661355987779495833696424958066654227652453327914923267492840002577867982453802345821277871287566336
188 92 59316216578277057914130918232843555379786540438708755932831842765300247435089376992650679503814890889784496333258752
92 188 59316216578277057914130918232843555379786540438708755932831842765300247435089376992650679503814890889784496333258752
188 116 1916499852042944497682268662431990121631937095149800003857017726887558950019067587468880523769142070775388983644913664
116 188 1916499852042944497682268662431990121631937095149800003857017726887558950019067587468880523769142070775388983644913664
188 140 5463770060080221266850065467800716047001629992855240218958737484105351537394804517923226874964163938532524626685198336
140 188 5463770060080221266850065467800716047001629992855240218958737484105351537394804517923226874964163938532524626685198336
188 164 -4091679836429835917534059454371708985589616380191966903834775497439599205610823905439155141571211971381981298520227840
164 188 -4091679836429835917534059454371708985589616380191966903834775497439599205610823905439155141571211971381981298520227840
188 188 937195759890992861611863533742409866210391903123273284753485180938664876628563085154581598121825641884500291337385984
187 19 27174547047096424736373151424057470827995007388327996637172205306267554517562162950891896832
19 187 27174547047096424736373151424057470827995007388327996637172205306267554517562162950891896832
187 43 245202601327889607131528737958089938280548295934118616116575273390657874511723996298738192339145022504960
43 187 245202601327889607131528737958089938280548295934118616116575273390657874511723996298738192339145022504960
187 67 -2011151682252701050736763500556740392731850963250648001983709574006416951097501556564851873308987724366899838976
67 187 -2011151682252701050736763500556740392731850963250648001983709574006416951097501556564851873308987724366899838976
187 91 -54015265240409769031207511227641460639399299559422920255420725703664309951942429583973451564369724779367883822071808
91 187 -54015265240409769031207511227641460639399299559422920255420725703664309951942429583973451564369724779367883822071808
187 115 -2208432916906560802996148302630734587176129109817900136079962588893690229360961151644974725209898338664321494221324288
115 187 -2208432916906560802996148302630734587176129109817900136079962588893690229360961151644974725209898338664321494221324288
187 139 -6846066990385359144986684522986866131892216818247719123001850223417748822573541410388902792110773468251320626949652480
139 187 -6846066990385359144986684522986866131892216818247719123001850223417748822573541410388902792110773468251320626949652480
187 163 5712683631187236620664572160661902693580405509798595354718283745041997527413130956070063537712727981729352766405476352
163 187 5712683631187236620664572160661902693580405509798595354718283745041997527413130956070063537712727981729352766405476352
187 187 -1303411625046373584079994577276970821393253904866712194842766462732101193306367305545753915937981392240463348833456128
186 18 -6290430939646615459504296040607492424248645031281352892058112110917177101855144561367580672
18 186 -6290430939646615459504296040607492424248645031281352892058112110917177101855144561367580672
186 42 -114726404474272299827183908306569515070633085164489044067680829423743261679665645244995419978004720254976
42 186 -114726404474272299827183908306569515070633085164489044067680829423743261679665645244995419978004720254976
186 66 1798497747659794371063903361037677627809984256537701505616862449944928990682826921139139137239660084821900656640
66 186 1798497747659794371063903361037677627809984256537701505616862449944928990682826921139139137239660084821900656640
186 90 48304478753653844164846538902361376052463900290784644092195375057869841021103614198635857593390448437794926663565312
90 186 48304478753653844164846538902361376052463900290784644092195375057869841021103614198635857593390448437794926663565312
186 114 2506477153187700111778448637332287743671608639604328655029723718878179727179218165267517567585921507178670199519838208
114 186 2506477153187700111778448637332287743671608639604328655029723718878179727179218165267517567585921507178670199519838208
186 138 8452576064590769954977614755850969691275728973254163620909958295110672754271548548864176320623994484560788246161784832
138 186 8452576064590769954977614755850969691275728973254163620909958295110672754271548548864176320623994484560788246161784832
186 162 -7933005354491869431808951815979062580156769882578330872991268289368751407364752159032023391744217697533174597858361344
162 186 -7933005354491869431808951815979062580156769882578330872991268289368751407364752159032023391744217697533174597858361344
186 186 1806214735833572270529427207867488940119685891975022013459972891846657018461645671349054825040473949184748679887798272
185 17 798082679891018300482912972304410498417045582445303758498523437915085582858777591132717056
17 185 798082679891018300482912972304410498417045582445303758498523437915085582858777591132717056
185 41 53813679608010049285448766639836579435992613614395070465118899419469804828437056913763979012896666419200
41 185 53813679608010049285448766639836579435992613614395070465118899419469804828437056913763979012896666419200
185 65 -1506250982700683862449214558650877927871397670414930001192084483989860421173515249008521228736358187328813924352
65 185 -1506250982700683862449214558650877927871397670414930001192084483989860421173515249008521228736358187328813924352
185 89 -42455869469836162774992073142572949014571657472427445438404019427991060640478408518686191352761846969945693255368704
89 185 -42455869469836162774992073142572949014571657472427445438404019427991060640478408518686191352761846969945693255368704
185 113 -2801279654864570914714553030613232427642098298708010718675551237748048247439881787902254250652916470169664685764247552
113 185 -2801279654864570914714553030613232427642098298708010718675551237748048247439881787902254250652916470169664685764247552
185 137 -10284732234442764289255531048388460307345624284654801106653899013576114220684332305100456768536432135599549310878875648
137 185 -10284732234442764289255531048388460307345624284654801106653899013576114220684332305100456768536432135599549310878875648
185 161 10954940041865648241769806341789870951737399950152001261685999457188624329258814411338267332264296235233916592200876032
161 185 10954940041865648241769806341789870951737399950152001261685999457188624329258814411338267332264296235233916592200876032
185 185 -2494150457279188437769122695721850087828967260923323118834654816993062900852333241333780335350186352548044609627824128
184 16 -56672297256015616317669009304402778184500462888876024252474969993212667716385376640696320
16 184 -56672297256015616317669009304402778184500462888876024252474969993212667716385376640696320
184 40 -23228728833244142438110014538328048254156884642373556448732767971729319242860977185709313149699989962752
40 184 -23228728833244142438110014538328048254156884642373556448732767971729319242860977185709313149699989962752
184 64 1179443955784751454436115435529776038548339720982811293148357137263759451578881224107486690364811167612503326720
64 184 1179443955784751454436115435529776038548339720982811293148357137263759451578881224107486690364811167612503326720
184 88 36717918711885321564457766745371058707564393808161567868705006233432160003525048280685202030868567347585364917223424
88 184 36717918711885321564457766745371058707564393808161567868705006233432160003525048280685202030868567347585364917223424
184 112 3081997604365806706860083477165208085949214687373688335677952380904880306631904740510663967391746654285336008986722304
112 184 3081997604365806706860083477165208085949214687373688335677952380904880306631904740510663967391746654285336008986722304
184 136 12331940548205003340940941312878461780278920256353703938210763076586232880545024660952492460360741412041072716114034688
136 184 12331940548205003340940941312878461780278920256353703938210763076586232880545024660952492460360741412041072716114034688
184 160 -15041411924894059577709396192203419311192425120588034322207842681925734579645450651347820776518728248945545902420918272
160 184 -15041411924894059577709396192203419311192425120588034322207842681925734579645450651347820776518728248945545902420918272
184 184 3432215553059593424005606653728275479781379995313143684289322342260414463065432949965134580771496901384140663217512448
183 15 2221211392787925252599981692089237706402008967990757799464283382199658603848929764179968
15 183 2221211392787925252599981692089237706402008967990757799464283382199658603848929764179968
183 39 7479415415847263438943709155200554652869008941216646430398689885387873335186567304389476619763763380224
39 183 7479415415847263438943709155200554652869008941216646430398689885387873335186567304389476619763763380224
183 63 -859246676043467111292193289086792619660695491737977586319960333021977589293151163317645045137371840627385303040
63 183 -859246676043467111292193289086792619660695491737977586319960333021977589293151163317645045137371840627385303040
183 87 -31297288674234036776110632076984008181005168517577965329506908426693869944285721400534923080942636893004543578603520
87 183 -31297288674234036776110632076984008181005168517577965329506908426693869944285721400534923080942636893004543578603520
183 111 -3336689332273371135372402415441909160611244496896323801977093565532932021576609552657606501824015445845111988463599616
111 183 -3336689332273371135372402415441909160611244496896323801977093565532932021576609552657606501824015445845111988463599616
183 135 -14568103190922116535532960146856647481860101598656825226579058087040250226635915180165269792391315080710394861515177984
135 183 -14568103190922116535532960146856647481860101598656825226579058087040250226635915180165269792391315080710394861515177984
183 159 20531404248976755677092513132833001845202415130067162205788176397078309768458650448864959015663580526993977591583473664
159 183 20531404248976755677092513132833001845202415130067162205788176397078309768458650448864959015663580526993977591583473664
183 183 -4707192695945383730649673692156386383592532653972797391054492898493717003525366442707960333001610360659166864462446592
182 14 -300914162797690909565674421569049029321502649101761673220335280735509089324794147504128
14 182 -300914162797690909565674421569049029321502649101761673220335280735509089324794147504128
182 38 -82804320518453008882616122212171591431956401179494537220567827475434943544462506778204680274059460608
38 182 -82804320518453008882616122212171591431956401179494537220567827475434943544462506778204680274059460608
182 62 576852410880121523831800919936089416019367995853197065013606881750348275389928865617296836537133148501474017280
62 182 576852410880121523831800919936089416019367995853197065013606881750348275389928865617296836537133148501474017280
182 86 26345925851106534162088690960235653975730199435091537904416083149266025249271467791617678008072721188221518182612992
86 182 26345925851106534162088690960235653975730199435091537904416083149266025249271467791617678008072721188221518182612992
182 110 3552849381658250250942983346139394070773230670276665566210150864663570186945089318970698599736696454299666154625433600
110 182 3552849381658250250942983346139394070773230670276665566210150864663570186945089318970698599736696454299666154625433600
182 134 16947985214019611945789475260748008864606880583789811691349955744609118618399813869086142476528999841803293988556374016
134 182 16947985214019611945789475260748008864606880583789811691349955744609118618399813869086142476528999841803293988556374016
182 158 -27858407207664294387418044354179332753661242726044819310123908111349219146774012236391388540094657197165066814666833920
158 182 -27858407207664294387418044354179332753661242726044819310123908111349219146774012236391388540094657197165066814666833920
182 182 6434648614742048963319755473507334804783645152087166736270952408566013905445142944138585543218333928808369539561308160
181 13 58806054307572004273569767261360859173059787295422984622061779131361935516532163477504
13 181 58806054307572004273569767261360859173059787295422984622061779131361935516532163477504
181 37 -2516561365045402720009287713372992493641729879158776770945546611926475657348926265756151930715285487616
37 181 -2516561365045402720009287713372992493641729879158776770945546611926475657348926265756151930715285487616
181 61 -350500016242450078836915111011191286223104454616221390008675131408619739650951004794554302962992325064034091008
61 181 -350500016242450078836915111011191286223104454616221390008675131408619739650951004794554302962992325064034091008
181 85 -21955264701068581786756535458993989731004834540536740753122776524103790904373111495921741630547457806762136437784576
85 181 -21955264701068581786756535458993989731004834540536740753122776524103790904373111495921741630547457806762136437784576
181 109 -3718063586229086100148350206833779561000655291242908950348141294086962618335424695818770753277596804267821094758514688
109 181 -3718063586229086100148350206833779561000655291242908950348141294086962618335424695818770753277596804267821094758514688
181 133 -19403605005495260178198634273301055261813366660340837283076980230962378410386549285282202409864532470785259245253165056
133 181 -19403605005495260178198634273301055261813366660340837283076980230962378410386549285282202409864532470785259245253165056
181 157 37572185481902792833936579000422301153902725158929429574693128748491470880758878628086492480917165803637890133436399616
157 181 37572185481902792833936579000422301153902725158929429574693128748491470880758878628086492480917165803637890133436399616
181 181 -8768094889881419374790016237545663140765993170994856889265677594764384320267550204861054008165298018762437012917420032
180 12 -2916831532132768388261996035042969196357397305106820071760500591424281209542816038912
12 180 -2916831532132768388261996035042969196357397305106820071760500591424281209542816038912
180 36 2700155012401593518335177592785456297094198009541163036312465895105483097476267368896772328851324796928
36 180 2700155012401593518335177592785456297094198009541163036312465895105483097476267368896772328851324796928
180 60 185624037776928684180654514902908183102146615888638576621920193648714763071641125279223028777930905201533779968
60 180 185624037776928684180654514902908183102146615888638576621920193648714763071641125279223028777930905201533779968
180 84 18158217660954623504982233026421036171984988150830077086484209728796002597677196163386991777347373763827094666608640
84 180 18158217660954623504982233026421036171984988150830077086484209728796002597677196163386991777347373763827094666608640
180 108 3820745408370002007224770642683163406306919343388674443667987871309713286082652156984327785265298417529427907066200064
108 180 3820745408370002007224770642683163406306919343388674443667987871309713286082652156984327785265298417529427907066200064
180 132 21840891134397583887153846544086239650435711375753146824451836590254963373025101806610094840264277220249011773409067008
132 180 21840891134397583887153846544086239650435711375753146824451836590254963373025101806610094840264277220249011773409067008
180 156 -50364108311355016492692759856116522473462042575907675974478886250639793235046479786075434094370321581382145740072026112
156 180 -50364108311355016492692759856116522473462042575907675974478886250639793235046479786075434094370321581382145740072026112
180 180 11910952741812073585948155370539591201531718857356434354713932532690745833626933186763051962102817516637259126761848832
179 11 -248776887408985057361627120595373949420946162634220463270655021435059529079660216320
11 179 -248776887408985057361627120595373949420946162634220463270655021435059529079660216320
179 35 -1994710593635409910039446155885733836177933021210538219144337112520271655448594390108249132150288285696
35 179 -1994710593635409910039446155885733836177933021210538219144337112520271655448594390108249132150288285696
179 59 -77478734000218823290652861611207986552969496621529678082066242440632504492897980043698032436363720233773432832
59 179 -77478734000218823290652861611207986552969496621529678082066242440632504492897980043698032436363720233773432832
179 83 -14938251735697210403903660748217976792781968100706205225271390947179890708967638897739532945473854837310768076029952
83 179 -14938251735697210403903660748217976792781968100706205225271390947179890708967638897739532945473854837310768076029952
179 107 -3850904265509351840848270956914824131520371668010835566504191474844042091911533236819937813965241106681730775178543104
107 179 -3850904265509351840848270956914824131520371668010835566504191474844042091911533236819937813965241106681730775178543104
179 131 -24136897765375102975780055585478169725930509536337863642715821545815849498090784039364538971607623269143092956290351104
131 179 -24136897765375102975780055585478169725930509536337863642715821545815849498090784039364538971607623269143092956290351104
179 155 67096195861438518713170551719999457197526847949392715413358823471788727903516610806311581786649711471932572939728191488
155 179 67096195861438518713170551719999457197526847949392715413358823471788727903516610806311581786649711471932572939728191488
179 179 -16132143618914524614145145532841234731191128064698310812097883473815749397631643823577519983340562883073975000660967424
178 10 3810235819452621373735534436496545221523471237242145571331353659765310830386610176
10 178 3810235819452621373735534436496545221523471237242145571331353659765310830386610176
178 34 1203475076253968348670567226847902335895988155747308086940652953672630407944678791392355126919122911232
34 178 1203475076253968348670567226847902335895988155747308086940652953672630407944678791392355126919122911232
178 58 15082112854171346903014247464290412798829293552923839192235162780430406902470580744664306139858665938574376960
58 178 15082112854171346903014247464290412798829293552923839192235162780430406902470580744664306139858665938574376960
178 82 12243458014321240655687316525387498591542740695782333631760125600817670727164889076188194153684337006409146842480640
82 178 12243458014321240655687316525387498591542740695782333631760125600817670727164889076188194153684337006409146842480640
178 106 3800891011838306277312704740540620267561907064616760082326929763397833090916273179560969200888695787259609457308467200
106 178 3800891011838306277312704740540620267561907064616760082326929763397833090916273179560969200888695787259609457308467200
178 130 26137905481663883034523092148855622782180568797315405992259862057549414120626053664595544624313825381814274053917114368
130 178 26137905481663883034523092148855622782180568797315405992259862057549414120626053664595544624313825381814274053917114368
178 154 -88833906023945547809912141586389298566566062158876657834924803243488468403756626803373298627736853685369720161127366656
154 178 -88833906023945547809912141586389298566566062158876657834924803243488468403756626803373298627736853685369720161127366656
178 178 21786354636764809290744211343794316188710973045968270859476766561327588001566105373767453348213079610473677219970154496
177 9 2925978285650512419230255172712253275653098333020178601966646950669952081547231232
9 177 2925978285650512419230255172712253275653098333020178601966646950669952081547231232
177 33 -623445705834481490680922400728248596613897977269975673582053371233400727438292380201876648380908699648
33 177 -623445705834481490680922400728248596613897977269975673582053371233400727438292380201876648380908699648
177 57 14774803003952575070353686195137517604535211426406641421969830367472533001776572020579141857249425435771535360
57 177 14774803003952575070353686195137517604535211426406641421969830367472533001776572020579141857249425435771535360
177 81 -10002567554699426293209774929790164343184342681877651914352522037746995623443240252510482077709087827937507636412416
81 177 -10002567554699426293209774929790164343184342681877651914352522037746995623443240252510482077709087827937507636412416
177 105 -3666063916697183726953795775334660043711252059107700095480766522403026467762499012027375895103664691465738682072301568
105 177 -3666063916697183726953795775334660043711252059107700095480766522403026467762499012027375895103664691465738682072301568
177 129 -27658743645244430353664259209084762028980576328067369129445126683016069785614336027476763839099854896212165247404867584
129 177 -27658743645244430353664259209084762028980576328067369129445126683016069785614336027476763839099854896212165247404867584
177 153 116882500830530500919514076940364230272713535169964673604047987150790389258586659707475837708451075572158728172214419456
153 177 116882500830530500919514076940364230272713535169964673604047987150790389258586659707475837708451075572158728172214419456
177 177 -29340310755533948755588402842330255153571398548525936227262138774319769131541024258839115112655219732870913322442031104
176 8 -23749750679707603588168958337159414074851394335640243090991377784063137067040768
8 176 -23749750679707603588168958337159414074851394335640243090991377784063137067040768
176 32 282451514738405634028130443861075690514894551548506967069101783436104908274973728799831778962557632512
32 176 282451514738405634028130443861075690514894551548506967069101783436104908274973728799831778962557632512
176 56 -24408779503883269545936637373889894367868211212158283347138237504466088015902327168694471143668719718320046080
56 176 -24408779503883269545936637373889894367868211212158283347138237504466088015902327168694471143668719718320046080
176 80 8139702181542779511378243984632083008384519724639992082291145327553796652857191127288521508149568907361853540139008
80 176 8139702181542779511378243984632083008384519724639992082291145327553796652857191127288521508149568907361853540139008
176 104 3445318506358885488843449396833587991800049308419474989838061883586373691655027578347640272676378565465310379695407104
104 176 3445318506358885488843449396833587991800049308419474989838061883586373691655027578347640272676378565465310379695407104
176 128 28483651282785623594571308371588225027197765065576110757416104821981233590543886903592226573447697545712547519535251456
128 176 28483651282785623594571308371588225027197765065576110757416104821981233590543886903592226573447697545712547519535251456
176 152 -152826576371804277052207974640602164734843359566168697261333032837917227574641053174397455113029482786763697569883226112
152 176 -152826576371804277052207974640602164734843359566168697261333032837917227574641053174397455113029482786763697569883226112
176 176 39406732343168515165348569818611577255880201784208430198248004270651242147422137126884282230215996610087497626657751040
175 7 748586411409853468105665587668200037931145092640638082449530766064197688098816
7 175 748586411409853468105665587668200037931145092640638082449530766064197688098816
175 31 -112382046944958795307868283246669542115418552080832608148844568712359341735821202771463071745341128704
31 175 -112382046944958795307868283246669542115418552080832608148844568712359341735821202771463071745341128704
175 55 23454711174163761742957272479184182452843058876136357057488084696700216269213438462536302538137128505972883456
55 175 23454711174163761742957272479184182452843058876136357057488084696700216269213438462536302538137128505972883456
175 79 -6585347937338324792139926651226157740608301635333572324899426164938092936110859909298702791885661683263966124441600
79 175 -6585347937338324792139926651226157740608301635333572324899426164938092936110859909298702791885661683263966124441600
175 103 -3141425983148704311310004449483785760552725563024525122023957564010777052538552884591013056412518161336062044591357952
103 175 -3141425983148704311310004449483785760552725563024525122023957564010777052538552884591013056412518161336062044591357952
175 127 -28368950763297150297612785172922348471580872697475705046309401599414285554441505753994507927461050363919409236838187008
127 175 -28368950763297150297612785172922348471580872697475705046309401599414285554441505753994507927461050363919409236838187008
175 151 198572008321143628098498048100003692393528643369730344505211333769017671276342061556751851942882269502962375977139699712
151 175 198572008321143628098498048100003692393528643369730344505211333769017671276342061556751851942882269502962375977139699712
175 175 -52788075457882952679184886856544819330700985159724623239332048462726349038198542242267370736285558423418139595391369216
174 6 -2160562557323487826454557236042481498041723817351916284323585984337209720832
6 174 -2160562557323487826454557236042481498041723817351916284323585984337209720832
174 30 39023608044604419986404074890818922900774981653354054712534901730363128079769440075465555475857145856
30 174 39023608044604419986404074890818922900774981653354054712534901730363128079769440075465555475857145856
174 54 -18345685862157030839327192203908777288313823840942005171239503681397393267978999806870182989846769564437708800
54 174 -18345685862157030839327192203908777288313823840942005171239503681397393267978999806870182989846769564437708800
174 78 5282356075734685323942812899189850914900022795781635428537832740183829566450133448258554805531840665730273782005760
78 174 5282356075734685323942812899189850914900022795781635428537832740183829566450133448258554805531840665730273782005760
174 102 2761129796158400335550912843462380729480673476293682712710387916757481587853331027295017466363500372730200395542953984
102 174 2761129796158400335550912843462380729480673476293682712710387916757481587853331027295017466363500372730200395542953984
174 126 27047750741410341475637976679956706221444556800872187611088501001735257870783479356390245590366963680761391121103323136
126 174 27047750741410341475637976679956706221444556800872187611088501001735257870783479356390245590366963680761391121103323136
174 150 -256389167063803136313780532164158457312966073206502442713036025822340501899381702253798661360193056612096791207978467328
150 174 -256389167063803136313780532164158457312966073206502442713036025822340501899381702253798661360193056612096791207978467328
174 174 70532651477931395601327118846850128685797355244868428516654038847927004221405294235219173506247732747106608645054398464
173 5 -5859146508924470394834697084861121148046796963471002940006489930474717184
5 173 -5859146508924470394834697084861121148046796963471002940006489930474717184
173 29 -11594769762637407694210004114196392005723770879181395735201605609958519202672131816977945636838047744
29 173 -11594769762637407694210004114196392005723770879181395735201605609958519202672131816977945636838047744
173 53 12684599356069689324616786900934120662598196928169426011977706334169695961237660842858572452277441071954264064
53 173 12684599356069689324616786900934120662598196928169426011977706334169695961237660842858572452277441071954264064
173 77 -4187241095994397768331731217806661756004467235267972834579112401310959753323106651247571210128670931607987255508992
77 173 -4187241095994397768331731217806661756004467235267972834579112401310959753323106651247571210128670931607987255508992
173 101 -2314962620076925419902622759320363178651155069663192683879570821976813282168064135680236467931799832351597771374985216
101 173 -2314962620076925419902622759320363178651155069663192683879570821976813282168064135680236467931799832351597771374985216
173 125 -24236825677572015141874633561314769151139305806341107463661228647876794500630424240202148524929180342039029968615243776
125 173 -24236825677572015141874633561314769151139305806341107463661228647876794500630424240202148524929180342039029968615243776
173 149 328955817585539343840705982181082356949933283294733370531443814690539221078784309387144327194426851701441947608320835584
149 173 328955817585539343840705982181082356949933283294733370531443814690539221078784309387144327194426851701441947608320835584
173 173 -94006312981542661348865848111333300814956007032692995208433460962857532744750050035792788006708462080887987160475500544
172 4 4461987476705248655364990059309871826892879132359851691687632793763840
4 172 4461987476705248655364990059309871826892879132359851691687632793763840
172 28 2809885187902803519118988744588454724549535601740485641790947574551498577209674260565194846997839872
28 172 2809885187902803519118988744588454724549535601740485641790947574551498577209674260565194846997839872
172 52 -8038304582711394076033261327793126598361774252296638463013854648953161655432229212292484452010792104061042688
52 172 -8038304582711394076033261327793126598361774252296638463013854648953161655432229212292484452010792104061042688
172 76 3268162812845560786908677761518322288552110217370187902964085892547764971497843261767457620719842569181896638464000
76 172 3268162812845560786908677761518322288552110217370187902964085892547764971497843261767457620719842569181896638464000
172 100 1816770166769132956531618295975313088574967834510543623824922091926659032456601216422642151190467938495032625039671296
100 172 1816770166769132956531618295975313088574967834510543623824922091926659032456601216422642151190467938495032625039671296
172 124 19645730958165667135731990154507369890907302848810564956327495538397816104644651266233561360400769472241034799739830272
124 172 19645730958165667135731990154507369890907302848810564956327495538397816104644651266233561360400769472241034799739830272
172 148 -419397667885942400240998214049295780459693034984824423821049619755457139890701471264745201097650923716273943275745837056
148 172 -419397667885942400240998214049295780459693034984824423821049619755457139890701471264745201097650923716273943275745837056
172 172 124983585258680297027040228943795607701187240820241204631766035636251583445766233331385521307953478815758202366798594048
171 3 2310354169739499400945188402079123274782518098535356321443317022720
3 171 2310354169739499400945188402079123274782518098535356321443317022720
171 27 -480680199200646481491836295465804998789924530264481369774087322299286332680126611295886970890223616
27 171 -480680199200646481491836295465804998789924530264481369774087322299286332680126611295886970890223616
171 51 4769726929187528113155670009959874296396543033043890053806994940084371151421850034484007239693848289896038400
51 171 4769726929187528113155670009959874296396543033043890053806994940084371151421850034484007239693848289896038400
171 75 -2501434980822397211852499908339640791402253481521094421439894242967778684510912693647195805406978835469552697999360
75 171 -2501434980822397211852499908339640791402253481521094421439894242967778684510912693647195805406978835469552697999360
171 99 -1282963396330722712610395308715968198199531005266227338893475339790545452925265433017308330069559384158966108385181696
99 171 -1282963396330722712610395308715968198199531005266227338893475339790545452925265433017308330069559384158966108385181696
171 123 -12988088181791555235283713521469647636825933178630250790478843589456216508567724893099043322415044305556915939897769984
123 171 -12988088181791555235283713521469647636825933178630250790478843589456216508567724893099043322415044305556915939897769984
171 147 531324078537479905131879812160384613237955109962125404338913507906076168187195617682127210448074128809122441853960978432
147 171 531324078537479905131879812160384613237955109962125404338913507906076168187195617682127210448074128809122441853960978432
171 171 -165762925325135026042206454488942673214330471854781442059022570046754135032871032839881067954640908261066228046076313600
170 2 28404517879441372961636480428725111810000895332064067321856
2 170 28404517879441372961636480428725111810000895332064067321856
170 26 15873819391792913173722591025256274043110039255634518874773422885321893453555698745222664019771392
26 170 15873819391792913173722591025256274043110039255634518874773422885321893453555698745222664019771392
170 50 -2686984646413872731308997932606886389782463996833707180857008952314790950954216064726291726764556597229256704
50 170 -2686984646413872731308997932606886389782463996833707180857008952314790950954216064726291726764556597229256704
170 74 1868171709771979763010959805949814128745575681716063432729202774295100705348984151307303417815173671975522981117952
74 170 1868171709771979763010959805949814128745575681716063432729202774295100705348984151307303417815173671975522981117952
170 98 731560187037177503631908523507599880065594841354774987888374811286917723765929131866538484921061806238746149191155712
98 170 731560187037177503631908523507599880065594841354774987888374811286917723765929131866538484921061806238746149191155712
170 122 3994801249888929439233299225840782563320620484554547469502653565001223750816630841122416280269388225461348381174530048
122 170 3994801249888929439233299225840782563320620484554547469502653565001223750816630841122416280269388225461348381174530048
170 146 -668855983942826506652206638051215383985942112575594424100650438760711569887775820915250079121103628156943012522922868736
146 170 -668855983942826506652206638051215383985942112575594424100650438760711569887775820915250079121103628156943012522922868736
170 170 219311699903977812169167529967906980348138865007358508348532839615291783523045812758061300557977272051531231176419180544
169 1 1347241357530065145321065453534570900044644352
1 169 1347241357530065145321065453534570900044644352
169 25 28126372463739944725459328922395370740100856483383111493362039784802820267404870550062952412610560
25 169 28126372463739944725459328922395370740100856483383111493362039784802820267404870550062952412610560
169 49 1444839612836088098397404141762358586536168310434154976788432877096088080559922700716746719483277317739905024
49 169 1444839612836088098397404141762358586536168310434154976788432877096088080559922700716746719483277317739905024
169 73 -1352002276694760234716467299439407101948380287018403163762417534022361196655145685927627234500618259641862482558976
73 169 -1352002276694760234716467299439407101948380287018403163762417534022361196655145685927627234500618259641862482558976
169 97 -181110147199485443746052384967936455183283206809487617762332844791049575625197878380291455479979095543415218848661504
97 169 -181110147199485443746052384967936455183283206809487617762332844791049575625197878380291455479979095543415218848661504
169 121 7571251825953164690630710019370035744693505459369204001251918419818770602964257517867240264119383406823457781855551488
121 169 7571251825953164690630710019370035744693505459369204001251918419818770602964257517867240264119383406823457781855551488
169 145 836642582640954402021863315492571914744772453936668999470108651378177382576965144718726158465049039573996070676329398272
145 169 836642582640954402021863315492571914744772453936668999470108651378177382576965144718726158465049039573996070676329398272
169 169 -289447470008189377674505649646504074530493049396443039796791494965806856056124881334429041656999827041185368239350218752
168 24 -13901433065397841762706236632109990967163446259440250676840945700002229642546483313826322119131136
24 168 -13901433065397841762706236632109990967163446259440250676840945700002229642546483313826322119131136
168 48 -735098213059680759396894350855131379612803021604955399454895429412664367692208181389651710014489497153044480
48 168 -735098213059680759396894350855131379612803021604955399454895429412664367692208181389651710014489497153044480
168 72 938015946801714746321245783410565534744517911276548678181131388180437820875726431716542535888493544016615560970240
72 168 938015946801714746321245783410565534744517911276548678181131388180437820875726431716542535888493544016615560970240
168 96 -350388946303417291425461306338575671310054841376622377442163930809924536999323800816203555722371874721038324088176640
96 168 -350388946303417291425461306338575671310054841376622377442163930809924536999323800816203555722371874721038324088176640
168 120 -21899726939154510347413305962590249665789843934763926701020312214903364265134628000241493774997592286077737222136659968
120 168 -21899726939154510347413305962590249665789843934763926701020312214903364265134628000241493774997592286077737222136659968
168 144 -1039862838022310319541760119063258546850470997442184971182194217602570761911629406473425025394923876377490228039196344320
144 168 -1039862838022310319541760119063258546850470997442184971182194217602570761911629406473425025394923876377490228039196344320
168 168 381063212864871972469987080644056380281289980586323940111927762269604961631059631653124157455170688703184112836403003392
167 23 4272808320944650715562627364245218207406727194970275325232681744510113749422412162671936438009856
23 167 4272808320944650715562627364245218207406727194970275325232681744510113749422412162671936438009856
167 47 341725266078641248085213214443212080772710982287689304660465902912529847050885861825491117559633324401491968
47 167 341725266078641248085213214443212080772710982287689304660465902912529847050885861825491117559633324401491968
167 71 -612553853717570300227591263699405293045136544108523180253454951688396673809621432188828535547342148939170143272960
71 167 -612553853717570300227591263699405293045136544108523180253454951688396673809621432188828535547342148939170143272960
167 95 846482509662439039215407342010344952975616525770046415843361038593575880415875489162355609226432491189638952967471104
95 167 846482509662439039215407342010344952975616525770046415843361038593575880415875489162355609226432491189638952967471104
167 119 39117366999516101296577086592848976090840700644184484819963159839136365327093601522999442472711488910080233924127096832
119 167 39117366999516101296577086592848976090840700644184484819963159839136365327093601522999442472711488910080233924127096832
167 143 1284207366630129973622615235777509772630697741899488897503364492033113533157738331079331664070108730344380190775111057408
143 167 1284207366630129973622615235777509772630697741899488897503364492033113533157738331079331664070108730344380190775111057408
167 167 -500405149982514543348646182024022495004562795289034370201443916648818168428557271511021616101492927471654886377005252608
166 22 -978645895659536976754295248577000499407352318118390461717674850238291863607738860420640817545216
22 166 -978645895659536976754295248577000499407352318118390461717674850238291863607738860420640817545216
166 46 -131495338698775957410514655894213864379093566720502721266765110186696246635131433514249667440115017976905728
46 166 -131495338698775957410514655894213864379093566720502721266765110186696246635131433514249667440115017976905728
166 70 363288717000652611167714843016299532144364384850851054691242645175797766120940588636839841454148122885032282947584
70 166 363288717000652611167714843016299532144364384850851054691242645175797766120940588636839841454148122885032282947584
166 94 -1293083986602146523329640116715471520236872702805289552720648488218679193582607161547477049605071352227659878089359360
94 166 -1293083986602146523329640116715471520236872702805289552720648488218679193582607161547477049605071352227659878089359360
166 118 -59273519456234485996938465216949574112728507981627659790111708702009227214547082131053859699017784295920518437976145920
118 166 -59273519456234485996938465216949574112728507981627659790111708702009227214547082131053859699017784295920518437976145920
166 142 -1575836022768880001718494128185348094263885663442397362381968066785169949778650907119707537444656909229124706843257470976
142 166 -1575836022768880001718494128185348094263885663442397362381968066785169949778650907119707537444656909229124706843257470976
166 166 655412830087761968890434329723605091700295728276825605795390609162317096161426183559798041343023488171003412911476441088
165 21 169424628657363599815558101779984158841609275948181282103805692035743772445102376636856450154496
21 165 169424628657363599815558101779984158841609275948181282103805692035743772445102376636856450154496
165 45 26726788310326990587855714474021857603615501691786517898950121909095728376005875807704770913745803459690496
45 165 26726788310326990587855714474021857603615501691786517898950121909095728376005875807704770913745803459690496
165 69 -179177416833725751812323402172370457362390414471014702549984698357790775843422328405918837307337846440988157935616
69 165 -179177416833725751812323402172370457362390414471014702549984698357790775843422328405918837307337846440988157935616
165 93 1679091545849616930241592792753596630613448741624132854169750231121338579966297105289976129805370594385974553231753216
93 165 1679091545849616930241592792753596630613448741624132854169750231121338579966297105289976129805370594385974553231753216
165 117 82327511188564617582363708567853014918770651873273257066280539480431220178979580762814242995427154147081157002789912576
117 165 82327511188564617582363708567853014918770651873273257066280539480431220178979580762814242995427154147081157002789912576
165 141 1921306576051629271859880603247276137671899993019049463943330177113651897131431988933883816495526033124927577669479956480
141 165 1921306576051629271859880603247276137671899993019049463943330177113651897131431988933883816495526033124927577669479956480
165 165 -856131988108416135977981628954905447687452008058322233198800405251871890501691831362190680480112761129638067900317171712
164 20 -20503288850791061776821636479983542167830161673400793528233267929260973375743464797251620044800
20 164 -20503288850791061776821636479983542167830161673400793528233267929260973375743464797251620044800
164 44 18138577157831706378361642253140475114477291797417996839109325456186834092895110693523796827611230250205184
44 164 18138577157831706378361642253140475114477291797417996839109325456186834092895110693523796827611230250205184
164 68 50164282499412789331702770484433920542870173973028095923216869432692334079152578351234374411409168787911718469632
68 164 50164282499412789331702770484433920542870173973028095923216869432692334079152578351234374411409168787911718469632
164 92 -1996781169725180395215943316222341112093255504061446510902547330993146236944407856750696186973212712165425796152819712
92 164 -1996781169725180395215943316222341112093255504061446510902547330993146236944407856750696186973212712165425796152819712
164 116 -108138690130704817360048902200869059690711408217730760984420329910920609171879374651775969389648156217630758438111805440
116 164 -108138690130704817360048902200869059690711408217730760984420329910920609171879374651775969389648156217630758438111805440
164 140 -2327470410264267883387150980594792125214042209024243802265043741536509586581204084272542290004750056275603815573739274240
140 164 -2327470410264267883387150980594792125214042209024243802265043741536509586581204084272542290004750056275603815573739274240
164 164 1115211407510288005544014494993500955942616091662147932382682375049604135238100510017956558912228587810560846962425331712
163 19 1139606728656580608566174982626811561717674266412004548659374577666541196165428567984211755008
19 163 1139606728656580608566174982626811561717674266412004548659374577666541196165428567984211755008
163 43 -30812069818959585312297085435982981523628774626178768597428961977225174088635817702590064094092023623057408
43 163 -30812069818959585312297085435982981523628774626178768597428961977225174088635817702590064094092023623057408
163 67 33233589598711757102205733663566423541137827454362729911988209641108913220438031256384594270296014793946494402560
67 163 33233589598711757102205733663566423541137827454362729911988209641108913220438031256384594270296014793946494402560
163 91 2241973312425328589409987598099241628746255297203408010600753504745410242712696325542029323622828642251886289940905984
91 163 2241973312425328589409987598099241628746255297203408010600753504745410242712696325542029323622828642251886289940905984
163 115 136459866230375988940364392355826673856587690674611049856072310337898354905988376185005614080366020407319457121861369856
115 163 136459866230375988940364392355826673856587690674611049856072310337898354905988376185005614080366020407319457121861369856
163 139 2801332094498726292930930225059906198925520071492351250953521284879102537056521713421257275687467282097611853526068101120
139 163 2801332094498726292930930225059906198925520071492351250953521284879102537056521713421257275687467282097611853526068101120
163 163 -1448495452011020790035330645224550877962819834459673023937898607913418392303235396340579909703447576813337946347173576704
162 18 155096979586347805579449930661374421033196147894523838719366336391470036146437807642924548096
18 162 155096979586347805579449930661374421033196147894523838719366336391470036146437807642924548096
162 42 28359527600156689676276657403528628892871008595900087586509486932140930267809916104659169221575510077734912
42 162 28359527600156689676276657403528628892871008595900087586509486932140930267809916104659169221575510077734912
162 66 -80228182962316123812513918967038767124960071342375602724414592913139028254757033172459834893910652252089932054528
66 162 -80228182962316123812513918967038767124960071342375602724414592913139028254757033172459834893910652252089932054528
162 90 -2413972557234579664181695661483548256434505039043450008684753211577431840955190483582464959155849791980282944367362048
90 162 -2413972557234579664181695661483548256434505039043450008684753211577431840955190483582464959155849791980282944367362048
162 114 -166934849498987011849796835146050278796143221703580820423017184013798209299933349564181209634655196189448491863384260608
114 162 -166934849498987011849796835146050278796143221703580820423017184013798209299933349564181209634655196189448491863384260608
162 138 -3349870819372515001215662799834431319712409378959070583543750376615404107674329726985125418755236953545467603946093674496
138 162 -3349870819372515001215662799834431319712409378959070583543750376615404107674329726985125418755236953545467603946093674496
162 162 1875723925730226832226058393777104085610917406845311467512351003378860710872580233644954938588037399930619180035807903744
161 17 -49841078127028167756799339120681233788283578228987026407753049413209746614314038726435536896
17 161 -49841078127028167756799339120681233788283578228987026407753049413209746614314038726435536896
161 41 -20757059728456438187592584845937135428852114500099667002813516687660263026025195120558126038085072406446080
41 161 -20757059728456438187592584845937135428852114500099667002813516687660263026025195120558126038085072406446080
161 65 99781335062920146231008369290212634726328798931609300072846479399205555106765514631389854077322260269761636073472
65 161 99781335062920146231008369290212634726328798931609300072846479399205555106765514631389854077322260269761636073472
161 89 2515282302593723666815128354746955523736802378732375811969007147747326883868700563226850018280559344847321632342016000
89 161 2515282302593723666815128354746955523736802378732375811969007147747326883868700563226850018280559344847321632342016000
161 113 199100757078907626214196881045711438938411019936881581272938246566030668428561789249750958935345278733631386929286086656
113 161 199100757078907626214196881045711438938411019936881581272938246566030668428561789249750958935345278733631386929286086656
161 137 3979822890481312796208697328603271045882070190614279430702207345935134096505381011298460276093713824923922585656431214592
137 161 3979822890481312796208697328603271045882070190614279430702207345935134096505381011298460276093713824923922585656431214592
161 161 -2421350207021338734458380676927686056741434225303971765423508462245769421892443923734808267811232418962860982268921380864
160 16 6804277789213470746695207010493215477353526946422721609719278687223288883372536812504350720
16 160 6804277789213470746695207010493215477353526946422721609719278687223288883372536812504350720
160 40 13091309016749242213729446007907871461648418494137260432463496942571991928876210822780690364821979241906176
40 160 13091309016749242213729446007907871461648418494137260432463496942571991928876210822780690364821979241906176
160 64 -100327611695093555031820981903583656863857136490777514760466152686762077396249571033500022038274638528074525704192
64 160 -100327611695093555031820981903583656863857136490777514760466152686762077396249571033500022038274638528074525704192
160 88 -2551110405363073647939933875195213322442980023526936970522313606744861141421240579419749391575837591324790930790154240
88 160 -2551110405363073647939933875195213322442980023526936970522313606744861141421240579419749391575837591324790930790154240
160 112 -232395649736785951864002019077164496904193884621231955527441592930705335166351520955278290938309562806802554523849064448
112 160 -232395649736785951864002019077164496904193884621231955527441592930705335166351520955278290938309562806802554523849064448
160 136 -4697425741117224993382688692287989231865941593046432260117310010613973953558545087959130701040747342570087097571307683840
136 160 -4697425741117224993382688692287989231865941593046432260117310010613973953558545087959130701040747342570087097571307683840
160 160 3115486884185398439579774504646249782327881041080075597406884080168427549589753278555883946623635871916237849650245140480
159 15 -593924805945633713407771822929060103853791470867023143978333599678786300190205331753664512
15 159 -593924805945633713407771822929060103853791470867023143978333599678786300190205331753664512
159 39 -7310030076484847941732512195583034153523799585022467396278030270546287318043237136376462327462960513941504
39 159 -7310030076484847941732512195583034153523799585022467396278030270546287318043237136376462327462960513941504
159 63 89325079435045037514569560127414973061111157811049885817333923213876095343768314770709880231203709952587500355584
63 159 89325079435045037514569560127414973061111157811049885817333923213876095343768314770709880231203709952587500355584
159 87 2528709909430220849697772623079625814772991073022613162814276442083221433640218871193363635031411854509797390069792768
87 159 2528709909430220849697772623079625814772991073022613162814276442083221433640218871193363635031411854509797390069792768
159 111 266171764157640294115366462245550800553558186192330674303711183817111389198612024554520377456077033647294803889409228800
111 159 266171764157640294115366462245550800553558186192330674303711183817111389198612024554520377456077033647294803889409228800
159 135 5508125525538573832927421345315703783616822415682895322607832582212857843146738686808013092734989749176968162557357457408
135 159 5508125525538573832927421345315703783616822415682895322607832582212857843146738686808013092734989749176968162557357457408
159 159 -3994985160620236694922137821349570522555891801640252761391539229897368944468537517290523519877503975856040781373874634752
158 14 42723653128800636073316376574261484725204028239382595604373843633023701939429389048479744
14 158 42723653128800636073316376574261484725204028239382595604373843633023701939429389048479744
158 38 3644320423784544083932625244537727520852998171949604382312298001598454493098229399081371805988069545345024
38 158 3644320423784544083932625244537727520852998171949604382312298001598454493098229399081371805988069545345024
158 62 -72824756642103784459476412544273387219428346749369143813538492783184840363400013177697679724133443747493323997184
62 158 -72824756642103784459476412544273387219428346749369143813538492783184840363400013177697679724133443747493323997184
158 86 -2456632956006673006726792554822333708392458835492233390490579080225792420446568925421579178329380511677410077839458304
86 158 -2456632956006673006726792554822333708392458835492233390490579080225792420446568925421579178329380511677410077839458304
158 110 -299714112988011901265202007268024817262843873136548555548769674326011900748987828747871016443197826934407308029221404672
110 158 -299714112988011901265202007268024817262843873136548555548769674326011900748987828747871016443197826934407308029221404672
158 134 -6416252659466528745262329093357658039918634498876449896759096344012926330207822988429639901195229273292665645317304090624
134 158 -6416252659466528745262329093357658039918634498876449896759096344012926330207822988429639901195229273292665645317304090624
158 158 5104649988582826643287344866340885498541014979196582557990947778509923432572134386015114275485972081060592503313072652288
157 13 -3488250317537884939709617942368068039415208159932782945089379124798576097936231014334464
13 157 -3488250317537884939709617942368068039415208159932782945089379124798576097936231014334464
157 37 -1617925416461903390116578392047307292283345902920367038926977680572524257274215069221877398571885443153920
37 157 -1617925416461903390116578392047307292283345902920367038926977680572524257274215069221877398571885443153920
157 61 55221843301328060751369077122442629333232943425140358599291974885821583048603058078604785135126794075585346797568
61 157 55221843301328060751369077122442629333232943425140358599291974885821583048603058078604785135126794075585346797568
157 85 2343999283429861987207328236068281450241607767247342823424546436927248022348324886700105146051893850964349097145794560
85 157 2343999283429861987207328236068281450241607767247342823424546436927248022348324886700105146051893850964349097145794560
157 109 332263636229159588564868565746376449906799088609752801842601538090529377139484292360148650677767245690529495471188082688
109 157 332263636229159588564868565746376449906799088609752801842601538090529377139484292360148650677767245690529495471188082688
157 133 7424672879229408032747977637892637033403083967270565294903746921351443589350105532983156027587783517726611004334771535872
133 157 7424672879229408032747977637892637033403083967270565294903746921351443589350105532983156027587783517726611004334771535872
157 157 -6498587262865820612542862699640895147261662157891474727442810825952607352935020515009896660024632202328008982286928183296
156 12 224098350047716934650949797246824384327409682503141457124014906548335760069736282456064
12 156 224098350047716934650949797246824384327409682503141457124014906548335760069736282456064
156 36 630617851553143449179357922162231578077281571165631415321077848455896003208345024026701160672356911284224
36 156 630617851553143449179357922162231578077281571165631415321077848455896003208345024026701160672356911284224
156 60 -39262973824104440815019894410801167968689772532892797532556662706356284486016053251871183104725114975923698925568
60 156 -39262973824104440815019894410801167968689772532892797532556662706356284486016053251871183104725114975923698925568
156 84 -2199878221578062050155196057322605166609463653432890217063654084988610529866528137555232423391731936043766081961066496
84 156 -2199878221578062050155196057322605166609463653432890217063654084988610529866528137555232423391731936043766081961066496
156 108 -363043601675184126149007627717764063362030495640599832061034159029043400014950906724091670194111205921206507135987351552
108 156 -363043601675184126149007627717764063362030495640599832061034159029043400014950906724091670194111205921206507135987351552
156 132 -8534425213156765358268925036585354049139601466092374334697195750007367428179683158312474698964201137350393150008241160192
132 156 -8534425213156765358268925036585354049139601466092374334697195750007367428179683158312474698964201137350393150008241160192
156 156 8241672497629848761409805918188274382005194394791521889150136224608711178413624099655152678047684106023079019218544361472
155 11 -4622432445317989716097515432421433513112365178538898608994548491785994443826799837184
11 155 -4622432445317989716097515432421433513112365178538898608994548491785994443826799837184
155 35 -208180710581010161953424938002731093977596815268654195752340268393683930381538695001419633396669537583104
35 155 -208180710581010161953424938002731093977596815268654195752340268393683930381538695001419633396669537583104
155 59 26284598686915337173005272403386024652508804988172979118207764472076591780525900134589173880695872827283453509632
59 155 26284598686915337173005272403386024652508804988172979118207764472076591780525900134589173880695872827283453509632
155 83 2032850277971448380221961852785493677420991171374281926553217327184379703586238850173183445249058117208702397018275840
83 155 2032850277971448380221961852785493677420991171374281926553217327184379703586238850173183445249058117208702397018275840
155 107 391287746610740001517912188260161497406472607758006805399330259826164644467787706205578582368444938699360711084592857088
107 155 391287746610740001517912188260161497406472607758006805399330259826164644467787706205578582368444938699360711084592857088
155 131 9744361906617955839080298541862361433681345484433713251685605886948051126737907255145047705694297634416168538337810841600
131 155 9744361906617955839080298541862361433681345484433713251685605886948051126737907255145047705694297634416168538337810841600
155 155 -10411122093544484213420949225171540130974481259196205907562015938393033347908637331446114451881243794767952759656267382784
154 10 624152430644439264245186364362882600506636446451275698166963526427177350971292385280
10 154 624152430644439264245186364362882600506636446451275698166963526427177350971292385280
154 34 52611798529056118166625699020950808450026646407386776376825572739074713554784595382388913555314554437632
34 154 52611798529056118166625699020950808450026646407386776376825572739074713554784595382388913555314554437632
154 58 -16590163508926860981712900174356325531612305702423067331213757674410044383252614029204201925853766603199244926976
58 154 -16590163508926860981712900174356325531612305702423067331213757674410044383252614029204201925853766603199244926976
154 82 -1850761419770921308771262929763593412609142255371809603243375841883006272336169966818891769087015410495629976737415168
82 154 -1850761419770921308771262929763593412609142255371809603243375841883006272336169966818891769087015410495629976737415168
154 106 -416268768355990298437600745835887800637886246092586068450377763970697165823161302301230831071116572388657096554916610048
106 154 -416268768355990298437600745835887800637886246092586068450377763970697165823161302301230831071116572388657096554916610048
154 130 -11050807860707355043284907486708127925996736169607287134081220273380390210971058994929005591139223094046809684705816870912
130 154 -11050807860707355043284907486708127925996736169607287134081220273380390210971058994929005591139223094046809684705816870912
154 154 13098138197599741517460722595445975957589625147594258715197147892207294648722581420465812877691294197497011654141826564096
153 9 -87065231198946454857179698355620172231134271523723858562165711691934459673664552960
9 153 -87065231198946454857179698355620172231134271523723858562165711691934459673664552960
153 33 -5951923664939557025468194284076190347694294271455896286004268125120845679806560982141106184392508702720
33 153 -5951923664939557025468194284076190347694294271455896286004268125120845679806560982141106184392508702720
153 57 9855213851217075219778962376420080813143027377402573580236340054133949700171110547051693543863954660598849994752
57 153 9855213851217075219778962376420080813143027377402573580236340054133949700171110547051693543863954660598849994752
153 81 1660630580464872265373287994258217584763874039349583832463875031074767012658553167947826698336222921485494166830972928
81 153 1660630580464872265373287994258217584763874039349583832463875031074767012658553167947826698336222921485494166830972928
153 105 437326064691529081405626620812827360901654322404088835539037315384198561597763713082694821674758260442017541514504175616
105 153 437326064691529081405626620812827360901654322404088835539037315384198561597763713082694821674758260442017541514504175616
153 129 12447257999089410667892113465932080387684197461119423608045712416437948047393708241390987726843918685192961293528395153408
129 153 12447257999089410667892113465932080387684197461119423608045712416437948047393708241390987726843918685192961293528395153408
153 153 -16409585786390169084000373068694880052074640098267708842111455015807534308665118584450952991142578555386884528208078700544
152 8 -2849242603531397559935167136069478348174344839246189518101946712293084902820151296
8 152 -2849242603531397559935167136069478348174344839246189518101946712293084902820151296
152 32 -3457890485103215076216319615034306956152808256943227934942106855025988330567657597857925081555202473984
32 152 -3457890485103215076216319615034306956152808256943227934942106855025988330567657597857925081555202473984
152 56 -5472433437392436117210660913056616903260236203981121805331315222040997107182195935053444683133742250561829339136
56 152 -5472433437392436117210660913056616903260236203981121805331315222040997107182195935053444683133742250561829339136
152 80 -1468639737755995512921310174358123735392402436423730473360192130695184308443906202580319107862876782223837864403140608
80 152 -1468639737755995512921310174358123735392402436423730473360192130695184308443906202580319107862876782223837864403140608
152 104 -453891845823779356414200271307643503749671070343871591818225445764248097604150144156122402380528628424105674250213392384
104 152 -453891845823779356414200271307643503749671070343871591818225445764248097604150144156122402380528628424105674250213392384
152 128 -13924130482604878353716740311116817445112498500066716888587640071331088887027362801976268707230064419160196815693371408384
128 152 -13924130482604878353716740311116817445112498500066716888587640071331088887027362801976268707230064419160196815693371408384
152 152 20469645795969362066106192362633757955847501374316759735143849438791513405761855977623632092037696147477184643702152232960
151 7 -33277291789210477991465642513083644370646912321556996596687163793327453089300480
7 151 -33277291789210477991465642513083644370646912321556996596687163793327453089300480
151 31 3135211003414089245835708974953891075040516671161301393139443902742479083169187491817196067465916841984
31 151 3135211003414089245835708974953891075040516671161301393139443902742479083169187491817196067465916841984
151 55 2791726131643518586731655586372668031124285122928846118086323431213466203412358504207341271239641584409426001920
55 151 2791726131643518586731655586372668031124285122928846118086323431213466203412358504207341271239641584409426001920
151 79 1280136976895231758978091734857901614271138286540278420282380411582127647474352719159257540362052501752176355110289408
79 151 1280136976895231758978091734857901614271138286540278420282380411582127647474352719159257540362052501752176355110289408
151 103 465514692177948764237919121078572943812053814659574294959167108199997114632672883398425052126951649164747711874892562432
103 151 465514692177948764237919121078572943812053814659574294959167108199997114632672883398425052126951649164747711874892562432
151 127 15468592895151363208006926884931842223554497357651550162867126417531884012196300230442593051649873117627978645988173676544
127 151 15468592895151363208006926884931842223554497357651550162867126417531884012196300230442593051649873117627978645988173676544
151 151 -25421371461625111874374245544552135489590279772816102268327023000184723177268142590291045053427505868449493374188017156096
150 6 275333147334094369857759917293606311112214238287727667757357006853226706763776
6 150 275333147334094369857759917293606311112214238287727667757357006853226706763776
150 30 -1600325120655000318241908318920005826464672734394503807098311493922837703129608568328677327357238837248
30 150 -1600325120655000318241908318920005826464672734394503807098311493922837703129608568328677327357238837248
150 54 -1252103399692161617026887228456839029271827166945737411124454618436848229044416685489659279509935018970363985920
54 150 -1252103399692161617026887228456839029271827166945737411124454618436848229044416685489659279509935018970363985920
150 78 -1099611911547326182846606515118107516923037426469564424692551611224123725773685619767631932400287899221153246162714624
78 150 -1099611911547326182846606515118107516923037426469564424692551611224123725773685619767631932400287899221153246162714624
150 102 -471879327956653469423701034841085098158449056374865337449945439864083939137316118438377854781250658637244479673586417664
102 150 -471879327956653469423701034841085098158449056374865337449945439864083939137316118438377854781250658637244479673586417664
150 126 -17064478472297975042308880156839287623922969986904052623855617825844265606270258679645406818409992987301975004682664280064
126 150 -17064478472297975042308880156839287623922969986904052623855617825844265606270258679645406818409992987301975004682664280064
150 150 31428057984047074086899494612497234526423924812096853460137242553330330644196663931453357353659541017805836288768044171264
149 5 393425691898992512693307633257345743489060827130767432787227796564743290880
5 149 393425691898992512693307633257345743489060827130767432787227796564743290880
149 29 634581439856569830357287722914632741686787959033564960547693522635176392554200296941065016469555773440
29 149 634581439856569830357287722914632741686787959033564960547693522635176392554200296941065016469555773440
149 53 429008009784073696661042758765741799480424355011123785979365017532244634510861090964832343705950080994033795072
53 149 429008009784073696661042758765741799480424355011123785979365017532244634510861090964832343705950080994033795072
149 77 930643015133248978038941681176556455411377062843497247468651948450384064543906691041692711959394310776784715119591424
77 149 930643015133248978038941681176556455411377062843497247468651948450384064543906691041692711959394310776784715119591424
149 101 472821063861332185868518065100196051104224076407062927553747281295812646296011869326770193499460359897556411997508075520
101 149 472821063861332185868518065100196051104224076407062927553747281295812646296011869326770193499460359897556411997508075520
149 125 18692310225046388575719875003229682209530139368213985395942348490934190940219462353772014357834123428618295867507851919360
125 149 18692310225046388575719875003229682209530139368213985395942348490934190940219462353772014357834123428618295867507851919360
149 149 -38674320106549398495269405329980671954007070292973142362990278848000192190030943053902441891891107123915958924885184479232
148 4 92685930210835655140066847863126492139583554639901441844461778478563328
4 148 92685930210835655140066847863126492139583554639901441844461778478563328
148 28 -209434115165567415147710324849344013459416521330752486819277326169987086329772590294855468388454498304
28 148 -209434115165567415147710324849344013459416521330752486819277326169987086329772590294855468388454498304
148 52 -29904145382767943581914278230389689402384903296159402512015783328772090896406929812947769762997520608381632512
52 148 -29904145382767943581914278230389689402384903296159402512015783328772090896406929812947769762997520608381632512
148 76 -775847840187822702677910464823805239825522777827012041577006449025245281971743426467282195832318945647870665627271168
76 148 -775847840187822702677910464823805239825522777827012041577006449025245281971743426467282195832318945647870665627271168
148 100 -468333377362743638321485287576860337877402551962169682469438727732292068240600789227752931455257704050048446678616244224
100 148 -468333377362743638321485287576860337877402551962169682469438727732292068240600789227752931455257704050048446678616244224
148 124 -20329451090031939165909024819480607170836333622669574104347701977550585935236382610881710840676630007931072758190494973952
124 148 -20329451090031939165909024819480607170836333622669574104347701977550585935236382610881710840676630007931072758190494973952
148 148 47366759621180611728617344000841099215749792084282224033460551116624504259687698379416251838746805939823326869235326517248
147 3 -189081131318208505960597058703651722840091539741144735200776462270464
3 147 -189081131318208505960597058703651722840091539741144735200776462270464
147 27 58504297119471056711428098479033391148303481798388856185462069453782556728130747917950839076878811136
27 147 58504297119471056711428098479033391148303481798388856185462069453782556728130747917950839076878811136
147 51 -132960155183919652269254592976303313317403235634914185184820868025495584700236231415894173007753418846154784768
51 147 -132960155183919652269254592976303313317403235634914185184820868025495584700236231415894173007753418846154784768
147 75 636876430839087557170071595136838378941684976109824885495210298424708102380037449822157892378123152810003435700092928
75 147 636876430839087557170071595136838378941684976109824885495210298424708102380037449822157892378123152810003435700092928
147 99 458567660468776693218477573319616426956057970342408883641909171123800140861122211714751262016649650203829250243076030464
99 147 458567660468776693218477573319616426956057970342408883641909171123800140861122211714751262016649650203829250243076030464
147 123 21950395796436719135455142532082727639836966584081976709791979779297772843332419389032791149294029265662999914560675119104
123 147 21950395796436719135455142532082727639836966584081976709791979779297772843332419389032791149294029265662999914560675119104
147 147 -57734095453061999870516025510366845453941103467959024574808841361750589541085210585005961799404577559005650624181065220096
146 2 4655148075379085183198679732992662086982602210315066792738816
2 146 4655148075379085183198679732992662086982602210315066792738816
146 26 -13724669534925261711685451606716332722993292905692142983410692109056944322758760480893447440751919104
26 146 -13724669534925261711685451606716332722993292905692142983410692109056944322758760480893447440751919104
146 50 173601066327005643648423990210604010051026845891431533280959241327987292956623923640012492442631616064481394688
50 146 173601066327005643648423990210604010051026845891431533280959241327987292956623923640012492442631616064481394688
146 74 -514474412426625068242571016143055134554796718800292961695871032249720439227655308965980718919852514550937455318532096
74 146 -514474412426625068242571016143055134554796718800292961695871032249720439227655308965980718919852514550937455318532096
146 98 -443825183704368996195860470819447312814441418688394347054394654290005121481386244580997427295671058759463144616586379264
98 146 -443825183704368996195860470819447312814441418688394347054394654290005121481386244580997427295671058759463144616586379264
146 122 -23527213305064536538488676804190875322997354428065462671466869877432172167757509543615963879798610310095601035682120728576
122 146 -23527213305064536538488676804190875322997354428065462671466869877432172167757509543615963879798610310095601035682120728576
146 146 70026621899488433256781170657442735512470599288602171503528131264548644140569732947645938622718209808485138058728351727616
145 1 -293996963471395008880077502702266458746711441408
1 145 -293996963471395008880077502702266458746711441408
145 25 2612568706489134472409083284235420041629182313814519724341007911874685148151035189738397437484072960
25 145 2612568706489134472409083284235420041629182313814519724341007911874685148151035189738397437484072960
145 49 -158054447155614996325370718920085086692469753650064444143707613146582580063775726172775837453608257881857064960
49 145 -158054447155614996325370718920085086692469753650064444143707613146582580063775726172775837453608257881857064960
145 73 408615386864386925131112321325227999228369735777137973843567297487800845075853833868145325005590537337855741970612224
73 145 408615386864386925131112321325227999228369735777137973843567297487800845075853833868145325005590537337855741970612224
145 97 424542411603858290446718604395305106229054819438671965301779069878991803154274723828041473394229015842207449854139957248
97 145 424542411603858290446718604395305106229054819438671965301779069878991803154274723828041473394229015842207449854139957248
145 121 25030137775874541392688100948896650932629321700783387772268218336389959265536649191713680385401985318519390739335437352960
121 145 25030137775874541392688100948896650932629321700783387772268218336389959265536649191713680385401985318519390739335437352960
145 145 -84514855009359776313959772568508462361304912273985594795326598306060183251358578026210484252162908989806038652167590510592
144 24 -366397014347574586756951656291723485357265929005550206116878215363552334091575728003536055286366208
24 144 -366397014347574586756951656291723485357265929005550206116878215363552334091575728003536055286366208
144 48 122604210631621216040254479177754862911450093318758689703551591243221581941585524462788520870040583548249833472
48 144 122604210631621216040254479177754862911450093318758689703551591243221581941585524462788520870040583548249833472
144 72 -318677137337528103292955817814803877044345361724382305372231275802518958986683737826275713370683372602248131954868224
72 144 -318677137337528103292955817814803877044345361724382305372231275802518958986683737826275713370683372602248131954868224
144 96 -401271475213879614389530088231056020202549917010587772720338943039493669175457514657998693403315369095239943868806856704
96 144 -401271475213879614389530088231056020202549917010587772720338943039493669175457514657998693403315369095239943868806856704
144 120 -26428293774590033964356462408892738865101760540973681151565677428608882758615441255667547673574337604038522942824910946304
120 144 -26428293774590033964356462408892738865101760540973681151565677428608882758615441255667547673574337604038522942824910946304
144 144 101487224048781380163172562043159131469905453687397729720203598109985341248763169253178036638817981741982861149947855634432
143 23 24347910286851179625185841343060511039554089122140942443404183593341557953922655558020776387936256
23 143 24347910286851179625185841343060511039554089122140942443404183593341557953922655558020776387936256
143 47 -85616403319492521399488975077561666976091039473841934160975933725979250705072535763632160137933404659202916352
47 143 -85616403319492521399488975077561666976091039473841934160975933725979250705072535763632160137933404659202916352
143 71 243624302847033041069492606610689426728535195264982958574617020343497581415717793891869361289199464983867612068839424
71 143 243624302847033041069492606610689426728535195264982958574617020343497581415717793891869361289199464983867612068839424
143 95 374657574546525667473508783436900298809705705123887211045218684629029402579833991278244859396093427196140180527290253312
95 143 374657574546525667473508783436900298809705705123887211045218684629029402579833991278244859396093427196140180527290253312
143 119 27690531687517072032051779826810587114962407244494445295202443209543516695465404147784917957421164051642851825343220678656
119 143 27690531687517072032051779826810587114962407244494445295202443209543516695465404147784917957421164051642851825343220678656
143 143 -121246668490804512581161900949364152933376047537995201953762414816391362720762188548909505672533316792676241569153397293056
142 22 4525975071740945740332812754448016717305785199269783764972221422296188246689662303721016994562048
22 142 4525975071740945740332812754448016717305785199269783764972221422296188246689662303721016994562048
142 46 54972663642769308647035999113551886884771614451485261154964176790855361235098427482207734114802579838601265152
46 142 54972663642769308647035999113551886884771614451485261154964176790855361235098427482207734114802579838601265152
142 70 -182164936485681967363079005739049184586105922178766523503437516841309578628445005284920445622491669244995410472206336
70 142 -182164936485681967363079005739049184586105922178766523503437516841309578628445005284920445622491669244995410472206336
142 94 -345414456024167009490426263967985981391412574477294908299334607122318524548825207641832487684475809327767482082663596032
94 142 -345414456024167009490426263967985981391412574477294908299334607122318524548825207641832487684475809327767482082663596032
142 118 -28786344708836720774916207054436039888192585594575842578696591908106262344453714251804611894931770651086030806740254064640
118 142 -28786344708836720774916207054436039888192585594575842578696591908106262344453714251804611894931770651086030806740254064640
142 142 144106016875099374860495492677733464496486736611388048850808893094321844589716939086939510967940548734160130232336825450496
141 21 -1891115832322625879654599018400692790582354965209358631534156087345073550386153901362637164249088
21 141 -1891115832322625879654599018400692790582354965209358631534156087345073550386153901362637164249088
141 45 -32748617079414570705308665468924254307375861825585092424451367870270130872832114063934890971418520739372859392
45 141 -32748617079414570705308665468924254307375861825585092424451367870270130872832114063934890971418520739372859392
141 69 132864677800894296935866422725674701459736408425221374186329755284570740354954891503309484196947849363419448821678080
69 141 132864677800894296935866422725674701459736408425221374186329755284570740354954891503309484196947849363419448821678080
141 93 314298349573054121033468294594930130049241207102644641133223545682029968176053074103789315197550183547139302393802391552
93 141 314298349573054121033468294594930130049241207102644641133223545682029968176053074103789315197550183547139302393802391552
141 117 29686838762331677992545180046621697608430076503175152117554995812601249252916800755338287683665872903922945740052036059136
117 141 29686838762331677992545180046621697608430076503175152117554995812601249252916800755338287683665872903922945740052036059136
141 141 -170382056869249039021561086066791447924422651397303228393997922567238630986701896191358779754544459277265934228859465498624
140 20 338991512825127964931706163539071410916760629043711349794828049519420663429582460097310886985728
20 140 338991512825127964931706163539071410916760629043711349794828049519420663429582460097310886985728
140 44 18165570898931021237262116968858781323852833451567652874246055856061714611802049424764772229716801527096541184
44 140 18165570898931021237262116968858781323852833451567652874246055856061714611802049424764772229716801527096541184
140 68 -94220761596191162060716285077156600977632052418078050714720498483475571793848403729930921941608427346299060299497472
68 140 -94220761596191162060716285077156600977632052418078050714720498483475571793848403729930921941608427346299060299497472
140 92 -282080407620694234962448369733510700514846684403184063745919085076945268007210556940009971270654751278857964897815232512
92 140 -282080407620694234962448369733510700514846684403184063745919085076945268007210556940009971270654751278857964897815232512
140 116 -30365727603079778220368951910111187827241967843596564491088642370523854141395228256987077747287672565952966597077494661120
116 140 -30365727603079778220368951910111187827241967843596564491088642370523854141395228256987077747287672565952966597077494661120
140 140 200388255798439035209766056580483253763805923016961433358055075583713033073306143285952598764980896695983851016133957124096
139 19 -30373387022486658093543568842786555815810632407337135881496951569679307463348522064721548935168
19 139 -30373387022486658093543568842786555815810632407337135881496951569679307463348522064721548935168
139 43 -9388415373932842782989113584702486534636999100804596749009993289009626016439345117998557362142201359179448320
43 139 -9388415373932842782989113584702486534636999100804596749009993289009626016439345117998557362142201359179448320
139 67 64710338364114789389811841511043931032258557088571389101149371578239790617367602586813645595147745357994234535215104
67 139 64710338364114789389811841511043931032258557088571389101149371578239790617367602586813645595147745357994234535215104
139 91 249518059434814386424343616673869595852310991357601156678565023914111053729251787068491392493382470295674813383211745280
91 139 249518059434814386424343616673869595852310991357601156678565023914111053729251787068491392493382470295674813383211745280
139 115 30800322542100517219005467744215707229610902592041930191556599068165903000724252164521730459794802090123846153017147523072
115 139 30800322542100517219005467744215707229610902592041930191556599068165903000724252164521730459794802090123846153017147523072
139 139 -234426151571672734600214737521867335182574338919747308845612033272352528407163627254424695534620176307867290590057196421120
138 18 -999829991706644937390234586255963435605217044277330457815157147058593293455411615262192959488
18 138 -999829991706644937390234586255963435605217044277330457815157147058593293455411615262192959488
138 42 4514988203458656416536148155092920500555575028484274635126790883888789590652689994215152024029424369312727040
42 138 4514988203458656416536148155092920500555575028484274635126790883888789590652689994215152024029424369312727040
138 66 -42829897034916549989270959197131062701331435223023666158311578155591235543833714130540382478841852277369566681628672
66 138 -42829897034916549989270959197131062701331435223023666158311578155591235543833714130540382478841852277369566681628672
138 90 -217326616004320538635951949503957339141052404048134718444877779005444493327047976074881794546195885284789752997477351424
90 138 -217326616004320538635951949503957339141052404048134718444877779005444493327047976074881794546195885284789752997477351424
138 114 -30972477747138766466879156908189695921521438079262307127761821550265641095701372811830680300535774859216946421436103262208
114 138 -30972477747138766466879156908189695921521438079262307127761821550265641095701372811830680300535774859216946421436103262208
138 138 272775495841596493791844373925529684316929280654804469740107905221575195100984209907930371956670087390241416344785370742784
137 17 737166807172718416727105527273580089847211255252550608677476775624454412956879073530133610496
17 137 737166807172718416727105527273580089847211255252550608677476775624454412956879073530133610496
137 41 -2014563213196518106374907443094631236791190038511409247218090955794781566181788109578702882283846612633518080
41 137 -2014563213196518106374907443094631236791190038511409247218090955794781566181788109578702882283846612633518080
137 65 27136625519365499798323252994010507565830560697932965547144240102988753802934632429627669442989274060721469249290240
65 137 27136625519365499798323252994010507565830560697932965547144240102988753802934632429627669442989274060721469249290240
137 89 186153383230692182855309410403766649387550779428591277056526235890674129019208243563413433043983062567249526965151989760
89 137 186153383230692182855309410403766649387550779428591277056526235890674129019208243563413433043983062567249526965151989760
137 113 30869440688250737306908512777608172940577612008579311030570870886398529507649213491732902042916906879464615368228761239552
113 137 30869440688250737306908512777608172940577612008579311030570870886398529507649213491732902042916906879464615368228761239552
137 137 -315683287781278440262397474559588933491250403850560291744547464000420123282063534329786008191566032247209888103406344601600
136 16 -104979091629564090781537440954258839986559595031646638198593777310583630436973031112449196032
16 136 -104979091629564090781537440954258839986559595031646638198593777310583630436973031112449196032
136 40 830264520553164781024528907947180876552312696393162352475638713059752842364856034313527715233623300932370432
40 136 830264520553164781024528907947180876552312696393162352475638713059752842364856034313527715233623300932370432
136 64 -16293285814173153699174105056338123940156790330592690525122495795901639799322036315817947756304571189747254304964608
64 136 -16293285814173153699174105056338123940156790330592690525122495795901639799322036315817947756304571189747254304964608
136 88 -156556844103066298490130132929047623916572494420426048971928364012035649598980505261729772655153322836050701648815718400
88 136 -156556844103066298490130132929047623916572494420426048971928364012035649598980505261729772655153322836050701648815718400
136 112 -30484549765054159389506092222108287965265638789030257716117000825747149998087530692463258382458594094548934075671434493952
112 136 -30484549765054159389506092222108287965265638789030257716117000825747149998087530692463258382458594094548934075671434493952
136 136 363351889830073991422584927283290027273631029163360864860247921269619246049704350564782121714520446896111855206642330107904
135 15 6248891033927741404087584403827923792481170817136388835260646201729458877558296356946182144
15 135 6248891033927741404087584403827923792481170817136388835260646201729458877558296356946182144
135 39 -314107377765268353733525910047738038258203604193437825585254332315572327501429682529534538647421965024886784
39 135 -314107377765268353733525910047738038258203604193437825585254332315572327501429682529534538647421965024886784
135 63 9110764828354629535241753068670757481113917399369137792410221554538000402892847394830804674011115434876714002415616
63 135 9110764828354629535241753068670757481113917399369137792410221554538000402892847394830804674011115434876714002415616
135 87 128992836892684937715030245226178385045416861646311300388738367446057749550045607443732641500090819035454683890619252736
87 135 128992836892684937715030245226178385045416861646311300388738367446057749550045607443732641500090819035454683890619252736
135 111 29817724304746575360066817064480903727326217665706474211124978365813162199074795735798696782406356177247986985061912150016
111 135 29817724304746575360066817064480903727326217665706474211124978365813162199074795735798696782406356177247986985061912150016
135 135 -415926476485227832944486847250499001884802203322920547560976504706318558187975859106781828412958710381964789901117584572416
134 14 66354500361329094481524415303847855298233254706090198323061946773313408230293089770536960
14 134 66354500361329094481524415303847855298233254706090198323061946773313408230293089770536960
134 38 108237789705988641922556389774200525310717227743123252993103920962160457662434857798191145920201553816322048
38 134 108237789705988641922556389774200525310717227743123252993103920962160457662434857798191145920201553816322048
134 62 -4579815719025503464278783930087870780463077086226190519123208099574255308339088669270104334656563258308148989001728
62 134 -4579815719025503464278783930087870780463077086226190519123208099574255308339088669270104334656563258308148989001728
134 86 -103808277697219111284130447583846210302285110924045636455745261538663795895075150997107889988978416097832604686700511232
86 134 -103808277697219111284130447583846210302285110924045636455745261538663795895075150997107889988978416097832604686700511232
134 110 -28875708189587045712735027165635479840608579685930334262752686293768869412438625695771854407510339815547463681334015164416
110 134 -28875708189587045712735027165635479840608579685930334262752686293768869412438625695771854407510339815547463681334015164416
134 134 473482145322914996284911405823291785272597145276259811040971101722227473623038798350329885837811572538685783358635373494272
133 13 -13600314042181821184535908104161115207924194101387151452225320468099731471339148609060864
13 133 -13600314042181821184535908104161115207924194101387151452225320468099731471339148609060864
133 37 -33698654911102729687395835651407789554688920424019134350476555864225014065899397527180910680023853372014592
37 133 -33698654911102729687395835651407789554688920424019134350476555864225014065899397527180910680023853372014592
133 61 1885617262965531307175421914542446961828690402712135052599953812583205662025522106024668033416954266620777830809600
61 133 1885617262965531307175421914542446961828690402712135052599953812583205662025522106024668033416954266620777830809600
133 85 81241459242427610554117028078382567120886542095812243763865791011615292429621612272368497448258132465588518467764486144
85 133 81241459242427610554117028078382567120886542095812243763865791011615292429621612272368497448258132465588518467764486144
133 109 27672052669231015099461720593395245113974750219353506719215004079958478727561208343115420310349810844540918956458611048448
109 133 27672052669231015099461720593395245113974750219353506719215004079958478727561208343115420310349810844540918956458611048448
133 133 -536011117521841539010196510019176466909290250841192117844671970587684542396905839375441620370648527577312637054696518844416
132 12 -3453179114810916511601583590004245296038255740143986296721291355411923576352342305406976
12 132 -3453179114810916511601583590004245296038255740143986296721291355411923576352342305406976
132 36 9462086824022065143009077711900349813814765089042006523999488692963730715214683952103441266756754650169344
36 132 9462086824022065143009077711900349813814765089042006523999488692963730715214683952103441266756754650169344
132 60 -403546388903961092010926878194636231962712887775410341085721615606957903750849675113144147922651978513634453094400
60 132 -403546388903961092010926878194636231962712887775410341085721615606957903750849675113144147922651978513634453094400
132 84 -61426989663354104265221925858606018614564542765807172845055709128762453307622661694985668210396698678489100762377879552
84 132 -61426989663354104265221925858606018614564542765807172845055709128762453307622661694985668210396698678489100762377879552
132 108 -26226846843111713604448376380015364919167434741850515048886186966258192588421686894224464379454871669864283452058862878720
108 132 -26226846843111713604448376380015364919167434741850515048886186966258192588421686894224464379454871669864283452058862878720
132 132 603410557216160992681784287938048945764263259430604443731637269688761942082932583344427583816253981581582973134388152238080
131 11 534563716380642918496311392430762703842190680354528514112491998675515485678585369329664
11 131 534563716380642918496311392430762703842190680354528514112491998675515485678585369329664
131 35 -2466792465713251274002027437967666011477122316753337031799755183127729668265379445980636377243896860639232
35 131 -2466792465713251274002027437967666011477122316753337031799755183127729668265379445980636377243896860639232
131 59 -320667305416336772692158277158459557399853101074997752528186531945466257721424824486743709456828982598015091998720
59 131 -320667305416336772692158277158459557399853101074997752528186531945466257721424824486743709456828982598015091998720
131 83 44403397819156234992077787364667656752053739852683050128209050904919596363618765025020865616240884320246730935716806656
83 131 44403397819156234992077787364667656752053739852683050128209050904919596363618765025020865616240884320246730935716806656
131 107 24566216951409652735171965007581327584051937301848414756964455624183949220535612996180313569668406674869904589414826246144
107 131 24566216951409652735171965007581327584051937301848414756964455624183949220535612996180313569668406674869904589414826246144
131 131 -675471614900975183179563673777988050793647308716140174198882184043403021740028045117522300935869560584255794018579470352384
130 10 -30345426923190160474500073556612765953820956407426106919450553167310322677863814266880
10 130 -30345426923190160474500073556612765953820956407426106919450553167310322677863814266880
130 34 675119335812032270425224717314862407981976400393095386601303601138934665146806917587778595240862619271168
34 130 675119335812032270425224717314862407981976400393095386601303601138934665146806917587778595240862619271168
130 58 600332245579073990311421182402421173744553497015799672286677480456011615580775465558272816568864204152147560890368
58 130 600332245579073990311421182402421173744553497015799672286677480456011615580775465558272816568864204152147560890368
130 82 -30122203245306682662754042717241696423732910190141109439787959167378753865533902987621840810904466428989652868226088960
82 130 -30122203245306682662754042717241696423732910190141109439787959167378753865533902987621840810904466428989652868226088960
130 106 -22721615548551390082910785078866197575645201644556907944895383210802538513308463419896628856112768788728840384449163034624
106 130 -22721615548551390082910785078866197575645201644556907944895383210802538513308463419896628856112768788728840384449163034624
130 130 751870321113981754070040250886035441014234015962985792180248239947118448723317001757825468944577836785578080568036227547136
129 9 360564297682738306903022616595328322777377214297193676289784156036438520416503332864
9 129 360564297682738306903022616595328322777377214297193676289784156036438520416503332864
129 33 -240847389112341415761330013504528852647993391561527905177850439261152122176412951321079343468589329940480
33 129 -240847389112341415761330013504528852647993391561527905177850439261152122176412951321079343468589329940480
129 57 -640176506039924390682078809789194627957202348100231095431127452915340193900335554193088828308794366297936169533440
57 129 -640176506039924390682078809789194627957202348100231095431127452915340193900335554193088828308794366297936169533440
129 81 18458292050926269640765075532399353775684994915298644958411263032703812802726481819353389740555215573167155507684704256
81 129 18458292050926269640765075532399353775684994915298644958411263032703812802726481819353389740555215573167155507684704256
129 105 20728914922197822312304439523386303834918774412971026311695197049220640408618288120410087260139388690994998783121396072448
105 129 20728914922197822312304439523386303834918774412971026311695197049220640408618288120410087260139388690994998783121396072448
129 129 -832160914469964501291567538576306068414145764083972786015077854353694758472958171579451527609117405708592944011010639921152
128 8 94334906633745229498209663010306321069665251206043090476140338418834462035482247168
8 128 94334906633745229498209663010306321069665251206043090476140338418834462035482247168
128 32 113755032420935716884140404637769809834083411887182183315863105413112903335934367663359313732915712491520
32 128 113755032420935716884140404637769809834083411887182183315863105413112903335934367663359313732915712491520
128 56 566550124203773649467912932563894182586310805361765204950411389554381040178107363010615001442278341128990278811648
56 128 566550124203773649467912932563894182586310805361765204950411389554381040178107363010615001442278341128990278811648
128 80 -9222122170050549334763779367742720044615451304519357683887113299110328938415011627904778069073598005274953995515854848
80 128 -9222122170050549334763779367742720044615451304519357683887113299110328938415011627904778069073598005274953995515854848
128 104 -18627316836884067790603611386567402141893722506404362153929436596422059621620335365932681446365153696139454326095940157440
104 128 -18627316836884067790603611386567402141893722506404362153929436596422059621620335365932681446365153696139454326095940157440
128 128 915772104136256306628299321329761224460719104818276469308808306367573808118354196337458718168264761738857697290551845453824
127 7 1482601817392542895912072382444514472377619092307891286379210662519891674582220800
7 127 1482601817392542895912072382444514472377619092307891286379210662519891674582220800
127 31 -57220291861074865201275028510054942593576138346376840400768351673765767192987469052669448915418840301568
31 127 -57220291861074865201275028510054942593576138346376840400768351673765767192987469052669448915418840301568
127 55 -452475215129161565258507384802100388995357101601013986716040522142384310252784776431024577416644943845545048276992
55 127 -452475215129161565258507384802100388995357101601013986716040522142384310252784776431024577416644943845545048276992
127 79 2174227857519099360912662717605095246660782426539334912315894181917153534027276682309607057145182752884769655690887168
79 127 2174227857519099360912662717605095246660782426539334912315894181917153534027276682309607057145182752884769655690887168
127 103 16458101630925505166283946716787436861596954570098087627284684659400949317862295992252553970498548327337810085708067504128
103 127 16458101630925505166283946716787436861596954570098087627284684659400949317862295992252553970498548327337810085708067504128
127 127 -1002006681225876509843989568361987210321568833173683086144628508030532601734597738579590722340721239985892844682883501129728
126 6 3772321690661015798694228196597834778466024054016437151779687685824103084720128
6 126 3772321690661015798694228196597834778466024054016437151779687685824103084720128
126 30 26609076526235438043446807203224711389880181969751046912262234319105601192428434751654546149044052295680
30 126 26609076526235438043446807203224711389880181969751046912262234319105601192428434751654546149044052295680
126 54 336630572539572475496021390334188619710315734804773486491349455757979393320058272001864402224072251145455497379840
54 126 336630572539572475496021390334188619710315734804773486491349455757979393320058272001864402224072251145455497379840
126 78 2958226026446619529266651487401445832513141555818984656527397581452621538681195733624393762731254806778628962697347072
78 126 2958226026446619529266651487401445832513141555818984656527397581452621538681195733624393762731254806778628962697347072
126 102 -14263263939046712675014821551161874731882917533445676390312263736767419973632991972043333226210665746865511029505211236352
102 126 -14263263939046712675014821551161874731882917533445676390312263736767419973632991972043333226210665746865511029505211236352
126 126 1090044838169122587963089352720446884769929156581051517309901109399030670722526864478234988394527413688667979445678427340800
125 5 18204544767000296165281539371018704657177842972072077045933640889922343665664
5 125 18204544767000296165281539371018704657177842972072077045933640889922343665664
125 29 -10986218501441186095850819581503449641759048486345998141223032005273206810847256352609821622835328581632
29 125 -10986218501441186095850819581503449641759048486345998141223032005273206810847256352609821622835328581632
125 53 -236752177311609191148503816241860315419033807260472415007882892538056953741221959568505920687749307459436795658240
53 125 -236752177311609191148503816241860315419033807260472415007882892538056953741221959568505920687749307459436795658240
125 77 -6464034462951470496972378678727418487239736343447275857499372980797245638861753563867379877534366244928660924572631040
77 125 -6464034462951470496972378678727418487239736343447275857499372980797245638861753563867379877534366244928660924572631040
125 101 12084109931767068097762903207642145482890370740861778793474072973285221251904434252238385650256362569168120834885500796928
101 125 12084109931767068097762903207642145482890370740861778793474072973285221251904434252238385650256362569168120834885500796928
125 125 -1178951526123007572106602908638418027721035560815844770616458194433133576894703457540298049715445233265804155927246950891520
124 4 -12968888742833212119212877889120486620885204163583704690427021403539636224
4 124 -12968888742833212119212877889120486620885204163583704690427021403539636224
124 28 4006269627207842952439173867425176196021376700755067949655303352409520979457544119492629556567291723776
28 124 4006269627207842952439173867425176196021376700755067949655303352409520979457544119492629556567291723776
124 52 158576798437007531102661037476360447650471155708164925148213858945602885175043219904065871555451044270327201792000
52 124 158576798437007531102661037476360447650471155708164925148213858945602885175043219904065871555451044270327201792000
124 76 8631512890003717687131608889513736989132579647811177785413125547943909992764867461439511193587602788124289741057163264
76 124 8631512890003717687131608889513736989132579647811177785413125547943909992764867461439511193587602788124289741057163264
124 100 -9959907367161245109493746655867955838436342217334736802432313391312120202825902470572541121301083594692948761981092888576
100 124 -9959907367161245109493746655867955838436342217334736802432313391312120202825902470572541121301083594692948761981092888576
124 124 1267688132434873467293433929915052375573577225408952623689551881824801256416186078102633932477258915050548411525893596381184
123 3 6376975542706800468020129561092112177086038573919796205353081019301888
3 123 6376975542706800468020129561092112177086038573919796205353081019301888
123 27 -1292769940479640603784507883977599947157579710507961139920339297907415070997739324667392539800096473088
27 123 -1292769940479640603784507883977599947157579710507961139920339297907415070997739324667392539800096473088
123 51 -101545365227602565426438795753072961540774897748719590927353175572739288596231473326071673817584055411943862697984
51 123 -101545365227602565426438795753072961540774897748719590927353175572739288596231473326071673817584055411943862697984
123 75 -9734829061209425229400924096864616272631705102157520797317910030227136659776737936772877062416077191063098666294181888
75 123 -9734829061209425229400924096864616272631705102157520797317910030227136659776737936772877062416077191063098666294181888
123 99 7926674563285978735826697880490059345727131733505587804049008409089745439068829372053586576088516901681118244241743544320
99 123 7926674563285978735826697880490059345727131733505587804049008409089745439068829372053586576088516901681118244241743544320
123 123 -1355128630996502032500509446148826209777855882631731871809753195395230621843478551482995644272512191774147186601694628675584
122 2 322571289802523249098783027666965686653340645798712729770393600
2 122 322571289802523249098783027666965686653340645798712729770393600
122 26 369579022501792812532237942888089130298491366677392203747030685078191413024475319223286201304945262592
26 122 369579022501792812532237942888089130298491366677392203747030685078191413024475319223286201304945262592
122 50 62285896525328282752044905678090547214840993636206215048143481137486057727018603680193744168648562808629164507136
50 122 62285896525328282752044905678090547214840993636206215048143481137486057727018603680193744168648562808629164507136
122 74 10024244941774690777564045718581854863949938715468567196823532854976298667899125947851758983427960718912099165549887488
74 122 10024244941774690777564045718581854863949938715468567196823532854976298667899125947851758983427960718912099165549887488
122 98 -6016168326506232676722809203389277375915799737215669283555388012104050246332781091494915197305506300149811757257704079360
98 122 -6016168326506232676722809203389277375915799737215669283555388012104050246332781091494915197305506300149811757257704079360
122 122 1440080114010291105867734047724451991173558496724387288992768954328385988277501979514179419264123213212222540217817036226560
121 1 43206953283332635378236218911193526247130411302912
1 121 43206953283332635378236218911193526247130411302912
121 25 -93477360623769558676567731989512686120216936315412653221038176348662739371974312512189263714086551552
25 121 -93477360623769558676567731989512686120216936315412653221038176348662739371974312512189263714086551552
121 49 -36625479963007698361230716407425390445888170715489196076539994288019135505835268130692505845577774630619182006272
49 121 -36625479963007698361230716407425390445888170715489196076539994288019135505835268130692505845577774630619182006272
121 73 -9720434106440447640710424420720828887140775501452039002171561324012424401367871658938489891152822470740824574578917376
73 121 -9720434106440447640710424420720828887140775501452039002171561324012424401367871658938489891152822470740824574578917376
121 97 4255095959922843782707599664631135437989384754403230640871598480227655268893855642286937246785293975491163508936317861888
97 121 4255095959922843782707599664631135437989384754403230640871598480227655268893855642286937246785293975491163508936317861888
121 121 -1521307283708791445310520039344752246044753717998581715292052148874514920485634025999833660126131909806194270132746904928256
120 24 20827095213330695596306934832160857465712620575272037644084915140558483652891778828476911412096008192
24 120 20827095213330695596306934832160857465712620575272037644084915140558483652891778828476911412096008192
120 48 20648954689475801109092591858632379978793287062673452637026908694974148071986016015229008493578913922792483192832
48 120 20648954689475801109092591858632379978793287062673452637026908694974148071986016015229008493578913922792483192832
120 72 9012188323501536608910391001486376422190632341991875116811063402400706841533742736862751433982240541809002431326978048
72 120 9012188323501536608910391001486376422190632341991875116811063402400706841533742736862751433982240541809002431326978048
120 96 -2664549236296137645460576384993371236737860192500328860382108751463395400003863587241749525398907050423733498155123081216
96 120 -2664549236296137645460576384993371236737860192500328860382108751463395400003863587241749525398907050423733498155123081216
120 120 1597560157315878182412918068811788131071223668965561933668306068945589056346810943853824458681716854955427701332399930474496
119 23 -4056891026892325853454868226272956850942934885507005984338841725413695111019478419696438971727872000
23 119 -4056891026892325853454868226272956850942934885507005984338841725413695111019478419696438971727872000
119 47 -11157893013466877013082579616650532086413040752203758751177462784467448511399313293991522043448736265185498497024
47 119 -11157893013466877013082579616650532086413040752203758751177462784467448511399313293991522043448736265185498497024
119 71 -8056407306177276300326176475047201491961427165561863222631797864285702920314227047930734052617686257040401463408328704
71 119 -8056407306177276300326176475047201491961427165561863222631797864285702920314227047930734052617686257040401463408328704
119 95 1259649714644991490493555347917496919927819665926020311674367721201077391856362514825310660503303058703058853887416991744
95 119 1259649714644991490493555347917496919927819665926020311674367721201077391856362514825310660503303058703058853887416991744
119 119 -1667604022561775526454850893011729922673680854507698409854581470224478200164260188671057647705966400613355926356694973546496
118 22 683362985551852366006407408818462872586758516347621061029624249498279554320016641922983545123373056
22 118 683362985551852366006407408818462872586758516347621061029624249498279554320016641922983545123373056
118 46 5774434671619877150927062816786741429780185327390971152594082203464587728532231092741261546371597430199643275264
46 118 5774434671619877150927062816786741429780185327390971152594082203464587728532231092741261546371597430199643275264
118 70 6979337965005957124496092082482980611362416669745247046893334000286746691398884513846245048660479489863328008387952640
70 118 6979337965005957124496092082482980611362416669745247046893334000286746691398884513846245048660479489863328008387952640
118 94 -49403918525889976927968589279766237103104591880235337160599746403841012650954217833970838851215387258335298848968146944
94 118 -49403918525889976927968589279766237103104591880235337160599746403841012650954217833970838851215387258335298848968146944
118 118 1730250627316647385413297334885043779358254371612518084139891746317886486193167572992788965372646477620681555682263677534208
117 21 -98168455629570433730906558029609845883790200652293159131645646101089550366547973577246393006817280
21 117 -98168455629570433730906558029609845883790200652293159131645646101089550366547973577246393006817280
117 45 -2858769177944146526644839681915317134453169950139539638438297222712942593874849800694051782828506932836168630272
45 117 -2858769177944146526644839681915317134453169950139539638438297222712942593874849800694051782828506932836168630272
117 69 -5878423402023878591756508295661324457940631592063480826569794855676483781459067359781255046945173209083470198924640256
69 117 -5878423402023878591756508295661324457940631592063480826569794855676483781459067359781255046945173209083470198924640256
117 93 -963218739369408462982125499238326450840382876497637821859991291719145439917827104399462532446036689252876171452438544384
93 117 -963218739369408462982125499238326450840382876497637821859991291719145439917827104399462532446036689252876171452438544384
117 117 -1784389656091006702410703622222587251470303257415227753604156028500815939817622829842533871605025839521002133141211871969280
116 20 11872579632819651070285593597171299367468802117618395674117102111000798906865578327860889184632832
20 116 11872579632819651070285593597171299367468802117618395674117102111000798906865578327860889184632832
116 44 1351730136951223710712577936124854422046163445797974245864977157058892037066657237405875972740147400182142599168
44 116 1351730136951223710712577936124854422046163445797974245864977157058892037066657237405875972740147400182142599168
116 68 4824566359684455627321490101690335573391698564369966833337659225740244622037444731738511884525098016628167795992952832
68 116 4824566359684455627321490101690335573391698564369966833337659225740244622037444731738511884525098016628167795992952832
116 92 1780968600912874754759706178840704863170355415467708284302561408691200123552550579140069740053702976512269330879103369216
92 116 1780968600912874754759706178840704863170355415467708284302561408691200123552550579140069740053702976512269330879103369216
116 116 1829019624881701041622962062334078553642110839112164797232545526914736267596295095155303794694559147092884210263553208221696
115 19 -1217909795613698430706382432300683536229283445701448568475862941222613179821101348843460266819584
19 115 -1217909795613698430706382432300683536229283445701448568475862941222613179821101348843460266819584
115 43 -609103523374540346914277199232404693876717910446405381456540732456374121827699345527266325910729298049224409088
43 115 -609103523374540346914277199232404693876717910446405381456540732456374121827699345527266325910729298049224409088
115 67 -3864886520750855527066168223963754078652526193847797279594412885890449554908382792583524079836266895700727290642038784
67 115 -3864886520750855527066168223963754078652526193847797279594412885890449554908382792583524079836266895700727290642038784
115 91 -2411758125439177955880929484674072860716750849795973646178755011458846695395067949820775327849332047725807387310230077440
91 115 -2411758125439177955880929484674072860716750849795973646178755011458846695395067949820775327849332047725807387310230077440
115 115 -1863277300232151296905234624990071841996470142684212571514815253068923473108726723931961033310866612124156169333642429988864
114 18 116755041925333013217143435021959227518569461907691365475511848963489869970057775408073140076544
18 114 116755041925333013217143435021959227518569461907691365475511848963489869970057775408073140076544
114 42 260795499224006310678405277559263417787635322226210501380808499366329960284509135919572964779483395292041052160
42 114 260795499224006310678405277559263417787635322226210501380808499366329960284509135919572964779483395292041052160
114 66 3026077560629344214360042434588910198737832928164616663714304610443236860759466983418130756281184542173236854094036992
66 114 3026077560629344214360042434588910198737832928164616663714304610443236860759466983418130756281184542173236854094036992
114 90 2867895040878997505220644752776829177314516042439726955710512980347358082837544509477481227356679739818340218550416834560
90 114 2867895040878997505220644752776829177314516042439726955710512980347358082837544509477481227356679739818340218550416834560
114 114 1886464588840308906059146227047472078143677636711403761655897407597192893249879052822451138509112069071994403718164801126400
113 17 -13516824363062193766205062453818271623706789831141983302676273871417965000855561599875079471104
17 113 -13516824363062193766205062453818271623706789831141983302676273871417965000855561599875079471104
113 41 -105674381387577756579535667578274321743077762953715020845076718330585503669147711119852726082389303522026848256
41 113 -105674381387577756579535667578274321743077762953715020845076718330585503669147711119852726082389303522026848256
113 65 -2318311644344947677155788734285713350517868266757715188585596383801957556169699943736822526381618789798583519538053120
65 113 -2318311644344947677155788734285713350517868266757715188585596383801957556169699943736822526381618789798583519538053120
113 89 -3165171124131962321122196032597870518362445220170257395776049539384299615004273196401880760692696663322888919988358348800
89 113 -3165171124131962321122196032597870518362445220170257395776049539384299615004273196401880760692696663322888919988358348800
113 113 -1898071642166087370358445845310589315881731545662069136742504479960695226964917392416552236157377702744315831402518976397312
112 16 2060084079373065383983129485059692565798043081151023328793066431586267340215261506243586424832
16 112 2060084079373065383983129485059692565798043081151023328793066431586267340215261506243586424832
112 40 40295233248210188776635509125085181913638573848121514136674160512111307082662584278771044272480720150505455616
40 112 40295233248210188776635509125085181913638573848121514136674160512111307082662584278771044272480720150505455616
112 64 1739432790656368354245067092793275495647379860916682997104941156548866673365441972204652091877934489403704802468167680
64 112 1739432790656368354245067092793275495647379860916682997104941156548866673365441972204652091877934489403704802468167680
112 88 3321890665297711996034182031723500992872279922025485598275159240108949828821191747128129441742557030732958074280041512960
88 112 3321890665297711996034182031723500992872279922025485598275159240108949828821191747128129441742557030732958074280041512960
112 112 1897794844512446612517520832767091667229250697358238832078293057407413800284944055473943314066017012064564505300858434486272
111 15 -309885918778413061836405355353495966281574483333897938984105748773313486229805030696577662976
15 111 -309885918778413061836405355353495966281574483333897938984105748773313486229805030696577662976
111 39 -14340332877252547583338099619908189673914859547241380848272565244252037914046363536262183065572830865344430080
39 111 -14340332877252547583338099619908189673914859547241380848272565244252037914046363536262183065572830865344430080
111 63 -1279050763862532272321113718981883895116500359312076117754948766069327046205847244044980611881969781415458821717884928
63 111 -1279050763862532272321113718981883895116500359312076117754948766069327046205847244044980611881969781415458821717884928
111 87 -3357918390068118561851277625066990299330502498184647406605982648087140551508718828199723720051221159958642120314442481664
87 111 -3357918390068118561851277625066990299330502498184647406605982648087140551508718828199723720051221159958642120314442481664
111 111 -1885548542152165369044826399499180482967976608402346952810743509632497190886078951474682746697942570936870142955464213659648
110 14 36478962467778061768441523842967489179149913578952622162998848600523671528540862468065329152
14 110 36478962467778061768441523842967489179149913578952622162998848600523671528540862468065329152
110 38 4701083495961019050019138285032364941568807780651206691898400037717344440541148075243744465688982741430829056
38 110 4701083495961019050019138285032364941568807780651206691898400037717344440541148075243744465688982741430829056
110 62 922150842618494414577183277415986402328000723632407592998704422513969908444382919844892935840940770053889583636021248
62 110 922150842618494414577183277415986402328000723632407592998704422513969908444382919844892935840940770053889583636021248
110 86 3293802304255605265257687608055411624487498371921158904317416915410641690508931265498608709949236682150050366003999670272
86 110 3293802304255605265257687608055411624487498371921158904317416915410641690508931265498608709949236682150050366003999670272
110 110 1861469834521121738653542209339034382066723056771262938973352621648669339418250646173803210869598256356037558497932191203328
109 13 -2935884262680848020719197280984390718442646900805643358442223261491594912672314866207293440
13 109 -2935884262680848020719197280984390718442646900805643358442223261491594912672314866207293440
109 37 -1386974721528675906610641629412960644349124866893753499498647992470940784285922542852435712720715035646623744
37 109 -1386974721528675906610641629412960644349124866893753499498647992470940784285922542852435712720715035646623744
109 61 -651953836568501538603945628651562079057469508993406713871593019004608175333581529472669233876363679390829315209822208
61 109 -651953836568501538603945628651562079057469508993406713871593019004608175333581529472669233876363679390829315209822208
109 85 -3149995883973766014976207721563953378045826084526700838447429739701195956461788202092323022996750530928138197025941356544
85 109 -3149995883973766014976207721563953378045826084526700838447429739701195956461788202092323022996750530928138197025941356544
109 109 -1825916340527670947681459713300632185395115777115328549911050466260479523489938557573296252868893080090300067633257940779008
108 12 126791648264262325672851641773022450233051879155685859269162418370769077559192651175034880
12 108 126791648264262325672851641773022450233051879155685859269162418370769077559192651175034880
108 36 350478521430538443463888262014164531963118576595260397550154498080430111428083682641513119843858806749528064
36 108 350478521430538443463888262014164531963118576595260397550154498080430111428083682641513119843858806749528064
108 60 451931640784751630719993303859313907333192526935160499697734402079043374266547051238885382273167504489419168819445760
60 108 451931640784751630719993303859313907333192526935160499697734402079043374266547051238885382273167504489419168819445760
108 84 2946181304352314734228348769709052804720266152787460897214568439521608637111171597021662658165845555250411345108738768896
84 108 2946181304352314734228348769709052804720266152787460897214568439521608637111171597021662658165845555250411345108738768896
108 108 1779457349008216230957473394003143622375010829830716899649007808745767399991579507179888516568968244721154588685073612013568
107 11 678370055222439797676042125802829473577044176796777592529772363062901268933306182795264
11 107 678370055222439797676042125802829473577044176796777592529772363062901268933306182795264
107 35 -65459319605304351575508161328777220892399183503984267825600351818358096719783147754550104171228571600158720
35 107 -65459319605304351575508161328777220892399183503984267825600351818358096719783147754550104171228571600158720
107 59 -307038828628836163471409154389546087211611523342855838013078284686972002686660218669747006624572887794985909329330176
59 107 -307038828628836163471409154389546087211611523342855838013078284686972002686660218669747006624572887794985909329330176
107 83 -2700689295237405032680428895100756187677186157809308854792222784795138334729745777526087347477392709200955135847269662720
83 107 -2700689295237405032680428895100756187677186157809308854792222784795138334729745777526087347477392709200955135847269662720
107 107 -1722858994244643377506846584413105208858220618183214765416299757989996752998446467185476246097365311915703137871375066202112
106 10 -317348686873847199134626270693901400991349324357606308680780047545613102423613242343424
10 106 -317348686873847199134626270693901400991349324357606308680780047545613102423613242343424
106 34 2114182906887796111397991962355864023025974354141588252075144466947037157306149203510936691429116638920704
34 106 2114182906887796111397991962355864023025974354141588252075144466947037157306149203510936691429116638920704
106 58 204318109914288014461231039873473936304265485982198973847987087841464352681974218247214230278605637801124498300207104
58 106 204318109914288014461231039873473936304265485982198973847987087841464352681974218247214230278605637801124498300207104
106 82 2430019484493102637829240645470778696999281391851286907459300001742908897790495929895824957715287878455708852102327435264
82 106 2430019484493102637829240645470778696999281391851286907459300001742908897790495929895824957715287878455708852102327435264
106 106 1657064061745102742510927143195789331334830022769517925977488870724075441567882378119109608663522820483539292550731076206592
105 9 6114374811673718530702903088132878864193955611533909338526209005199424073645776961536
9 105 6114374811673718530702903088132878864193955611533909338526209005199424073645776961536
105 33 5808174789024765110357999784811955628711054684860335379465993024222022483486648210628034707241822798741504
33 105 5808174789024765110357999784811955628711054684860335379465993024222022483486648210628034707241822798741504
105 57 -133068604402611366098533778749253043411761740064017013875894870760380414980599793596609440879611688127954252577374208
57 105 -133068604402611366098533778749253043411761740064017013875894870760380414980599793596609440879611688127954252577374208
105 81 -2148477504951201523426936107071602342773107717944946063650391144098031575443245752029044178842605407336512167146208362496
81 105 -2148477504951201523426936107071602342773107717944946063650391144098031575443245752029044178842605407336512167146208362496
105 105 -1583166892892893567925462684568845468111629479243093967706591217600467441487375328387220084981835292437791921631799768252416
104 8 -22932544154149260541653304479244781785083772041157038654292534589224557441582104576
8 104 -22932544154149260541653304479244781785083772041157038654292534589224557441582104576
104 32 -3782465379994831125281484461339367547588245363831218289029954691467297557200558953083023614429649386340352
32 104 -3782465379994831125281484461339367547588245363831218289029954691467297557200558953083023614429649386340352
104 56 84747394016140310271858949481965862225542527806716344038625853573164808983477399676074499732055825906125982125785088
56 104 84747394016140310271858949481965862225542527806716344038625853573164808983477399676074499732055825906125982125785088
104 80 1867950322589970216223890396779818557430819724597750675414879380033082404657422728732502751308856874664395638456822267904
80 104 1867950322589970216223890396779818557430819724597750675414879380033082404657422728732502751308856874664395638456822267904
104 104 1502383849619017405414077828362186717662328199790553148824680619114607657924472045335463243099812898470853949757977173950464
103 7 634126695294668049389497322486160947456113228417684265963778265611735092619640832
7 103 634126695294668049389497322486160947456113228417684265963778265611735092619640832
103 31 1690201271847615696560437037555662084048718963564894244877384857002199890608693337742001991513799412154368
31 103 1690201271847615696560437037555662084048718963564894244877384857002199890608693337742001991513799412154368
103 55 -52732415582415708246728895366726483688551570657427330650431145758474678768687799147487708620823792258940838661324800
55 103 -52732415582415708246728895366726483688551570657427330650431145758474678768687799147487708620823792258940838661324800
103 79 -1597833343459296678510753807486266098493520288389448244106570979197269176322456396832240923074302465558062213786784235520
79 103 -1597833343459296678510753807486266098493520288389448244106570979197269176322456396832240923074302465558062213786784235520
103 103 -1416020061189540996620048455654527507463602291254995639034338763649266614309470370535266825842962166021019376662621496279040
102 6 57788869966020738010418683956505670904305568379368313352900152649756340232650752
6 102 57788869966020738010418683956505670904305568379368313352900152649756340232650752
102 30 -632143523731548354818332658936857178934926707227998455824832867244142633352365117881408437471035239956480
30 102 -632143523731548354818332658936857178934926707227998455824832867244142633352365117881408437471035239956480
102 54 32030159059676723922819061395820333123040118036988793119753160643801922594675721628710282542513418234133500546514944
54 102 32030159059676723922819061395820333123040118036988793119753160643801922594675721628710282542513418234133500546514944
102 78 1345104269319480352141888723295232415305611683365497677117586221672039133132078278711009573780565263666833099085710360576
78 102 1345104269319480352141888723295232415305611683365497677117586221672039133132078278711009573780565263666833099085710360576
102 102 1325433652216258826803777751704699095748051379546472571541866450409042810472712255510678461263060971233980700880980399882240
101 5 -61720957909147704215646413433561209404302263837620228032097427460447941951488
5 101 -61720957909147704215646413433561209404302263837620228032097427460447941951488
101 29 209705384438176247499514843635570344060072233720824362764105267913433027258535304162845596528622218248192
29 101 209705384438176247499514843635570344060072233720824362764105267913433027258535304162845596528622218248192
101 53 -18976709860393477027489630313776979177342900583659038503797785023773560986693868405055171887339805103834713905168384
53 101 -18976709860393477027489630313776979177342900583659038503797785023773560986693868405055171887339805103834713905168384
101 77 -1114517772994539376844559776118402484429579213568547134354075228649935677700817277051599725173089457014364416290269954048
77 101 -1114517772994539376844559776118402484429579213568547134354075228649935677700817277051599725173089457014364416290269954048
101 101 -1231999121885120827166876691685271916239060252413994001467792106996967800369856590869996138056132478965254703083137657733120
100 4 451864283686743241111017427450491102348669916936029866338584176881834131456
4 100 451864283686743241111017427450491102348669916936029866338584176881834131456
100 28 -63227542293942338840388115540647495995403774813266688629101486925324771770701103414717678086415571746816
28 100 -63227542293942338840388115540647495995403774813266688629101486925324771770701103414717678086415571746816
100 52 10958083200892152516196145933574491824952548035869929257655972524908374523707267551120508269233860693967000915935232
52 100 10958083200892152516196145933574491824952548035869929257655972524908374523707267551120508269233860693967000915935232
100 76 908880957120556936433429182031781863703182929551606338365288861629571639855269945690293315964605667916790489916882550784
76 100 908880957120556936433429182031781863703182929551606338365288861629571639855269945690293315964605667916790489916882550784
100 100 1137071750809228250549018547002390765477612522450770270892113663840487505680077375855970569130740201839709492027073648132096
99 3 -77299353196728172672526047655977633588056594773993234378105715014238208
3 99 -77299353196728172672526047655977633588056594773993234378105715014238208
99 27 17529604713179285342882086928585140490996906507440504645322768193568198950049991611967431107034010877952
27 99 17529604713179285342882086928585140490996906507440504645322768193568198950049991611967431107034010877952
99 51 -6162909648135235556801831954272630442428624505610854830119048670318139094788467429027556903104892779337693406429184
51 99 -6162909648135235556801831954272630442428624505610854830119048670318139094788467429027556903104892779337693406429184
99 75 -729367197628436949218352216299426567310743492518427616501928996159442372265831108500563050016526501280732520168957149184
75 99 -729367197628436949218352216299426567310743492518427616501928996159442372265831108500563050016526501280732520168957149184
99 99 -1041954720635793133021062965052330137397786138306991039057400551365338969193578895262743227554514214619832593385001276407808
98 2 8892409646095130066366493964659940430317782354854180851405553664
2 98 8892409646095130066366493964659940430317782354854180851405553664
98 26 -4492870857441395368621252324555058419460339898252095758896853214954664781796810463464345284090039107584
26 98 -4492870857441395368621252324555058419460339898252095758896853214954664781796810463464345284090039107584
98 50 3373360720112086858164850727535717412789951260403180191930924982084735130095359070713985278707556334529560440733696
50 98 3373360720112086858164850727535717412789951260403180191930924982084735130095359070713985278707556334529560440733696
98 74 575834269979508600982046591971710987439852112013489505809588752733231529670115684492530028119916259207776336454929612800
74 98 575834269979508600982046591971710987439852112013489505809588752733231529670115684492530028119916259207776336454929612800
98 98 947870119298987773068874185274933071707732569098785071396692116448735763039565797166577794177137581909399225202477602177024
97 1 -4296246155900664647894035818137778680894219928731648
1 97 -4296246155900664647894035818137778680894219928731648
97 25 1066057965048335184307471648477291820985864324564510561104859227292678640878851632459598781625965477888
25 97 1066057965048335184307471648477291820985864324564510561104859227292678640878851632459598781625965477888
97 49 -1795738291374882454351489211624895202132046317957553456939736540366555025753143153277358212403585081244159760662528
49 97 -1795738291374882454351489211624895202132046317957553456939736540366555025753143153277358212403585081244159760662528
97 73 -447126077411278668876680116955423618631222842968507893820425251737702273333229979686852939395614760543333672883192856576
73 97 -447126077411278668876680116955423618631222842968507893820425251737702273333229979686852939395614760543333672883192856576
97 97 -855934412197450411820751360965684107386134654620463273984241188849223673268437136418396600762055756665351379790447700344832
96 24 -233846815909869839678440572333491905603677835943104664966796771332863853292009096558577586536766767104
24 96 -233846815909869839678440572333491905603677835943104664966796771332863853292009096558577586536766767104
96 48 928926066937907616714864665158223693002427771990588513726446583509886529271626541888170546662460691030886464880640
48 96 928926066937907616714864665158223693002427771990588513726446583509886529271626541888170546662460691030886464880640
96 72 341349424823863145421978178741587828956211464534169593659055351999286338653680457457198407375333232506608606123080548352
72 96 341349424823863145421978178741587828956211464534169593659055351999286338653680457457198407375333232506608606123080548352
96 96 767138544612997363280906573288873404375782839705745618086736769555496429072189613469202161632197760455849789115606950215680
95 23 47247048077042375379349758806306206617338211350042308684358398244440998638930429700641695299662774272
23 95 47247048077042375379349758806306206617338211350042308684358398244440998638930429700641695299662774272
95 47 -466551737434716374117764104809069357240487511223898806843940280417473517419704657865260630769977152156648209383424
47 95 -466551737434716374117764104809069357240487511223898806843940280417473517419704657865260630769977152156648209383424
95 71 -256124056817725851910596860551718399263931549414268219153873185283315978903322293698376534267095117836647479017528623104
71 95 -256124056817725851910596860551718399263931549414268219153873185283315978903322293698376534267095117836647479017528623104
95 95 -682332726571836784582806411817656244843527324311272180791023770994737419257273262045590338155310048570770177843089324900352
94 22 -8742730896264470898472546977825590324317663501654860069746066768431515815569437963119750311500054528
22 94 -8742730896264470898472546977825590324317663501654860069746066768431515815569437963119750311500054528
94 46 227292671483028734024985577276209000823766848818711586976047385920648973330283492428761355834659904809876420820992
46 94 227292671483028734024985577276209000823766848818711586976047385920648973330283492428761355834659904809876420820992
94 70 188805243858825605106756468954455377585452973001559611835846758872101498511925329219853429418245252465317810505947021312
70 94 188805243858825605106756468954455377585452973001559611835846758872101498511925329219853429418245252465317810505947021312
94 94 602216063769549798819379393426796336483603887578867878567650210802799874613557667410503814402180995193235611446559960465408
93 21 1470456482720378518170370887410312668612151966912592862612017406633045791740531360831555225339822080
21 93 1470456482720378518170370887410312668612151966912592862612017406633045791740531360831555225339822080
93 45 -107297208742562659944338362996526732943119621194734118417784041313715733356187825492535053267240952297585167564800
45 93 -107297208742562659944338362996526732943119621194734118417784041313715733356187825492535053267240952297585167564800
93 69 -136676050750412772385861829777410971415846895592054123529820546624710285407218475099536203852854940573466053880269766656
69 93 -136676050750412772385861829777410971415846895592054123529820546624710285407218475099536203852854940573466053880269766656
93 93 -527331327104531670522608635744954652376596701407749883684785217859454006285061274081574456475758737061349801377566254170112
92 20 -222612880199114461627031788647818225992436631537218481651270644198294749350649749910319381237202944
20 92 -222612880199114461627031788647818225992436631537218481651270644198294749350649749910319381237202944
92 44 49026130293154613751526238376214552639280678823483038922621872772982008548766658516528766605278757932835159408640
44 92 49026130293154613751526238376214552639280678823483038922621872772982008548766658516528766605278757932835159408640
92 68 97104366598706274489040368681577847079031094198299306831183500061184215292150700772362444855884607259207033010044010496
68 92 97104366598706274489040368681577847079031094198299306831183500061184215292150700772362444855884607259207033010044010496
92 92 458065093993306765383429084464911414754669699452785687755295557422111041710366881013966144818125974296711408118273700528128
91 19 29951487780388431162827056735930021670464136026941575867687888806011279884607581231833799207157760
19 91 29951487780388431162827056735930021670464136026941575867687888806011279884607581231833799207157760
91 43 -21656962757208146216506167922388677033793074642297392677276657635065513321408158108388679218363200976626957418496
43 91 -21656962757208146216506167922388677033793074642297392677276657635065513321408158108388679218363200976626957418496
91 67 -67660049507710276332277640822573668652561559615407682910634589741337601156878089237202455856613350752542047721553395712
67 91 -67660049507710276332277640822573668652561559615407682910634589741337601156878089237202455856613350752542047721553395712
91 91 -394653175383288322750989019383300760599190843107531416801241822022606425320673909299375926695876708835206818859494953451520
90 18 -3519496810276555736178312279398179391032264115049521208242771656989709631575262715879393763262464
18 90 -3519496810276555736178312279398179391032264115049521208242771656989709631575262715879393763262464
90 42 9237981873307522948743171651200425230196111925854340653198673546816275649917515057637557670230306241545389473792
42 90 9237981873307522948743171651200425230196111925854340653198673546816275649917515057637557670230306241545389473792
90 66 46190469969149638767481965626699778711963323381864750816701230953938511008670437679310602649955519499287953179477540864
66 90 46190469969149638767481965626699778711963323381864750816701230953938511008670437679310602649955519499287953179477540864
90 90 337190762239068858662371582385815461630510543345629218344054329125740906796194050864076100156013495024602864080909850640384
89 17 351875710284295338869699665350622791312606043708804887618455399333955830427696211458238879629312
17 89 351875710284295338869699665350622791312606043708804887618455399333955830427696211458238879629312
89 41 -3800475389005343685089108458516665915428923719313183934564868523725523999799656425637425405537702096563796443136
41 89 -3800475389005343685089108458516665915428923719313183934564868523725523999799656425637425405537702096563796443136
89 65 -30857094154956902164624436941345857281217932104322597024863454282971140287251675811804773622893752351931795001617416192
65 89 -30857094154956902164624436941345857281217932104322597024863454282971140287251675811804773622893752351931795001617416192
89 89 -285646285275818459795814966130497059094968522602283402772485859152179826474685725501116294736260057029760218228612736745472
88 16 -28616836972525058653503587051491887638273370034772641371774345077785180204567820959990457303040
16 88 -28616836972525058653503587051491887638273370034772641371774345077785180204567820959990457303040
88 40 1506091602925732794286215419928549302009940102887170618079888989125172059140425499020519060607059241332797079552
40 88 1506091602925732794286215419928549302009940102887170618079888989125172059140425499020519060607059241332797079552
88 64 20139758047558055369275203621491159253211440115422165925365412587961476357270546448894887872902356135845109710553350144
64 88 20139758047558055369275203621491159253211440115422165925365412587961476357270546448894887872902356135845109710553350144
88 88 239877761365534964170532109874573711379582697343467903243765997055940935408331885644437951875328568784677662334291149848576
87 15 1715394747560853440723663005118482839353781423839089248917770607089524465784444065267411058688
15 87 1715394747560853440723663005118482839353781423839089248917770607089524465784444065267411058688
87 39 -574239751929605400319494832496553507676407839001852241028353246700934841606488733037845109448636280816583835648
39 87 -574239751929605400319494832496553507676407839001852241028353246700934841606488733037845109448636280816583835648
87 63 -12817611288761183123433585182943444764315233460680128232236021373448561974786304659126857695049374388224510933470281728
63 87 -12817611288761183123433585182943444764315233460680128232236021373448561974786304659126857695049374388224510933470281728
87 87 -199650458315968465927509587410907973616594308351289668281913292888697187573223097528658965632730893037918307838466925264896
86 14 -51809802014660586415722123508136872668327585134520596947202738689635692362435187098502823936
14 86 -51809802014660586415722123508136872668327585134520596947202738689635692362435187098502823936
86 38 210399877492408664602375017284224583961350684397546151597444632063637077229460338149520894509919093426927697920
38 86 210399877492408664602375017284224583961350684397546151597444632063637077229460338149520894509919093426927697920
86 62 7935948485768790252917200969156717182321458123205559262339339639219149812297548933276265480533486426287285755453636608
62 86 7935948485768790252917200969156717182321458123205559262339339639219149812297548933276265480533486426287285755453636608
86 86 164654966296487858911233432209644392733448995851183354922998693261934071840816312361300284933019864063286192425535830753280
85 13 -2742835873125510601358957187503063745789667819369258173706549448226668938376707313946853376
13 85 -2742835873125510601358957187503063745789667819369258173706549448226668938376707313946853376
85 37 -73993765116042301268100679683683662225884629050399197661179988659584503550726767833290727915763749932824002560
37 85 -73993765116042301268100679683683662225884629050399197661179988659584503550726767833290727915763749932824002560
85 61 -4766731942668426266484900888095944776319287495403594158618061021162302787673128632916864264263645842680765656063803392
61 85 -4766731942668426266484900888095944776319287495403594158618061021162302787673128632916864264263645842680765656063803392
85 85 -134525061988874495149414165731546959146293829099257308217553603862381984022897797520927147047813776159238531334220462161920
84 12 494273341008136771191930208645775897346118990493424916447040101679806194531403052141772800
12 84 494273341008136771191930208645775897346118990493424916447040101679806194531403052141772800
84 36 24947698259220716932331161923990182593657925131410488804772508704775018872810916278033464507720311479008755712
36 84 24947698259220716932331161923990182593657925131410488804772508704775018872810916278033464507720311479008755712
84 60 2768395919270398912707131272372338903400268399669038423109554124897551436663524787913615232805269457807935815620231168
60 84 2768395919270398912707131272372338903400268399669038423109554124897551436663524787913615232805269457807935815620231168
84 84 108854953147169529736186686907157551595236216230345849755242031860411273695647606443976455209136912876751969953377022902272
83 11 -33741128928306273318429641694852677299214792845036052546650397112148349681911525407719424
11 83 -33741128928306273318429641694852677299214792845036052546650397112148349681911525407719424
83 35 -8054432274092754810302610947965514946254520146301995082670196669458816096842434328885828044842632278836248576
35 83 -8054432274092754810302610947965514946254520146301995082670196669458816096842434328885828044842632278836248576
83 59 -1548317065556344837388942254031470775652406783721149015478193183019814523348961450003551299916832700918834765930430464
59 83 -1548317065556344837388942254031470775652406783721149015478193183019814523348961450003551299916832700918834765930430464
83 83 -87215548613620630724339623308538377705884402201879696918711888027659446358558707737438494489589295981709297850676584382464
82 10 1301331936101309698608572885081560064439890794162088336145715935184788931688183688593408
10 82 1301331936101309698608572885081560064439890794162088336145715935184788931688183688593408
82 34 2487018905293972449685700680080044437807080380908567414081145141783220571098243618994115961183389896658649088
34 82 2487018905293972449685700680080044437807080380908567414081145141783220571098243618994115961183389896658649088
82 58 829626546887503801994086139395456276729547448582835100581349403654534378171747350745758282755105772601882655202476032
58 82 829626546887503801994086139395456276729547448582835100581349403654534378171747350745758282755105772601882655202476032
82 82 69169360883802476952949512912617132190035850628276658891189982049777996113705450282281581771739595792769500926836475953152
81 9 -21627826011544516176443045948796128566632809963179676593323158347928148689517704904704
9 81 -21627826011544516176443045948796128566632809963179676593323158347928148689517704904704
81 33 -733519957376479733400694993696262790012242866799172049491521006351219365486388278625529222735589448689385472
33 81 -733519957376479733400694993696262790012242866799172049491521006351219365486388278625529222735589448689385472
81 57 -422952105149157427321094989535544455738153158328546037072439182872992002876022979117568979160893227535279133336535040
57 81 -422952105149157427321094989535544455738153158328546037072439182872992002876022979117568979160893227535279133336535040
81 81 -54283612907986372963750699669752891098090902774877875840426861972728670454485766067183095913651045505554714869647148056576
80 8 -203749274839248611382296401373248432486932339614077216309696517569452065290668998656
8 80 -203749274839248611382296401373248432486932339614077216309696517569452065290668998656
80 32 206372512711237862454923138665729130606656614511269911907666424216075683705671797087477571877193134358134784
32 80 206372512711237862454923138665729130606656614511269911907666424216075683705671797087477571877193134358134784
80 56 203094088677849934744689902480794871110273395252446107988573862674768891845931280851233289369567335384130805326413824
56 80 203094088677849934744689902480794871110273395252446107988573862674768891845931280851233289369567335384130805326413824
80 80 42141168545199693277494893479730976832202761807479022191846026561165831433444792374421644168732926266898214661296199041024
79 7 13730970091351260237059480377654191470729318394698984347912278860241975244323028992
7 79 13730970091351260237059480377654191470729318394698984347912278860241975244323028992
79 31 -55306753451755095166552961901103920639122724361015110884769466272706940416365506203884833922453254965297152
31 79 -55306753451755095166552961901103920639122724361015110884769466272706940416365506203884833922453254965297152
79 55 -90356593124616826869760826400078909467936286722825829676752519265970639210446231286168854318759932477610918693306368
55 79 -90356593124616826869760826400078909467936286722825829676752519265970639210446231286168854318759932477610918693306368
79 79 -32349056678925190687753217966601886035152957142037909891085850849456466440941725643065246231607878576522429227915114708992
78 6 -206607362492361507027865517387525730912557332247224801715410359881544481936244736
6 78 -206607362492361507027865517387525730912557332247224801715410359881544481936244736
78 30 14096908636424767306428962642288214213379017625806362260836806411608364919422508627840951859711103062769664
30 78 14096908636424767306428962642288214213379017625806362260836806411608364919422508627840951859711103062769664
78 54 36106611858918024312213066808025742440023974593276976835008147006896305367978490112630525971497405247585760720191488
54 78 36106611858918024312213066808025742440023974593276976835008147006896305367978490112630525971497405247585760720191488
78 78 24544570241136342311005635510019462140543257356971685235888109581686588744560155305295667028330508569609405479166943428608
77 5 1515857839110192609415771695953186797684634841149000075505174897430326897803264
5 77 1515857839110192609415771695953186797684634841149000075505174897430326897803264
77 29 -3411691919931509976464680623171684350811418017642966248392885627264927408145044401052861044642738249662464
29 77 -3411691919931509976464680623171684350811418017642966248392885627264927408145044401052861044642738249662464
77 53 -12033644275221823711723374674745577800686946523203046042786048962960709670253164566493260230195294919514572057477120
53 77 -12033644275221823711723374674745577800686946523203046042786048962960709670253164566493260230195294919514572057477120
77 77 -18399122272192900267675738079924974961086168196839207255301087630453090470905689391100072650513204925592392131853292666880
76 4 3595732233198961656569378830435791965125010012368645223734408510995353829376
4 76 3595732233198961656569378830435791965125010012368645223734408510995353829376
76 28 782599655355647230253917826521198724681186338420602328350461720497315076183281850027371936912888846876672
28 76 782599655355647230253917826521198724681186338420602328350461720497315076183281850027371936912888846876672
76 52 2509992926989700360511318822887286530380767584808992883642333329547513202853917062372873789788956271520360368701440
52 76 2509992926989700360511318822887286530380767584808992883642333329547513202853917062372873789788956271520360368701440
76 76 13620173668317742761573513013979176265011993234793375603772635649638783969651490882565870623699071551185210889315198959616
75 3 237080412255855930525481831888517724866221970204320066503371163325956096
3 75 237080412255855930525481831888517724866221970204320066503371163325956096
75 27 -169822460474502725177045874985160011383799367292141585952512767855887242729053062117214094288370754650112
27 75 -169822460474502725177045874985160011383799367292141585952512767855887242729053062117214094288370754650112
75 51 580243649282196166290892260465090579679540277235201386550975752205275558496710146262857616898495504054642479726592
51 75 580243649282196166290892260465090579679540277235201386550975752205275558496710146262857616898495504054642479726592
75 75 -9951592267193928409497452345369030902472320195828851994703485345656734621070330287408198856265506818377878710377385033728
74 2 84373939395815170110080875893022435588729605311695146802342789120
2 74 84373939395815170110080875893022435588729605311695146802342789120
74 26 34787957436257910530941333207504524901566542386419141271394337670491160872288353567115921281899818909696
26 74 34787957436257910530941333207504524901566542386419141271394337670491160872288353567115921281899818909696
74 50 -1155979959644475202741717608203817791767341630536439135990586259444651506551921250475224408470251558082517705687040
50 74 -1155979959644475202741717608203817791767341630536439135990586259444651506551921250475224408470251558082517705687040
74 74 7172779936071217254889198541111334612840999425075570446248556706806938380467804493389957872525717817314378142499240673280
73 1 284722943867807684507728993202283922696558505086681088
1 73 284722943867807684507728993202283922696558505086681088
73 25 -6712013135900251700794911305980859834841334809020222327901490295672823163329023279693351817993479258112
25 73 -6712013135900251700794911305980859834841334809020222327901490295672823163329023279693351817993479258112
73 49 941839431896028015427387553753760314031476298331547538057691739520951190157158742378795501270678734812497791942656
49 73 941839431896028015427387553753760314031476298331547538057691739520951190157158742378795501270678734812497791942656
73 73 -5096852101303590079829109363439514191436436131141039280602135282936378993051837341662179850729511729540877934919629668352
72 24 1216682240780734558528712415601296972863169764773068385874386077079652280085302214936221291081396912128
24 72 1216682240780734558528712415601296972863169764773068385874386077079652280085302214936221291081396912128
72 48 -601980667361360477605288951390709831967682607144409331969477902819342761076469055830907327761570100205668890836992
48 72 -601980667361360477605288951390709831967682607144409331969477902819342761076469055830907327761570100205668890836992
72 72 3568107017753507080825424105791460512892570898568900869192252663958467059948488559435263447979364981854451650418297536512
71 23 -206623162480381975338874516473855943259552155555133253835810466305246976461374020335617062261711962112
23 71 -206623162480381975338874516473855943259552155555133253835810466305246976461374020335617062261711962112
71 47 336869045434866836832529237097105252151038426471070805763662218453525044506458141506175410287575049735633224335360
47 71 336869045434866836832529237097105252151038426471070805763662218453525044506458141506175410287575049735633224335360
71 71 -2458995471551312360872262779451115455531534557433142356440371350203057238945678141821898798063679261687052138614603382784
70 22 32768436583037146989231141083753437888402435670785310868885762550340497039058367882278304891684257792
22 70 32768436583037146989231141083753437888402435670785310868885762550340497039058367882278304891684257792
70 46 -171634359553472509052238087722966504372730530340739715766382225019258391983857312586709018168869601943533456982016
46 70 -171634359553472509052238087722966504372730530340739715766382225019258391983857312586709018168869601943533456982016
70 70 1666791530563741975618533727801915663582473342976111421997949059341143351717912230203625467031644562135411973031691550720
69 21 -4834663464195484826644030048114567183398840042012915717329126102847565342731227349090343857430724608
21 69 -4834663464195484826644030048114567183398840042012915717329126102847565342731227349090343857430724608
69 45 81071105350859802360715904829015613209954118633955865852370997181990667004915059423416588901845101468720039985152
45 69 81071105350859802360715904829015613209954118633955865852370997181990667004915059423416588901845101468720039985152
69 69 -1110157278270081209401787691437906921670985466853785148381224738305359284805001661440570626761797212831100934097461051392
68 20 660640562857750537265253876935694664767606181918127676664160197599863698088369104524617312100155392
20 68 660640562857750537265253876935694664767606181918127676664160197599863698088369104524617312100155392
68 44 -35840893870141637396558249448982983901353629619914536228257312028718716046406353660354047458496696374568549351424
44 68 -35840893870141637396558249448982983901353629619914536228257312028718716046406353660354047458496696374568549351424
68 68 725776345112014650957281524144395579305283581988277617493825882931895456660241721258152421479279062306238652959585992704
67 19 -83165361145272037023093587771003373899017732523703817308955805492622818331497578636296376423546880
19 67 -83165361145272037023093587771003373899017732523703817308955805492622818331497578636296376423546880
67 43 14909103575311738966590199364994565657656241199363313380751454211793871246471035131160895590791822770439838498816
43 67 14909103575311738966590199364994565657656241199363313380751454211793871246471035131160895590791822770439838498816
67 67 -465197930122237971030091721015615759890605280321265921465624031198873086995503554089522204125604550164129457359460237312
66 18 9584822217354718258420256338771271886216371310716836135495733428210998641268923282180302044135424
18 66 9584822217354718258420256338771271886216371310716836135495733428210998641268923282180302044135424
66 42 -5852961037970983468694443206199527377402087026545408274838311726740988036984199599319740000017070157524772061184
42 66 -5852961037970983468694443206199527377402087026545408274838311726740988036984199599319740000017070157524772061184
66 66 291989122243255149783303223120190425637641319077716519134406750776140240910330208005797597261591197791233798198351888384
65 17 -1004082243393246179612999416124758791508144803193028561218053756903443763802721124286999293853696
17 65 -1004082243393246179612999416124758791508144803193028561218053756903443763802721124286999293853696
65 41 2171751191128946605266715246496759985288719997710148184065068717006004799484863896207389473108307129820573073408
41 65 2171751191128946605266715246496759985288719997710148184065068717006004799484863896207389473108307129820573073408
65 65 -179247617949989339156772878762886643459528383047455578580380385236574696708126273152725329221626078660128695106100264960
64 16 94841704494344465916505716556498808249066307142976538694589010116437744413341103816493211058176
16 64 94841704494344465916505716556498808249066307142976538694589010116437744413341103816493211058176
64 40 -762042024276667536477002995488179406332049327209295477736176484554626646222560568205497710635863370610732171264
40 64 -762042024276667536477002995488179406332049327209295477736176484554626646222560568205497710635863370610732171264
64 64 107487873076091201204081714339350267672916340350110777923577864905428243775982208179984914278362567764394627325770072064
63 15 -8005869496396577347945012606067700101710471713625253567630257894163361235889208058004449001472
15 63 -8005869496396577347945012606067700101710471713625253567630257894163361235889208058004449001472
63 39 252798506633286294021557060200890131402482647211173130238653154132277818753266501524662502666243713965729251328
39 63 252798506633286294021557060200890131402482647211173130238653154132277818753266501524662502666243713965729251328
63 63 -62886007864184008409064258733745044511795478575234477178078637773360032834671768399382525645625869239407887744841547776
62 14 597906983526328600259354687676492138051004440037179273480312270509773670370800083943280345088
14 62 597906983526328600259354687676492138051004440037179273480312270509773670370800083943280345088
62 38 -79214775101710511683912728023265885932807552845780189259991112952145093726961537146390703374005371806941184000
38 62 -79214775101710511683912728023265885932807552845780189259991112952145093726961537146390703374005371806941184000
62 62 35852695753881834807143392557659756566589904484265691433008758074530894997327687160650208113680333911613471407518777344
61 13 -39026833437169360250598806178418375775469403736514480864802105185636826690942515174042501120
13 61 -39026833437169360250598806178418375775469403736514480864802105185636826690942515174042501120
61 37 23410597612326614476366953601461771342957612165194215942585013278757785605402614141137256533039644564290273280
37 61 23410597612326614476366953601461771342957612165194215942585013278757785605402614141137256533039644564290273280
61 61 -19896145769669058522009520493042372407311105677025803035993555800035888392835600103337160472044693969724074802525765632
60 12 2190307776714067105866182766465089516484585923219114515034508009936426803844519357858185216
12 60 2190307776714067105866182766465089516484585923219114515034508009936426803844519357858185216
60 36 -6510908693767634201214441883072634822466706512052269741215051828736900785015168490125316446995397531263827968
36 60 -6510908693767634201214441883072634822466706512052269741215051828736900785015168490125316446995397531263827968
60 60 10735599322432887320645982040221154468837974457153219727072441025082564109421012631860779837568983469433488901658378240
59 11 -103351200792313482255329813198895766193543737854263674175756156429000383913782851145826304
11 59 -103351200792313482255329813198895766193543737854263674175756156429000383913782851145826304
59 35 1699011942966570687071737059232146488025439692239961634191722510833147902845151110810517217762542115910320128
35 59 1699011942966570687071737059232146488025439692239961634191722510833147902845151110810517217762542115910320128
59 59 -5626659942739078958332996809176207050660629756458161920743644406948960142528443045828120963081597782480140251690958848
58 10 3981735413689149596808456184717139969656153756426249862346031866599655823449862837370880
10 58 3981735413689149596808456184717139969656153756426249862346031866599655823449862837370880
58 34 -414313507245459449579791979697313500823236923041495531185141090083102913247043404723946331850271288260034560
34 58 -414313507245459449579791979697313500823236923041495531185141090083102913247043404723946331850271288260034560
58 58 2861701691108941204256162283038889552402763527502702570086448082093540363549123696883530097303548852078083718260981760
57 9 -120684972800168312807933748621759553601557993728212386604797031225553642529972079820800
9 57 -120684972800168312807933748621759553601557993728212386604797031225553642529972079820800
57 33 93896528684179856968486032035326371282882208604370045337509866573089185721076752456589370466901159871250432
33 57 93896528684179856968486032035326371282882208604370045337509866573089185721076752456589370466901159871250432
57 57 -1411085160755759395514697787108727065807900048487911380678327621521158895624152144417089531207295894588019253390082048
56 8 2725660987397134693074524635945489248052932841092993967529918950945375248674669461504
8 56 2725660987397134693074524635945489248052932841092993967529918950945375248674669461504
56 32 -19623154799128765023430082775314691981211482658029616309615994007435939404232474076531088844506561685487616
32 56 -19623154799128765023430082775314691981211482658029616309615994007435939404232474076531088844506561685487616
56 56 674006167486305314043033473632805438762474861696250054290589892454401559769817075393864231959039698600200029624860672
55 7 -41680782129391584123973352518144981521040911988564517375637137312288672702577770496
7 55 -41680782129391584123973352518144981521040911988564517375637137312288672702577770496
55 31 3737512604761349359654439569742274799483553367154827801321196817675866074007786838665852718570768384917504
31 55 3737512604761349359654439569742274799483553367154827801321196817675866074007786838665852718570768384917504
55 55 -311602006288309067161558908506279914741825078728433296219835720642792558445525342634018379999378934980693768382971904
54 6 368159543951612887116189316040062344440664532874271186145064268777318705830821888
6 54 368159543951612887116189316040062344440664532874271186145064268777318705830821888
54 30 -636286027810886062356910404727133117248843552153568347138162479731618369287865284087649506184073821814784
30 54 -636286027810886062356910404727133117248843552153568347138162479731618369287865284087649506184073821814784
54 54 139322067070638233086960748092546544091102649660113054928712683901672123006389716617080798932926303720878418918637568
53 5 -1318982182557248660898788948903008585839001241088222789237445465874984620523520
5 53 -1318982182557248660898788948903008585839001241088222789237445465874984620523520
53 29 93288634866776302198263224105194612912354454698424595250570999457630066301757976644135415728153621954560
29 53 93288634866776302198263224105194612912354454698424595250570999457630066301757976644135415728153621954560
53 53 -60199127857222977139186155380895649149854645420483703688363984940134794993505921852717725039366370609460764049670144
52 4 1066173335738473328696855677554657340192869136487044854170083825139411058688
4 52 1066173335738473328696855677554657340192869136487044854170083825139411058688
52 28 -10747251768844831796846637114110034441471490878045951053706571973224846923070519407900803469534992269312
28 52 -10747251768844831796846637114110034441471490878045951053706571973224846923070519407900803469534992269312
52 52 25117963302972223494815182093745896210342102170725238481316289147544004443823227154231016663984878910313138539724800
51 3 -96788433560291209994445626840363055045915561890334925902153846827778048
3 51 -96788433560291209994445626840363055045915561890334925902153846827778048
51 27 646424862026500119690536850957657354114759692041567220601593077041346246669194640065281710040901746688
27 51 646424862026500119690536850957657354114759692041567220601593077041346246669194640065281710040901746688
51 51 -10112956948178630179551477921218409064016517816593212033165220237707253450830722519881104280134863811100491854643200
50 2 199623336309293326281696935280947327269131472761708980843036278784
2 50 199623336309293326281696935280947327269131472761708980843036278784
50 26 102536988060149175380650778352706878858308884141229843487637042974112691712338050786022739085902217216
26 50 102536988060149175380650778352706878858308884141229843487637042974112691712338050786022739085902217216
50 50 3925958763844157776715106311471595799493335987553511468081085288478377966368292192237470637436234269485975088398336
49 1 -12036974253109711023218930800165953870942889413791711232
1 49 -12036974253109711023218930800165953870942889413791711232
49 25 -47288993678907527244697167015332267492249265092600670832513228542596188833621971598116067772244951040
25 49 -47288993678907527244697167015332267492249265092600670832513228542596188833621971598116067772244951040
49 49 -1468442172195470413318822183443422574412617619541311345066672749999299402668904680907621931031889287976636821536768
48 24 10947844500682040881863121759832056306218358186823156285564557173214590703462210858820942571002396672
24 48 10947844500682040881863121759832056306218358186823156285564557173214590703462210858820942571002396672
48 48 528778003248435202847231516449404423715453000140815881684208106251222958500509173612205353463756924207230089166848
47 23 -1922085960269240131232596254590149709488665808694222280199543370382032339922726508885963420347662336
23 47 -1922085960269240131232596254590149709488665808694222280199543370382032339922726508885963420347662336
47 47 -183166617765678588945781368181106842167032839608599549199660951648326612843009957428344539289199506281922245427200
46 22 276309342544999791619239861258114015599403257720754610972973851930287583353227349055535916978798592
22 46 276309342544999791619239861258114015599403257720754610972973851930287583353227349055535916978798592
46 46 60983571612365924103124237034693819598190997553102840173321659868984326140496785547223398005519450232673414414336
45 21 -33009954898272327751575223532569337145202279960965884544381228973483021105756415444949538267201536
21 45 -33009954898272327751575223532569337145202279960965884544381228973483021105756415444949538267201536
45 45 -19498152027025923270972822898865219336763232655609385309685835276513701941592427986500676962316368713338937409536
44 20 3225439157904902143703964445483573701060998758910636814395303344453350465855061450360017293148160
20 44 3225439157904902143703964445483573701060998758910636814395303344453350465855061450360017293148160
44 44 5981210550735951533770072966123674436747594169153027850139777885372418663030414788289513591138854252160105840640
43 19 -243434545628748374754557656686288153266038936277058854031509518146438829801056940074444561317888
19 43 -243434545628748374754557656686288153266038936277058854031509518146438829801056940074444561317888
43 43 -1758646029318005622719084572338351528252175438232335160256863658751821352341771350486099564324337593476712497152
42 18 11679213060848107986750712499993787785204531702094339438886107020545009393934261105325317816320
18 42 11679213060848107986750712499993787785204531702094339438886107020545009393934261105325317816320
42 42 495125180762592938860459332314879686775828510459887376465769036938098406979452045903388592142047092919337222144
41 17 71284312828986455641582001417608031397074175936259741547342774773706465422491159440423649280
17 41 71284312828986455641582001417608031397074175936259741547342774773706465422491159440423649280
41 41 -133328911923487925837460539678429371087764088424574289294987293299373883616835240617229590537161483660505907200
40 16 -81085875802063032563078158465890565262587002622161511299415767006850346587440168548782047232
16 40 -81085875802063032563078158465890565262587002622161511299415767006850346587440168548782047232
40 40 34300538065551281070646806706789051274463427874857446951097827356829741961275730906676541885306708167929888768
39 15 9049686019065600292744215486075108129017410543485852128709946053888051058196904578388066304
15 39 9049686019065600292744215486075108129017410543485852128709946053888051058196904578388066304
39 39 -8419868351427182291036616969593380426379070598052135663542533489198323499539556953839400759176269475996499968
38 14 -581833011549086443932749119377191291055237265891894425534700984039989719384391178596122624
14 38 -581833011549086443932749119377191291055237265891894425534700984039989719384391178596122624
38 38 1969521382454721922309481566581479339964049604184521268175869429896233252411340034006966975023090894502887424
37 13 20730008533851256679107556743088015205548924824674575440129356263285302655106389846786048
13 37 20730008533851256679107556743088015205548924824674575440129356263285302655106389846786048
37 37 -438379075944525305426537020487746653293749070904693861052615082362376463714494699692544597780015613665607680
36 12 -17339483384155917775503334871364639158361098585013288745531513648219555561970518196224
12 36 -17339483384155917775503334871364639158361098585013288745531513648219555561970518196224
36 36 92706730290518462775898522661676561330960471122470516274472558440210369509028192721982562991102070959898624
35 11 -38737192276259914210752133323620373579167434256004023119268631991852874324609687617536
11 35 -38737192276259914210752133323620373579167434256004023119268631991852874324609687617536
35 35 -18596700918811876367390875205851343222162279236814086928717823202863946804463966921874200543515732183351296
34 10 1729347711272740954029149334803084236596919851847232877146949039179154984537606324224
10 34 1729347711272740954029149334803084236596919851847232877146949039179154984537606324224
34 34 3532344149220912899370932164504914448435721099501092345428207342813012390495827273337958580368011260067840
33 9 -13576197467965132655903468937070248374180830131317929362155651371430910506102161408
9 33 -13576197467965132655903468937070248374180830131317929362155651371430910506102161408
33 33 -634126941402025311438373664333719493162704034893107017498474244111197600747777555726645418917662312890368
32 8 -1027513263606778101664409531761518273215720871478051797826499255950787548136079360
8 32 -1027513263606778101664409531761518273215720871478051797826499255950787548136079360
32 32 107374037429546358827746218863378275261530391146643432992576951371230069180452665434598450302563588767744
31 7 15250752871409552745030943444382944702981906337498893481797327141291177522757632
7 31 15250752871409552745030943444382944702981906337498893481797327141291177522757632
31 31 -17111647088776043061178602366145037085854963528333309928322833098789125866042986942288439082202525859840
30 6 380282666974462557493139591952175010131653975227666948185037897215242510794752
6 30 380282666974462557493139591952175010131653975227666948185037897215242510794752
30 30 2560616922943755984186647640068664928143780645756286318505517803903811692211872896744813206374973440000
29 5 1918818098425949371217452245505817767006322874143715899993468419845591662592
5 29 1918818098425949371217452245505817767006322874143715899993468419845591662592
29 29 -358901318796219808755386806652500279753295534648672898541455845288305751075177587398268529585588011008
28 4 2941010925092255236003450013246172502524881596305705583027389987907698688
4 28 2941010925092255236003450013246172502524881596305705583027389987907698688
28 28 46991823438406289798127927894156298530562090521071477816500321678957523652557199324587656903821099008
27 3 1131486111228011663950879743037149086405667222587564592233214002593792
3 27 1131486111228011663950879743037149086405667222587564592233214002593792
27 27 -5731158012942702336201269866550790583853304763916441345733186642087556568173960614579916620985008128
26 2 48847462881723126536377257425375256366529852260422312441988251648
2 26 48847462881723126536377257425375256366529852260422312441988251648
26 26 649087568492336780890255516824218338767689344693243073521012097635338001288831035482725641942466560
25 1 293472896075817716375623455699284208662988541898159816704
1 25 293472896075817716375623455699284208662988541898159816704
25 25 -68042456263406170507814352454534371021642235744603984938391833089856519458662599748513471079120896
24 24 6578842112367845998503869616495882453015892051642297879622275505126086925051974908743901935304704
23 23 -584501959763070795516376659187384208745853500263815733114282650711174897018841207869557530689536
22 22 47528745807836443133824725951995933737770586583556833320485411466394117978968678400479996149760
21 21 -3522214101254261709805534498232054513212991777008925855536592656248524881076622368579117907968
20 20 236811978637802878415613697723459184465224923014450962603867039000694281390905661875537575936
19 19 -14376078835901014756250370967069362216153859636963388278068108538431918763494903460080386048
18 18 784014345003015564528814126400395360949889628195406039601331094881514269193051156886061056
17 17 -38205538211332568746683017608774940653581779694057381034070261648048160474751889792040960
16 16 1654201826852373939012716351317648231427246450235218606950737371815992441312192720011264
15 15 -63257563788387671749220561046121664316625192929382331775347056464533863328084257669120
14 14 2122979756748685718721980057587506868178508391518515566110145029310134568531060064256
13 13 -62109069935945683376685441827007998433555366461960939173701003114498408940654559232
12 12 1572458037277154563746520221594311939217196099335806405453398811976005239720378368
11 11 -34178655366435390530479832059587939596108758731177515385557787612338250181509120
10 10 632121406799379637543445244229907047167359598306698890149333366154577248780288
9 9 -9845429098590441056976693909663605044507923699053430318670561898726479101952
8 8 127556846671570759925524905393467839048267875292361781229943834506596188160
7 7 -1353805233587425987286762462111880249775561573982812907310957112638570496
6 6 11538647001579915391842245625322432658267787048973604759050333685022720
5 5 -76858884218126172994804760241695941348956084968447274180338612436992
4 4 384559971144103157879760897664713397490297754597209838348918587392
3 3 -1356830848801092597182402460141842638964114705070276170156605440
2 2 3005162455816373415686384186360670296709002669037156523048960
1 1 -3138550867693340381917894711603833208051177722232017256448
