# Weber-f modular polynomial Phi_227^f(X,Y); r=q^(1/48).
228 0 1
0 228 1
227 11 4389499
11 227 4389499
227 35 -900560756
35 227 -900560756
227 59 2805998302
59 227 2805998302
227 83 -1504598449
83 227 -1504598449
227 107 273212660
107 227 273212660
227 131 -22280504
131 227 -22280504
227 155 926841
155 227 926841
227 179 -20430
179 227 -20430
227 203 227
203 227 227
227 227 -1
226 22 5878618379382
22 226 5878618379382
226 46 3817550983464500
46 226 3817550983464500
226 70 46595272941320830
70 226 46595272941320830
226 94 54979825668323631
94 226 54979825668323631
226 118 11870236315084057
118 226 11870236315084057
226 142 599852820625533
142 226 599852820625533
226 166 7221528403739
166 226 7221528403739
226 190 15970770686
190 226 15970770686
226 214 2027791
214 226 2027791
225 9 -161301106347
9 225 -161301106347
225 33 2523402372345943985
33 225 2523402372345943985
225 57 -1144556791278563279106
57 225 -1144556791278563279106
225 81 8727212961270436187268
81 225 8727212961270436187268
225 105 -4086141596553388983982
105 225 -4086141596553388983982
225 129 229592895702321709607
129 225 229592895702321709607
225 153 -2907583921443883126
153 225 -2907583921443883126
225 177 7129309519535919
177 225 7129309519535919
225 201 -964252766942
201 225 -964252766942
225 225 8399
224 20 1200835012371528134
20 224 1200835012371528134
224 44 248851320892004945778244
44 224 248851320892004945778244
224 68 21625085227277675215457860
68 224 21625085227277675215457860
224 92 18114120393879207602064813
92 224 18114120393879207602064813
224 116 -171437553900239000542743
116 224 -171437553900239000542743
224 140 -4784925160980925708262
140 224 -4784925160980925708262
224 164 54866208288789269112
164 224 54866208288789269112
224 188 71876382397336161
188 224 71876382397336161
224 212 150183603379
212 224 150183603379
223 7 14754980564260
7 223 14754980564260
223 31 -573713255904495082161206
31 223 -573713255904495082161206
223 55 2704114282455603611347841587
55 223 2704114282455603611347841587
223 79 -9566251534241023433315964330
79 223 -9566251534241023433315964330
223 103 -74967895958508530170105188
103 223 -74967895958508530170105188
223 127 1712172208174692023933607
127 223 1712172208174692023933607
223 151 66752899808569651222255
151 223 66752899808569651222255
223 175 -135852709510019923818
175 223 -135852709510019923818
223 199 37373050054845931
199 223 37373050054845931
223 223 -27021626
222 18 3244631047318159823839
18 222 3244631047318159823839
222 42 18750311201532927153876794748
42 222 18750311201532927153876794748
222 66 821738550519587293939313007884
66 222 821738550519587293939313007884
222 90 147595793717398718766464385366
90 222 147595793717398718766464385366
222 114 -1680397010329838817132296277
114 222 -1680397010329838817132296277
222 138 31940788318071360280233913
138 222 31940788318071360280233913
222 162 -62214769262978372386060
162 222 -62214769262978372386060
222 186 188283958565000000627
186 222 188283958565000000627
222 210 739003301573689
210 222 739003301573689
221 5 -29509961128520
5 221 -29509961128520
221 29 2891966043751373137296809147
29 221 2891966043751373137296809147
221 53 -17358257181536590436850461621372
53 221 -17358257181536590436850461621372
221 77 -14818293822148871253904577693731
77 221 -14818293822148871253904577693731
221 101 -996733853793615653310726385833
101 221 -996733853793615653310726385833
221 125 8069973193076154919825263947
125 221 8069973193076154919825263947
221 149 -159091876536145329798660865
149 221 -159091876536145329798660865
221 173 141991299589044706893006
173 221 141991299589044706893006
221 197 -25764364067470469589
197 221 -25764364067470469589
221 221 41536075916
220 16 575352279864908836494568
16 220 575352279864908836494568
220 40 36021434442701191901685090943932
40 220 36021434442701191901685090943932
220 64 335393608360768719907113033675686
64 220 335393608360768719907113033675686
220 88 121749552868465814059284033258636
88 220 121749552868465814059284033258636
220 112 3256383639082378693324777295271
112 220 3256383639082378693324777295271
220 136 -9052790595208221523687178353
136 220 -9052790595208221523687178353
220 160 81162980458813711438564694
160 220 81162980458813711438564694
220 184 7021421565053897399031
184 220 7021421565053897399031
220 208 608021975284458821
208 220 608021975284458821
219 3 1290408850776
3 219 1290408850776
219 27 -1366689012752264583136437523149
27 219 -1366689012752264583136437523149
219 51 128907975096469116994987438204904
51 219 128907975096469116994987438204904
219 75 -3335470406177584058440021965589414
75 219 -3335470406177584058440021965589414
219 99 -431385582715326584524193773721933
99 219 -431385582715326584524193773721933
219 123 -6559286436677841782457870216899
123 219 -6559286436677841782457870216899
219 147 32651203116697962799920910524
147 219 32651203116697962799920910524
219 171 -2662889356371536387976583
171 219 -2662889356371536387976583
219 195 -2746252905186031801546
195 219 -2746252905186031801546
219 219 -30827314616657
218 14 13940942678864654758449696
14 218 13940942678864654758449696
218 38 5864454419008043045112478657587776
38 218 5864454419008043045112478657587776
218 62 -2619916953355713388730476521044584
62 218 -2619916953355713388730476521044584
218 86 19381289647115229374136297688177176
86 218 19381289647115229374136297688177176
218 110 783288442562122780694795246863137
110 218 783288442562122780694795246863137
218 134 5287722577625623165036687300840
134 218 5287722577625623165036687300840
218 158 -28455892266348994597459857384
158 218 -28455892266348994597459857384
218 182 -6224707689506502003114835
182 218 -6224707689506502003114835
218 206 120927696751349081324
206 218 120927696751349081324
217 1 -140463968
1 217 -140463968
217 25 126909575040765393795149745518196
25 217 126909575040765393795149745518196
217 49 -105853721824845246580772119932914956
49 217 -105853721824845246580772119932914956
217 73 -43734818041601231164455687364156831
73 217 -43734818041601231164455687364156831
217 97 -50138839414724577829741834691183292
97 217 -50138839414724577829741834691183292
217 121 -642742487617797600012296722100307
121 217 -642742487617797600012296722100307
217 145 -3209410607810184211709309664529
145 217 -3209410607810184211709309664529
217 169 5758263096193379510836344307
169 217 5758263096193379510836344307
217 193 -44775361557436270083091
193 217 -44775361557436270083091
217 217 9565932933788510
216 12 62201223684730178042622371
12 216 62201223684730178042622371
216 36 172387709550606580104731065618936724
36 216 172387709550606580104731065618936724
216 60 647248327448379792467935060172678676
60 216 647248327448379792467935060172678676
216 84 426535710470646043329797455125586244
84 216 426535710470646043329797455125586244
216 108 61185160681819042187342361549286612
108 216 61185160681819042187342361549286612
216 132 282145674810241936735932652544001
132 216 282145674810241936735932652544001
216 156 2076375954190418596272113890113
156 216 2076375954190418596272113890113
216 180 315601816090834575223448189
180 216 315601816090834575223448189
216 204 10666430381467251977871
204 216 10666430381467251977871
215 23 -3506664512074155303738197072953906
23 215 -3506664512074155303738197072953906
215 47 -5189310173288042221102155375749731940
47 215 -5189310173288042221102155375749731940
215 71 1618600099113774580619910556099219292
71 215 1618600099113774580619910556099219292
215 95 -878453458066406438794418851423014264
95 215 -878453458066406438794418851423014264
215 119 -42837081474752517174779583851918590
119 215 -42837081474752517174779583851918590
215 143 -71248832222034851741700313673184
143 215 -71248832222034851741700313673184
215 167 -548723989369122512600906134641
167 215 -548723989369122512600906134641
215 191 1854135926529279553626210
191 215 1854135926529279553626210
215 215 -619285187041320580
214 10 55763770715458619033798784
10 214 55763770715458619033798784
214 34 1961547592742207938097788923621817942
34 214 1961547592742207938097788923621817942
214 58 71152474752480422538404509057456738336
58 214 71152474752480422538404509057456738336
214 82 -6979964988458552904920127851994956690
82 214 -6979964988458552904920127851994956690
214 106 837446779421978250323319973955767923
106 214 837446779421978250323319973955767923
214 130 18880876204646498843578049189515915
130 214 18880876204646498843578049189515915
214 154 -16216716746997547835563565318984
154 214 -16216716746997547835563565318984
214 178 9604666530196838303984726592
178 214 9604666530196838303984726592
214 202 543797815398795707504616
202 214 543797815398795707504616
213 21 36438053071138698730745776555140722
21 213 36438053071138698730745776555140722
213 45 -101961014490841948024324148012524743564
45 213 -101961014490841948024324148012524743564
213 69 -8391653790250498735772274797986679512
69 213 -8391653790250498735772274797986679512
213 93 8147932353498461492748596522739896594
93 213 8147932353498461492748596522739896594
213 117 -396606413574455017762449536091474917
117 213 -396606413574455017762449536091474917
213 141 -4992968254667795113780881273931715
141 213 -4992968254667795113780881273931715
213 165 11822342580849617701027357041566
165 213 11822342580849617701027357041566
213 189 -788214888909761162908784671
189 213 -788214888909761162908784671
213 213 -73512267048891141179
212 8 9205636477838541383913088
8 212 9205636477838541383913088
212 32 13394423621871871763403544478549891046
32 212 13394423621871871763403544478549891046
212 56 2673723752288574505602333070467391567796
56 212 2673723752288574505602333070467391567796
212 80 -236161547005516174622602758841792456592
80 212 -236161547005516174622602758841792456592
212 104 -5228424718130902394726465646758416293
104 212 -5228424718130902394726465646758416293
212 128 73251145016970300312134185698431903
128 212 73251145016970300312134185698431903
212 152 1087978093493038550687290349081152
152 212 1087978093493038550687290349081152
212 176 186567508872448589797186471258
176 212 186567508872448589797186471258
212 200 14966219317369797461086410
200 212 14966219317369797461086410
211 19 -161566141913154529761714263005025688
19 211 -161566141913154529761714263005025688
211 43 -1064013737178319926922120024432210916336
43 211 -1064013737178319926922120024432210916336
211 67 -2931887581958553601928681478858973268794
67 211 -2931887581958553601928681478858973268794
211 91 299791423435294006474852096158443258899
91 211 299791423435294006474852096158443258899
211 115 1934105366562100469421947202842868598
115 211 1934105366562100469421947202842868598
211 139 -813559233461698847179827572999264
139 211 -813559233461698847179827572999264
211 163 -311332908453254958831095823923757
163 211 -311332908453254958831095823923757
211 187 -22953587041191052015722744811
187 211 -22953587041191052015722744811
211 211 -2865961033234310694581
210 6 207656387028362228725696
6 210 207656387028362228725696
210 30 52902248616177572677714635109044340815
30 210 52902248616177572677714635109044340815
210 54 56767642480408356248684724768027270556032
54 210 56767642480408356248684724768027270556032
210 78 -1080815174269689001603245693816729233096
78 210 -1080815174269689001603245693816729233096
210 102 -143007343434382000827380792456971224550
102 210 -143007343434382000827380792456971224550
210 126 13831222480338072540201785278409575
126 210 13831222480338072540201785278409575
210 150 269619166454406753374792914468330
150 210 269619166454406753374792914468330
210 174 -801492131753321721500237123705
174 210 -801492131753321721500237123705
210 198 279498176629286335038032164
198 210 279498176629286335038032164
209 17 323132283826309059523428526010051376
17 209 323132283826309059523428526010051376
209 41 -7120369425374286518432894562077877471920
41 209 -7120369425374286518432894562077877471920
209 65 -77277901700961106028681292476898364933148
65 209 -77277901700961106028681292476898364933148
209 89 2401920063255158831193160698108527273752
89 209 2401920063255158831193160698108527273752
209 113 26260806418322626544488286692988703621
113 209 26260806418322626544488286692988703621
209 137 -375418754510038582932684485925547790
137 209 -375418754510038582932684485925547790
209 161 2372044228140296112188779380282328
161 209 2372044228140296112188779380282328
209 185 176547748694000163158833151329
185 209 176547748694000163158833151329
209 209 153567024471736850806545
208 4 307413763167111202304
4 208 307413763167111202304
208 28 231011062353626993157577741941062834536
28 208 231011062353626993157577741941062834536
208 52 775606551212862382649777363585587379285860
52 208 775606551212862382649777363585587379285860
208 76 24140025231929094499091239693873123022970
76 208 24140025231929094499091239693873123022970
208 100 -988452036596531370886584125484529084186
100 208 -988452036596531370886584125484529084186
208 124 2433247107526733028475057446196358599
124 208 2433247107526733028475057446196358599
208 148 64141508582541089712660796370524635
148 208 64141508582541089712660796370524635
208 172 224915350687802166940696675118787
172 208 224915350687802166940696675118787
208 196 1834773152992386970018612449
196 208 1834773152992386970018612449
207 15 -291504424569109589845966212441125776
15 207 -291504424569109589845966212441125776
207 39 -31865819691150982961268100085274713464944
39 207 -31865819691150982961268100085274713464944
207 63 -1012579180610034188661671110183682865670020
63 207 -1012579180610034188661671110183682865670020
207 87 7489721039278217579417427672126756553664
87 207 7489721039278217579417427672126756553664
207 111 99806620922885986992960649440530158628
111 207 99806620922885986992960649440530158628
207 135 925154201439396261721219734580738534
135 207 925154201439396261721219734580738534
207 159 -39022882982356271975823863746863545
159 207 -39022882982356271975823863746863545
207 183 -3768812725766926059088234708200
183 207 -3768812725766926059088234708200
207 207 9053353044619086436269992
206 2 6019705220487168
2 206 6019705220487168
206 26 653113744798609647075156709274434370592
26 206 653113744798609647075156709274434370592
206 50 7407846474093879360600031488452456398415104
50 206 7407846474093879360600031488452456398415104
206 74 405216288344198248950145996798049704524376
74 206 405216288344198248950145996798049704524376
206 98 -6423949240201161867256489932878774579992
98 206 -6423949240201161867256489932878774579992
206 122 -21731641146489436782424352827752927303
122 206 -21731641146489436782424352827752927303
206 146 277360332204009664635119520935134662
146 206 277360332204009664635119520935134662
206 170 -1453536220942374401676246979265912
170 206 -1453536220942374401676246979265912
206 194 -26341592351469581391012406285
194 206 -26341592351469581391012406285
205 13 112213264386372969719622306334524992
13 205 112213264386372969719622306334524992
205 37 -99717836970052852323899399133208103855168
37 205 -99717836970052852323899399133208103855168
205 61 -8079729960581227993539481878234072223994552
61 205 -8079729960581227993539481878234072223994552
205 85 4113077365793137885884626193447186895536
85 205 4113077365793137885884626193447186895536
205 109 1881226416583210401265538958178133059145
109 205 1881226416583210401265538958178133059145
205 133 -13109067600327254539434559637292898848
133 205 -13109067600327254539434559637292898848
205 157 234014244386816210752320634464578668
157 205 234014244386816210752320634464578668
205 181 -99265345556907625954183529947567
181 205 -99265345556907625954183529947567
205 205 224918351303649687994557459
204 24 1012349326471688490874118530672359532859
24 204 1012349326471688490874118530672359532859
204 48 52573291650625584028969487467523906109684844
48 204 52573291650625584028969487467523906109684844
204 72 3159310867120810663765092827578188195669554
72 204 3159310867120810663765092827578188195669554
204 96 -54212531854579041716999444881134460619136
96 204 -54212531854579041716999444881134460619136
204 120 -2119296880179050359718039337415907780
120 204 -2119296880179050359718039337415907780
204 144 -855819741333380879140372095073010249
144 204 -855819741333380879140372095073010249
204 168 24831274686792961255108298053312544
168 204 24831274686792961255108298053312544
204 192 1629816230330106340672769926474
192 204 1629816230330106340672769926474
203 11 -16244425605217970405779167426329088
11 203 -16244425605217970405779167426329088
203 35 -261387108862214415113233475470951680445949
35 203 -261387108862214415113233475470951680445949
203 59 -40889469828090470157238988928071976500495224
59 203 -40889469828090470157238988928071976500495224
203 83 -209000087860022991640163356246311296055292
83 203 -209000087860022991640163356246311296055292
203 107 16134836020243243767235182579270032050142
107 203 16134836020243243767235182579270032050142
203 131 -22098425556223082646985628664311370190
131 203 -22098425556223082646985628664311370190
203 155 -1941228127774385652626442497561135313
155 203 -1941228127774385652626442497561135313
203 179 1137956587091927492306017443328175
179 203 1137956587091927492306017443328175
203 203 -674530934258705526852233641
202 22 2612454979194438588300626837097737482368
22 202 2612454979194438588300626837097737482368
202 46 289932645659326980402529329239522991784939312
46 202 289932645659326980402529329239522991784939312
202 70 16004094189822070135112341301077646793267416
70 202 16004094189822070135112341301077646793267416
202 94 -246932377909146756891892916688779667425188
94 202 -246932377909146756891892916688779667425188
202 118 -2209496363856465850822969594124198760181
118 202 -2209496363856465850822969594124198760181
202 142 35757752088721482494375780215519008004
142 202 35757752088721482494375780215519008004
202 166 -160963579499823000921820149831718439
166 202 -160963579499823000921820149831718439
202 190 811935105687309020256635904303
190 202 811935105687309020256635904303
201 9 699744774529159466565856011852288
9 201 699744774529159466565856011852288
201 33 -609180750404391732097049655419779017462451
33 201 -609180750404391732097049655419779017462451
201 57 -114397921263506136189156153856512205355909936
57 201 -114397921263506136189156153856512205355909936
201 81 -4281685031455670761614355508021886417636480
81 201 -4281685031455670761614355508021886417636480
201 105 121728820440075463794257601175621757004954
105 201 121728820440075463794257601175621757004954
201 129 -610241633257054904507535074093948302604
129 201 -610241633257054904507535074093948302604
201 153 9030475391386336019400775595267998644
153 201 9030475391386336019400775595267998644
201 177 -15411572901484972032080387810735869
177 201 -15411572901484972032080387810735869
201 201 15695174533470235601892083355
200 20 3696176997658031890521243871057005352576
20 200 3696176997658031890521243871057005352576
200 44 1282485341655247454346237750708659057365747056
44 200 1282485341655247454346237750708659057365747056
200 68 53056413937277647945788786169865057732348668
68 200 53056413937277647945788786169865057732348668
200 92 -178106702497273343093100912049330848179008
92 200 -178106702497273343093100912049330848179008
200 116 -28173581117317371679920511023305441798157
116 200 -28173581117317371679920511023305441798157
200 140 174162471277523217248510235894519805282
140 200 174162471277523217248510235894519805282
200 164 844380262125936634378295369285961417
164 200 844380262125936634378295369285961417
200 188 -23781583433870903223664716193781
188 200 -23781583433870903223664716193781
199 7 -5922746457602812185183865133056
7 199 -5922746457602812185183865133056
199 31 -621249693121310878869415121540961082310524
31 199 -621249693121310878869415121540961082310524
199 55 45687852190394511879285465384538973929292112
55 199 45687852190394511879285465384538973929292112
199 79 -42244528786712274887995256786335826026861815
79 199 -42244528786712274887995256786335826026861815
199 103 796069641316386129348067789199596318683530
103 199 796069641316386129348067789199596318683530
199 127 -653459521770344420297309067392283420323
127 199 -653459521770344420297309067392283420323
199 151 -64708523768187365007503076423042727962
151 199 -64708523768187365007503076423042727962
199 175 113265543847229067865931261681052233
175 199 113265543847229067865931261681052233
199 199 129185132502115466893981205162
198 18 3385743911435364651373736646978837812160
18 198 3385743911435364651373736646978837812160
198 42 4655664034000253371784320799277428574693859576
42 198 4655664034000253371784320799277428574693859576
198 66 43502515959218398481905844497781474589816168
66 198 43502515959218398481905844497781474589816168
198 90 7390533423013304806764491938180991313997118
90 198 7390533423013304806764491938180991313997118
198 114 -289661154555385096425679066174657290010058
114 198 -289661154555385096425679066174657290010058
198 138 2829898058705220567368830913154076194532
138 198 2829898058705220567368830913154076194532
198 162 -7873879347730799056579894614291337238
162 198 -7873879347730799056579894614291337238
198 186 3008249971447447243170211169862191
186 198 3008249971447447243170211169862191
197 5 4699858992369623713064599552
5 197 4699858992369623713064599552
197 29 1242499386242621757738830243081922164621048
29 197 1242499386242621757738830243081922164621048
197 53 2269822376271508653576158191812972313152857960
53 197 2269822376271508653576158191812972313152857960
197 77 -245856017283165609229812184175795174030212788
77 197 -245856017283165609229812184175795174030212788
197 101 2911459570409993445401861596364714489994012
101 197 2911459570409993445401861596364714489994012
197 125 17931716822080800301197183320538514209791
125 197 17931716822080800301197183320538514209791
197 149 -52861650167833301913805554114012654869
149 197 -52861650167833301913805554114012654869
197 173 -451990613662390949544382014952385784
173 197 -451990613662390949544382014952385784
197 197 15565755809844702388836810590005
196 16 3428972447199199171431307386508772107776
16 196 3428972447199199171431307386508772107776
196 40 14109269446941960939804462188613709065434887488
40 196 14109269446941960939804462188613709065434887488
196 64 -880344782442605565642611591987272931089203204
64 196 -880344782442605565642611591987272931089203204
196 88 75387391982256491809635664166620102323845384
88 196 75387391982256491809635664166620102323845384
196 112 -1976676276823364925830940262567381367464710
112 196 -1976676276823364925830940262567381367464710
196 136 15044388287122825492724364234369030094846
136 196 15044388287122825492724364234369030094846
196 160 -7921067298544978410544253021202276703
160 196 -7921067298544978410544253021202276703
196 184 -16120236899097645735487891094623214
184 196 -16120236899097645735487891094623214
195 3 -82686848937031892500480
3 195 -82686848937031892500480
195 27 4873446003235133856776397243358232139699608
27 195 4873446003235133856776397243358232139699608
195 51 13078589505034761322093945858707009575898219560
51 195 13078589505034761322093945858707009575898219560
195 75 -1007314631936494091894156250212430040393221288
75 195 -1007314631936494091894156250212430040393221288
195 99 1615527391606335914310760360626880283458558
99 195 1615527391606335914310760360626880283458558
195 123 321000074206866933361578790543354084512671
123 195 321000074206866933361578790543354084512671
195 147 -3105607925531167512057201458832180239978
147 195 -3105607925531167512057201458832180239978
195 171 4907129163345096941604233000675965871
171 195 4907129163345096941604233000675965871
195 195 -164871053508180810265759230632026
194 14 2008624734968020928612135857788741572608
14 194 2008624734968020928612135857788741572608
194 38 36089551625852389738094299357367576608911165696
38 194 36089551625852389738094299357367576608911165696
194 62 -7478248189893890805027523979549752898152106368
62 194 -7478248189893890805027523979549752898152106368
194 86 384403611269008396864624642551960323740699056
86 194 384403611269008396864624642551960323740699056
194 110 -9339386053824944419280868003405878898311544
110 194 -9339386053824944419280868003405878898311544
194 134 91627293509569587312825374023132739433100
134 194 91627293509569587312825374023132739433100
194 158 -272831853808863100383954700905225302394
158 194 -272831853808863100383954700905225302394
194 182 294654515599251105221028624367809921
182 194 294654515599251105221028624367809921
193 1 118038299410432
1 193 118038299410432
193 25 8364387483590861283623471215070453774270368
25 193 8364387483590861283623471215070453774270368
193 49 46925135054114511473858608465393603137826824544
49 193 46925135054114511473858608465393603137826824544
193 73 -3798736939748199630773600590547742942952305988
73 193 -3798736939748199630773600590547742942952305988
193 97 -47967645749183308077997779609906698654621150
97 193 -47967645749183308077997779609906698654621150
193 121 2984648281909236529158550085404051154394520
121 193 2984648281909236529158550085404051154394520
193 145 -20280570899603278878540401307675029992281
145 193 -20280570899603278878540401307675029992281
193 169 11002585735866515082237904006148236973
169 193 11002585735866515082237904006148236973
193 193 2544915656970261655819125411118549
192 12 706100058319284552108978444775164821504
12 192 706100058319284552108978444775164821504
192 36 78315146080901485778538649092397276647582235209
36 192 78315146080901485778538649092397276647582235209
192 60 -36534755450413732906902960191783903724877713036
60 192 -36534755450413732906902960191783903724877713036
192 84 845066675534457157323154595742871947175257458
84 192 845066675534457157323154595742871947175257458
192 108 -19738872789028078399321442597535911416099724
108 192 -19738872789028078399321442597535911416099724
192 132 360440825657885240448171664935527244602660
132 192 360440825657885240448171664935527244602660
192 156 -1055322251036904394535567290691947027271
156 192 -1055322251036904394535567290691947027271
192 180 -359256934916566854236116269417055385
180 192 -359256934916566854236116269417055385
191 23 12763883132166765097459123089050637293461504
23 191 12763883132166765097459123089050637293461504
191 47 118643348932832533574745451808586416250850161360
47 191 118643348932832533574745451808586416250850161360
191 71 -15862423339838689088354371548467177542824365324
71 191 -15862423339838689088354371548467177542824365324
191 95 -369152368251238931510645177759859020640096052
95 191 -369152368251238931510645177759859020640096052
191 119 20376765541975346817259715743398950626247732
119 191 20376765541975346817259715743398950626247732
191 143 -163954789276283883790336777599533174674076
143 191 -163954789276283883790336777599533174674076
191 167 247352087681342783392368681463101058956
167 191 247352087681342783392368681463101058956
191 191 -10153792643175251304502827244090678
190 10 96083221201027777251122850325918121984
10 190 96083221201027777251122850325918121984
190 34 144358206503409558952377197429470306435644662784
34 190 144358206503409558952377197429470306435644662784
190 58 -125397008151050569614379616993074063996128219408
58 190 -125397008151050569614379616993074063996128219408
190 82 -2907953578356635802415582927528224561068308220
82 190 -2907953578356635802415582927528224561068308220
190 106 103223156891164066576416633371482973660742812
106 190 103223156891164066576416633371482973660742812
190 130 671068260313684621852205828463349005331387
130 190 671068260313684621852205828463349005331387
190 154 -6893430455982475946161165531200102559784
154 190 -6893430455982475946161165531200102559784
190 178 13713969364529100915720559655211534840
178 190 13713969364529100915720559655211534840
189 21 16315299681869303276169267243660653294051328
21 189 16315299681869303276169267243660653294051328
189 45 204209931246881240171978923178459345365054294832
45 189 204209931246881240171978923178459345365054294832
189 69 -71163108134343172447639331102421269727897293764
69 189 -71163108134343172447639331102421269727897293764
189 93 -1549848116895752945360388424262888492175021444
93 189 -1549848116895752945360388424262888492175021444
189 117 114906643893444792328237277139318183482133326
117 189 114906643893444792328237277139318183482133326
189 141 -1002514682041406173959986447082708309984108
141 189 -1002514682041406173959986447082708309984108
189 165 1411096860977775602516806188186778937641
165 189 1411096860977775602516806188186778937641
189 189 112025802249351066607269705545388865
188 8 2360700727636865312468834120101527552
8 188 2360700727636865312468834120101527552
188 32 225748311151071375036871395017819345046958199808
32 188 225748311151071375036871395017819345046958199808
188 56 -313769530659575154755753511862129061343948021840
56 188 -313769530659575154755753511862129061343948021840
188 80 -37201057202582121442915057006159463941807924692
80 188 -37201057202582121442915057006159463941807924692
188 104 1317614634519023793125139381295677764134113840
104 188 1317614634519023793125139381295677764134113840
188 128 -3923146329759240356021967342939900558646931
128 188 -3923146329759240356021967342939900558646931
188 152 -15673814160407686395565451777430707138486
152 188 -15673814160407686395565451777430707138486
188 176 41561305248840046097787106552964793861
176 188 41561305248840046097787106552964793861
187 19 14582516583166538789750568063135493062492160
19 187 14582516583166538789750568063135493062492160
187 43 162264219331444565613415977220952422738606420928
43 187 162264219331444565613415977220952422738606420928
187 67 -307080433812121747079174530728299862001900708688
67 187 -307080433812121747079174530728299862001900708688
187 91 -4336555141540239288895042951964225744876985428
91 187 -4336555141540239288895042951964225744876985428
187 115 555367732527203460793804672246861790576832839
115 187 555367732527203460793804672246861790576832839
187 139 -5838243917544241793785086924872109570544206
139 187 -5838243917544241793785086924872109570544206
187 163 12310118331227141122761585807185065723945
163 187 12310118331227141122761585807185065723945
187 187 130378855214933710192953845792882372
186 6 4915281579614647655825878482419712
6 186 4915281579614647655825878482419712
186 30 297962498176016215794196531153755428780407012864
30 186 297962498176016215794196531153755428780407012864
186 54 -541827114061716946839309673297122186760469647400
54 186 -541827114061716946839309673297122186760469647400
186 78 -209415469296284669382656776768547736378442220372
78 186 -209415469296284669382656776768547736378442220372
186 102 8682829508039823415530325057256653160330462814
102 186 8682829508039823415530325057256653160330462814
186 126 -53713720529172828427925248201375167855590042
126 186 -53713720529172828427925248201375167855590042
186 150 15159591751578607441624141381709830569904
150 186 15159591751578607441624141381709830569904
186 174 552838707611573299359838075635914063211
174 186 552838707611573299359838075635914063211
185 17 8716400534964796841346007240148671826624512
17 185 8716400534964796841346007240148671826624512
185 41 -324528438662889131226831954441904845477212841856
41 185 -324528438662889131226831954441904845477212841856
185 65 -1177338471465341485643034268848299904626359336720
65 185 -1177338471465341485643034268848299904626359336720
185 89 1661678611080653267750952072480798772942194856
89 185 1661678611080653267750952072480798772942194856
185 113 2237607730482169572899899501685260161986394344
113 185 2237607730482169572899899501685260161986394344
185 137 -28689658868513591956606832567312345248600752
137 185 -28689658868513591956606832567312345248600752
185 161 75698168396279559724696660180772656328542
161 185 75698168396279559724696660180772656328542
185 185 4400528431707846688893146533569761447
184 4 260939522655654978024367980544
4 184 260939522655654978024367980544
184 28 328316247463743348312636864181416718685631246336
28 184 328316247463743348312636864181416718685631246336
184 52 -452535326205449995218340639232106560328556515776
52 184 -452535326205449995218340639232106560328556515776
184 76 -829752302830234187551180307009109823832657871260
76 184 -829752302830234187551180307009109823832657871260
184 100 44942463637850975199955964874509707177305561976
100 184 44942463637850975199955964874509707177305561976
184 124 -398200788071930631827742497469553550576195312
124 184 -398200788071930631827742497469553550576195312
184 148 940406021212512717432941889837486978352874
148 184 940406021212512717432941889837486978352874
184 172 3273965589449593849179991079502082887187
172 184 3273965589449593849179991079502082887187
183 15 3341058522835908952861053682074410797105152
15 183 3341058522835908952861053682074410797105152
183 39 -1633679449975049921375831385427674762920434358656
39 183 -1633679449975049921375831385427674762920434358656
183 63 -3872855947637082966523839786164228890322030089808
63 183 -3872855947637082966523839786164228890322030089808
183 87 115036176974424971891634575051293354685797360920
87 183 115036176974424971891634575051293354685797360920
183 111 8063407873374851444799579820023104107724686064
111 183 8063407873374851444799579820023104107724686064
183 135 -131415880388267341307332774237261036233963396
135 183 -131415880388267341307332774237261036233963396
183 159 490744506924045501872378222641935950649130
159 183 490744506924045501872378222641935950649130
183 183 24355918150181408827206495008617356178
182 2 16011969360149086208000
2 182 16011969360149086208000
182 26 296891029155150827932190033141271543587777855488
26 182 296891029155150827932190033141271543587777855488
182 50 532461798670094952945842510305855400127097773312
50 182 532461798670094952945842510305855400127097773312
182 74 -2491843543494423615834258515785826252564404480704
74 182 -2491843543494423615834258515785826252564404480704
182 98 206692059865767736830317727343904099240962711728
98 182 206692059865767736830317727343904099240962711728
182 122 -2303403803252051091558247539403733169029450440
122 182 -2303403803252051091558247539403733169029450440
182 146 8985434092856525842296674529594953324378396
146 182 8985434092856525842296674529594953324378396
182 170 23582629912823028405646833890841388293660
170 182 23582629912823028405646833890841388293660
181 13 680173263033210270004301709410268864839680
13 181 680173263033210270004301709410268864839680
181 37 -3796587165850641074391854457874765320027205163520
37 181 -3796587165850641074391854457874765320027205163520
181 61 -10631596148480171279903475387753744824700579014848
61 181 -10631596148480171279903475387753744824700579014848
181 85 921357506810194628632134415281149641127774024784
85 181 921357506810194628632134415281149641127774024784
181 109 24313935892763209847795998087801530025606338544
109 181 24313935892763209847795998087801530025606338544
181 133 -522034049112140251552893881039032437473159404
133 181 -522034049112140251552893881039032437473159404
181 157 2793614890666040662334718125020942472557528
157 181 2793614890666040662334718125020942472557528
181 181 247237102031286650333360604865512417651
180 24 215340202600962392182659020666977919425269121024
24 180 215340202600962392182659020666977919425269121024
180 48 2303505786420613497115531454467887520841062982564
48 180 2303505786420613497115531454467887520841062982564
180 72 -5287814269153844014069759302151935536184700383092
72 180 -5287814269153844014069759302151935536184700383092
180 96 848210416775563586118080413380269805700728309402
96 180 848210416775563586118080413380269805700728309402
180 120 -11300799945745571500647204422779240055162087968
120 180 -11300799945745571500647204422779240055162087968
180 144 65844344094448331498081146801936178081425373
144 180 65844344094448331498081146801936178081425373
180 168 141305097138466942988574665479309757888795
168 180 141305097138466942988574665479309757888795
179 11 55497836108104464639339853215388116451328
11 179 55497836108104464639339853215388116451328
179 35 -6006417286926657468653901883570381201641833541632
35 179 -6006417286926657468653901883570381201641833541632
179 59 -23366664614150166688166259886236795170155888176708
59 179 -23366664614150166688166259886236795170155888176708
179 83 4973641803305014183039973774795124727381418034656
83 179 4973641803305014183039973774795124727381418034656
179 107 64636864015292612070013646450223462621658122016
107 179 64636864015292612070013646450223462621658122016
179 131 -1874753564716061389437609392638317523654471447
131 179 -1874753564716061389437609392638317523654471447
179 155 15445992491222410426444598814413450374808317
155 179 15445992491222410426444598814413450374808317
179 179 1538056473469160827806749414779772054326
178 22 121370156631554119444070915906805045631633063936
22 178 121370156631554119444070915906805045631633063936
178 46 2129847194680379811783370041223421600508391093248
46 178 2129847194680379811783370041223421600508391093248
178 70 -4863904068681089845871586321076222649348515208056
70 178 -4863904068681089845871586321076222649348515208056
178 94 3176429941416560638602506107805535066377063340060
94 178 3176429941416560638602506107805535066377063340060
178 118 -48889606232101101578754582986461056299701545198
118 178 -48889606232101101578754582986461056299701545198
178 142 398266079746590876029279947745888816820103406
142 178 398266079746590876029279947745888816820103406
178 166 854247522860741896965562246469256337056202
166 178 854247522860741896965562246469256337056202
177 9 -270339617789510401644271896006290833408
9 177 -270339617789510401644271896006290833408
177 33 -6696237826577797796912100279657988902859888414720
33 177 -6696237826577797796912100279657988902859888414720
177 57 -37408980670800384357749431811661830218655272714108
57 177 -37408980670800384357749431811661830218655272714108
177 81 21046454637072476862768594470122961839296724833612
81 177 21046454637072476862768594470122961839296724833612
177 105 122930641631360581238338647717706953511048239404
105 177 122930641631360581238338647717706953511048239404
177 129 -5622873030641134725810357826040224777409596148
129 177 -5622873030641134725810357826040224777409596148
177 153 78528064395171208672128868847211777377047671
153 177 78528064395171208672128868847211777377047671
177 177 11311972261724087263531862792755087257839
176 20 50830150940286149109335809299945054488878120960
20 176 50830150940286149109335809299945054488878120960
176 44 -7240565219287199923493450227713704965256904252416
44 176 -7240565219287199923493450227713704965256904252416
176 68 18823216450415645176765332148241520699707146708232
68 176 18823216450415645176765332148241520699707146708232
176 92 10540154125392155554174658500832532694120792471140
92 176 10540154125392155554174658500832532694120792471140
176 116 -190717386278600924809278466830810573597821399448
116 176 -190717386278600924809278466830810573597821399448
176 140 2152188334237850662503753377015185248992834710
140 176 2152188334237850662503753377015185248992834710
176 164 4637416104418662193476688134712654446680082
164 176 4637416104418662193476688134712654446680082
175 7 145611615059095294831287277160734130176
7 175 145611615059095294831287277160734130176
175 31 -4648596226604049722523971976832967297337053102080
31 175 -4648596226604049722523971976832967297337053102080
175 55 -28655388303800188445559504858739850074018408889264
55 175 -28655388303800188445559504858739850074018408889264
175 79 73668466804695884938999240486615970395063453157464
79 175 73668466804695884938999240486615970395063453157464
175 103 50473337510486110156590908204723944096701489971
103 175 50473337510486110156590908204723944096701489971
175 127 -13490450770185819056470319339879437498718716462
127 175 -13490450770185819056470319339879437498718716462
175 151 381669495942095533529147272787523515819881227
151 175 381669495942095533529147272787523515819881227
175 175 69301942281194183914606407838971351908734
174 18 14881296870384168140455208489589740812640452608
18 174 14881296870384168140455208489589740812640452608
174 42 -34676935299949884597715819091015819952670057433600
42 174 -34676935299949884597715819091015819952670057433600
174 66 124434183581502172932724965602639098578042127009972
66 174 124434183581502172932724965602639098578042127009972
174 90 31266115987897237362957637029535245837490084465204
90 174 31266115987897237362957637029535245837490084465204
174 114 -686599606100072314519185981718046151134159603880
114 174 -686599606100072314519185981718046151134159603880
174 138 10485251840596502817391313655797475699127220764
138 174 10485251840596502817391313655797475699127220764
174 162 24617422241032237297811654401790195984538529
162 174 24617422241032237297811654401790195984538529
173 5 -90735018810885344395925578877763584
5 173 -90735018810885344395925578877763584
173 29 -374274885143711841315106532430143274428760981504
29 173 -374274885143711841315106532430143274428760981504
173 53 57310776607600376891119009717479700148036817778528
53 173 57310776607600376891119009717479700148036817778528
173 77 219380651982887520593392212780482000753080059175668
77 173 219380651982887520593392212780482000753080059175668
173 101 -1216847377427624800862369086077342349189987397116
101 173 -1216847377427624800862369086077342349189987397116
173 125 -15173346967935258807471769318712735871490699957
125 173 -15173346967935258807471769318712735871490699957
173 149 1738974901439365990379591741309966202673967570
149 173 1738974901439365990379591741309966202673967570
173 173 419327074690326612063536355504383485854535
172 16 2803602557279744300786472001698415580593258496
16 172 2803602557279744300786472001698415580593258496
172 40 -80324999848851239617472899036705039704050693591040
40 172 -80324999848851239617472899036705039704050693591040
172 64 437431906016678585400882185776475006012565077618400
64 172 437431906016678585400882185776475006012565077618400
172 88 80866471744902410039897495498633687245727997903532
88 172 80866471744902410039897495498633687245727997903532
172 112 -2294060190092176125194126803556605782162240845538
112 172 -2294060190092176125194126803556605782162240845538
172 136 47100246472020964185439884787515361427806559364
136 172 47100246472020964185439884787515361427806559364
172 160 120699834704191746568229209024284006406416578
160 172 120699834704191746568229209024284006406416578
171 3 153619812092378978425837191168
3 171 153619812092378978425837191168
171 27 3748591083962569070646268849570191945102456782848
27 171 3748591083962569070646268849570191945102456782848
171 51 299271845366403074861995454493294641749242181712864
51 171 299271845366403074861995454493294641749242181712864
171 75 561930938749033989613165627980222308289007208881428
75 171 561930938749033989613165627980222308289007208881428
171 99 -8090849366460578540405143495151287247576898994808
99 171 -8090849366460578540405143495151287247576898994808
171 123 67002938446896418948008639353488888535322983262
123 171 67002938446896418948008639353488888535322983262
171 147 7528789449867025139749329027785840202502694198
147 171 7528789449867025139749329027785840202502694198
171 171 2315277019960322018499992043917167737429093
170 14 298435109464227646174520185957727027429638144
14 170 298435109464227646174520185957727027429638144
170 38 -128406536346675783285124727800907841532035296673792
38 170 -128406536346675783285124727800907841532035296673792
170 62 1168005630363329764775620536578553108791890547710336
62 170 1168005630363329764775620536578553108791890547710336
170 86 181046783553425790608243987594649205578158622304448
86 170 181046783553425790608243987594649205578158622304448
170 110 -7176874418581499874291088467080314704549289049688
110 170 -7176874418581499874291088467080314704549289049688
170 134 195371152412368439776493760986577478183373498032
134 170 195371152412368439776493760986577478183373498032
170 158 570542954730116394828409829954516921856814302
158 170 570542954730116394828409829954516921856814302
169 1 -1506458867465191424
1 169 -1506458867465191424
169 25 5359464589307474104449628756780250103872910000128
25 169 5359464589307474104449628756780250103872910000128
169 49 747733267652805334021320316359577445444988421654656
49 169 747733267652805334021320316359577445444988421654656
169 73 1238450516739362842800022909245522938084214007381680
73 169 1238450516739362842800022909245522938084214007381680
169 97 -36698326027862556676636084919705018627224552327660
97 169 -36698326027862556676636084919705018627224552327660
169 121 643037886045921057471499267981904506585792036239
121 169 643037886045921057471499267981904506585792036239
169 145 30844706799658414288620095071617616040465730692
145 169 30844706799658414288620095071617616040465730692
169 169 12334008320368832492159287967963920167902396
168 12 10859024995240196628269719578490027445846016
12 168 10859024995240196628269719578490027445846016
168 36 -149646358324894649986674524945546869657099112595456
36 168 -149646358324894649986674524945546869657099112595456
168 60 2556562671522147092321502475234277527191759484487212
60 168 2556562671522147092321502475234277527191759484487212
168 84 331770677783848666232499271784968081761248124583076
84 168 331770677783848666232499271784968081761248124583076
168 108 -20852327579018543190026941026134288219957283289598
108 168 -20852327579018543190026941026134288219957283289598
168 132 758570470873807000903291924491198809942022810220
132 168 758570470873807000903291924491198809942022810220
168 156 2536951589601135067322869458745072784167228579
156 168 2536951589601135067322869458745072784167228579
167 23 4236105461573210862276827874975585258173655678976
23 167 4236105461573210862276827874975585258173655678976
167 47 1360844307005461923827644849632479337561674113900544
47 167 1360844307005461923827644849632479337561674113900544
167 71 2284401887677238116432137679308238283597570032647432
71 167 2284401887677238116432137679308238283597570032647432
167 95 -134055782913001825035711523445716438720301467772548
95 167 -134055782913001825035711523445716438720301467772548
167 119 3364429607790236917040257071309899161047997597908
119 167 3364429607790236917040257071309899161047997597908
167 143 120234866434416681022128158297066583065455703940
143 167 120234866434416681022128158297066583065455703940
167 167 61109393103206549320260351746903031455695522
166 10 -175819650514042913427292681505974125592576
10 166 -175819650514042913427292681505974125592576
166 34 -122523618343221506949570952880943151483324110733312
34 166 -122523618343221506949570952880943151483324110733312
166 58 4672022521453319059102482146314212435167562190841344
58 166 4672022521453319059102482146314212435167562190841344
166 82 425036695034317264867473447217361528518542816727752
82 166 425036695034317264867473447217361528518542816727752
166 106 -56236837715603834276242884644850359782459155914664
106 166 -56236837715603834276242884644850359782459155914664
166 130 2757644122868604131695826164663747441075729390786
130 166 2757644122868604131695826164663747441075729390786
166 154 10792122109599873148045727043794688178105982954
154 166 10792122109599873148045727043794688178105982954
165 21 2123532453774694418820200892063930889105613783040
21 165 2123532453774694418820200892063930889105613783040
165 45 1982902245190186478860205970516085191844879405981696
45 165 1982902245190186478860205970516085191844879405981696
165 69 3253483311604538401741274960101268307063308786997752
69 165 3253483311604538401741274960101268307063308786997752
165 93 -427152209150248069947399675009990593042297425531756
93 165 -427152209150248069947399675009990593042297425531756
165 117 14305767168045868618288686267821069758656896711016
117 165 14305767168045868618288686267821069758656896711016
165 141 445808516990932424024692172956248862063722453472
141 165 445808516990932424024692172956248862063722453472
165 165 290320817246868628354645709861402843713873876
164 8 90031536199808363838802164838276127522816
8 164 90031536199808363838802164838276127522816
164 32 -57694275662158598349954193292477918811862021177344
32 164 -57694275662158598349954193292477918811862021177344
164 56 6998910496266857366414114972423600096201041241894400
56 164 6998910496266857366414114972423600096201041241894400
164 80 31305648960794817606855918538507819500659994582728
80 164 31305648960794817606855918538507819500659994582728
164 104 -139247455338654934443087821132631016891759832625580
104 164 -139247455338654934443087821132631016891759832625580
164 128 9459417395320566817999371703869810566145748924932
128 164 9459417395320566817999371703869810566145748924932
164 152 43645752619905788162642721985727840464165141506
152 164 43645752619905788162642721985727840464165141506
163 19 648254024431895941721044119522049439265124777984
19 163 648254024431895941721044119522049439265124777984
163 43 2411189189561019362596934182601318204674783921602560
43 163 2411189189561019362596934182601318204674783921602560
163 67 2347971552368387149651043656992402329740012348526944
67 163 2347971552368387149651043656992402329740012348526944
163 91 -1199802794972993939333764185954055110158456754830960
91 163 -1199802794972993939333764185954055110158456754830960
163 115 53130527877434480140522057092337907523337571687258
115 163 53130527877434480140522057092337907523337571687258
163 139 1578979494336410762994540983173685474235021470374
139 163 1578979494336410762994540983173685474235021470374
163 163 1297188986632982070194297548942122082688801688
162 6 882335050086017808721622094392292540416
6 162 882335050086017808721622094392292540416
162 30 11403923543613347851640725700026426874872769544192
30 162 11403923543613347851640725700026426874872769544192
162 54 7963787749216139067694397798568902308994696128638208
54 162 7963787749216139067694397798568902308994696128638208
162 78 -2051667613093187323069026092594768899552505100670764
78 162 -2051667613093187323069026092594768899552505100670764
162 102 -312548028749656056458069704955918066830067667338840
102 162 -312548028749656056458069704955918066830067667338840
162 126 30609747664194360231209191266178154722805010043156
126 162 30609747664194360231209191266178154722805010043156
162 150 168729684267247108825058068999905383476947902040
150 162 168729684267247108825058068999905383476947902040
161 17 98377822500472713654271011532032856137565995008
17 161 98377822500472713654271011532032856137565995008
161 41 2515602913788901352072597755726232469519570605572096
41 161 2515602913788901352072597755726232469519570605572096
161 65 -4695943104736774299302087313984804659480024697053888
65 161 -4695943104736774299302087313984804659480024697053888
161 89 -3038180968772496243826153342510722074906766049090224
89 161 -3038180968772496243826153342510722074906766049090224
161 113 179364164221693769753283000426693183369248461578332
113 161 179364164221693769753283000426693183369248461578332
161 137 5336223067589178663407406383509657047019452678272
137 161 5336223067589178663407406383509657047019452678272
161 161 5560361676770958663195547854785310495333290726
160 4 92879033824370342161301262366146560
4 160 92879033824370342161301262366146560
160 28 55633682300694846972403422246852422776755236896768
28 160 55633682300694846972403422246852422776755236896768
160 52 4818743411306405165251925029949829299125029557307392
52 160 4818743411306405165251925029949829299125029557307392
160 76 -8205653439535309439792805595061759426393581985894944
76 160 -8205653439535309439792805595061759426393581985894944
160 100 -621050736052759693915233814656650841084683946111116
100 160 -621050736052759693915233814656650841084683946111116
160 124 93802903808862881073123800197659637939133352932802
124 160 93802903808862881073123800197659637939133352932802
160 148 622855070902942405601971403656635134243431615232
148 160 622855070902942405601971403656635134243431615232
159 15 1126308705890010491182227048777431098364788736
15 159 1126308705890010491182227048777431098364788736
159 39 2331872727346157074764245601564140166443738522058752
39 159 2331872727346157074764245601564140166443738522058752
159 63 -26027866492836307213930199680810146456506470295982016
63 159 -26027866492836307213930199680810146456506470295982016
159 87 -6858193631258958514078249903229167749087271647842928
87 159 -6858193631258958514078249903229167749087271647842928
159 111 556105239636815784801193444509628265144576991765828
111 159 556105239636815784801193444509628265144576991765828
159 135 17284128672854649413977759685598168016713875538384
135 159 17284128672854649413977759685598168016713875538384
159 159 22545869500834450043831834030093394819254000144
158 2 800500693724666767574302720
2 158 800500693724666767574302720
158 26 67126036276747468055982233568475178255588695998464
26 158 67126036276747468055982233568475178255588695998464
158 50 -4980637766329436002172504392782051992932879573049344
50 158 -4980637766329436002172504392782051992932879573049344
158 74 -22703790308119589142682300225111526992107905580096128
74 158 -22703790308119589142682300225111526992107905580096128
158 98 -1017181826573036926337191244405078816545426390181760
98 158 -1017181826573036926337191244405078816545426390181760
158 122 272347342165287313482029487870232400915400801244520
122 158 272347342165287313482029487870232400915400801244520
158 146 2199836588049621888439395854172073981052096541328
146 158 2199836588049621888439395854172073981052096541328
157 13 -868979311374502550859828905611415023784034304
13 157 -868979311374502550859828905611415023784034304
157 37 2079119551999336656188784187600689894893075211747328
37 157 2079119551999336656188784187600689894893075211747328
157 61 -73100860405671619725828405737863625075122241044717824
61 157 -73100860405671619725828405737863625075122241044717824
157 85 -13769046630832904218545745405433823870291077308877888
85 157 -13769046630832904218545745405433823870291077308877888
157 109 1606033802022579902987988451254696117681344287979320
109 157 1606033802022579902987988451254696117681344287979320
157 133 53568850851293985931992967224612686831883936514912
133 157 53568850851293985931992967224612686831883936514912
157 157 87673396056474162644526017841889616739330811654
156 24 53004440828833138601090335628330020247398372081664
24 156 53004440828833138601090335628330020247398372081664
156 48 -21658887246454145081629734101614327956212532769144832
48 156 -21658887246454145081629734101614327956212532769144832
156 72 -49617252113271457862181219699553505029033928506366788
72 156 -49617252113271457862181219699553505029033928506366788
156 96 -1107569857741195887773578396881798983907032229282468
96 156 -1107569857741195887773578396881798983907032229282468
156 120 750298248100702923190338638225300166383841697479000
120 156 750298248100702923190338638225300166383841697479000
156 144 7436501097676360478951744154756194823845822172284
144 156 7436501097676360478951744154756194823845822172284
155 11 93919806592594027662336587435127015879999488
11 155 93919806592594027662336587435127015879999488
155 35 1991632192666704088019029506417095052074578601836544
35 155 1991632192666704088019029506417095052074578601836544
155 59 -158521666142638443878402932383426936074779392944855040
59 155 -158521666142638443878402932383426936074779392944855040
155 83 -23630574214679826111464679037664506326446055820433940
83 155 -23630574214679826111464679037664506326446055820433940
155 107 4315901559947544540814540506738416941868147552462584
107 155 4315901559947544540814540506738416941868147552462584
155 131 159495497968582508315466313453486362115518428652542
131 155 159495497968582508315466313453486362115518428652542
155 155 324467587983836616877460586235173961674447410260
154 22 27193604785075585477833490479264753086166533668864
22 154 27193604785075585477833490479264753086166533668864
154 46 -40826364616612636521828491522634977322015203011854336
46 154 -40826364616612636521828491522634977322015203011854336
154 70 -90815161232478356570729200900446107968431622320384512
70 154 -90815161232478356570729200900446107968431622320384512
154 94 630406935250522923300667411720832370007609185367312
94 154 630406935250522923300667411720832370007609185367312
154 118 1962349102326468354477847159358780369060659198353200
118 154 1962349102326468354477847159358780369060659198353200
154 142 24086903851494754756033943858208064342059811743816
142 154 24086903851494754756033943858208064342059811743816
153 9 28651472622617119798581694239456340987609088
9 153 28651472622617119798581694239456340987609088
153 33 2112491894994882457804013568445498084070724810571776
33 153 2112491894994882457804013568445498084070724810571776
153 57 -287708640639505402681940801525873821843971690947291136
57 153 -287708640639505402681940801525873821843971690947291136
153 81 -32142935487043297267258745088740558601789860362243756
81 153 -32142935487043297267258745088740558601789860362243756
153 105 10877268862980338359402868846825685364098097454081136
105 153 10877268862980338359402868846825685364098097454081136
153 129 455488390950631341735291711766350014586611953716822
129 153 455488390950631341735291711766350014586611953716822
153 153 1151927842629345391710636086301952402506572483116
152 20 6480038680984392241530648512830132184815050424320
20 152 6480038680984392241530648512830132184815050424320
152 44 -54378646918282227715354152600149021414697066250895360
44 152 -54378646918282227715354152600149021414697066250895360
152 68 -131290455032564951036684889520988150822297311774319104
68 152 -131290455032564951036684889520988150822297311774319104
152 92 8163883431133421936246405126258150018069458508693840
92 152 8163883431133421936246405126258150018069458508693840
152 116 4874374803756070686342043477340607316174850932433660
116 152 4874374803756070686342043477340607316174850932433660
152 140 74766832793865913149512298037839765748127579485680
140 152 74766832793865913149512298037839765748127579485680
151 7 509152698789185939830677387994125993771008
7 151 509152698789185939830677387994125993771008
151 31 2062389753429701294910076326674548803231235235119104
31 151 2062389753429701294910076326674548803231235235119104
151 55 -449291575260953642175267251774427137542307961191768064
55 151 -449291575260953642175267251774427137542307961191768064
151 79 -22547876985115021864833238601889148182098261256295280
79 151 -22547876985115021864833238601889148182098261256295280
151 103 25532372323501655054340193015335369139402236489233968
103 151 25532372323501655054340193015335369139402236489233968
151 127 1251048615137996396380005652295572591015026775164817
127 151 1251048615137996396380005652295572591015026775164817
151 151 3909344138638940976560935110146806057572078105756
150 18 -1160516456627213736494207955598920368458620207104
18 150 -1160516456627213736494207955598920368458620207104
150 42 -54897008783205248370647178089214177805190357417197568
42 150 -54897008783205248370647178089214177805190357417197568
150 66 -131306727237963988676417669926065209571360326442928896
66 150 -131306727237963988676417669926065209571360326442928896
150 90 31139207928347478643701789185396094623072781672234792
90 150 31139207928347478643701789185396094623072781672234792
150 114 11499411124617249482494613901052163201913878907131120
114 150 11499411124617249482494613901052163201913878907131120
150 138 222540017960483641985685305895901925786345243201460
138 150 222540017960483641985685305895901925786345243201460
149 5 1314775599516000634485174516225681653760
5 149 1314775599516000634485174516225681653760
149 29 1417491168545779531294544460159644003582164944814080
29 149 1417491168545779531294544460159644003582164944814080
149 53 -603492080064068689420281778066358029476359808265945088
53 149 -603492080064068689420281778066358029476359808265945088
149 77 45095753970230043729666477203778296364196522512590560
77 149 45095753970230043729666477203778296364196522512590560
149 101 55967777444350537065795973098438883386776357059610072
101 149 55967777444350537065795973098438883386776357059610072
149 125 3300245941265212205642644359178923914329387470670124
125 149 3300245941265212205642644359178923914329387470670124
149 149 12737917517494596073644932891310405261027262922872
148 16 -1014306120961458701603103991624873439082139615232
16 148 -1014306120961458701603103991624873439082139615232
148 40 -39008135757254750574126098815290666062245186441838592
40 148 -39008135757254750574126098815290666062245186441838592
148 64 8014246133963473307355115145858001792168958613178368
64 148 8014246133963473307355115145858001792168958613178368
148 88 87893349791939414631361095357207859706130305895170496
88 148 87893349791939414631361095357207859706130305895170496
148 112 25779851264578773065464579596349076470807091389711916
112 148 25779851264578773065464579596349076470807091389711916
148 136 635133669688391458973443916979508862757060689109120
136 148 635133669688391458973443916979508862757060689109120
147 3 -4797836064497131268604286923177984
3 147 -4797836064497131268604286923177984
147 27 574678036933588662339908408470983369249227475517440
27 147 574678036933588662339908408470983369249227475517440
147 51 -689650225547590921839201303596989213550075079347798016
51 147 -689650225547590921839201303596989213550075079347798016
147 75 257143483896346378138069960709924468814318882897950048
75 147 257143483896346378138069960709924468814318882897950048
147 99 113050612674882917601674112413248946330853467553796888
99 147 113050612674882917601674112413248946330853467553796888
147 123 8371777198848614318909696643989625982962529718468408
123 147 8371777198848614318909696643989625982962529718468408
147 147 39795824667615314916961655142128359745501963581844
146 14 -119914885410618008712470986465828269361945640960
14 146 -119914885410618008712470986465828269361945640960
146 38 -12196841325515550972614889135263342389387049440378880
38 146 -12196841325515550972614889135263342389387049440378880
146 62 435237575715140879224292809950578205202987844329218048
62 146 435237575715140879224292809950578205202987844329218048
146 86 212205834838213182082491870695665522853512251621139200
86 146 212205834838213182082491870695665522853512251621139200
146 110 54892891045406059630333861882306922600307967734420480
110 146 54892891045406059630333861882306922600307967734420480
146 134 1738624536943296163854091608477114774227984218947232
134 146 1738624536943296163854091608477114774227984218947232
145 1 3308646979618469838848
1 145 3308646979618469838848
145 25 112206067777490671862822876896938042149106618466304
25 145 112206067777490671862822876896938042149106618466304
145 49 -651905178442794818999415442609946588267337224638431232
49 145 -651905178442794818999415442609946588267337224638431232
145 73 756178374869754435566869729205264202446273786253886080
73 145 756178374869754435566869729205264202446273786253886080
145 97 208150010174419302671023504680710140733357440677638560
97 145 208150010174419302671023504680710140733357440677638560
145 121 20385618754037700659027407405845309704402284931419196
121 145 20385618754037700659027407405845309704402284931419196
145 145 119527829307880706089855317802680081734866008430556
144 12 29311310832760792385492464193094727852919619584
12 144 29311310832760792385492464193094727852919619584
144 36 14177866149843503171156546454170843118099884228476928
36 144 14177866149843503171156546454170843118099884228476928
144 60 1358932696202644136888317017231229262894072318292279296
60 144 1358932696202644136888317017231229262894072318292279296
144 84 448512694629330428461014039242229672424890426046388308
84 144 448512694629330428461014039242229672424890426046388308
144 108 111237446839895197125731831789079846668830540628555716
108 144 111237446839895197125731831789079846668830540628555716
144 132 4563715632226745446421767666103773692368380813516884
132 144 4563715632226745446421767666103773692368380813516884
143 23 -8832766385999678160546524765020318609763444195328
23 143 -8832766385999678160546524765020318609763444195328
143 47 -483056684530503321456284488318923383047598387905953792
47 143 -483056684530503321456284488318923383047598387905953792
143 71 1762437968746611739973855411895529455397257895536369664
71 143 1762437968746611739973855411895529455397257895536369664
143 95 336721693313592804285094251649191479361354954219668912
95 143 336721693313592804285094251649191479361354954219668912
143 119 47630224944231459669623443645460145421730036864649716
119 143 47630224944231459669623443645460145421730036864649716
143 143 344917590450556113595586660655317100814275853457928
142 10 5327488332074450617949052596303448113512710144
10 142 5327488332074450617949052596303448113512710144
142 34 25796889669760751920046121548068118299310544214032384
34 142 25796889669760751920046121548068118299310544214032384
142 58 2966270501739328153325469492750732584192550867836076032
58 142 2966270501739328153325469492750732584192550867836076032
142 82 848823339352852728329967482782662091414049006484556800
82 142 848823339352852728329967482782662091414049006484556800
142 106 214736032826484451471930310829989242230885658326749648
106 142 214736032826484451471930310829989242230885658326749648
142 130 11486943795919159652325830069210786989550390737563692
130 142 11486943795919159652325830069210786989550390737563692
141 21 -64336213839726151897540269168459660329081097945088
21 141 -64336213839726151897540269168459660329081097945088
141 45 -241248348614269278652485232337969961366029307048099840
45 141 -241248348614269278652485232337969961366029307048099840
141 69 3511395139204586759208063950453333887532683083695579136
69 141 3511395139204586759208063950453333887532683083695579136
141 93 438933267065593642353535449549637918819832680013753424
93 141 438933267065593642353535449549637918819832680013753424
141 117 106431376677311015567961551543525160881067798795309756
117 141 106431376677311015567961551543525160881067798795309756
141 141 957988386683149128480611316654091878686802889671144
140 8 133865049055407017236132333573329389969473536
8 140 133865049055407017236132333573329389969473536
140 32 20236648943407765287879814704429527146068095327535104
32 140 20236648943407765287879814704429527146068095327535104
140 56 5299665092273924344374722264998457327336030070605873152
56 140 5299665092273924344374722264998457327336030070605873152
140 80 1406293596671030634101777525715325755298084894322727936
80 140 1406293596671030634101777525715325755298084894322727936
140 104 397873980583491550464620495327024235838623475641108112
104 140 397873980583491550464620495327024235838623475641108112
140 128 27715706770579876918756326304536476041183771714872620
128 140 27715706770579876918756326304536476041183771714872620
139 19 -82529344954297267866081678857989229595911033716736
19 139 -82529344954297267866081678857989229595911033716736
139 43 -13939170490340056647081778562829008433093079306600448
43 139 -13939170490340056647081778562829008433093079306600448
139 67 6222194624046072307355962045461958809409056868536778752
67 139 6222194624046072307355962045461958809409056868536778752
139 91 305221129393785296236289742282501994538256835161424448
91 139 305221129393785296236289742282501994538256835161424448
139 115 226846466287112993254856860688803284727958576358135216
115 139 226846466287112993254856860688803284727958576358135216
139 139 2559288565787193176414907674979974665942616301021288
138 6 649133165612431117613328380616408054104064
6 138 649133165612431117613328380616408054104064
138 30 7935524837959269479483273112135752855619422212063232
30 138 7935524837959269479483273112135752855619422212063232
138 54 8196224709531333391275166801470487484823000702046437376
54 138 8196224709531333391275166801470487484823000702046437376
138 78 1992909307414238633196914507865350055876658027023026688
78 138 1992909307414238633196914507865350055876658027023026688
138 102 714659990538391218314789490815612199783837888557023368
102 138 714659990538391218314789490815612199783837888557023368
138 126 64109499434508987967872074373261831782044551767035428
126 138 64109499434508987967872074373261831782044551767035428
137 17 -41203019496828023358537663982001952999771710947328
17 137 -41203019496828023358537663982001952999771710947328
137 41 145510644611062334482957073868762879189124155908816896
41 137 145510644611062334482957073868762879189124155908816896
137 65 9828784496418766351022196211335619462418077735575224320
65 137 9828784496418766351022196211335619462418077735575224320
137 89 -610442258787570592472579484565003989076513670322848896
89 137 -610442258787570592472579484565003989076513670322848896
137 113 458024542825073911900476265746652020622306462554055792
113 137 458024542825073911900476265746652020622306462554055792
137 137 6584120197130903894950791669300832827736506456307248
136 4 318666976000073053082677059204528734208
4 136 318666976000073053082677059204528734208
136 28 -764962462424190537757455900479648331612780513722368
28 136 -764962462424190537757455900479648331612780513722368
136 52 11052152652187204902374246712168973802270404086218096640
52 136 11052152652187204902374246712168973802270404086218096640
136 76 2089954158370156015679079712322086404625781378225623040
76 136 2089954158370156015679079712322086404625781378225623040
136 100 1274117393183814231546960100055452722020740662713886400
100 136 1274117393183814231546960100055452722020740662713886400
136 124 142171120321312331663672401310771986752943583945455156
124 136 142171120321312331663672401310771986752943583945455156
135 15 -4479373182501914022101832091528598551763429097472
15 135 -4479373182501914022101832091528598551763429097472
135 39 208017092994826373175579475502064968137077156564959232
39 135 208017092994826373175579475502064968137077156564959232
135 63 13996923589435328756036392550727371752810002039824580608
63 135 13996923589435328756036392550727371752810002039824580608
135 87 -3511466136524749138828283596397103350558661440110027392
87 135 -3511466136524749138828283596397103350558661440110027392
135 111 868695305797078451027350135661216758300245282473691440
111 135 868695305797078451027350135661216758300245282473691440
135 135 16294805476920137514890675033423020236527486622759504
134 2 3868861287386830246526513577984
2 134 3868861287386830246526513577984
134 26 -4242265949773192720460570738849445126963755946606592
26 134 -4242265949773192720460570738849445126963755946606592
134 50 13322912809003245952733045777993186951045582275467018240
50 134 13322912809003245952733045777993186951045582275467018240
134 74 645536701696535473459883429602132346887791805816127488
74 134 645536701696535473459883429602132346887791805816127488
134 98 2322816454307812264438859237395343101872560879690278656
98 134 2322816454307812264438859237395343101872560879690278656
134 122 302528298841214811667900070288847044661974160777744320
122 134 302528298841214811667900070288847044661974160777744320
133 13 1931739583208101402043317572704117414718213193728
13 133 1931739583208101402043317572704117414718213193728
133 37 198187168610002490290025614292337629402475191204839424
37 133 198187168610002490290025614292337629402475191204839424
133 61 17570959577972975211080780801076945055947353983883411456
61 133 17570959577972975211080780801076945055947353983883411456
133 85 -10775094186034969737123016052774127339563358535029405184
85 133 -10775094186034969737123016052774127339563358535029405184
133 109 1520011163118285663863179917586803202240868046576785728
109 133 1520011163118285663863179917586803202240868046576785728
133 133 38800228918315200192739409066367076975707900177337952
132 24 -3725456821580403392344516848234033851804624508420096
24 132 -3725456821580403392344516848234033851804624508420096
132 48 14230609375693653806037636600650076668519150204152184832
48 132 14230609375693653806037636600650076668519150204152184832
132 72 -4536606137307938356320577113627848638083204011140988928
72 132 -4536606137307938356320577113627848638083204011140988928
132 96 4484780154536616683145834355495704608560801993865363646
96 132 4484780154536616683145834355495704608560801993865363646
132 120 618667386607503288117695888393220237085266374949575740
120 132 618667386607503288117695888393220237085266374949575740
131 11 441025895517466301698350768377181181299954548736
11 131 441025895517466301698350768377181181299954548736
131 35 103009734879427863452046540292582454166462519259955200
35 131 103009734879427863452046540292582454166462519259955200
131 59 19240491956496004114880179690382304806030306090764206080
59 131 19240491956496004114880179690382304806030306090764206080
131 83 -26643201302325670741891008599130898013869752406737735680
83 131 -26643201302325670741891008599130898013869752406737735680
131 107 2372595028281957472160562337019515159721070797825121242
107 131 2372595028281957472160562337019515159721070797825121242
131 131 88719316148210920818903645545665800243373823560096808
130 22 -1765801721460994475588410720349924605031793660264448
22 130 -1765801721460994475588410720349924605031793660264448
130 46 13870869335411665306533583441111141425004269850425556992
46 130 13870869335411665306533583441111141425004269850425556992
130 70 -16665507046572637001108541348332811330280265976737955840
70 130 -16665507046572637001108541348332811330280265976737955840
130 94 9291265817231249057755436949581372407490243518761114624
94 130 9291265817231249057755436949581372407490243518761114624
130 118 1220292052097085551171760517122938081579060339247902948
118 130 1220292052097085551171760517122938081579060339247902948
129 9 15178030856013664735156567891169496538342752256
9 129 15178030856013664735156567891169496538342752256
129 33 -13877274625482795316709948259571233751923432762638336
33 129 -13877274625482795316709948259571233751923432762638336
129 57 16967740930571535207167727491143512353830388880759586816
57 129 16967740930571535207167727491143512353830388880759586816
129 81 -57881913689540053812057145555583460521396975387544006656
81 129 -57881913689540053812057145555583460521396975387544006656
129 105 3019592311556124750603879475583788967493504274159759238
105 129 3019592311556124750603879475583788967493504274159759238
129 129 194498804879770455453799354493630292989041200800949126
128 20 -1086814507736754530558956888091856018058163399950336
20 128 -1086814507736754530558956888091856018058163399950336
128 44 12064150720389945387844870611008996022566491380363821056
44 128 12064150720389945387844870611008996022566491380363821056
128 68 -40701181037953659300428763277338269521325847092338098176
68 128 -40701181037953659300428763277338269521325847092338098176
128 92 20385878290941027704751361600887243552331850603422182400
92 128 20385878290941027704751361600887243552331850603422182400
128 116 2336042613494600672252079681090899109962750981237276036
116 128 2336042613494600672252079681090899109962750981237276036
127 7 140277819141640184285208377857048992729268224
7 127 140277819141640184285208377857048992729268224
127 31 -100036989108297049276602857071238409783212806206652416
31 127 -100036989108297049276602857071238409783212806206652416
127 55 10207655645068392825512476214421082649153921799346454528
55 127 10207655645068392825512476214421082649153921799346454528
127 79 -114622008206029899910750152905602833176117979258081427456
79 127 -114622008206029899910750152905602833176117979258081427456
127 103 2073478104134510779832616292339008767274687962730676600
103 127 2073478104134510779832616292339008767274687962730676600
127 127 407187723906177971374172572246976427370052289387759804
126 18 -628952947853835279897236935619845014175050052403200
18 126 -628952947853835279897236935619845014175050052403200
126 42 9323117193443702658829441154291663200508595584668532736
42 126 9323117193443702658829441154291663200508595584668532736
126 66 -81932590448549837264144224735964185711101258586872872960
66 126 -81932590448549837264144224735964185711101258586872872960
126 90 45738239394457037972146527412199180786165624867649495552
90 126 45738239394457037972146527412199180786165624867649495552
126 114 4386897654532520236531939632485249467713063402048987594
114 126 4386897654532520236531939632485249467713063402048987594
125 5 42203173537936141191430943452683520966656
5 125 42203173537936141191430943452683520966656
125 29 -109410978393354522062655262572905222564728163962716160
29 125 -109410978393354522062655262572905222564728163962716160
125 53 -1693604171308655470193838981173651660964571569530601472
53 125 -1693604171308655470193838981173651660964571569530601472
125 77 -209161194074125558205154861181627343989983121319804665856
77 125 -209161194074125558205154861181627343989983121319804665856
125 101 -4146956208269021559665232584678017534549375925461353200
101 125 -4146956208269021559665232584678017534549375925461353200
125 125 809869924552326417130789380673937228962434287593170466
124 16 -91979420360582119556375563544555054658308316069888
16 124 -91979420360582119556375563544555054658308316069888
124 40 5659111763990199881318343278106610103110420700740976640
40 124 5659111763990199881318343278106610103110420700740976640
124 64 -146011539729185436538595255131969701168293958255200174080
64 124 -146011539729185436538595255131969701168293958255200174080
124 88 101855739029373836918942846803718204374687609764123676672
88 124 101855739029373836918942846803718204374687609764123676672
124 112 8206452227348512064290103480634192815993657221762818288
112 124 8206452227348512064290103480634192815993657221762818288
123 3 9201172885810463115401944289861697536
3 123 9201172885810463115401944289861697536
123 27 -66921126754659896930351164115034444646699051518001152
27 123 -66921126754659896930351164115034444646699051518001152
123 51 -16499471421343430762569239791263012670054517591204954112
51 123 -16499471421343430762569239791263012670054517591204954112
123 75 -356426346102139727360913206372784058010766457375330664448
75 123 -356426346102139727360913206372784058010766457375330664448
123 99 -24156738492448998004831035804670311739948034193278073904
99 123 -24156738492448998004831035804670311739948034193278073904
123 123 1515391043646762693210653521774684330785948954274446578
122 14 58930078183553800089795964342822420149876264271872
14 122 58930078183553800089795964342822420149876264271872
122 38 1773360332149706789264304500803766363574879106428305408
38 122 1773360332149706789264304500803766363574879106428305408
122 62 -235874393377908024520182636037434443437007567489498873856
62 122 -235874393377908024520182636037434443437007567489498873856
122 86 219889697614320078307256638289908984044426914126591639552
86 122 219889697614320078307256638289908984044426914126591639552
122 110 15587380465568186002398017743228356312310314313189343936
110 122 15587380465568186002398017743228356312310314313189343936
121 1 -2460880867537804035358720
1 121 -2460880867537804035358720
121 25 -35480879633032973283958244105499502186614641743888384
25 121 -35480879633032973283958244105499502186614641743888384
121 49 -34701652132710126588890434222177032981487506918937198592
49 121 -34701652132710126588890434222177032981487506918937198592
121 73 -565693849265444558053643453299217785404541835996375810048
73 121 -565693849265444558053643453299217785404541835996375810048
121 97 -75923040905022639109137994784624485111074265530403879744
97 121 -75923040905022639109137994784624485111074265530403879744
121 121 2624167995301925145963290053792431048906575057811435448
120 12 17222091677952760085523971965556745218991138537472
12 120 17222091677952760085523971965556745218991138537472
120 36 -1356445009420478469612953992767328475483221799274020864
36 120 -1356445009420478469612953992767328475483221799274020864
120 60 -349844003895951167104411035414716598472478852522776199168
60 120 -349844003895951167104411035414716598472478852522776199168
120 84 455628582256210727426997583008071051955529894414564212736
84 120 455628582256210727426997583008071051955529894414564212736
120 108 30570376880168207126445228934515916813600315664100475706
108 120 30570376880168207126445228934515916813600315664100475706
119 23 -16547442556100937187578934962563058137833899462492160
23 119 -16547442556100937187578934962563058137833899462492160
119 47 -52213779748229274684134474733393053999370633308392128512
47 119 -52213779748229274684134474733393053999370633308392128512
119 71 -842024249994814372177766489131422118146916634056101724160
71 119 -842024249994814372177766489131422118146916634056101724160
119 95 -194561428879140564974487029451110809886831109961828573184
95 119 -194561428879140564974487029451110809886831109961828573184
119 119 4061678913315916599119109107822481249186888401123481940
118 10 881904384511598078570194729092623893257925951488
10 118 881904384511598078570194729092623893257925951488
118 34 -2567190890617384447349058554439748254872613830352961536
34 118 -2567190890617384447349058554439748254872613830352961536
118 58 -481631889301664947979817752349261316584798420132201234432
58 118 -481631889301664947979817752349261316584798420132201234432
118 82 899365126887932880983389993079716619883445743360745144320
82 118 899365126887932880983389993079716619883445743360745144320
118 106 62349521862272744009592070972913425249241257252757375744
106 118 62349521862272744009592070972913425249241257252757375744
117 21 -3511633287479825629769296867835885389487736667242496
21 117 -3511633287479825629769296867835885389487736667242496
117 45 -69264146220907792208545089203081596214161575233493925888
45 117 -69264146220907792208545089203081596214161575233493925888
117 69 -1166237215514827496727392434540255935504479927435689721856
69 117 -1166237215514827496727392434540255935504479927435689721856
117 93 -444771996568104166926003269458542980249725584626530017280
93 117 -444771996568104166926003269458542980249725584626530017280
117 117 5142774480341765482345176099525614899560360917326991404
116 8 14665448143546780418275679393202601152705724416
8 116 14665448143546780418275679393202601152705724416
116 32 -2173378550716261152030042637480078328222896098335784960
32 116 -2173378550716261152030042637480078328222896098335784960
116 56 -615807093218839980198798517034539894946957787353818595328
56 116 -615807093218839980198798517034539894946957787353818595328
116 80 1689508332475434471618286688426333075590813541316160126976
80 116 1689508332475434471618286688426333075590813541316160126976
116 104 131303235637576193028641655690147085055898515548205092608
104 116 131303235637576193028641655690147085055898515548205092608
115 19 -3695879937500203456443143959394991294042334128242688
19 115 -3695879937500203456443143959394991294042334128242688
115 43 -76883616189581605013850849931399114247865808835514990592
43 115 -76883616189581605013850849931399114247865808835514990592
115 67 -1504615662903414130502547803643361851556744598783688441856
67 115 -1504615662903414130502547803643361851556744598783688441856
115 91 -938034263705751371572175392249143338234483635310706262016
91 115 -938034263705751371572175392249143338234483635310706262016
115 115 3519544091663312505224482830609429824330754230187203696
114 6 -30271341398223830458185178740571743681773568
6 114 -30271341398223830458185178740571743681773568
114 30 -1273943230194667939670116437823460233831615099968684032
30 114 -1273943230194667939670116437823460233831615099968684032
114 54 -737230713411573173523732439005165528034972201777228677120
54 114 -737230713411573173523732439005165528034972201777228677120
114 78 3014501629851664248339068066477418270402511872230980321280
78 114 3014501629851664248339068066477418270402511872230980321280
114 102 280761449890081295138044136479055965933636057731135206016
102 114 280761449890081295138044136479055965933636057731135206016
113 17 -1088804526018044031039374787981973763553410548760576
17 113 -1088804526018044031039374787981973763553410548760576
113 41 -76329159950656457422317096534792647333103936600442667008
41 113 -76329159950656457422317096534792647333103936600442667008
113 65 -1782764684787479598330497809204970039014118962225223827456
65 113 -1782764684787479598330497809204970039014118962225223827456
113 89 -1858326251824029640743787402762676508491436657525843689472
89 113 -1858326251824029640743787402762676508491436657525843689472
113 113 -7039088183326625010448965661218859648661508460374407392
112 4 -12353377661798810976399569937631121768448
4 112 -12353377661798810976399569937631121768448
112 28 -495634880553292802531062475672389084536486904108941312
28 112 -495634880553292802531062475672389084536486904108941312
112 52 -819124936845190116691206052395352178773643967478112452608
52 112 -819124936845190116691206052395352178773643967478112452608
112 76 5111152434223325576001794581295904657165360491327557468160
76 112 5111152434223325576001794581295904657165360491327557468160
112 100 598026909054617772096532398359270172150464251196742665216
100 112 598026909054617772096532398359270172150464251196742665216
111 15 893078248193332222263463695804402988702401524924416
15 111 893078248193332222263463695804402988702401524924416
111 39 -63170595534779326954405222738106884325617924541658431488
39 111 -63170595534779326954405222738106884325617924541658431488
111 63 -1920087566592110685733206718971743493536437008083240091648
63 111 -1920087566592110685733206718971743493536437008083240091648
111 87 -3487543350962127358130964120978232471750829630924710084608
87 111 -3487543350962127358130964120978232471750829630924710084608
111 111 -41142195842734123858761408796204919196482887338615931232
110 2 3421362678106386473768967794065408
2 110 3421362678106386473768967794065408
110 26 -155479484389694460189498885609321716730775831192797184
26 110 -155479484389694460189498885609321716730775831192797184
110 50 -839917039524768066585299609347872990339331644744303378432
50 110 -839917039524768066585299609347872990339331644744303378432
110 74 8230688689284315525059852251887169937072599118289620172800
74 110 8230688689284315525059852251887169937072599118289620172800
110 98 1249579061347415604399882769533888595536957787389852618752
98 110 1249579061347415604399882769533888595536957787389852618752
109 13 385842128334670027207436672491805843714332719841280
13 109 385842128334670027207436672491805843714332719841280
109 37 -44808981299734440867014741737551268260071796804696408064
37 109 -44808981299734440867014741737551268260071796804696408064
109 61 -1806264391894146798347471154588594597219873346162677252096
61 109 -1806264391894146798347471154588594597219873346162677252096
109 85 -6242988843890305881816884005497752180716999391923367575552
85 109 -6242988843890305881816884005497752180716999391923367575552
109 109 -129973725226109331171811491450319399973980428835951422080
108 24 -596529039991364119384949701701981507764352639303680
24 108 -596529039991364119384949701701981507764352639303680
108 48 -776585058969852862913750173274614295434470460826161512448
48 108 -776585058969852862913750173274614295434470460826161512448
108 72 12587915772807082694195720446651717556257651068411838464000
72 108 12587915772807082694195720446651717556257651068411838464000
108 96 2534061615544333468130082358858630091101251071793462231040
96 108 2534061615544333468130082358858630091101251071793462231040
107 11 23157238621845591285354546021427369185094114738176
11 107 23157238621845591285354546021427369185094114738176
107 35 -26253243926246931114116143135925056827464724647153500160
35 107 -26253243926246931114116143135925056827464724647153500160
107 59 -1380913345328102848018912904035109887790496706951875919872
59 107 -1380913345328102848018912904035109887790496706951875919872
107 83 -10687935285316918003120161373995825734301665162123907432448
83 107 -10687935285316918003120161373995825734301665162123907432448
107 107 -335893503398646418683301126885431174260041607399863737344
106 22 -24467652742369791492744036480231392918805016133763072
22 106 -24467652742369791492744036480231392918805016133763072
106 46 -633154816284772984522481591091936339282683500841779855360
46 106 -633154816284772984522481591091936339282683500841779855360
106 70 18276920746131731841390883345473075841425107876209523425280
70 106 18276920746131731841390883345473075841425107876209523425280
106 94 4956623648214463474366874751612469979741784650182562938880
94 106 4956623648214463474366874751612469979741784650182562938880
105 9 945292798465237656265141539874376210577702780928
9 105 945292798465237656265141539874376210577702780928
105 33 -11294186051437089729837402098163219358760485213041590272
33 105 -11294186051437089729837402098163219358760485213041590272
105 57 -575550858730642304162423660697386719517203107814890799104
57 105 -575550858730642304162423660697386719517203107814890799104
105 81 -17556889296119769216130108136336132109421835124145458774016
81 105 -17556889296119769216130108136336132109421835124145458774016
105 105 -775880214347142498923854603148638377362405864588516647936
104 20 10958370766757732079919073573611388038800608648495104
20 104 10958370766757732079919073573611388038800608648495104
104 44 -437826396674654453575877307428120385394032850214020186112
44 104 -437826396674654453575877307428120385394032850214020186112
104 68 25180025258056244322337756650511655042986161839325642227712
68 104 25180025258056244322337756650511655042986161839325642227712
104 92 9317326541377524967910434492302752923840910717449349103616
92 104 9317326541377524967910434492302752923840910717449349103616
103 7 -4652022817949140872660635738887850081319387136
7 103 -4652022817949140872660635738887850081319387136
103 31 -2523664787438635842376461582631882052058599522144616448
31 103 -2523664787438635842376461582631882052058599522144616448
103 55 521352231985141577787097677337019211093908920667708850176
55 103 521352231985141577787097677337019211093908920667708850176
103 79 -27684469504864889229951531612563194579134814371563167547392
79 103 -27684469504864889229951531612563194579134814371563167547392
103 103 -1658613605483164502283856651620223444915065420990813114368
102 18 249161153634115883720108148833736215046952635596800
18 102 249161153634115883720108148833736215046952635596800
102 42 -236235441171743858718472226977371308202260153521424826368
42 102 -236235441171743858718472226977371308202260153521424826368
102 66 32866966289131791845171618755711001361018865880076642156544
66 102 32866966289131791845171618755711001361018865880076642156544
102 90 16805920619759924141849857064504349630672286978417735237632
90 102 16805920619759924141849857064504349630672286978417735237632
101 5 -3948000316789587099784785026080714065444864
5 101 -3948000316789587099784785026080714065444864
101 29 367865007343328206236289733919259661834689807202123776
29 101 367865007343328206236289733919259661834689807202123776
101 53 1854113435719875350096435160302671764475933731436378456064
53 101 1854113435719875350096435160302671764475933731436378456064
101 77 -41978225685342070698577945819567434406277526905447140818944
77 101 -41978225685342070698577945819567434406277526905447140818944
101 101 -3335681834239409941497221711847230893015468354664528314368
100 16 5278301270446233750080206890717617921603622517342208
16 100 5278301270446233750080206890717617921603622517342208
100 40 -69016720112592358944431089235996218953239341694028087296
40 100 -69016720112592358944431089235996218953239341694028087296
100 64 40627888352115337919490085616668633023311236402010099023872
64 100 40627888352115337919490085616668633023311236402010099023872
100 88 29062024942667565019961833611105639901360314609694272389120
88 100 29062024942667565019961833611105639901360314609694272389120
99 3 -2117620694081309089599928116657264787456
3 99 -2117620694081309089599928116657264787456
99 27 1374141996071217673606930696139673326688084499514785792
27 99 1374141996071217673606930696139673326688084499514785792
99 51 3091207139349002183639732986995254092731276166685129703424
51 99 3091207139349002183639732986995254092731276166685129703424
99 75 -61134616963769498853302430970510365810581915645513004220416
75 99 -61134616963769498853302430970510365810581915645513004220416
99 99 -6373336838300318284310097248047277440664902067845500960768
98 14 5442042050539163966023087546293876481093285980405760
14 98 5442042050539163966023087546293876481093285980405760
98 38 47222230735763704252225142435195615846931444651123539968
38 98 47222230735763704252225142435195615846931444651123539968
98 62 47375965286909041803216201587727624384895779171087494938624
62 98 47375965286909041803216201587727624384895779171087494938624
98 86 48179734310998915006388838362611080713419162072126343610368
86 98 48179734310998915006388838362611080713419162072126343610368
97 1 822005510242523919236988928
1 97 822005510242523919236988928
97 25 199044922200961841625266154310661564954311249079828480
25 97 199044922200961841625266154310661564954311249079828480
97 49 4122626687239630435104180312987646423326546569743768223744
49 97 4122626687239630435104180312987646423326546569743768223744
97 73 -85628493454287038586571983409051092808520628143497154658304
73 97 -85628493454287038586571983409051092808520628143497154658304
97 97 -11628618206178301813575338628961507769499493801669008818176
96 12 325291815920538297855539017750323099833489713790976
12 96 325291815920538297855539017750323099833489713790976
96 36 101455073007622867664633442067543455438301902576507944960
36 96 101455073007622867664633442067543455438301902576507944960
96 60 52128565825829145790327700390889605256561722015694633041920
60 96 52128565825829145790327700390889605256561722015694633041920
96 84 76566442924444669331634423236038889651981876478628482514944
84 96 76566442924444669331634423236038889651981876478628482514944
95 23 472303935680067725851059088570111209191839996380708864
23 95 472303935680067725851059088570111209191839996380708864
95 47 4591860056750285244385059703236933260145427492812496044032
47 95 4591860056750285244385059703236933260145427492812496044032
95 71 -115038231245304714429696937165855688104815678699643628158976
71 95 -115038231245304714429696937165855688104815678699643628158976
95 95 -20342494419125639678650959300587462053439943568176160178176
94 10 24385316280558914658121489663520863523729425039360
10 94 24385316280558914658121489663520863523729425039360
94 34 103163161226666165022176445146942161114117984720676454400
34 94 103163161226666165022176445146942161114117984720676454400
94 58 53703213452349053103525520191065021681135530560035863134208
58 94 53703213452349053103525520191065021681135530560035863134208
94 82 116677117596790637971805949596831942496056497943476015464448
82 94 116677117596790637971805949596831942496056497943476015464448
93 21 -133328771739606841549099844224816578876484867900571648
21 93 -133328771739606841549099844224816578876484867900571648
93 45 4623785233962238058658727119568793561005619529982748393472
45 93 4623785233962238058658727119568793561005619529982748393472
93 69 -148469534779533204389160086241982747658598553653547345379328
69 93 -148469534779533204389160086241982747658598553653547345379328
93 93 -34172683895534020229628008927693153735074091625893339332608
92 8 -166994511262690824789087081827914871447851368448
8 92 -166994511262690824789087081827914871447851368448
92 32 67753901483903411475045396333468910566877008396462063616
32 92 67753901483903411475045396333468910566877008396462063616
92 56 51787268667102571571930005641314914926092553595561615294464
56 92 51787268667102571571930005641314914926092553595561615294464
92 80 170492396243756739196041709744820604230233003300680860958720
80 92 170492396243756739196041709744820604230233003300680860958720
91 19 216414177653671101020441301983387090958354698752491520
19 91 216414177653671101020441301983387090958354698752491520
91 43 4037710530925764332261048221917322984154766363885784006656
43 91 4037710530925764332261048221917322984154766363885784006656
91 67 -183351228475650559382686418730844885736995868231982798340096
67 91 -183351228475650559382686418730844885736995868231982798340096
91 91 -55231603358613877460415370603430320665413079951430631030784
90 6 2356814190463976568031416037506023339308613632
6 90 2356814190463976568031416037506023339308613632
90 30 50978911370725285445252178684938597284895309013333311488
30 90 50978911370725285445252178684938597284895309013333311488
90 54 46114625275582243566251573438595439541356696498946185363456
54 90 46114625275582243566251573438595439541356696498946185363456
90 78 238950524797882465667872722242663687918942975728859259863040
78 90 238950524797882465667872722242663687918942975728859259863040
89 17 1875939871058909843817485842313491465298157217251328
17 89 1875939871058909843817485842313491465298157217251328
89 41 3286639141443789014620349975080851156240429179507438518272
41 89 3286639141443789014620349975080851156240429179507438518272
89 65 -217013289255344046370686737576405292788149370659653212438528
65 89 -217013289255344046370686737576405292788149370659653212438528
89 89 -85875474149083899908878023366393661290094234574710338748416
88 4 -1412260637703497816885575225801587946422272
4 88 -1412260637703497816885575225801587946422272
88 28 12549728651958052378282686505247127276321661433468157952
28 88 12549728651958052378282686505247127276321661433468157952
88 52 37861697578534034148497630132345973718244728904841806479360
52 88 37861697578534034148497630132345973718244728904841806479360
88 76 321121101675154406386331678422326764376508927126636100321280
76 88 321121101675154406386331678422326764376508927126636100321280
87 15 46052003781006536396426032913378340630398791025950720
15 87 46052003781006536396426032913378340630398791025950720
87 39 2257462374237564061619652448917109760846292131371794038784
39 87 2257462374237564061619652448917109760846292131371794038784
87 63 -245085824096552331485703370152225856179315584727439571419136
63 87 -245085824096552331485703370152225856179315584727439571419136
87 87 -128579024710997731909847742972400773860594307435495614840832
86 2 708181213694208611740986500544724992
2 86 708181213694208611740986500544724992
86 26 10306470334871849189530927856299624519997014073436798976
26 86 10306470334871849189530927856299624519997014073436798976
86 50 28025483880328983020138458546129819839602341381868915523584
50 86 28025483880328983020138458546129819839602341381868915523584
86 74 413809857216265649570824990147614790050442594862425800966144
74 86 413809857216265649570824990147614790050442594862425800966144
85 13 2628617947101095090813803376109383366385893206130688
13 85 2628617947101095090813803376109383366385893206130688
85 37 1476773455780560585183956263220848351179622326507396923392
37 85 1476773455780560585183956263220848351179622326507396923392
85 61 -264399267417470860199374997609785357824307033988586673274880
61 85 -264399267417470860199374997609785357824307033988586673274880
85 85 -185176221350032551613238209681054609563356220065536158990336
84 24 -986692983850324070612624417333762251494335264822657024
24 84 -986692983850324070612624417333762251494335264822657024
84 48 18533535220513264038446708311227817940677689481599477874688
48 84 18533535220513264038446708311227817940677689481599477874688
84 72 511032464179009117590474200109392313949156594819063321985024
72 84 511032464179009117590474200109392313949156594819063321985024
83 11 473625408877784684796529149453983807050623758630912
11 83 473625408877784684796529149453983807050623758630912
83 35 730684572370514012811127568360474254666711139129657131008
35 83 730684572370514012811127568360474254666711139129657131008
83 59 -271312910252527028922045262440465282480712347506449303207936
59 83 -271312910252527028922045262440465282480712347506449303207936
83 83 -256684058919608973862658313667098766100928224575649153548288
82 22 1279098766091606944968065157419565462534507239149928448
22 82 1279098766091606944968065157419565462534507239149928448
82 46 10116699408087700134387533908322945244817441514831797551104
46 82 10116699408087700134387533908322945244817441514831797551104
82 70 604686476941910427904829802986690745927121812303262234181632
70 82 604686476941910427904829802986690745927121812303262234181632
81 9 -19273868402957919569485210149310466911567859417088
9 81 -19273868402957919569485210149310466911567859417088
81 33 447565270277792803140893629798643446273701719628700450816
33 81 447565270277792803140893629798643446273701719628700450816
81 57 -264895729382594187460879956478227734213681880533392986996736
57 81 -264895729382594187460879956478227734213681880533392986996736
81 81 -341843530929515695754182529042943073882107633375605998747648
80 20 1183201993323780189003406718099454666311291044532060160
20 80 1183201993323780189003406718099454666311291044532060160
80 44 4235212206709643031198904604342816684744589996309824405504
44 80 4235212206709643031198904604342816684744589996309824405504
80 68 684836392877030098491400799189110455034907773499877235884032
68 80 684836392877030098491400799189110455034907773499877235884032
79 7 375645072725564227944802815480997877298778603520
7 79 375645072725564227944802815480997877298778603520
79 31 30472666623749577707235154775584385346346670904492163072
31 79 30472666623749577707235154775584385346346670904492163072
79 55 -244738959941530427577302946767110046985420749658999708712960
55 79 -244738959941530427577302946767110046985420749658999708712960
79 79 -437671513254278383944279954274343305444947500945028883152896
78 18 19894383043805347671239724978997840559337773329285120
18 78 19894383043805347671239724978997840559337773329285120
78 42 273090927053993044963483100574222541848843268850540609536
42 78 273090927053993044963483100574222541848843268850540609536
78 66 742080999211245625706677649055237170306897929377394364252160
66 78 742080999211245625706677649055237170306897929377394364252160
77 5 -630463313380689754226517152572376274132008960
5 77 -630463313380689754226517152572376274132008960
77 29 149207697167412992376792091220985642832464542061060685824
29 77 149207697167412992376792091220985642832464542061060685824
77 53 -214860824962938309996099534768046638009854000702338130509824
53 77 -214860824962938309996099534768046638009854000702338130509824
77 77 -537296167176433326284912603176278072836056596063348779384832
76 16 321114455175496405856989886587732902877821304267866112
16 76 321114455175496405856989886587732902877821304267866112
76 40 -1129417337796583361122815188123757396943404067467240144896
40 76 -1129417337796583361122815188123757396943404067467240144896
76 64 767824200137939676199544503751152654542007266146231041130496
64 76 767824200137939676199544503751152654542007266146231041130496
75 3 109845414854058249270807217199858547949568
3 75 109845414854058249270807217199858547949568
75 27 -83291434204417918813137038713248914254027403701468004352
27 75 -83291434204417918813137038713248914254027403701468004352
75 51 -176829480774109684861546045582211968988847752073952685457408
51 75 -176829480774109684861546045582211968988847752073952685457408
75 75 -633279028664943757732542910211112851163437726724701718315008
74 14 -19145319907053021033936803224158584731176873771401216
14 74 -19145319907053021033936803224158584731176873771401216
74 38 -1986896053303494847992805156886205819856158771107694903296
38 74 -1986896053303494847992805156886205819856158771107694903296
74 62 759428079864544998467255729613061250473705799833411131539456
62 74 759428079864544998467255729613061250473705799833411131539456
73 1 -140060251947180314864230858752
1 73 -140060251947180314864230858752
73 25 71618676923480873547780069696378993417418658938267631616
25 73 71618676923480873547780069696378993417418658938267631616
73 49 -139125132055673453609209488660226150828229344695525482430464
49 73 -139125132055673453609209488660226150828229344695525482430464
73 73 -713511771649321393201139126993438684294404621280560566763520
72 12 9805408211905310634980083272787017225398969746587648
12 72 9805408211905310634980083272787017225398969746587648
72 36 -1216703717510552490799413918502784702170531336635595882496
36 72 -1216703717510552490799413918502784702170531336635595882496
72 60 714088389599041211507047307554803470115662288765685097037824
60 72 714088389599041211507047307554803470115662288765685097037824
71 23 -34534407006448965122458991249914974034445774821108219904
23 71 -34534407006448965122458991249914974034445774821108219904
71 47 -100650583844961997207917399185814556904370399513237839151104
47 71 -100650583844961997207917399185814556904370399513237839151104
71 71 -771183347285630766340554997866554168806195185621126487212032
70 10 -537516607515024156449291752028498121045961454125056
10 70 -537516607515024156449291752028498121045961454125056
70 34 -1258214845591959038660618742806039465041062871729937842176
34 70 -1258214845591959038660618742806039465041062871729937842176
70 58 642374259580353490992875110751160591149591434843931906408448
58 70 642374259580353490992875110751160591149591434843931906408448
69 21 23035044332602939946416468804243072208687028105159639040
21 69 23035044332602939946416468804243072208687028105159639040
69 45 -70723736912551971724825648875355339004072287291078722191360
45 69 -70723736912551971724825648875355339004072287291078722191360
69 69 -793262261583608280255721420250734678624761952138520908791808
68 8 6132501417096093597836915765517311694226413584384
8 68 6132501417096093597836915765517311694226413584384
68 32 -146117901246889108120747504002962227275878189016492802048
32 68 -146117901246889108120747504002962227275878189016492802048
68 56 543583730597478411139719821148813134220664438324968122482688
56 68 543583730597478411139719821148813134220664438324968122482688
67 19 -5600831079427066231716317295545563239294559791186182144
19 67 -5600831079427066231716317295545563239294559791186182144
67 43 -43637023101710551291138059934468441782189630301815487594496
43 67 -43637023101710551291138059934468441782189630301815487594496
67 67 -782551336735964867493650657742221006558397867236723815088128
66 6 -18803260230845291875686033095425370503134576640
6 66 -18803260230845291875686033095425370503134576640
66 30 -580989748779428589247562308122843543788003221624095506432
30 66 -580989748779428589247562308122843543788003221624095506432
66 54 443468054526139777840054137880181045909881109692065079361536
54 66 443468054526139777840054137880181045909881109692065079361536
65 17 2940456183787949710173369863454327580957805690952351744
17 65 2940456183787949710173369863454327580957805690952351744
65 41 -28385200296653447584763786203435946193688588840434548080640
41 65 -28385200296653447584763786203435946193688588840434548080640
65 65 -730252479603676171002037448002682715109826362787705080774656
64 4 66329175824671527999431704166916324392435712
4 64 66329175824671527999431704166916324392435712
64 28 249217065541263029908821601242494010332057634088735997952
28 64 249217065541263029908821601242494010332057634088735997952
64 52 334161047037149187574452978955545205846508932886505562570752
52 64 334161047037149187574452978955545205846508932886505562570752
63 15 -446635474822454826831646190407902394751734035395903488
15 63 -446635474822454826831646190407902394751734035395903488
63 39 -13015071328835966569245103226837680241438541228415467388928
39 63 -13015071328835966569245103226837680241438541228415467388928
63 63 -653744362185447711541339940989923442783675995331629833781248
62 2 34921168577441981120593240494499168256
2 62 34921168577441981120593240494499168256
62 26 -190032253198171917744313809107089346496161279580764635136
26 62 -190032253198171917744313809107089346496161279580764635136
62 50 246220084840819614102220287673752182822500556869800231436288
50 62 246220084840819614102220287673752182822500556869800231436288
61 13 82920824823784437448101566488053023077923513383780352
13 61 82920824823784437448101566488053023077923513383780352
61 37 -9125681315110990751519540546432555174993098337083082145792
37 61 -9125681315110990751519540546432555174993098337083082145792
61 61 -550424480016876347459694474734400940299720410893959324237824
60 24 117262379307840527485988218266636311087946056127557402624
24 60 117262379307840527485988218266636311087946056127557402624
60 48 162913685201497975056534675769283625243356113289787390033920
48 60 162913685201497975056534675769283625243356113289787390033920
59 11 -3480656466561126801035006754768642376517689347670016
11 59 -3480656466561126801035006754768642376517689347670016
59 35 -1623695065748615064811998385905985789000820532069944786944
35 59 -1623695065748615064811998385905985789000820532069944786944
59 59 -444379482204781370086219365440983570980814148516267664867328
58 22 -27456522925661104581788083229945886955410250089793323008
22 58 -27456522925661104581788083229945886955410250089793323008
58 46 108755684646713449775987472933583630750423565785157483888640
46 58 108755684646713449775987472933583630750423565785157483888640
57 9 6438471395389063967126779914948987641896386953216
9 57 6438471395389063967126779914948987641896386953216
57 33 -2896657786011631273245457718960714226639670184292124721152
33 57 -2896657786011631273245457718960714226639670184292124721152
57 57 -333666583179288917507317463521743913391527428857434887684096
56 20 16994123417135186521921903301752273982242051308788908032
20 56 16994123417135186521921903301752273982242051308788908032
56 44 60394005334708294244340608222227242235697807280620481544192
44 56 60394005334708294244340608222227242235697807280620481544192
55 7 -1373255585870657847920913276377820952735355240448
7 55 -1373255585870657847920913276377820952735355240448
55 31 1067232662265478878957779476664794951762209245195856248832
31 55 1067232662265478878957779476664794951762209245195856248832
55 55 -241725600937179529531133859764937322154034645277901670318080
54 18 -242236133073640203902050470636063485886022855184875520
18 54 -242236133073640203902050470636063485886022855184875520
54 42 40792296613404149378177164203358993294162618598365964795904
42 54 40792296613404149378177164203358993294162618598365964795904
53 5 5255547142120606842743509453847939073731198976
5 53 5255547142120606842743509453847939073731198976
53 29 -1069762815856313433499188481160605436706239742722845966336
29 53 -1069762815856313433499188481160605436706239742722845966336
53 53 -159799399134022527078299718942221963365666667744766111776768
52 16 225546278577084511961218943911317414003897234419089408
16 52 225546278577084511961218943911317414003897234419089408
52 40 12266732180714780828508557168894753715387022318850870870016
40 52 12266732180714780828508557168894753715387022318850870870016
51 3 -1103207213336491392410868100808794001375232
3 51 -1103207213336491392410868100808794001375232
51 27 582232762546197764482457867084412477966886451196138094592
27 51 582232762546197764482457867084412477966886451196138094592
51 51 -104334528640462819844172340041434092163114520647133835558912
50 14 46445317428573636962552881338170618992046053175328768
14 50 46445317428573636962552881338170618992046053175328768
50 38 16190597318538338424157646270578746033842096044003987292160
38 50 16190597318538338424157646270578746033842096044003987292160
49 1 12645557501300159508094553948160
1 49 12645557501300159508094553948160
49 25 -171963137466996823737554552976745986609925898154645913600
25 49 -171963137466996823737554552976745986609925898154645913600
49 49 -56744268273995709409754465096038311052786432110113306181632
48 12 6104626947031642416083267230574109021277754149044224
12 48 6104626947031642416083267230574109021277754149044224
48 36 -1696542908188476852894102930432821845219903009635392552960
36 48 -1696542908188476852894102930432821845219903009635392552960
47 23 60002219618356970115286244608344523527135938481955536896
23 47 60002219618356970115286244608344523527135938481955536896
47 47 -36485756373574086103059196298222792866436373049082671792128
46 10 -481613430105480485755475931172712001391866350141440
10 46 -481613430105480485755475931172712001391866350141440
46 34 5565866433968377811128171480698478520114979574606215512064
34 46 5565866433968377811128171480698478520114979574606215512064
45 21 9112430026943651488711891827045145368643580520195686400
21 45 9112430026943651488711891827045145368643580520195686400
45 45 -14377196441491641863701959752762154633616377983863919476736
44 8 2173024722020509499919038745692076282893341556736
8 44 2173024722020509499919038745692076282893341556736
44 32 -1218010662851475602069186741397181221672274052730117423104
32 44 -1218010662851475602069186741397181221672274052730117423104
43 19 -1707465054328093797671621412597402986200099453751263232
19 43 -1707465054328093797671621412597402986200099453751263232
43 43 -10390453986406029854195785472823407856472368142650028589056
42 6 233084251062763012665563419578337210921750888448
6 42 233084251062763012665563419578337210921750888448
42 30 909187765584447492792365427560938477235092047812209147904
30 42 909187765584447492792365427560938477235092047812209147904
41 17 887973888859763953704091286610592422830487716916887552
17 41 887973888859763953704091286610592422830487716916887552
41 41 -1231393471883834412543875728713059816638943049907462733824
40 4 355914606594597369647026584172880997705056256
4 40 355914606594597369647026584172880997705056256
40 28 -28750170244526069019104747539961458853641694589753491456
28 40 -28750170244526069019104747539961458853641694589753491456
39 15 121970346317783922896079568917755623380334806761996288
15 39 121970346317783922896079568917755623380334806761996288
39 39 -4232215150071347087469781286388467988145197005842751160320
38 2 316333703847114234923544876219707162624
2 38 316333703847114234923544876219707162624
38 26 3926277252467682476573614725564945710904984208316301312
26 38 3926277252467682476573614725564945710904984208316301312
37 13 -1147654550864045642835600596494897497657386226155520
13 37 -1147654550864045642835600596494897497657386226155520
37 37 1534397761668454079529918116749219658290502541520368828416
36 24 31525230753168784845207128130089769466203029249179254784
24 36 31525230753168784845207128130089769466203029249179254784
35 11 110858425690859523833290094978097660229695221792768
11 35 110858425690859523833290094978097660229695221792768
35 35 -1538307123226438020422944963278408197907280947135289229312
34 22 -2038081991901107885065414356744286836613218279085834240
22 34 -2038081991901107885065414356744286836613218279085834240
33 9 27197571434668687357484830312600380182466954002432
9 33 27197571434668687357484830312600380182466954002432
33 33 398633746986209737602575080574238655911528857554651185152
32 20 567834787273789139786608306664800032280281802440966144
20 32 567834787273789139786608306664800032280281802440966144
31 7 1020631611707111457744986077383531423940007165952
7 31 1020631611707111457744986077383531423940007165952
31 31 -150542752802701461962548090977353248855707594888618967040
30 18 346001983756650880619418315474245827048007615943540736
18 30 346001983756650880619418315474245827048007615943540736
29 5 -5921996166798138273229052217042124691191365632
5 29 -5921996166798138273229052217042124691191365632
29 29 -4997607750148621165486618797458041066482197367183376384
28 16 74109128518793536917563949865933051546851314352783360
16 28 74109128518793536917563949865933051546851314352783360
27 3 611167799392878648545356350937384244740096
3 27 611167799392878648545356350937384244740096
27 27 -2428710622319380436162117971517932015491141456038461440
26 14 10771025423329426059989575212496841782230445398687744
14 26 10771025423329426059989575212496841782230445398687744
25 1 -575513372503616148279503255240704
1 25 -575513372503616148279503255240704
25 25 417514425627713089723841066872205207528061684565409792
24 12 845081679709973992010492653313768629290862595014656
12 24 845081679709973992010492653313768629290862595014656
23 23 -556870865297686113046427271642711266488224715093573632
22 10 38323516842766242400938153941902199417485924499456
10 22 38323516842766242400938153941902199417485924499456
21 21 -89660065789761351869541304437306202580303920091889664
20 8 770759421921297886631957905388833966788177821696
8 20 770759421921297886631957905388833966788177821696
19 19 -6083416585839387876620041542542826848222993511874560
18 6 3747191915242120345142602826021548445459808256
6 18 3747191915242120345142602826021548445459808256
17 17 454129653001273807987495156595288820305157456658432
16 4 3046085359485243061020918770756274633048064
4 16 3046085359485243061020918770756274633048064
15 15 46593934724332372580739149471565168854549923889152
14 2 164513950610393697682585682530086682624
2 14 164513950610393697682585682530086682624
13 13 1570074478130762691247124991335344419691990876160
11 11 -97010085002079936982737230788856851938232238080
9 9 1250504444071350899485126326901918354609537024
7 7 -6739613640453466028394279470363913641525248
5 5 17538037974037877519077250175319788224512
3 3 -21805050657417008626013819334559793152
1 1 10384593717069655257060992658440192
