# Weber-f modular polynomial Phi_359^f(X,Y); r=q^(1/48).
360 0 1
0 360 1
359 23 -168275989932
23 359 -168275989932
359 47 45480070260679
47 359 45480070260679
359 71 -496540333769920
71 359 -496540333769920
359 95 1021905022420202
95 359 1021905022420202
359 119 -713245166130908
119 359 -713245166130908
359 143 226184331024392
143 359 226184331024392
359 167 -38461666563063
167 359 -38461666563063
359 191 3876055433687
191 359 3876055433687
359 215 -246073256893
215 359 -246073256893
359 239 10185969107
239 359 10185969107
359 263 -278459427
263 359 -278459427
359 287 4980407
287 359 4980407
359 311 -56004
311 359 -56004
359 335 359
335 359 359
359 359 -1
358 22 58142576246709408
22 358 58142576246709408
358 46 5723517600052362962650
46 358 5723517600052362962650
358 70 2423465793387325727000715
70 358 2423465793387325727000715
358 94 70276724757334572099662928
94 358 70276724757334572099662928
358 118 334612535624852399877656232
118 358 334612535624852399877656232
358 142 405238650008669455051989186
142 358 405238650008669455051989186
358 166 158990993643220194000512318
166 358 158990993643220194000512318
358 190 23169870296233547174253935
190 358 23169870296233547174253935
358 214 1343432776964412465972067
214 358 1343432776964412465972067
358 238 31426476396252845924069
238 358 31426476396252845924069
358 262 283710258796430915451
262 358 283710258796430915451
358 286 868337735158397489
286 358 868337735158397489
358 310 665911050216522
310 358 665911050216522
358 334 55467021442
334 358 55467021442
358 358 1436
357 21 -590822641733835923251
21 357 -590822641733835923251
357 45 3657309519887121188405604113
45 357 3657309519887121188405604113
357 69 -20603037257730086110845438807801
69 357 -20603037257730086110845438807801
357 93 2850378903226955603253472580042061
93 357 2850378903226955603253472580042061
357 117 -32403076500860773056497898736851905
117 357 -32403076500860773056497898736851905
357 141 53351423188712491827777105358493809
141 357 53351423188712491827777105358493809
357 165 -17776902758560889594962693868057283
165 357 -17776902758560889594962693868057283
357 189 1556039408553324386026498637129964
189 357 1556039408553324386026498637129964
357 213 -45983155171013581099767723185617
213 357 -45983155171013581099767723185617
357 237 531409863285100637766503996089
237 357 531409863285100637766503996089
357 261 -2225962097703760580312758814
261 357 -2225962097703760580312758814
357 285 2445119545528356363800879
285 357 2445119545528356363800879
357 309 -372463636518241890375
309 357 -372463636518241890375
357 333 1786261965160156
333 357 1786261965160156
357 357 -957812
356 20 817474241814289186877536
20 356 817474241814289186877536
356 44 159491496173510868332865555785740
44 356 159491496173510868332865555785740
356 68 5225157256248923101590334972284711491
68 356 5225157256248923101590334972284711491
356 92 1594922762291345095479356663229432642074
92 356 1594922762291345095479356663229432642074
356 116 17748017321471255861143748761896759087799
116 356 17748017321471255861143748761896759087799
356 140 11913896266697932162455757000950169162750
140 356 11913896266697932162455757000950169162750
356 164 156737295563965015124970917553875596847
164 356 156737295563965015124970917553875596847
356 188 -13274199193192309575810534624273718914
188 356 -13274199193192309575810534624273718914
356 212 193639900727625683794805786524383183
212 356 193639900727625683794805786524383183
356 236 -1690913467975959285558717465250465
236 356 -1690913467975959285558717465250465
356 260 8099417538505581522936087040396
260 356 8099417538505581522936087040396
356 284 37743052860988264326959211862
284 356 37743052860988264326959211862
356 308 5053406039821658887442001
308 356 5053406039821658887442001
356 332 6950622519442980173
332 356 6950622519442980173
356 356 394168358
355 19 -283265834482874689776885520
19 355 -283265834482874689776885520
355 43 1150544043483927116241186852137628720
43 355 1150544043483927116241186852137628720
355 67 -125627298189743187933138235863964372448080
67 355 -125627298189743187933138235863964372448080
355 91 43472957331802775665037139551996250466005317
91 355 43472957331802775665037139551996250466005317
355 115 -200248195500698668208328259380264079919220456
115 355 -200248195500698668208328259380264079919220456
355 139 23839880802195825943061247045238956558489086
139 355 23839880802195825943061247045238956558489086
355 163 -379194254367445731853355662385706629760418
163 355 -379194254367445731853355662385706629760418
355 187 13233374433774918719321023610268698599922
187 355 13233374433774918719321023610268698599922
355 211 -440620694942850728529676711582488828204
211 355 -440620694942850728529676711582488828204
355 235 2374668744047212333352173227226274940
235 355 2374668744047212333352173227226274940
355 259 8042460002887771247952340024603142
259 355 8042460002887771247952340024603142
355 283 19899841020805702235551055244682
283 355 19899841020805702235551055244682
355 307 -7261265248289716854106309178
307 355 -7261265248289716854106309178
355 331 7352793648343860086698
331 355 7352793648343860086698
355 355 -112146089350
354 18 33705067518896964935121570475
18 354 33705067518896964935121570475
354 42 2225140976679206711883600009026914168179
42 354 2225140976679206711883600009026914168179
354 66 510834540357710659730258697082619329121636428
66 354 510834540357710659730258697082619329121636428
354 90 104043827582474349809745713697335175849873305456
90 354 104043827582474349809745713697335175849873305456
354 114 54874704532837063819147877043222850573755988999
114 354 54874704532837063819147877043222850573755988999
354 138 -7890993986974173185665476423492870679750896732
138 354 -7890993986974173185665476423492870679750896732
354 162 638452376870416596351409620323505493392243822
162 354 638452376870416596351409620323505493392243822
354 186 -13901582566570381961426238787609672746316055
186 354 -13901582566570381961426238787609672746316055
354 210 302584475348549020576564764942049245220292
210 354 302584475348549020576564764942049245220292
354 234 -310274636366820414857150420364948513618
234 354 -310274636366820414857150420364948513618
354 258 4522371511315590000141275622760994845
258 354 4522371511315590000141275622760994845
354 282 -3105372005238299347477859401960195
282 354 -3105372005238299347477859401960195
354 306 1814007516089175769692043365753
306 354 1814007516089175769692043365753
354 330 2798401249694116157285446
330 354 2798401249694116157285446
354 354 23432263770198
353 17 -1659626534709281365968255031200
17 353 -1659626534709281365968255031200
353 41 1554439337925493390811990719172247565775688
41 353 1554439337925493390811990719172247565775688
353 65 -493349056061666838336849178085561731457085448053
65 353 -493349056061666838336849178085561731457085448053
353 89 27791799371225703343461467280364039784684998616378
89 353 27791799371225703343461467280364039784684998616378
353 113 1357495579731666320803813642383427738073089135734
113 353 1357495579731666320803813642383427738073089135734
353 137 1899581027913069623326586061361763107563232791045
137 353 1899581027913069623326586061361763107563232791045
353 161 -172125733235895941751264409493291794826771369729
161 353 -172125733235895941751264409493291794826771369729
353 185 6900049493908031240498842445586992687943658043
185 353 6900049493908031240498842445586992687943658043
353 209 -72726936730245334796715584332293138275565981
209 353 -72726936730245334796715584332293138275565981
353 233 448271012492431270332065377663916304344567
233 353 448271012492431270332065377663916304344567
353 257 -1046927340051954084667682548801087832165
257 353 -1046927340051954084667682548801087832165
353 281 795092006410872166916234416292678163
281 353 795092006410872166916234416292678163
353 305 -118934993233596741151706818772121
305 353 -118934993233596741151706818772121
353 329 421157454427888330212777865
329 353 421157454427888330212777865
353 353 -3729585791421295
352 16 38081713781518727657798940285824
16 352 38081713781518727657798940285824
352 40 479599090305875800431407345922289303698402272
40 352 479599090305875800431407345922289303698402272
352 64 139436616096014232981544244543888452613834543603310
64 352 139436616096014232981544244543888452613834543603310
352 88 689232396768335940602417565118000683474895406374573
88 352 689232396768335940602417565118000683474895406374573
352 112 492357592795091539772869270079475668164017858480189
112 352 492357592795091539772869270079475668164017858480189
352 136 -127834502997245788408815771239801683587348588070410
136 352 -127834502997245788408815771239801683587348588070410
352 160 30758805263330494135016428446348058009659609738967
160 352 30758805263330494135016428446348058009659609738967
352 184 -1059261916279842336928147630346077859462041013709
184 352 -1059261916279842336928147630346077859462041013709
352 208 13806503127385473651624973715844650732948429815
208 352 13806503127385473651624973715844650732948429815
352 232 -60814828230806672395027626904769293333572573
232 352 -60814828230806672395027626904769293333572573
352 256 83832495734576873477789187695715859269630
256 352 83832495734576873477789187695715859269630
352 280 -85365291212828028666533946978207575987
280 352 -85365291212828028666533946978207575987
352 304 4250537840488618924688387687463198
304 352 4250537840488618924688387687463198
352 328 23955009634526577061576926014
328 352 23955009634526577061576926014
352 352 463173824924659422
351 15 -440444816524183334633515577309560
15 351 -440444816524183334633515577309560
351 39 75429008803445074736276776449849819617743695942
39 351 75429008803445074736276776449849819617743695942
351 63 -13016771328419176229138566237882480547520630899807724
63 351 -13016771328419176229138566237882480547520630899807724
351 87 5664352683025491012147325024187799352911062109941194
87 351 5664352683025491012147325024187799352911062109941194
351 111 -34278567918147941351998218619888372101759194477759619
111 351 -34278567918147941351998218619888372101759194477759619
351 135 9126530637253787251688637464137736909152882492351876
135 351 9126530637253787251688637464137736909152882492351876
351 159 -2743860683229408661116621883093457139588736231775500
159 351 -2743860683229408661116621883093457139588736231775500
351 183 96726875108770890305829481773382906471114923705111
183 351 96726875108770890305829481773382906471114923705111
351 207 -1233603669874541132776859862390270028836527083687
207 351 -1233603669874541132776859862390270028836527083687
351 231 6021031900834439307226942818456311118114653008
231 351 6021031900834439307226942818456311118114653008
351 255 -7758691664664394967259529179361323524945710
255 351 -7758691664664394967259529179361323524945710
351 279 2367693052750742010401848151156199572165
279 351 2367693052750742010401848151156199572165
351 303 -130511181161237598131661888949608005
303 351 -130511181161237598131661888949608005
351 327 368447743048375058357850682173
327 351 368447743048375058357850682173
351 351 -45639612054008180565
350 14 2704960837702737878189899774206464
14 350 2704960837702737878189899774206464
350 38 6723392573843057263300660505075845401730881811456
38 350 6723392573843057263300660505075845401730881811456
350 62 419707996297255709854130523609077283552396331857530092
62 350 419707996297255709854130523609077283552396331857530092
350 86 -681654784547810115865263388255687841787965742908339812
86 350 -681654784547810115865263388255687841787965742908339812
350 110 -38328357056304880181245019204981999444504438625747590
110 350 -38328357056304880181245019204981999444504438625747590
350 134 -634583105145628390568315162697041511983448357799606742
134 350 -634583105145628390568315162697041511983448357799606742
350 158 144620545573244970039550335072666586279851984280711364
158 350 144620545573244970039550335072666586279851984280711364
350 182 -5220366185134212901374890782394618573651037168313247
182 350 -5220366185134212901374890782394618573651037168313247
350 206 71625142167608505811126573845241882251895167392735
206 350 71625142167608505811126573845241882251895167392735
350 230 -408205543995204943026855037157985228074649556529
230 350 -408205543995204943026855037157985228074649556529
350 254 713072911425274621383610838488695468804381696
254 350 713072911425274621383610838488695468804381696
350 278 159500541610957989797119057241266206115781
278 350 159500541610957989797119057241266206115781
350 302 2224960385903597735604582653611385381
302 350 2224960385903597735604582653611385381
350 326 281279263243648174365367787773
326 350 281279263243648174365367787773
350 350 3613502487239501608057
349 13 -9119489353978595249991840402849664
13 349 -9119489353978595249991840402849664
349 37 368051677352427308032267438367574728609331081980160
37 349 368051677352427308032267438367574728609331081980160
349 61 -4461953146510684344831096484958406284403370644042481680
61 349 -4461953146510684344831096484958406284403370644042481680
349 85 46145367530922895944346958583498931256861575028971817464
85 349 46145367530922895944346958583498931256861575028971817464
349 109 7554945941920682994786407213287232976556607547402831000
109 349 7554945941920682994786407213287232976556607547402831000
349 133 21231807851452201659280654966828421352092907461524495394
133 349 21231807851452201659280654966828421352092907461524495394
349 157 -4609369755324334161569955431934190911807495429269683627
157 349 -4609369755324334161569955431934190911807495429269683627
349 181 185432965486390444449656395502586322094118297107221097
181 349 185432965486390444449656395502586322094118297107221097
349 205 -2926210282437721612271811602144528273678483255300262
205 349 -2926210282437721612271811602144528273678483255300262
349 229 19883571910497253036514509483555786705972712323881
229 349 19883571910497253036514509483555786705972712323881
349 253 -47283567873268085812228348404416130161151793340
253 349 -47283567873268085812228348404416130161151793340
349 277 -14424057717721935941319755973416325793276227
277 349 -14424057717721935941319755973416325793276227
349 301 -59805142913962976442478554714635600509
301 349 -59805142913962976442478554714635600509
349 325 68696284638580349240866403537841
325 349 68696284638580349240866403537841
349 349 -232332315466643549245341
348 12 17194329725131781205921053378760846
12 348 17194329725131781205921053378760846
348 36 13164401455943001455129264021681412541164876858417713
36 348 13164401455943001455129264021681412541164876858417713
348 60 14190872746736520947542322434630108040997916667736969651
60 348 14190872746736520947542322434630108040997916667736969651
348 84 -1747705601864948639246675449088221889057607924208171933663
84 348 -1747705601864948639246675449088221889057607924208171933663
348 108 667977061991824268003225976645192850895998396811973208048
108 348 667977061991824268003225976645192850895998396811973208048
348 132 -166596867401190211480161719188598885156205390224236143310
132 348 -166596867401190211480161719188598885156205390224236143310
348 156 89441055805292114590224324504769439247155616272638950776
156 348 89441055805292114590224324504769439247155616272638950776
348 180 -4647229047661011761293306687542172885462295365133225462
180 348 -4647229047661011761293306687542172885462295365133225462
348 204 88995278924209586567054361391271361772849299124031167
204 348 88995278924209586567054361391271361772849299124031167
348 228 -734189033305501166375317881629760258330385380849141
228 348 -734189033305501166375317881629760258330385380849141
348 252 2238216551883408115783447337635046258368672069787
252 348 2238216551883408115783447337635046258368672069787
348 276 499779925709097225325517694358749827861060336
276 348 499779925709097225325517694358749827861060336
348 300 2791676379389168919541223897275804307981
300 348 2791676379389168919541223897275804307981
348 324 -1799042380774702068613463784026307
324 348 -1799042380774702068613463784026307
348 348 12257576935022129668226128
347 11 -18238978707957190499983680805699328
11 347 -18238978707957190499983680805699328
347 35 322921876689221221396319475008434312166343399441328944
35 347 322921876689221221396319475008434312166343399441328944
347 59 -47501239009926339520005416774317352821707781177972994894
59 347 -47501239009926339520005416774317352821707781177972994894
347 83 39443488983322541890095745337887179863582416598339303652914
83 347 39443488983322541890095745337887179863582416598339303652914
347 107 -50083845022980385617558927580501157882016000941770480664122
107 347 -50083845022980385617558927580501157882016000941770480664122
347 131 -8232076357116823878564517138373998415098483682850801772681
131 347 -8232076357116823878564517138373998415098483682850801772681
347 155 -944501701968588989729728274005922208803933452984778399935
155 347 -944501701968588989729728274005922208803933452984778399935
347 179 85166244411178717925615963742155880376947377552849694009
179 347 85166244411178717925615963742155880376947377552849694009
347 203 -2094905396326513197363327222482745296147749489220023644
203 347 -2094905396326513197363327222482745296147749489220023644
347 227 21246913871746300259665132122602914589653852181573147
227 347 21246913871746300259665132122602914589653852181573147
347 251 -79508032265958958625081908365162732928228422360779
251 347 -79508032265958958625081908365162732928228422360779
347 275 -8861398637344288348298457576679018962638455265
275 347 -8861398637344288348298457576679018962638455265
347 299 -36519249493676041956595266597265225564517
299 347 -36519249493676041956595266597265225564517
347 323 22747689988903920884391086857891872
323 347 22747689988903920884391086857891872
347 347 -536966212106058730610176287
346 10 10819843350810951512759599096825856
10 346 10819843350810951512759599096825856
346 34 5644406255298512253107121059365419603892768447210616448
34 346 5644406255298512253107121059365419603892768447210616448
346 58 205830933411664429446482049683952282491280012696251897412
58 346 205830933411664429446482049683952282491280012696251897412
346 82 -562635170483833757259526887959519511411433166102001153977244
82 346 -562635170483833757259526887959519511411433166102001153977244
346 106 1942458381483239202821349764786225115206677104230426866942037
106 346 1942458381483239202821349764786225115206677104230426866942037
346 130 293392099819485243078633327777969570626029120584789340482049
130 346 293392099819485243078633327777969570626029120584789340482049
346 154 -1265267741186851090177481983542561099965880792615085791644
154 346 -1265267741186851090177481983542561099965880792615085791644
346 178 -1113538429585269620028742575838392438164818668189916160270
178 346 -1113538429585269620028742575838392438164818668189916160270
346 202 38896116285187165866782257297091401562901195946190452218
202 346 38896116285187165866782257297091401562901195946190452218
346 226 -492439513221757328867294912600889240314226483871823651
226 346 -492439513221757328867294912600889240314226483871823651
346 250 2210556582032435373435690354336362686319023242080344
250 346 2210556582032435373435690354336362686319023242080344
346 274 37864707120978985578430938605051071463472569755
274 346 37864707120978985578430938605051071463472569755
346 298 -781876755846954906124416267778413776276921
298 346 -781876755846954906124416267778413776276921
346 322 -234884231186523254765377897784318161
322 346 -234884231186523254765377897784318161
346 346 19816598660974309839597538431
345 9 -3523558532193466677068124618476480
9 345 -3523558532193466677068124618476480
345 33 72478219758659659777346843581959845194143156109577201724
33 345 72478219758659659777346843581959845194143156109577201724
345 57 -465110971661680484313578777394390171777036277830435416399
57 345 -465110971661680484313578777394390171777036277830435416399
345 81 5353568148325213537111611698408653300711439194475297400620874
81 345 5353568148325213537111611698408653300711439194475297400620874
345 105 -52603855932335330730256935751634779240558489249003433936980821
105 345 -52603855932335330730256935751634779240558489249003433936980821
345 129 -4591793013228788878710018984383509378255425285098706970602002
129 345 -4591793013228788878710018984383509378255425285098706970602002
345 153 264645167056769788291028451735886276598110268797481731331672
153 345 264645167056769788291028451735886276598110268797481731331672
345 177 8502547067037850630124070486192894373644089218707940716894
177 345 8502547067037850630124070486192894373644089218707940716894
345 201 -568365049640244191671722525497038530428974564514483335669
201 345 -568365049640244191671722525497038530428974564514483335669
345 225 9272558320943067368735888403507898606855565005983240370
225 345 9272558320943067368735888403507898606855565005983240370
345 249 -49673125589074792163835598993070328552726555603858907
249 345 -49673125589074792163835598993070328552726555603858907
345 273 2311388423718289155965170601537061856062527903975
273 345 2311388423718289155965170601537061856062527903975
345 297 21375206250693111019875149673043672069086717
297 345 21375206250693111019875149673043672069086717
345 321 439316163943810960981805503312541518
321 345 439316163943810960981805503312541518
345 345 -626965829480889833619862991258
344 8 609307420504299642524783044573184
8 344 609307420504299642524783044573184
344 32 700617926207497025417350380363567125534819947522089853568
32 344 700617926207497025417350380363567125534819947522089853568
344 56 1646179298686438289712109076917830514701585458230022133272
56 344 1646179298686438289712109076917830514701585458230022133272
344 80 -35603568902160531349344633019612959202728798928237359426546880
80 344 -35603568902160531349344633019612959202728798928237359426546880
344 104 1067644519311496537647427751950035398052798338700926999756282010
104 344 1067644519311496537647427751950035398052798338700926999756282010
344 128 31390467382346579709851611885658714290519109289199428712233878
128 344 31390467382346579709851611885658714290519109289199428712233878
344 152 -5866915911775375011216129288767427888341043543874442834868174
152 344 -5866915911775375011216129288767427888341043543874442834868174
344 176 25897150814594117745081732996306281444346656759273475622735
176 344 25897150814594117745081732996306281444346656759273475622735
344 200 6277582967529193046037022110873537516460700184680802726322
200 344 6277582967529193046037022110873537516460700184680802726322
344 224 -142976573769061525812525263107841286245289553589833407119
224 344 -142976573769061525812525263107841286245289553589833407119
344 248 925966604579443136560022798507462613098577464821636816
248 344 925966604579443136560022798507462613098577464821636816
344 272 -73184679087114023321856632583234814331618443215139
272 344 -73184679087114023321856632583234814331618443215139
344 296 156028120066261665524800707153691116065336075
296 344 156028120066261665524800707153691116065336075
344 320 65774593535073137622031212599212652625
320 344 65774593535073137622031212599212652625
344 344 17336084979082363910154524764559
343 7 -53108049110697003710984160998400
7 343 -53108049110697003710984160998400
343 31 5199667454585399880668580354912583172307052423580392415552
31 343 5199667454585399880668580354912583172307052423580392415552
343 55 4726541129365850016826284106600894947463708279577199382928
55 343 4726541129365850016826284106600894947463708279577199382928
343 79 171684158698793978378557859387522251763163038417805767881785568
79 343 171684158698793978378557859387522251763163038417805767881785568
343 103 -16879995429658016533446804247512995476828070763157848483582789314
103 343 -16879995429658016533446804247512995476828070763157848483582789314
343 127 294550276353929316215853173722367336904870971231301501891383269
127 343 294550276353929316215853173722367336904870971231301501891383269
343 151 79636433663970291673929589334427108143723861558771301526177179
151 343 79636433663970291673929589334427108143723861558771301526177179
343 175 -2121934278582958505830790082361561009014894559562928907614278
175 343 -2121934278582958505830790082361561009014894559562928907614278
343 199 -44057629887921155440448031129169931754093701103949263100399
199 343 -44057629887921155440448031129169931754093701103949263100399
343 223 1804335372757593716017799914472761731807891725510117582138
223 343 1804335372757593716017799914472761731807891725510117582138
343 247 -14636542664705317690617960426082749662318032370221065768
247 343 -14636542664705317690617960426082749662318032370221065768
343 271 1226994730542141100147912588448548463754283498962134
271 343 1226994730542141100147912588448548463754283498962134
343 295 -12304235873930695975327696106399612694722680711
295 343 -12304235873930695975327696106399612694722680711
343 319 -2091958938063621202266840305426073263764
319 343 -2091958938063621202266840305426073263764
343 343 -426731663278601559555089059778869
342 6 2157124321209405755847780510400
6 342 2157124321209405755847780510400
342 30 30098988765545274070918689681783473460482935209033659947924
30 342 30098988765545274070918689681783473460482935209033659947924
342 54 88744606465571317683254388492895764471128342457461164683417
54 342 88744606465571317683254388492895764471128342457461164683417
342 78 -611547907795275053194066719735725792748004303290897997575950022
78 342 -611547907795275053194066719735725792748004303290897997575950022
342 102 214346704114851193973187344841863929381992894357607391638880826047
102 342 214346704114851193973187344841863929381992894357607391638880826047
342 126 -12520218707477346509368235075153025572038777217737464683754392409
126 342 -12520218707477346509368235075153025572038777217737464683754392409
342 150 -703527766619735996262304605731216836976695030860122946455130637
150 342 -703527766619735996262304605731216836976695030860122946455130637
342 174 41098131053656104460231143805512757914450582757035170048877064
174 342 41098131053656104460231143805512757914450582757035170048877064
342 198 -32142833476751039299562046361222510152151510668779250095348
198 342 -32142833476751039299562046361222510152151510668779250095348
342 222 -18312906601207723503460969605974465708956767688998191254179
222 342 -18312906601207723503460969605974465708956767688998191254179
342 246 199803484791736984805858842616821409980324705233669226470
246 342 199803484791736984805858842616821409980324705233669226470
342 270 -13138638243138796769280713395546725801652719326703848
270 342 -13138638243138796769280713395546725801652719326703848
342 294 187940256835188955666284781826125729288527404453
294 342 187940256835188955666284781826125729288527404453
342 318 44761031654891715391017292149358052917508
318 342 44761031654891715391017292149358052917508
342 342 9494636812472277956005966193761833
341 5 -36258026813807960291441346560
5 341 -36258026813807960291441346560
341 29 137625331707944833674787083870415799531202125458509852877440
29 341 137625331707944833674787083870415799531202125458509852877440
341 53 98835627407877376012716232730850071091634179787485154728688
53 341 98835627407877376012716232730850071091634179787485154728688
341 77 1555833435023406817100143442304757402303638393850961898928334808
77 341 1555833435023406817100143442304757402303638393850961898928334808
341 101 -2243338964334320823208870902189000451020706757303085047847959219026
101 341 -2243338964334320823208870902189000451020706757303085047847959219026
341 125 222824032002750866754244777774098163330516529682035160442851657014
125 341 222824032002750866754244777774098163330516529682035160442851657014
341 149 2479772816245227892652705492746313017201490177909344535904880557
149 341 2479772816245227892652705492746313017201490177909344535904880557
341 173 -531820196149505945540077604115100333087352893192711215389636992
173 341 -531820196149505945540077604115100333087352893192711215389636992
341 197 6801117204075866934463472578425885064076834432793465568050288
197 341 6801117204075866934463472578425885064076834432793465568050288
341 221 139845584780067886810756602227287568760934200698687605163489
221 341 139845584780067886810756602227287568760934200698687605163489
341 245 -2390965732583302183718517087822477312150445761570919853601
245 341 -2390965732583302183718517087822477312150445761570919853601
341 269 73422065889386898785828243181830989628948036658430664
269 341 73422065889386898785828243181830989628948036658430664
341 293 -433203391342237299975381714132809537065896499349
293 341 -433203391342237299975381714132809537065896499349
341 317 -797132924675075481240796987811983158524675
317 341 -797132924675075481240796987811983158524675
341 341 -193170372120298497826080359922387002
340 4 209273405904458031840649216
4 340 209273405904458031840649216
340 28 502058790881622671084846611923434290660692033392167331057152
28 340 502058790881622671084846611923434290660692033392167331057152
340 52 -2645715202562840250617412981848562625754078210173764893616448
52 340 -2645715202562840250617412981848562625754078210173764893616448
340 76 -2076967841131000215139154301253409701325071718999171819840958832
76 340 -2076967841131000215139154301253409701325071718999171819840958832
340 100 19783495990943675497147527201719240645903473751514870971899774903986
100 340 19783495990943675497147527201719240645903473751514870971899774903986
340 124 -2869618087011166850442349232191858559834767267184439419838460661281
124 340 -2869618087011166850442349232191858559834767267184439419838460661281
340 148 44182533280436786306850636721039559541471374897073880892991122604
148 340 44182533280436786306850636721039559541471374897073880892991122604
340 172 5078021744295190463132429645335099245845574267546246576756194498
172 340 5078021744295190463132429645335099245845574267546246576756194498
340 196 -128037381241272754145572106995467488093405353654366689296505526
196 340 -128037381241272754145572106995467488093405353654366689296505526
340 220 -580458197849247166540639614700669342557579385454257690114475
220 340 -580458197849247166540639614700669342557579385454257690114475
340 244 25378657835280705205914873287547726428120552418620907703509
244 340 25378657835280705205914873287547726428120552418620907703509
340 268 366186749665921440687793138639219451380069071313238292
268 340 366186749665921440687793138639219451380069071313238292
340 292 -29562384095632096388128591575328219763077164267205
292 340 -29562384095632096388128591575328219763077164267205
340 316 12353419081016507423868552050703782338658944
316 340 12353419081016507423868552050703782338658944
340 340 3625703298400702307662644156119786769
339 3 -302501192567723992704512
3 339 -302501192567723992704512
339 27 1472578836227881858905949868899588274742984783451614717800672
27 339 1472578836227881858905949868899588274742984783451614717800672
339 51 -15677984113624555556528292539583456938588097340385020190432364
51 339 -15677984113624555556528292539583456938588097340385020190432364
339 75 -4912614071378730596622908981562211408013105411188489217085802404
75 339 -4912614071378730596622908981562211408013105411188489217085802404
339 99 -149819991031087774267562957464208174054479393844490027749335709302512
99 339 -149819991031087774267562957464208174054479393844490027749335709302512
339 123 29868808911835079075562038233921049202106383290614498978182951555796
123 339 29868808911835079075562038233921049202106383290614498978182951555796
339 147 -1119928590695241559111226173358824824839427513937025252396922152111
147 339 -1119928590695241559111226173358824824839427513937025252396922152111
339 171 -33630539266548417858596696334782787498456186458791821657418892052
171 339 -33630539266548417858596696334782787498456186458791821657418892052
339 195 1616854065559950233475471098234129242392457360899686495793329700
195 339 1616854065559950233475471098234129242392457360899686495793329700
339 219 -3935074339840682184878918460320103187372195899002678241068293
219 339 -3935074339840682184878918460320103187372195899002678241068293
339 243 -241090743548463415833551843910001625533719103465915911511467
243 339 -241090743548463415833551843910001625533719103465915911511467
339 267 -14965574365907932565683644469313718816032105977735524272
267 339 -14965574365907932565683644469313718816032105977735524272
339 291 556077045310710643984987260801484731412375591993419
291 339 556077045310710643984987260801484731412375591993419
339 315 -166999912653177662880447031060446305775626146
315 339 -166999912653177662880447031060446305775626146
339 339 -63230651171592176297198849057016655227
338 2 59537998076630433792
2 338 59537998076630433792
338 26 3492765235031144363231624066781445595616629117135150176083968
26 338 3492765235031144363231624066781445595616629117135150176083968
338 50 9452980812474439439942702370314842521317518166828809830264064
50 338 9452980812474439439942702370314842521317518166828809830264064
338 74 50219331551236195852225943081176133474338335366834151418792520224
74 338 50219331551236195852225943081176133474338335366834151418792520224
338 98 990361523415199946245032910245064757903585113600874313203442300378720
98 338 990361523415199946245032910245064757903585113600874313203442300378720
338 122 -262342120584424053791482103140938173903813124837899400382067028407148
122 338 -262342120584424053791482103140938173903813124837899400382067028407148
338 146 15619686668607178975773236557058121355694453974506759184337981332062
146 338 15619686668607178975773236557058121355694453974506759184337981332062
338 170 80313645298901692043175061605667357065206871382620428295393113776
170 338 80313645298901692043175061605667357065206871382620428295393113776
338 194 -15941091235267065402179951309040310052642499704111823043270932469
194 338 -15941091235267065402179951309040310052642499704111823043270932469
338 218 125370859338623171086218287894224147265567353377051368005787836
218 338 125370859338623171086218287894224147265567353377051368005787836
338 242 2063144951965525396372173550865605117124188389273502696661893
242 338 2063144951965525396372173550865605117124188389273502696661893
338 266 215413569174667703129020007641273433524874165279003000533
266 338 215413569174667703129020007641273433524874165279003000533
338 290 -4562577550236818410065388655409649858269509950791913
290 338 -4562577550236818410065388655409649858269509950791913
338 314 1923194000730854066429269267481597249000682869
314 338 1923194000730854066429269267481597249000682869
338 338 1030468361878966084383897379647360385631
337 1 -344629227380736
1 337 -344629227380736
337 25 6725963770134219968036804487006401486390741014765222310548992
25 337 6725963770134219968036804487006401486390741014765222310548992
337 49 299354025428517196260262385629510246747665822655762709151365504
49 337 299354025428517196260262385629510246747665822655762709151365504
337 73 -244247441588969753679476886364215183860992565291258212043943184896
73 337 -244247441588969753679476886364215183860992565291258212043943184896
337 97 -5796201095279073486858723773639345084190311129257744268143872164982864
97 337 -5796201095279073486858723773639345084190311129257744268143872164982864
337 121 1986222596367393060833282494221655398403148498272815164872062439063032
121 337 1986222596367393060833282494221655398403148498272815164872062439063032
337 145 -166938550838548944754864788599335115383984621280842142948349827044422
145 337 -166938550838548944754864788599335115383984621280842142948349827044422
337 169 1689066181574069411323179746357827674089273432050392512992984235824
169 337 1689066181574069411323179746357827674089273432050392512992984235824
337 193 126777000626537570383225688510015368367697955525891236454270166170
193 337 126777000626537570383225688510015368367697955525891236454270166170
337 217 -1805899259447672607851017975421794779235874624822460145917948971
217 337 -1805899259447672607851017975421794779235874624822460145917948971
337 241 -15973875539157387716114616085468236888196631392808069911506890
241 337 -15973875539157387716114616085468236888196631392808069911506890
337 265 -2135701779703368196365938196472616736048839051478349692511
265 337 -2135701779703368196365938196472616736048839051478349692511
337 289 837706084096443467432949260804303353940634920401981
289 337 837706084096443467432949260804303353940634920401981
337 313 -17693173288899163555991810196985981890521070850
313 337 -17693173288899163555991810196985981890521070850
337 337 -15764947943880150327249567723639647692127
336 24 10540181637910587764853337823174172554707575955443659979743091
24 336 10540181637910587764853337823174172554707575955443659979743091
336 48 442885020424062290652929635604292117697274101933935809595503178
48 336 442885020424062290652929635604292117697274101933935809595503178
336 72 944320993959749578577105447274717195840919940846013631380701389101
72 336 944320993959749578577105447274717195840919940846013631380701389101
336 96 30409943350847594185980777805616678705846503096804136268122432072964472
96 336 30409943350847594185980777805616678705846503096804136268122432072964472
336 120 -13115078261811513639163955316644860584625395029030490524714140635939665
120 336 -13115078261811513639163955316644860584625395029030490524714140635939665
336 144 1484883319323953297702732825545708307494499188213070769443118495346819
144 336 1484883319323953297702732825545708307494499188213070769443118495346819
336 168 -33924967979511326421353396437129588185639483359825762068402183304301
168 336 -33924967979511326421353396437129588185639483359825762068402183304301
336 192 -788799081315465429987815128214902690099203678366344330637646923212
192 336 -788799081315465429987815128214902690099203678366344330637646923212
336 216 19879271251352875453756101046781044886441966037793197747630722670
216 336 19879271251352875453756101046781044886441966037793197747630722670
336 240 112169828155435997826592872437556421493058835999079738737437235
240 336 112169828155435997826592872437556421493058835999079738737437235
336 264 15959607294689594341522750985369667594725408571661304870374
264 336 15959607294689594341522750985369667594725408571661304870374
336 288 479368969946431371042163037804608117925613523002051181
288 336 479368969946431371042163037804608117925613523002051181
336 312 107749199382460438396019177522443840927839295822
312 336 107749199382460438396019177522443840927839295822
336 336 227248292481138400236357419011713199918762
335 23 13451927540268439936073608974012802972781482029530444621097984
23 335 13451927540268439936073608974012802972781482029530444621097984
335 47 -2888616015628231723280560194859358097391950623605503656847049464
47 335 -2888616015628231723280560194859358097391950623605503656847049464
335 71 -3149718553324201214429219444963753393502721776384683544992982082237
71 335 -3149718553324201214429219444963753393502721776384683544992982082237
335 95 -144596363970511471678414948565166125642778214493574347783264785977118656
95 335 -144596363970511471678414948565166125642778214493574347783264785977118656
335 119 75985653288085303386089322494709859654263903802795426631476369614453131
119 335 75985653288085303386089322494709859654263903802795426631476369614453131
335 143 -11359128901381058851138815781577070341916022307580477257071128440197692
143 335 -11359128901381058851138815781577070341916022307580477257071128440197692
335 167 404664974984472911799860016315686945451664473166338134562272924233984
167 335 404664974984472911799860016315686945451664473166338134562272924233984
335 191 3168214566533417449493327130539076832942621087591710478749314678826
191 335 3168214566533417449493327130539076832942621087591710478749314678826
335 215 -185648432961348086252262736629263844765850187482404788274240339955
215 335 -185648432961348086252262736629263844765850187482404788274240339955
335 239 -714671511200642268509616055242605376377473597007675442749407869
239 335 -714671511200642268509616055242605376377473597007675442749407869
335 263 -87271057123188112103984384751812582808264185447140188198073
263 335 -87271057123188112103984384751812582808264185447140188198073
335 287 -6892751620276936652385603894366263145271842833471308990
287 335 -6892751620276936652385603894366263145271842833471308990
335 311 -6711769164799177747534781957561945607881833906
311 335 -6711769164799177747534781957561945607881833906
335 335 -3095791903582960546945237298175640660048586
334 22 13971060940124577452926496267125782382466516468540600704335872
22 334 13971060940124577452926496267125782382466516468540600704335872
334 46 -7727260418854949267811919641523485912394703344885823507567279552
46 334 -7727260418854949267811919641523485912394703344885823507567279552
334 70 9093185020925790800959832451049373485077880726548883166530731602370
70 334 9093185020925790800959832451049373485077880726548883166530731602370
334 94 629156526234358483928671679856898378089592498665727526870942134301538980
94 334 629156526234358483928671679856898378089592498665727526870942134301538980
334 118 -386780231312012341790063988594652310529812144987129150059237954726549310
118 334 -386780231312012341790063988594652310529812144987129150059237954726549310
334 142 75824794170353054361522849271738129837109891996053777067645402414164176
142 334 75824794170353054361522849271738129837109891996053777067645402414164176
334 166 -3817619975467563100616730306114463323771142151867074614829302178281146
166 334 -3817619975467563100616730306114463323771142151867074614829302178281146
334 190 4181571543634031298822873097587964273866601511269002844381272915242
190 334 4181571543634031298822873097587964273866601511269002844381272915242
334 214 1532298695059033900197663251935045205955970048477707982611237084095
214 334 1532298695059033900197663251935045205955970048477707982611237084095
334 238 4122362171270542859452367987042865502459373150161460475137613549
238 334 4122362171270542859452367987042865502459373150161460475137613549
334 262 262334704358391300784211840826797313790547894377162657006552
262 334 262334704358391300784211840826797313790547894377162657006552
334 286 54794380340120760451936761080718767917487343655640343400
286 334 54794380340120760451936761080718767917487343655640343400
334 310 -9292948251903458528514341506882179416112991745062
310 334 -9292948251903458528514341506882179416112991745062
334 334 39955842324200135308485265285981011978950269
333 21 11780630689823054871247598951196706197943878267612917742405376
21 333 11780630689823054871247598951196706197943878267612917742405376
333 45 16763522312942612169286534714331789991415741251795150785775831058
45 333 16763522312942612169286534714331789991415741251795150785775831058
333 69 -23489687817740263282568772366653857566875125656023634247255538120099
69 333 -23489687817740263282568772366653857566875125656023634247255538120099
333 93 -2526521837468929380713333079716277259768472928746355160756646654458232323
93 333 -2526521837468929380713333079716277259768472928746355160756646654458232323
333 117 1721080261191257543774273866759330617411288362653153125546423108137965070
117 333 1721080261191257543774273866759330617411288362653153125546423108137965070
333 141 -443702636884315822345608285231805630584411201679927793679209136785644994
141 333 -443702636884315822345608285231805630584411201679927793679209136785644994
333 165 30811081493523150831020805372593733553712927165081806350626129926036863
165 333 30811081493523150831020805372593733553712927165081806350626129926036863
333 189 -250978842276337833441208062061601025490017724532861513441717566834263
189 333 -250978842276337833441208062061601025490017724532861513441717566834263
333 213 -11412746085147688280363593435103885245353435076276289738522558535049
213 333 -11412746085147688280363593435103885245353435076276289738522558535049
333 237 -21388798780389933283494475044040211772767614870962551166153131152
237 333 -21388798780389933283494475044040211772767614870962551166153131152
333 261 1004588199337882767098650148168869705219905497713659065166694
261 333 1004588199337882767098650148168869705219905497713659065166694
333 285 -223556977076180610275683628763816738481181147887651909008
285 333 -223556977076180610275683628763816738481181147887651909008
333 309 108272474465467331011619597256395298324547156366389
309 333 108272474465467331011619597256395298324547156366389
333 333 -489554023826491090980644101591758940485912288
332 20 8032940654105962737357545790774948650571072534274677296914432
20 332 8032940654105962737357545790774948650571072534274677296914432
332 44 65595502689714835969570284621172480941105815589475244812934974912
44 332 65595502689714835969570284621172480941105815589475244812934974912
332 68 61657599830750384604219705975037921164405576403803476472614806081596
68 332 61657599830750384604219705975037921164405576403803476472614806081596
332 92 9434580004607591447347745826246967952866612279725005017433467280322320236
92 332 9434580004607591447347745826246967952866612279725005017433467280322320236
332 116 -6584556121775474752449037099986132671166166686869418120914762310354679166
116 332 -6584556121775474752449037099986132671166166686869418120914762310354679166
332 140 2268091821038937431965414029624869425175838542407816800552961745447638699
140 332 2268091821038937431965414029624869425175838542407816800552961745447638699
332 164 -220316012586477270414669489098496696804790507518578464159313547466656158
164 332 -220316012586477270414669489098496696804790507518578464159313547466656158
332 188 3281046012353995205404653048048699854634437760201241641851154061592668
188 332 3281046012353995205404653048048699854634437760201241641851154061592668
332 212 77634285462320502578553929710726806195693145446021805532371910406725
212 332 77634285462320502578553929710726806195693145446021805532371910406725
332 236 98340970269994158986611674899196324786873670799554834604747660316
236 332 98340970269994158986611674899196324786873670799554834604747660316
332 260 -23163168718838739913667213156660679810390594764775206437752690
260 332 -23163168718838739913667213156660679810390594764775206437752690
332 284 -605328616697169218716891242550552278992129064618491808584
284 332 -605328616697169218716891242550552278992129064618491808584
332 308 -99082826592140353150672953834474933833645538571529
308 332 -99082826592140353150672953834474933833645538571529
332 332 5703545949493544822123487665807021618649276051
331 19 4404010614654234677593186683853305584998468014672315292078080
19 331 4404010614654234677593186683853305584998468014672315292078080
331 43 -66324718328428946485042481170563587581165046447983507079848311712
43 331 -66324718328428946485042481170563587581165046447983507079848311712
331 67 -177851461237571330902651012671554943263591965571114549616107819045008
67 331 -177851461237571330902651012671554943263591965571114549616107819045008
331 91 -32979440765749472803757234351868301618312803050364234140430327853437397328
91 331 -32979440765749472803757234351868301618312803050364234140430327853437397328
331 115 20690769326596791519124204107192746835603795666501022687552043790381331795
115 331 20690769326596791519124204107192746835603795666501022687552043790381331795
331 139 -9982623191273762541078932458475293713914815265458399664581854922789133830
139 331 -9982623191273762541078932458475293713914815265458399664581854922789133830
331 163 1422855157731724571997339955065622073819679769548736567645607320030876168
163 331 1422855157731724571997339955065622073819679769548736567645607320030876168
331 187 -31587939875067887449408544784805874654003248616707567881717861164925712
187 331 -31587939875067887449408544784805874654003248616707567881717861164925712
331 211 -485826755137049467756309956687168471473330595107938866483959880037668
211 331 -485826755137049467756309956687168471473330595107938866483959880037668
331 235 -386648263589509672394171357987497477806640619418912805710880928493
235 331 -386648263589509672394171357987497477806640619418912805710880928493
331 259 219696058518480037938857020420519915807155336818484445854264035
259 331 219696058518480037938857020420519915807155336818484445854264035
331 283 18755117226255729517716587628700718889826446744601121948367
283 331 18755117226255729517716587628700718889826446744601121948367
331 307 -17659104855971815605421493037178354559477826768825984
307 331 -17659104855971815605421493037178354559477826768825984
331 331 -63268970220045708776316727932592895372445004626
330 18 1926335280994897540538796139634142301470907853378154236667136
18 330 1926335280994897540538796139634142301470907853378154236667136
330 42 -368514408030871050589391327139461570037492056777043541825793785730
42 330 -368514408030871050589391327139461570037492056777043541825793785730
330 66 478380934548221935192849189908392379562789992017597146513526383342023
66 330 478380934548221935192849189908392379562789992017597146513526383342023
330 90 108548635795246683687106773579201941414547347733153301662822258309668549507
90 330 108548635795246683687106773579201941414547347733153301662822258309668549507
330 114 -45655106549431611311921258935746110975183902193523059657047721845781258979
114 330 -45655106549431611311921258935746110975183902193523059657047721845781258979
330 138 36445431665200503551774359481187529729052185880518374263948338346944099469
138 330 36445431665200503551774359481187529729052185880518374263948338346944099469
330 162 -8394837394252061204804586913061932403355220788193561302584653788076647552
162 330 -8394837394252061204804586913061932403355220788193561302584653788076647552
330 186 258581942314732517076493399537975359772855973459069137763558517869249103
186 330 258581942314732517076493399537975359772855973459069137763558517869249103
330 210 2808219096643735281276183930911081474219678442913585500195472045271452
210 330 2808219096643735281276183930911081474219678442913585500195472045271452
330 234 1170883562286294404507558984479660990845199542639522020574353032952
234 330 1170883562286294404507558984479660990845199542639522020574353032952
330 258 -1532016586486969520126034664208348256584971036998141957140421855
258 330 -1532016586486969520126034664208348256584971036998141957140421855
330 282 -173527632650267850255525227442151305281868500486483949955003
282 330 -173527632650267850255525227442151305281868500486483949955003
330 306 372835727004556008292287968650131585209891463602343133
306 330 372835727004556008292287968650131585209891463602343133
330 330 668957424487005834713982254474696047067757289480
329 17 665557434186931184725578285428810646055302710218290229190656
17 329 665557434186931184725578285428810646055302710218290229190656
329 41 178757584799822472072805745286764831542424423982947146624633112000
41 329 178757584799822472072805745286764831542424423982947146624633112000
329 65 -941426812460052981297556635117202005762744580892668589842686028285592
65 329 -941426812460052981297556635117202005762744580892668589842686028285592
329 89 -338138288643664895098040843182724512541977014409580343060105461615644370148
89 329 -338138288643664895098040843182724512541977014409580343060105461615644370148
329 113 5746091759990763773506462601032502821926827410766866517096877599381260150
113 329 5746091759990763773506462601032502821926827410766866517096877599381260150
329 137 -98812269118139840439203131587518517348022847616591218387624206327391851055
137 329 -98812269118139840439203131587518517348022847616591218387624206327391851055
329 161 45545226220031738668209891503730889197055293039082731033632407799007058129
161 329 45545226220031738668209891503730889197055293039082731033632407799007058129
329 185 -1893344539093504477331330452424712384556209124494090686081656996191631816
185 329 -1893344539093504477331330452424712384556209124494090686081656996191631816
329 209 -15013841155081094327439799437187037670195238141071757540921219727837173
209 329 -15013841155081094327439799437187037670195238141071757540921219727837173
329 233 -1474344083689756325194243598082844401297356859499010992897873417537
233 329 -1474344083689756325194243598082844401297356859499010992897873417537
329 257 8683815350950465352901304682760391894942358561156516513846080806
257 329 8683815350950465352901304682760391894942358561156516513846080806
329 281 974469189720844314742874176494306699932123383270079324525663
281 329 974469189720844314742874176494306699932123383270079324525663
329 305 -4930072977931242756967430576696603657768541044969673503
305 329 -4930072977931242756967430576696603657768541044969673503
329 329 -6747228174468877863094145008970716982467933981356
328 16 179358189109119238506841697373073184136913906565655002513408
16 328 179358189109119238506841697373073184136913906565655002513408
328 40 1484005473907252645494516644745503215510634197682630751115161637632
40 328 1484005473907252645494516644745503215510634197682630751115161637632
328 64 1087919045289147736014214227552593931294331462824717874880321919695712
64 328 1087919045289147736014214227552593931294331462824717874880321919695712
328 88 1001395922150397728290595876085263225061056990414036491088334119671381484184
88 328 1001395922150397728290595876085263225061056990414036491088334119671381484184
328 112 655502389752900174641972328449031231840265356940858427765461234116678023883
112 328 655502389752900174641972328449031231840265356940858427765461234116678023883
328 136 101187737767636689708640198164280319844910326076908776981729277759091140374
136 328 101187737767636689708640198164280319844910326076908776981729277759091140374
328 160 -227859429432877359479278749056394531675472303075502222000654778929238852728
160 328 -227859429432877359479278749056394531675472303075502222000654778929238852728
328 184 12711100409168181025722661461793976929832671144877990900501261581232101274
184 328 12711100409168181025722661461793976929832671144877990900501261581232101274
328 208 74131421193593487998734918187764352861300260126622047413637895638875079
208 328 74131421193593487998734918187764352861300260126622047413637895638875079
328 232 -13894906859513598953107198836882159072780507443788635796356601748338
232 328 -13894906859513598953107198836882159072780507443788635796356601748338
328 256 -41072843797806404971561434803925131843925909357974911512289476499
256 328 -41072843797806404971561434803925131843925909357974911512289476499
328 280 -2689586661962336546120110381373137700273627864885714141893364
280 328 -2689586661962336546120110381373137700273627864885714141893364
328 304 49290135035350564012088306588665740703831389334593451068
304 328 49290135035350564012088306588665740703831389334593451068
328 328 64958842197543233905185841062098749999580383858113
327 15 37108848516433745806001583913963440739401295928103527282688
15 327 37108848516433745806001583913963440739401295928103527282688
327 39 -315193890900204769246605766050434553403788484398596716543578559792
39 327 -315193890900204769246605766050434553403788484398596716543578559792
327 63 -1086479599791187313639828115222494626848592244114514617376280077711842
63 327 -1086479599791187313639828115222494626848592244114514617376280077711842
327 87 -2830534449685630815661659108858259313556050168043489876094730005760478747968
87 327 -2830534449685630815661659108858259313556050168043489876094730005760478747968
327 111 -4738186841425270651261264149763194154775726756315561219819998076836901647024
111 327 -4738186841425270651261264149763194154775726756315561219819998076836901647024
327 135 924278299202394910220014031036238054342742170587560819851442376775363780030
135 327 924278299202394910220014031036238054342742170587560819851442376775363780030
327 159 1050397721845620586492206495317129131010642203715104334706632424349872487632
159 327 1050397721845620586492206495317129131010642203715104334706632424349872487632
327 183 -79388930874422408179095826094089866924055290606165449884378235827666281838
183 327 -79388930874422408179095826094089866924055290606165449884378235827666281838
327 207 -336190318269218636311867615428995950866510579519122105660736818131883581
207 327 -336190318269218636311867615428995950866510579519122105660736818131883581
327 231 157579745109884098496066926586206913907380298474598039796738769215714
231 327 157579745109884098496066926586206913907380298474598039796738769215714
327 255 160405125804977695744155468343887697975869076703338250631195988655
255 327 160405125804977695744155468343887697975869076703338250631195988655
327 279 -11125167567221100268066214024458472612539761022270363362643332
279 327 -11125167567221100268066214024458472612539761022270363362643332
327 303 -388259376956135433652743749785668428289299438604647800421
303 327 -388259376956135433652743749785668428289299438604647800421
327 327 -597203847740495249009271364386391505937810220279964
326 14 5779872005425676547181691964790189674386194889943671242752
14 326 5779872005425676547181691964790189674386194889943671242752
326 38 -4453336306398226510818949488437316795479026346355603165146333674496
38 326 -4453336306398226510818949488437316795479026346355603165146333674496
326 62 6800421459655190129124799109760078385304517453516953102732696325614592
62 326 6800421459655190129124799109760078385304517453516953102732696325614592
326 86 7662652660053230744155850122021142380882673291020234641006758993225278906992
86 326 7662652660053230744155850122021142380882673291020234641006758993225278906992
326 110 23958505472504718931941289455392880889805376604545982609795182208866179228964
110 326 23958505472504718931941289455392880889805376604545982609795182208866179228964
326 134 -8214278143940974510033942425215341037756880046543811389577689460954929400584
134 326 -8214278143940974510033942425215341037756880046543811389577689460954929400584
326 158 -4439024802459963370946086693416473206405998757303885391696438860763537493134
158 326 -4439024802459963370946086693416473206405998757303885391696438860763537493134
326 182 465668249140480633740628624816732340984386653552718313054670947978431025076
182 326 465668249140480633740628624816732340984386653552718313054670947978431025076
326 206 1383231599550701549295724567552672866343463345929303313340256427337429595
206 326 1383231599550701549295724567552672866343463345929303313340256427337429595
326 230 -1087623305782760723568314237082867775006750984732233021181805114268445
230 326 -1087623305782760723568314237082867775006750984732233021181805114268445
326 254 -482777781752433909572592646406066526134042518476516833073919763776
254 326 -482777781752433909572592646406066526134042518476516833073919763776
326 278 206544028546355215770436249384876376149577082150241071414841316
278 326 206544028546355215770436249384876376149577082150241071414841316
326 302 2352136879365194244598718304127916873079179434947217203366
302 326 2352136879365194244598718304127916873079179434947217203366
326 326 5244309455036056443938795733095796373895195600167773
325 13 661344003459525061419662284817273471316671282055841677312
13 325 661344003459525061419662284817273471316671282055841677312
325 37 270494243988401224837250274977784910104333121321757588186194259200
37 325 270494243988401224837250274977784910104333121321757588186194259200
325 61 -32721499347738716308867369457517202622990823712194283998484708109717248
61 325 -32721499347738716308867369457517202622990823712194283998484708109717248
325 85 -19927301756738200223644768302790309553362656572942740797142094978600211465152
85 325 -19927301756738200223644768302790309553362656572942740797142094978600211465152
325 109 -101636646736055127724738205742728210541116091759317043721391161330960728353336
109 325 -101636646736055127724738205742728210541116091759317043721391161330960728353336
325 133 42873239502530684891479840606932096472854436205690382781271295067383340906768
133 325 42873239502530684891479840606932096472854436205690382781271295067383340906768
325 157 16991612056596698217911303061794972237666010336740775321190094866639712705314
157 325 16991612056596698217911303061794972237666010336740775321190094866639712705314
325 181 -2582389637680247169637586600437586069439093812942073985532091076578983913808
181 325 -2582389637680247169637586600437586069439093812942073985532091076578983913808
325 205 -5025098433101317227801429893563953814032996220857582349232620309768848633
205 325 -5025098433101317227801429893563953814032996220857582349232620309768848633
325 229 6135738527806953513993345002220462841812422689795363612285955743015768
229 325 6135738527806953513993345002220462841812422689795363612285955743015768
325 253 786475044267126118486590066752465965818885248481715015778975213760
253 325 786475044267126118486590066752465965818885248481715015778975213760
325 277 -1608218613995022979669321808403909642640414963019159117928985648
277 325 -1608218613995022979669321808403909642640414963019159117928985648
325 301 -9339217274885107481285424590336293463966557413617715416233
301 325 -9339217274885107481285424590336293463966557413617715416233
325 325 -43991959383149714030433969378460692209223963524951822
324 12 53921388363542533960209465432807065768611335612078952448
12 324 53921388363542533960209465432807065768611335612078952448
324 36 10229210043609290284770865620834836792938320321732611852744107742268
36 324 10229210043609290284770865620834836792938320321732611852744107742268
324 60 77778722933160380438985791583005499417673293628915818379969171230272181
60 324 77778722933160380438985791583005499417673293628915818379969171230272181
324 84 49914205539916483271481811099576702021946696554031911068279911841944281086874
84 324 49914205539916483271481811099576702021946696554031911068279911841944281086874
324 108 383376497219827390336014800871648663597006619362047917992627980363684320999412
108 324 383376497219827390336014800871648663597006619362047917992627980363684320999412
324 132 -170075729799130772161101354433326899910690908807743464908824841953359411877977
132 324 -170075729799130772161101354433326899910690908807743464908824841953359411877977
324 156 -57366070297126807802265985848148775513310573783121742457677429480863582486788
156 324 -57366070297126807802265985848148775513310573783121742457677429480863582486788
324 180 13605797493864789046501441744569016457285944313496223134014216164598454100070
180 324 13605797493864789046501441744569016457285944313496223134014216164598454100070
324 204 15033097346030357859778457840423300240953188187843985766951597637343486505
204 324 15033097346030357859778457840423300240953188187843985766951597637343486505
324 228 -30362711176757732626468907248605062266687686142112901279133883681742717
228 324 -30362711176757732626468907248605062266687686142112901279133883681742717
324 252 2630523945117718645834384821119594809335266748601466957977921145416
252 324 2630523945117718645834384821119594809335266748601466957977921145416
324 276 8706996513661240191151124897895885357820020084649177795374276009
276 324 8706996513661240191151124897895885357820020084649177795374276009
324 300 -1763550212500919255593575612074635204793082768062707428895
300 324 -1763550212500919255593575612074635204793082768062707428895
324 324 352488797406216489481143908875785717015763804041549560
323 11 3015079340871084507400334855107172176767640223581470720
11 323 3015079340871084507400334855107172176767640223581470720
323 35 540988487976802449674500549955569820208666242643515176372388518400
35 323 540988487976802449674500549955569820208666242643515176372388518400
323 59 -66615232801709087073141064202092770983898138382303533397048692294060816
59 323 -66615232801709087073141064202092770983898138382303533397048692294060816
323 83 -120701553995854115864008875969958742007015461283449558948213190022608357051448
83 323 -120701553995854115864008875969958742007015461283449558948213190022608357051448
323 107 -1321281192968829774753897647528682721982937191811161496375602909220407340239826
107 323 -1321281192968829774753897647528682721982937191811161496375602909220407340239826
323 131 522582342480009309540039024886787590280427490395551596331115897332458573226202
131 323 522582342480009309540039024886787590280427490395551596331115897332458573226202
323 155 159689676268206784638604165609878551598788641875407465577206213841571666713355
155 323 159689676268206784638604165609878551598788641875407465577206213841571666713355
323 179 -68361484825607278996085494259378895501726178472950561850293590062407512293076
179 323 -68361484825607278996085494259378895501726178472950561850293590062407512293076
323 203 -28067678436161058353766145177340261906673302866536223748721745306288424867
203 323 -28067678436161058353766145177340261906673302866536223748721745306288424867
323 227 134790413034159774132114082141036524342832190155972175691257357961589398
227 323 134790413034159774132114082141036524342832190155972175691257357961589398
323 251 -34154702684644504616554848415447322944377232303558416007595019515368
251 323 -34154702684644504616554848415447322944377232303558416007595019515368
323 275 -34361232518277069830988981402303692849684280687896550988523332442
275 323 -34361232518277069830988981402303692849684280687896550988523332442
323 299 450552665039127737531025619514859886576704150790873711239440
299 323 450552665039127737531025619514859886576704150790873711239440
323 323 -2697128934118317234694412711372756152701383071667000844
322 10 110156063929844650201918021715162651061958767598895104
10 322 110156063929844650201918021715162651061958767598895104
322 34 -17813345225592906043275797953749267181916105385422412660585334697984
34 322 -17813345225592906043275797953749267181916105385422412660585334697984
322 58 -130013087507530490268721470858086509073563830305820201706629449859835776
58 322 -130013087507530490268721470858086509073563830305820201706629449859835776
322 82 282359168648436460080041392528994260325108834171195579272595512785089269096592
82 322 282359168648436460080041392528994260325108834171195579272595512785089269096592
322 106 4225706133156293976536963760496934372783747878895021096676092783653150144380284
106 322 4225706133156293976536963760496934372783747878895021096676092783653150144380284
322 130 -1069757377474907834519776126305230046848044102149356100991110366149999076886222
130 322 -1069757377474907834519776126305230046848044102149356100991110366149999076886222
322 154 -282562423763589356566106151229115074615068382870027226585324230906715549476575
154 322 -282562423763589356566106151229115074615068382870027226585324230906715549476575
322 178 328527094145363949603391383659230475350285718567852337816719407392005886635490
178 322 328527094145363949603391383659230475350285718567852337816719407392005886635490
322 202 -53622420583415202106407322691691297793356467132486815477949834672094430980
202 322 -53622420583415202106407322691691297793356467132486815477949834672094430980
322 226 -537211586247797488211437400739925505315960757140751584352788359325828930
226 322 -537211586247797488211437400739925505315960757140751584352788359325828930
322 250 218834706332470229345562174501949613743695118306445242532348062433663
250 322 218834706332470229345562174501949613743695118306445242532348062433663
322 274 85096235130276028281491320210915542871267401552116862406849262315
274 322 85096235130276028281491320210915542871267401552116862406849262315
322 298 -5095587712868883847793920650883708837110150687333881411911137
298 322 -5095587712868883847793920650883708837110150687333881411911137
322 322 19700002193308841953258568393288889782407985074095044849
321 9 2471657760471288208958317410708678889234225428627456
9 321 2471657760471288208958317410708678889234225428627456
321 33 -2521551127201638153972846128403476427230307875188773732348628478336
33 321 -2521551127201638153972846128403476427230307875188773732348628478336
321 57 387120941187705127947871840998740570467933983964008418009407541275599468
57 321 387120941187705127947871840998740570467933983964008418009407541275599468
321 81 -640144929330921008592774018049454752000613819018082156184662111476048047960076
81 321 -640144929330921008592774018049454752000613819018082156184662111476048047960076
321 105 -12667287849957139354799735576733059015809036212349450501900443490132119013599846
105 321 -12667287849957139354799735576733059015809036212349450501900443490132119013599846
321 129 -212297853967882703168866071796835284717205405407597968411552500953550752202801
129 321 -212297853967882703168866071796835284717205405407597968411552500953550752202801
321 153 -415740874686071968568060675679014119454602295955296144765509381130142176472998
153 321 -415740874686071968568060675679014119454602295955296144765509381130142176472998
321 177 -1513748643312047527409226417239981990371441543824527166618348189949375081797194
177 321 -1513748643312047527409226417239981990371441543824527166618348189949375081797194
321 201 963535096156418051325967118503498696555501671476187798165967611083886430886
201 321 963535096156418051325967118503498696555501671476187798165967611083886430886
321 225 1884633724339681143705078007147802966717542814651580891431352103370799009
225 321 1884633724339681143705078007147802966717542814651580891431352103370799009
321 249 -1119792202262106534856487732442149071927692692887429527092214488642506
249 321 -1119792202262106534856487732442149071927692692887429527092214488642506
321 273 26634757082858807556331069168222184326140306424725652772606640394
273 321 26634757082858807556331069168222184326140306424725652772606640394
321 297 38854058020596662194805190207038642386735359877595090123347051
297 321 38854058020596662194805190207038642386735359877595090123347051
321 321 -137272213611951753460329825264548110119415992610022359067
320 8 31431005982285876457072711822363151807178491297792
8 320 31431005982285876457072711822363151807178491297792
320 32 23744087582516042327912266315928051448170147162922092017842586202112
32 320 23744087582516042327912266315928051448170147162922092017842586202112
320 56 101603153025254924469546493280441766438352949061359929651453846231204992
56 320 101603153025254924469546493280441766438352949061359929651453846231204992
320 80 1408777271617327089875376995842950876372502737326469617740972359927004466715488
80 320 1408777271617327089875376995842950876372502737326469617740972359927004466715488
320 104 35840940711816261304869162611217769155046887306008476855163575362221308664438528
104 320 35840940711816261304869162611217769155046887306008476855163575362221308664438528
320 128 16347222821559879030818837144319599888514210890218940078117919160163460365954868
128 320 16347222821559879030818837144319599888514210890218940078117919160163460365954868
320 152 7520762791722246678604305220837522597417800448076670702978622690533477268815878
152 320 7520762791722246678604305220837522597417800448076670702978622690533477268815878
320 176 6701087256351682958810018262181641139579047912674874702041614855798287471948108
176 320 6701087256351682958810018262181641139579047912674874702041614855798287471948108
320 200 -6872655319720227657132158529733604572440071405727318880545261648078696829679
200 320 -6872655319720227657132158529733604572440071405727318880545261648078696829679
320 224 -5471780766378799215312865752494500910716475190258622894932900981812260174
224 320 -5471780766378799215312865752494500910716475190258622894932900981812260174
320 248 5045997666719611482896324131776377114405007634875998894832718791349426
248 320 5045997666719611482896324131776377114405007634875998894832718791349426
320 272 -1678504941902744147052645060912328919243868893874682229155842319656
272 320 -1678504941902744147052645060912328919243868893874682229155842319656
320 296 -232918025943984273121582110823249281700610817333378924696081827
296 320 -232918025943984273121582110823249281700610817333378924696081827
320 320 911808285277848389075099024362560443199573953514781518021
319 7 203743472900570269720509247543344832941350977536
7 319 203743472900570269720509247543344832941350977536
319 31 5720242713594319106329783849176474609357581567454308691988259584000
31 319 5720242713594319106329783849176474609357581567454308691988259584000
319 55 -2317024739430832843710323363324822165958270220253219215092979041167621568
55 319 -2317024739430832843710323363324822165958270220253219215092979041167621568
319 79 -3013796103105814126746925434657585430319443387891030698853822565754334590573248
79 319 -3013796103105814126746925434657585430319443387891030698853822565754334590573248
319 103 -96206779360792925813795994076527979056237409760553852735642919048519633602534176
103 319 -96206779360792925813795994076527979056237409760553852735642919048519633602534176
319 127 -107325768685394114981815318328443505892689471362396147829196410534244681398684028
127 319 -107325768685394114981815318328443505892689471362396147829196410534244681398684028
319 151 -49411875217583790898066011825948693543721801449119620243524353411939104269006307
151 319 -49411875217583790898066011825948693543721801449119620243524353411939104269006307
319 175 -28550706284647961598081184100667066800215084431037492524995937199540909429813484
175 319 -28550706284647961598081184100667066800215084431037492524995937199540909429813484
319 199 38377643925119291216879309469650242208785362274394303949720762869480130359424
199 319 38377643925119291216879309469650242208785362274394303949720762869480130359424
319 223 10342329930659377837334783452320687614378309673330836130832871707791405216
223 319 10342329930659377837334783452320687614378309673330836130832871707791405216
319 247 -20557324764888194071125694251787953761679927055007786123034862413757488
247 319 -20557324764888194071125694251787953761679927055007786123034862413757488
319 271 10882817555594288923046942174153365503466037304361874587892473028549
271 319 10882817555594288923046942174153365503466037304361874587892473028549
319 295 1131135637399859594551415046595118340563859961720989637430744681
295 319 1131135637399859594551415046595118340563859961720989637430744681
319 319 -5767327175797290876994944288064446491481878662440487989954
318 6 583307356190593964280014440766351387703115776
6 318 583307356190593964280014440766351387703115776
318 30 -23584922113975747237721044936925540482399491633730786676850802286720
30 318 -23584922113975747237721044936925540482399491633730786676850802286720
318 54 5109768681395309616589815418519046999194537843175140629495846811966987940
54 318 5109768681395309616589815418519046999194537843175140629495846811966987940
318 78 6275322335391940418150852560326702870026875866531600385528552059807687187243156
78 318 6275322335391940418150852560326702870026875866531600385528552059807687187243156
318 102 245939283656735416347796606910986400461663012475137513345685672241499704661055042
102 318 245939283656735416347796606910986400461663012475137513345685672241499704661055042
318 126 505486347077592437351545234478123834632213976438634273273553522623882471589716923
126 318 505486347077592437351545234478123834632213976438634273273553522623882471589716923
318 150 251206702873803524985357447116046705689112984527138643538674094388182999723392795
150 318 251206702873803524985357447116046705689112984527138643538674094388182999723392795
318 174 117262456384608532568973555710519591835145904273006127851153860042778759261162214
174 318 117262456384608532568973555710519591835145904273006127851153860042778759261162214
318 198 -188101306604118811030453915323250032613263653976253948685855058510983847227562
198 318 -188101306604118811030453915323250032613263653976253948685855058510983847227562
318 222 12466901663594166064907770978663264089507094913858367845890492761607263613
222 318 12466901663594166064907770978663264089507094913858367845890492761607263613
318 246 74864393000443622083619745589295661653201353224813342015176912081954139
246 318 74864393000443622083619745589295661653201353224813342015176912081954139
318 270 -45165300857842203331596309986078964958384249287504542605913522203447
270 318 -45165300857842203331596309986078964958384249287504542605913522203447
318 294 -4325530906419858798969060513595924953261873356198059052349620420
294 318 -4325530906419858798969060513595924953261873356198059052349620420
318 318 34690437685783537908413084290549900860818202340778274686565
317 5 603216435470101179919859372333533086351360
5 317 603216435470101179919859372333533086351360
317 29 -8489563946038905150085437589832139210389125945341888906220583899136
29 317 -8489563946038905150085437589832139210389125945341888906220583899136
317 53 -3428712727394244571524567825493507770499847963451439820721834528178895744
53 317 -3428712727394244571524567825493507770499847963451439820721834528178895744
317 77 -12731609805628119908131098743807405120347350379350286525426158863243651420410944
77 317 -12731609805628119908131098743807405120347350379350286525426158863243651420410944
317 101 -600479582162951687492177027338754007700328489048573355389375766153022215353708504
101 317 -600479582162951687492177027338754007700328489048573355389375766153022215353708504
317 125 -2009290804861236773245417400415479932940228129393834942964873442775538936667315564
125 317 -2009290804861236773245417400415479932940228129393834942964873442775538936667315564
317 149 -1113497380643179143847331763045817484857254316167851984266011417465047511311429706
149 317 -1113497380643179143847331763045817484857254316167851984266011417465047511311429706
317 173 -464948360282523252459910024604698442631167508564910854630787900942249757315755140
173 317 -464948360282523252459910024604698442631167508564910854630787900942249757315755140
317 197 844154786337827860289934040189616002170996219111564771688198359559094796321564
197 317 844154786337827860289934040189616002170996219111564771688198359559094796321564
317 221 -268490569772309616982208350976373571399155029153087483464186310988336568090
221 317 -268490569772309616982208350976373571399155029153087483464186310988336568090
317 245 -230510232821465622481073431432152993305149099444897507100608339133276115
245 317 -230510232821465622481073431432152993305149099444897507100608339133276115
317 269 128949003942120066598550950071304192492090893843823317186995473951518
269 317 128949003942120066598550950071304192492090893843823317186995473951518
317 293 11205668796786422912757658428638048110396584316995573515428516241
293 317 11205668796786422912757658428638048110396584316995573515428516241
317 317 -198086170171001149764006280897283862828273267356812044428472
316 4 167238955091635332273002833023588106240
4 316 167238955091635332273002833023588106240
316 28 16792448688566998008209992863020155120923088790905662672111353577472
28 316 16792448688566998008209992863020155120923088790905662672111353577472
316 52 -7180778832014927872513156292355663369044790328764806354147463236527888896
52 316 -7180778832014927872513156292355663369044790328764806354147463236527888896
316 76 25192881499786788986859472306879043441258640977783119744046643572494725486162688
76 316 25192881499786788986859472306879043441258640977783119744046643572494725486162688
316 100 1403239693626882296341545677900310934247532388158217255228429926696594741449326960
100 316 1403239693626882296341545677900310934247532388158217255228429926696594741449326960
316 124 7116321187477229484764638839297688019702802757769090157928730996920187561909413196
124 316 7116321187477229484764638839297688019702802757769090157928730996920187561909413196
316 148 4494037357125397212557828535786153585361052157873974807321317721265623105312756455
148 316 4494037357125397212557828535786153585361052157873974807321317721265623105312756455
316 172 1782153554961978195108204812244429860326014820803314425220875969828027276777683124
172 316 1782153554961978195108204812244429860326014820803314425220875969828027276777683124
316 196 -3542108687599485469600612951445561171906608184621865435403534431236880619598060
196 316 -3542108687599485469600612951445561171906608184621865435403534431236880619598060
316 220 1851945187561328571222050922830878965396818802757772875102576065773959224012
220 316 1851945187561328571222050922830878965396818802757772875102576065773959224012
316 244 496119103594481634380373097163610527645904796330554304934216811410515943
244 316 496119103594481634380373097163610527645904796330554304934216811410515943
316 268 -188562799819116455579046622736126592262037390410083345110542203817720
268 316 -188562799819116455579046622736126592262037390410083345110542203817720
316 292 -1808795917297067382325145926737862988833669857291418715281665058
292 316 -1808795917297067382325145926737862988833669857291418715281665058
316 316 1071338104117111200610535376129680654981400726605169398102907
315 3 7669933974250315974507189476786176
3 315 7669933974250315974507189476786176
315 27 8582923424226617430674705773737876475604859520919117202317225501696
27 315 8582923424226617430674705773737876475604859520919117202317225501696
315 51 19222775380036123611599532696853434741110776460524539795126797287731258976
51 315 19222775380036123611599532696853434741110776460524539795126797287731258976
315 75 -48664036544270388255362792216596709522191725063224834116730642827945496077023664
75 315 -48664036544270388255362792216596709522191725063224834116730642827945496077023664
315 99 -3142985869715354998736422820126927112820729018186193384175459242882158356151913820
99 315 -3142985869715354998736422820126927112820729018186193384175459242882158356151913820
315 123 -23038879196021628422733619901736715761988284682849290051674643372935101834162090484
123 315 -23038879196021628422733619901736715761988284682849290051674643372935101834162090484
315 147 -16869251567035854018631210236326907388228011846645485879015304070778904876066620804
147 315 -16869251567035854018631210236326907388228011846645485879015304070778904876066620804
315 171 -6612096103432736652778832575624530111386641286950474311464946977235326293187689336
171 315 -6612096103432736652778832575624530111386641286950474311464946977235326293187689336
315 195 14068516606173411108230544372087087075942632113270204550750654845023638912634788
195 315 14068516606173411108230544372087087075942632113270204550750654845023638912634788
315 219 -9778576788286810796486733234403206518350574886879589894418513686660744676818
219 315 -9778576788286810796486733234403206518350574886879589894418513686660744676818
315 243 130531999043506988953372688436793441365427532271911949185975895096462687
243 315 130531999043506988953372688436793441365427532271911949185975895096462687
315 267 -424371176916476506836120252734101153819082374686323447227927732145576
267 315 -424371176916476506836120252734101153819082374686323447227927732145576
315 291 -193257506268111340775685940042408175988875679338604672109840550943
291 315 -193257506268111340775685940042408175988875679338604672109840550943
315 315 -5471790023402253964222403181053834973714639364173529625104942
314 2 24006172763970026183694745600
2 314 24006172763970026183694745600
314 26 -7912714668907468050239405712920049574292176225163083271748894261248
26 314 -7912714668907468050239405712920049574292176225163083271748894261248
314 50 -9801738327437591057632424201857972664274613993856374107207664382123040768
50 314 -9801738327437591057632424201857972664274613993856374107207664382123040768
314 74 91841211607175696815000358104897111277461162079222369245801874802869422576935936
74 314 91841211607175696815000358104897111277461162079222369245801874802869422576935936
314 98 6752194038681243690934860056679584590081890822712110040183082724084198272127614432
98 314 6752194038681243690934860056679584590081890822712110040183082724084198272127614432
314 122 69169956099164794533358749175033680903844191960843311107405766353787967910813700480
122 314 69169956099164794533358749175033680903844191960843311107405766353787967910813700480
314 146 59624112644841265412346572594031661017618707635730642149707424965690688987055409844
146 314 59624112644841265412346572594031661017618707635730642149707424965690688987055409844
314 170 23774956158439746736760521565962029964307735681309219814214872481567233511452792368
170 314 23774956158439746736760521565962029964307735681309219814214872481567233511452792368
314 194 -53320419303290226418750619146302596038137365277023997496357806490013242393042312
194 314 -53320419303290226418750619146302596038137365277023997496357806490013242393042312
314 218 44781389167023141461390068456412539498698307617143477931374620662196070571186
218 314 44781389167023141461390068456412539498698307617143477931374620662196070571186
314 242 -9277550757193493724325729469639233548188349275695495325680097052696638284
242 314 -9277550757193493724325729469639233548188349275695495325680097052696638284
314 266 4081108410979203557421150849990050167549546859513140742091426864958953
266 314 4081108410979203557421150849990050167549546859513140742091426864958953
314 290 1417939696234083052829261225034537866656141634420811908109546077389
290 314 1417939696234083052829261225034537866656141634420811908109546077389
314 314 26284588557482885351924739918443506214489725451979062435003148
313 1 381514481229293944832
1 313 381514481229293944832
313 25 -5915885600006618569278587279071965383458714877144071489222757302272
25 313 -5915885600006618569278587279071965383458714877144071489222757302272
313 49 -35819319259720508735175821682383342317029009867279223508755298002928726528
49 313 -35819319259720508735175821682383342317029009867279223508755298002928726528
313 73 -169471026959912517972316773500985529121397800158647295475025667638223029332615680
73 313 -169471026959912517972316773500985529121397800158647295475025667638223029332615680
313 97 -13913083234545563657522448785915263508247063933671048017757905368985642403195611136
97 313 -13913083234545563657522448785915263508247063933671048017757905368985642403195611136
313 121 -194319122430755261173621560458175684956337244241379775757142773669696363370280699488
121 313 -194319122430755261173621560458175684956337244241379775757142773669696363370280699488
313 145 -200030899193600899369109870497201512534937051896830439653946023719807373104851623624
145 313 -200030899193600899369109870497201512534937051896830439653946023719807373104851623624
313 169 -82946307790736345786782871532607595791864505877576745910369681474963272510362827760
169 313 -82946307790736345786782871532607595791864505877576745910369681474963272510362827760
313 193 193957572496784213011179499837073503046402243571740672987790657789236840177172512
193 313 193957572496784213011179499837073503046402243571740672987790657789236840177172512
313 217 -185748788715054773388438166951257161278227463550452472733516506535493292443120
217 313 -185748788715054773388438166951257161278227463550452472733516506535493292443120
313 241 66970047103500033695000329457610678041312434466070944451796804154881641425
241 313 66970047103500033695000329457610678041312434466070944451796804154881641425
313 265 -14990421739320727051446213668118179369547715281366635536118786264392994
265 313 -14990421739320727051446213668118179369547715281366635536118786264392994
313 289 -6650921687332965263325693275857272713523172996495414619260619066906
289 313 -6650921687332965263325693275857272713523172996495414619260619066906
313 313 -118075665025831022884605909541058014703469653326237554631772020
312 24 1814057043656959142514399787435180514088034721521401076103181017088
24 312 1814057043656959142514399787435180514088034721521401076103181017088
312 48 86697846909089759613492596221863455181168035613039309227427692916123900877
48 312 86697846909089759613492596221863455181168035613039309227427692916123900877
312 72 305955429081803021739325402449509746307747080852238854738689078319322325735292392
72 312 305955429081803021739325402449509746307747080852238854738689078319322325735292392
312 96 27469529505501785197352869291185541802095205578964891219086034721350463136020501403
96 312 27469529505501785197352869291185541802095205578964891219086034721350463136020501403
312 120 513797654803363434223411857261149562734646583032624921321170674202221066717874376554
120 312 513797654803363434223411857261149562734646583032624921321170674202221066717874376554
312 144 640581029409782904651692581467135497230097426611652420334758220218394586435428888362
144 312 640581029409782904651692581467135497230097426611652420334758220218394586435428888362
312 168 281099742009336457091252938791802832326224724925965262459127090411680721595271548928
168 312 281099742009336457091252938791802832326224724925965262459127090411680721595271548928
312 192 -680129387535563369502676884996057665993682843345398006147628544270881633650175697
192 312 -680129387535563369502676884996057665993682843345398006147628544270881633650175697
312 216 711751832205917450599889157592311944924064348310436468589985240629094154032472
216 312 711751832205917450599889157592311944924064348310436468589985240629094154032472
312 240 -345642236791941738242459042582344838905903001268477116224600482076566639657
240 312 -345642236791941738242459042582344838905903001268477116224600482076566639657
312 264 26591428635622639187015151775431377796166065045598050950349347571184196
264 312 26591428635622639187015151775431377796166065045598050950349347571184196
312 288 22528447286920558448235025940988522140061584416339621896349262879741
288 312 22528447286920558448235025940988522140061584416339621896349262879741
312 312 491845191805496643227224357949642879147095745062173390940288808
311 23 2452308176310412871764069463076947941356878419196008113367986208768
23 311 2452308176310412871764069463076947941356878419196008113367986208768
311 47 -71638638519441017470351643364766684634058019734558447017510596005857453056
47 311 -71638638519441017470351643364766684634058019734558447017510596005857453056
311 71 -540682553703354056527368819113700322630403430982092263149196243703476572773158820
71 311 -540682553703354056527368819113700322630403430982092263149196243703476572773158820
311 95 -51848293539447139507509471807517361819318491818885005648457667326867650069202561622
95 311 -51848293539447139507509471807517361819318491818885005648457667326867650069202561622
311 119 -1283473158537412296242893841316482791461061106176944044788791194388716105578237358752
119 311 -1283473158537412296242893841316482791461061106176944044788791194388716105578237358752
311 143 -1966454545780302172411163971094907805051472353984411451880747889626768965564219715205
143 311 -1966454545780302172411163971094907805051472353984411451880747889626768965564219715205
311 167 -926358143191892267197729145056697991850344864058817965047883277978865952955336232136
167 311 -926358143191892267197729145056697991850344864058817965047883277978865952955336232136
311 191 2307051270225104562583215270303996175711630857313766791793388890206183333270646729
191 311 2307051270225104562583215270303996175711630857313766791793388890206183333270646729
311 215 -2544481328155868593035194839601891664835756364992765228567227589756515420086512
215 311 -2544481328155868593035194839601891664835756364992765228567227589756515420086512
311 239 1486297513923425677892914154710223294441477092543624073458250348842578048133
239 311 1486297513923425677892914154710223294441477092543624073458250348842578048133
311 263 38517947574614464331363276771910521980296798345310627750776192886100207
263 311 38517947574614464331363276771910521980296798345310627750776192886100207
311 287 -48106955921264658232744935108617482482627367700150065653280213517244
287 311 -48106955921264658232744935108617482482627367700150065653280213517244
311 311 -1874325844533822197222018642072214573077536538207807073041779892
310 22 154877637631581215784021235635238379869266217645323220259046424576
22 310 154877637631581215784021235635238379869266217645323220259046424576
310 46 -39206953309750364230529696807431890657098455975425496428830657528492163072
46 310 -39206953309750364230529696807431890657098455975425496428830657528492163072
310 70 935672779909375199240650822872080551220146272674877133893015592183061303562873056
70 310 935672779909375199240650822872080551220146272674877133893015592183061303562873056
310 94 93156331250684916287881623007068429833165343633659674680443498872678772715268128732
94 310 93156331250684916287881623007068429833165343633659674680443498872678772715268128732
310 118 3035620055288533139913305630746646597082924277579732522594750679986871655764286275398
118 310 3035620055288533139913305630746646597082924277579732522594750679986871655764286275398
310 142 5805668590690384355560226180965332045058466840872047181968177441210308505914342706610
142 310 5805668590690384355560226180965332045058466840872047181968177441210308505914342706610
310 166 2971675791465613518650744933168121846538462078140195899581296555550438800238050680792
166 310 2971675791465613518650744933168121846538462078140195899581296555550438800238050680792
310 190 -7591703183407981365973600550045287963367613515010396274110283466960937624884455214
190 310 -7591703183407981365973600550045287963367613515010396274110283466960937624884455214
310 214 8525759983872993435006698295250650875047278691523944380038456365874540311426527
214 310 8525759983872993435006698295250650875047278691523944380038456365874540311426527
310 238 -5576318561752614792778416246554139796667093683618477435284881116444504513331
238 310 -5576318561752614792778416246554139796667093683618477435284881116444504513331
310 262 -447780253935984876784589433164773225288474447748260851247599234357396073
262 310 -447780253935984876784589433164773225288474447748260851247599234357396073
310 286 -13431854650456668116247604022436462769267633152394671965339721678405
286 310 -13431854650456668116247604022436462769267633152394671965339721678405
310 310 6380174851964581962226179874223831372797483593007713654895224590
309 21 -513736183435249436476319089937070716963654773649736341600087703552
21 309 -513736183435249436476319089937070716963654773649736341600087703552
309 45 153782203040288988892796261574827477928886211684196318361014378301850071808
45 309 153782203040288988892796261574827477928886211684196318361014378301850071808
309 69 -1586262345895177145496675580036555229422982620563591139814796208583545725455654529
69 309 -1586262345895177145496675580036555229422982620563591139814796208583545725455654529
309 93 -158108319311338321787955784997797070859815268142734285608572754251411494791627465986
93 309 -158108319311338321787955784997797070859815268142734285608572754251411494791627465986
309 117 -6802828518251156488497361979011910111314953110193810959945362117160743028833361162900
117 309 -6802828518251156488497361979011910111314953110193810959945362117160743028833361162900
309 141 -16528096554210292546787527672972219493332166496963784964654214620795920763683880365118
141 309 -16528096554210292546787527672972219493332166496963784964654214620795920763683880365118
309 165 -9288738516567900992052353078476712816673477355165691038588914757051413469300837956006
165 309 -9288738516567900992052353078476712816673477355165691038588914757051413469300837956006
309 189 24292496173603919559549015953700667049139461592677558931071986572359408068472562749
189 309 24292496173603919559549015953700667049139461592677558931071986572359408068472562749
309 213 -26798329288115540211360304636891289913990658126196988258827336454519352446024691
213 309 -26798329288115540211360304636891289913990658126196988258827336454519352446024691
309 237 18540596940778179577801878410938825494345184974438531197986303811059303559424
237 309 18540596940778179577801878410938825494345184974438531197986303811059303559424
309 261 1342342540334195171988117484192940436086797912438754794475909450138201453
261 309 1342342540334195171988117484192940436086797912438754794475909450138201453
309 285 726706159371446376970457303315264536145615857857855964576011219624463
285 309 726706159371446376970457303315264536145615857857855964576011219624463
309 309 -18451063724767830121942305096021451749639679302099491457128240056
308 20 -173389591515158298664462777178427400241419269581947856068047536128
20 308 -173389591515158298664462777178427400241419269581947856068047536128
308 44 -114892461312238845960210500677690613904716645260236901666359411784446222336
44 308 -114892461312238845960210500677690613904716645260236901666359411784446222336
308 68 2635651657369815750789103190685739695290543900062116912614757700416417782097169952
68 308 2635651657369815750789103190685739695290543900062116912614757700416417782097169952
308 92 249927876456221575000119371710463314735848803019117282147246530611023667384679723976
92 308 249927876456221575000119371710463314735848803019117282147246530611023667384679723976
308 116 14432289572888356784147931124537521921287473350354007104558227463187877727321277718822
116 308 14432289572888356784147931124537521921287473350354007104558227463187877727321277718822
308 140 45470779620698229370604842105220517794857908335590033699220556387384585790041869016602
140 308 45470779620698229370604842105220517794857908335590033699220556387384585790041869016602
308 164 28317402472530117755156918033108452706660286859623196001269824599820625460819616408995
164 308 28317402472530117755156918033108452706660286859623196001269824599820625460819616408995
308 188 -75742077975696707320675179259039072370351728406740217611498313649578036097108181608
188 308 -75742077975696707320675179259039072370351728406740217611498313649578036097108181608
308 212 78799810576909831629200216719955782367784575095518080112980610777261360089352673
212 308 78799810576909831629200216719955782367784575095518080112980610777261360089352673
308 236 -54575514353475848497997827150097086414186435987794872959480224188572011961793
236 308 -54575514353475848497997827150097086414186435987794872959480224188572011961793
308 260 1390441873155528346185712057368410916416072881561143606502914401696020470
260 308 1390441873155528346185712057368410916416072881561143606502914401696020470
308 284 -4146429205665694996334791857133514797703133057074668134649203493958666
284 308 -4146429205665694996334791857133514797703133057074668134649203493958666
308 308 39221291933492708440682993738171422674845075238468151699498043685
307 19 12954583355605303428738742056497980518122675213105254200598593536
19 307 12954583355605303428738742056497980518122675213105254200598593536
307 43 -109718807276615826288786170415792248655995134830446074263098704901724663808
43 307 -109718807276615826288786170415792248655995134830446074263098704901724663808
307 67 -4294017610160104198946618509110460896854582550870020202986560564914144469076237488
67 307 -4294017610160104198946618509110460896854582550870020202986560564914144469076237488
307 91 -357509451030368315882781439106457579717297138967317542499839409527623670513657373536
91 307 -357509451030368315882781439106457579717297138967317542499839409527623670513657373536
307 115 -28900080305760144655097559423365200769864577607520512474294614221696581948093287918720
115 307 -28900080305760144655097559423365200769864577607520512474294614221696581948093287918720
307 139 -121103846928225937061838058010420349213423485058005949691446941644283138559274236288209
139 307 -121103846928225937061838058010420349213423485058005949691446941644283138559274236288209
307 163 -84271325048068498468098557837703131016310844041986830124189713816622116379929441621256
163 307 -84271325048068498468098557837703131016310844041986830124189713816622116379929441621256
307 187 230512400649806102683639649694803019514063805681635957358947775714917905277223722118
187 307 230512400649806102683639649694803019514063805681635957358947775714917905277223722118
307 211 -215099003514694765990800575961826439407061239326862409354778871379855761497590356
211 307 -215099003514694765990800575961826439407061239326862409354778871379855761497590356
307 235 139429343024296961073804584635634166934743778515962507425471670111407315795265
235 307 139429343024296961073804584635634166934743778515962507425471670111407315795265
307 259 -38720661916651451993263241450003365152260612902527123199404746449429824960
259 307 -38720661916651451993263241450003365152260612902527123199404746449429824960
307 283 15007855053833339579152267568016798331474664336847584269030220436243365
283 307 15007855053833339579152267568016798331474664336847584269030220436243365
307 307 -17318037825975040269826620107234623951843766616360351667104063681
306 18 23263866117310727502759038417081667281519468205168699554769666048
18 306 23263866117310727502759038417081667281519468205168699554769666048
306 42 327025195609299815461748186785219007948450421963209000287734195965887228160
42 306 327025195609299815461748186785219007948450421963209000287734195965887228160
306 66 6862267708416148602590748483525041470873299164341316886736717210878837254545512105
66 306 6862267708416148602590748483525041470873299164341316886736717210878837254545512105
306 90 430906566142407479014394747380279709867744702703885237971429728914842272693928603658
90 306 430906566142407479014394747380279709867744702703885237971429728914842272693928603658
306 114 54287418079977604434295880794369829344746440211073702071870537624246164264505882864914
114 306 54287418079977604434295880794369829344746440211073702071870537624246164264505882864914
306 138 312714480777299762450976315738585231522471529966619725070336694148114829172125797437573
138 306 312714480777299762450976315738585231522471529966619725070336694148114829172125797437573
306 162 245021584548834809799235977589474728991889846851483032678875289210312991203535126464364
162 306 245021584548834809799235977589474728991889846851483032678875289210312991203535126464364
306 186 -685811704351136901209634490078028211716797708617266853789148648065624372001897096463
186 306 -685811704351136901209634490078028211716797708617266853789148648065624372001897096463
306 210 536044347527208679678325004349124080701914053619114151960481631562017498385030080
210 306 536044347527208679678325004349124080701914053619114151960481631562017498385030080
306 234 -290450320491965511479316273875947626394386805539503343616182788494161144065302
234 306 -290450320491965511479316273875947626394386805539503343616182788494161144065302
306 258 257977804471694997332604115081624552364278837154470172925780439401574428742
258 306 257977804471694997332604115081624552364278837154470172925780439401574428742
306 282 -34936786350366038547592684880774323572867623675270519066888379725675666
282 306 -34936786350366038547592684880774323572867623675270519066888379725675666
306 306 -390217021262903395717877663411490664142862954042294192702055505409
305 17 2478068795632962773621818841681570010215852686482970710076555264
17 305 2478068795632962773621818841681570010215852686482970710076555264
305 41 -296579166647146603994921390505577237242658588192412059531901317269455560704
41 305 -296579166647146603994921390505577237242658588192412059531901317269455560704
305 65 -10759470937866791645980788255439434065289951309190668550455429595887416981794515424
65 305 -10759470937866791645980788255439434065289951309190668550455429595887416981794515424
305 89 -330899263714776399094072736670547999190012171716912577544297846298178363240445214800
89 305 -330899263714776399094072736670547999190012171716912577544297846298178363240445214800
305 113 -94525426015309512754530461690972298556372518746287483691855240837983522753669433694698
113 305 -94525426015309512754530461690972298556372518746287483691855240837983522753669433694698
305 137 -783869079117615642125692891529282882468234076792406672152957861306091457053572613853586
137 305 -783869079117615642125692891529282882468234076792406672152957861306091457053572613853586
305 161 -696587606955561165047869789653072503728512908174753976407804420031041273304595536221770
161 305 -696587606955561165047869789653072503728512908174753976407804420031041273304595536221770
305 185 1997327981457860099269263453823524009167162836403149833528206336694355342545426907880
185 305 1997327981457860099269263453823524009167162836403149833528206336694355342545426907880
305 209 -1174374739948470073231999521416579751393783828681306230619626988114766978288784007
209 305 -1174374739948470073231999521416579751393783828681306230619626988114766978288784007
305 233 383435118831176679597610138838294542846476773426426058138829481044291870243375
233 305 383435118831176679597610138838294542846476773426426058138829481044291870243375
305 257 -1200697672071787967750026392373217591922441282369262838139626512826588442805
257 305 -1200697672071787967750026392373217591922441282369262838139626512826588442805
305 281 15436420047556582254040774849369293503053279081229451521650323667087916
281 305 15436420047556582254040774849369293503053279081229451521650323667087916
305 305 2669010149623985443971036923987531447898499126336081828057041769242
304 16 1726144104299430716073164487438191049783729673449003688417820672
16 304 1726144104299430716073164487438191049783729673449003688417820672
304 40 26010407174465260664203902279793092208218354959708141990772184635188477952
40 304 26010407174465260664203902279793092208218354959708141990772184635188477952
304 64 16552234322479648111386825385526515403033706145443155211487101646576830723502937728
64 304 16552234322479648111386825385526515403033706145443155211487101646576830723502937728
304 88 -267920717399341059036673307298943125987409702229458593148256165920062040686917864640
88 304 -267920717399341059036673307298943125987409702229458593148256165920062040686917864640
304 112 148911688345329163764462641590985979082742612424799538917283306462231034117956822244828
112 304 148911688345329163764462641590985979082742612424799538917283306462231034117956822244828
304 136 1909378069429092648144576515742921153685721448348379700502637283750818390963734098077831
136 304 1909378069429092648144576515742921153685721448348379700502637283750818390963734098077831
304 160 1937865865157985946447274631577547483143731451216439992290047557063054587437983672416185
160 304 1937865865157985946447274631577547483143731451216439992290047557063054587437983672416185
304 184 -5700859006118597718489149845455691281304756089899605973761027443530864164063324691090
184 304 -5700859006118597718489149845455691281304756089899605973761027443530864164063324691090
304 208 2031572845936867867091952491264243945296290671389171006178392669054726695063361414
208 304 2031572845936867867091952491264243945296290671389171006178392669054726695063361414
304 232 390610857079642629441775405049432094127743408944158490882464613503048193381754
232 304 390610857079642629441775405049432094127743408944158490882464613503048193381754
304 256 4455028601220320337007957665627985767622110197972162862088513701252914069010
256 304 4455028601220320337007957665627985767622110197972162862088513701252914069010
304 280 338435487954993623370809732986333781448694434029712363671477904822542652
280 304 338435487954993623370809732986333781448694434029712363671477904822542652
304 304 -11553871945057231789166238904392743969785726792552271206111113021605
303 15 -975408404442236551039190360170200137522555184124653294371995648
15 303 -975408404442236551039190360170200137522555184124653294371995648
303 39 198205921888105025509310382591355172079582199789572310020816661133106927616
39 303 198205921888105025509310382591355172079582199789572310020816661133106927616
303 63 -24984496851608724582450447466736614566999537345215384628251252522890340237308848296
63 303 -24984496851608724582450447466736614566999537345215384628251252522890340237308848296
303 87 2053345299801604892796860185812630641800741131559102164492185309809501787941373686436
87 303 2053345299801604892796860185812630641800741131559102164492185309809501787941373686436
303 111 -200428576196906391536134027598547632501399293733401305111070539520039734677815979555064
111 303 -200428576196906391536134027598547632501399293733401305111070539520039734677815979555064
303 135 -4523303716253821688583918048497773354615394727912302722162321110829725688356999170859400
135 303 -4523303716253821688583918048497773354615394727912302722162321110829725688356999170859400
303 159 -5279095794595486249445706717502207088208394532510769285322588046405175034088878547157055
159 303 -5279095794595486249445706717502207088208394532510769285322588046405175034088878547157055
303 183 15963673437663981733525765625288853440335556796070058287459363548339756668645126403182
183 303 15963673437663981733525765625288853440335556796070058287459363548339756668645126403182
303 207 -1482399683820884813821348036578538351173230889320846589166583334517401499229596088
207 303 -1482399683820884813821348036578538351173230889320846589166583334517401499229596088
303 231 -5347828296677554764184026847447919932053112348671391228916004958704606387215801
231 303 -5347828296677554764184026847447919932053112348671391228916004958704606387215801
303 255 -13491848285837763814321995587735937554005799521743090657225736882252152218544
255 303 -13491848285837763814321995587735937554005799521743090657225736882252152218544
303 279 -2128203882125020985248716605214317259948904901275908267730445500444061957
279 303 -2128203882125020985248716605214317259948904901275908267730445500444061957
303 303 36499762292640082236851999019877076207383787227754937513001292735548
302 14 863317507332277763085097446917599794262305722371940118322741248
14 302 863317507332277763085097446917599794262305722371940118322741248
302 38 -133133401607711222035170786158680585291329362233159886547588556656471834624
38 302 -133133401607711222035170786158680585291329362233159886547588556656471834624
302 62 37006512047894883845713637417675466038511237932119797641459605700379715042305119744
62 302 37006512047894883845713637417675466038511237932119797641459605700379715042305119744
302 86 -6380572556593099438189640163666946372001324120637103686410521914803184001598425591808
86 302 -6380572556593099438189640163666946372001324120637103686410521914803184001598425591808
302 110 189725129642054787716778509117275574905567681557092545126376799492068195858943662318552
110 302 189725129642054787716778509117275574905567681557092545126376799492068195858943662318552
302 134 10428391048678745306453062828261773727055126841108568299303142680347512992674286135487220
134 302 10428391048678745306453062828261773727055126841108568299303142680347512992674286135487220
302 158 14092138289000346174700079266159628942686974197884546794711550789031556554174216105386898
158 302 14092138289000346174700079266159628942686974197884546794711550789031556554174216105386898
302 182 -43896847346697775466156350171073979053583044226647115714386701911323103131475130831600
182 302 -43896847346697775466156350171073979053583044226647115714386701911323103131475130831600
302 206 -8553634972989926934159079434077624838554216572516651967879152275224835629851989220
206 302 -8553634972989926934159079434077624838554216572516651967879152275224835629851989220
302 230 25817039410946439466197835778728892980315566012130918405439355052659567171671093
230 302 25817039410946439466197835778728892980315566012130918405439355052659567171671093
302 254 31695403055842897614323999563006285757735244121878025997831131112516689065423
254 302 31695403055842897614323999563006285757735244121878025997831131112516689065423
302 278 8187520028276510960439386593330593142084794065959297305779638502252264991
278 302 8187520028276510960439386593330593142084794065959297305779638502252264991
302 302 -70829142592049986793724589891598541811885005173436089376783454923321
301 13 -398469273568580171108233599196372740419000466851793688751767552
13 301 -398469273568580171108233599196372740419000466851793688751767552
301 37 -136427996777900210325792899485885994975023387406957636397155721818236551168
37 301 -136427996777900210325792899485885994975023387406957636397155721818236551168
301 61 -53799322141222058703580433528893068528018368943655287518230973734235866889736815232
61 301 -53799322141222058703580433528893068528018368943655287518230973734235866889736815232
301 85 15776788809155873065372838984304192074395398894474323907766890138681759409319376548352
85 301 15776788809155873065372838984304192074395398894474323907766890138681759409319376548352
301 109 36823043338432550796415009151073858419450468489644301281635631841131042855802307863776
109 301 36823043338432550796415009151073858419450468489644301281635631841131042855802307863776
301 133 -23408806003080112162457216527371046743119158327989998269706211492598958013080219676925848
133 301 -23408806003080112162457216527371046743119158327989998269706211492598958013080219676925848
301 157 -36885242646253435306547378550735528665646005908039366907547408743039620400623763830362056
157 301 -36885242646253435306547378550735528665646005908039366907547408743039620400623763830362056
301 181 118633181308545733079320013440146760796789585615660293367022132422806905446501954945112
181 301 118633181308545733079320013440146760796789585615660293367022132422806905446501954945112
301 205 59074129766270075598793403867023996113675336742906225132114138651068410107903727212
205 301 59074129766270075598793403867023996113675336742906225132114138651068410107903727212
301 229 -97093756392855159689648156478059081390335474675274243889980080784606864379735571
229 301 -97093756392855159689648156478059081390335474675274243889980080784606864379735571
301 253 -42372125192677856557717275628952280139962093755003333921211219615644550821034
253 301 -42372125192677856557717275628952280139962093755003333921211219615644550821034
301 277 -22068936351717993749152841226626870973090226999787412932614901957436858271
277 301 -22068936351717993749152841226626870973090226999787412932614901957436858271
301 301 -67227162759490777330048462361466797800728146768773004012256913022881
300 12 238083337300511907025442212627435202707158903484623371020271616
12 300 238083337300511907025442212627435202707158903484623371020271616
300 36 318581649134224918278085802323990525614789810704039192084353725359194853376
36 300 318581649134224918278085802323990525614789810704039192084353725359194853376
300 60 76784091865022432212902696781816565429844730208319437570250563686522629742758917754
60 300 76784091865022432212902696781816565429844730208319437570250563686522629742758917754
300 84 -34740918290193354970289632106239178470997416835988898330801429759647625381438375993594
84 300 -34740918290193354970289632106239178470997416835988898330801429759647625381438375993594
300 108 -821578258259456501614965819957135283468813217475752984255616465522826043957086981651302
108 300 -821578258259456501614965819957135283468813217475752984255616465522826043957086981651302
300 132 51175370527256540855994423870527034183920559791916076473766085404747332743597576315536344
132 300 51175370527256540855994423870527034183920559791916076473766085404747332743597576315536344
300 156 94721319280522628545444606938448056300148995719906923021182383793643145527387266064982450
156 300 94721319280522628545444606938448056300148995719906923021182383793643145527387266064982450
300 180 -315340374631554003910547441163231728823489926369297377227200905975132295911412491798295
180 300 -315340374631554003910547441163231728823489926369297377227200905975132295911412491798295
300 204 -254472947003976166190644167261279232045205689642900513684405886828462501598034783235
204 300 -254472947003976166190644167261279232045205689642900513684405886828462501598034783235
300 228 325697426806470025105528886144474119111493767107943665933630604330820568102935886
228 300 325697426806470025105528886144474119111493767107943665933630604330820568102935886
300 252 -86963719592404230799224347593869186239830304802438100812306496821982209985361
252 300 -86963719592404230799224347593869186239830304802438100812306496821982209985361
300 276 32120203925466798075857361896982504133125481040151687243009722528748276908
276 300 32120203925466798075857361896982504133125481040151687243009722528748276908
300 300 1490376300908770802505531293295320863429311192987970192649554975311363
299 11 -149718303441778795122099578489975866498385560846319656642805760
11 299 -149718303441778795122099578489975866498385560846319656642805760
299 35 -268054522656675564002241490595980923887540827850295574515586728834803695616
35 299 -268054522656675564002241490595980923887540827850295574515586728834803695616
299 59 -107598644282444117407160867057786137056036737887310575036461947468471733779473630464
59 299 -107598644282444117407160867057786137056036737887310575036461947468471733779473630464
299 83 70961391122621598026734872217663862276723846178452674294072936546932322787586788437024
83 299 70961391122621598026734872217663862276723846178452674294072936546932322787586788437024
299 107 2852240407282339457421176595865789354178856069802253086589324868342566106685374922061476
107 299 2852240407282339457421176595865789354178856069802253086589324868342566106685374922061476
299 131 -108965744581338611918437531542999727885344917182965238812435720348505511595550284555866298
131 299 -108965744581338611918437531542999727885344917182965238812435720348505511595550284555866298
299 155 -238785574748199935925825487581322722095236141171202669812587023626655721083928058068762914
155 299 -238785574748199935925825487581322722095236141171202669812587023626655721083928058068762914
299 179 824993479115395024971364555068778218863978302398454676785522144308702027493980927096736
179 299 824993479115395024971364555068778218863978302398454676785522144308702027493980927096736
299 203 917752537505563667597808880671467548227995192842199471710155174864274368655633722626
203 299 917752537505563667597808880671467548227995192842199471710155174864274368655633722626
299 227 -1040066208739894942587006364009913856063915659202821406206874932912028170520704779
227 299 -1040066208739894942587006364009913856063915659202821406206874932912028170520704779
299 251 958533319698672631470175049549837034191401988557661871164806031699014859313978
251 299 958533319698672631470175049549837034191401988557661871164806031699014859313978
299 275 69256229402958095504080788234046115760545620269640405481600143517280358196
275 299 69256229402958095504080788234046115760545620269640405481600143517280358196
299 299 -9033333273093101748989559206666602628021933400571682062799981304919969
298 10 28166126843225037005824305147130356587407202308725854319935488
10 298 28166126843225037005824305147130356587407202308725854319935488
298 34 111418105194990635075580708614309124264829213958421759635172496598869475328
34 298 111418105194990635075580708614309124264829213958421759635172496598869475328
298 58 148026048191579535382854549670701864154044951728479190565838422801518860169220478976
58 298 148026048191579535382854549670701864154044951728479190565838422801518860169220478976
298 82 -137101229158889339926703617542262790886831909902635714944190176440097670060677845872896
82 298 -137101229158889339926703617542262790886831909902635714944190176440097670060677845872896
298 106 -7394884428441133811748299037453788587787597268830114334653416008169599857669859628789752
106 298 -7394884428441133811748299037453788587787597268830114334653416008169599857669859628789752
298 130 225936589517915063446699041111133535735724299758325178156828482972511260978839934813244076
130 298 225936589517915063446699041111133535735724299758325178156828482972511260978839934813244076
298 154 591242215061572176877980521270023116850917114216632737846201539102569343047746521556036689
154 298 591242215061572176877980521270023116850917114216632737846201539102569343047746521556036689
298 178 -2125637228198609029181259724920062375102745527112302422017772956660541270827014309069620
178 298 -2125637228198609029181259724920062375102745527112302422017772956660541270827014309069620
298 202 -2987332955875957229748655742650753885794594850548674739483799503372718856256133509520
202 298 -2987332955875957229748655742650753885794594850548674739483799503372718856256133509520
298 226 3312795265035607838035170243318166216980165752265128768653821936765641867476616948
226 298 3312795265035607838035170243318166216980165752265128768653821936765641867476616948
298 250 -4747046819310040184577954305877763362627148802484578539496757603606762447221561
250 298 -4747046819310040184577954305877763362627148802484578539496757603606762447221561
298 274 -787771707294626902927539253338297027822778915570524656162171030943941926939
274 298 -787771707294626902927539253338297027822778915570524656162171030943941926939
298 298 39479278132913147906019593295680145650272820463559503036711726160106588
297 9 -1747081473595963665106585757626094070092415112498788352131072
9 297 -1747081473595963665106585757626094070092415112498788352131072
297 33 -35601763525957625893349887679610703932574670655144414982185945586461638656
33 297 -35601763525957625893349887679610703932574670655144414982185945586461638656
297 57 -199875974812869796659603579733892916535996298761723077026010020183122721898470786368
57 297 -199875974812869796659603579733892916535996298761723077026010020183122721898470786368
297 81 253315960994537730389008402526079695503482891375872300695855979685244265852408883109800
81 297 253315960994537730389008402526079695503482891375872300695855979685244265852408883109800
297 105 16591160830590989408052647071035636766777619033727923220891246683067301330157176235839650
105 297 16591160830590989408052647071035636766777619033727923220891246683067301330157176235839650
297 129 -455972985791242826049887838181025220048272825378377046531653349282793268568379434418373198
129 297 -455972985791242826049887838181025220048272825378377046531653349282793268568379434418373198
297 153 -1438593900501203136874621742914611802432607154180888552188729052295309259866211134062004185
153 297 -1438593900501203136874621742914611802432607154180888552188729052295309259866211134062004185
297 177 5396881084476707672321684829524006924902180515119230805725578343831587210755668544308336
177 297 5396881084476707672321684829524006924902180515119230805725578343831587210755668544308336
297 201 9055549651450485278498098655293288147100849928803105887884882498193847575845961997151
201 297 9055549651450485278498098655293288147100849928803105887884882498193847575845961997151
297 225 -10861946777320208431667574792934996606983301105926843933328886685218220433866991180
225 297 -10861946777320208431667574792934996606983301105926843933328886685218220433866991180
297 249 18124343509363102603591394406438740544302252767279610551977671587646664185331400
249 297 18124343509363102603591394406438740544302252767279610551977671587646664185331400
297 273 3977595727271090741061723216898708153892360894101447947462717731894454828814
273 297 3977595727271090741061723216898708153892360894101447947462717731894454828814
297 297 -139493236135815947935818277436259572319847093982214123718952803847990261
296 8 37429731624830520412891068868314208790529067620706402959360
8 296 37429731624830520412891068868314208790529067620706402959360
296 32 71297862552069586027427543616886795881305306747680710648156777329178181632
32 296 71297862552069586027427543616886795881305306747680710648156777329178181632
296 56 264835749159674369782189206168424246448539298327090483383793626345229291576047003648
56 296 264835749159674369782189206168424246448539298327090483383793626345229291576047003648
296 80 -450654268377353772370399815938164545736490939432375002918036868689051400897665372125440
80 296 -450654268377353772370399815938164545736490939432375002918036868689051400897665372125440
296 104 -33735823684652337383395804852458312467782371706029060276626895295875773746018745288817360
104 296 -33735823684652337383395804852458312467782371706029060276626895295875773746018745288817360
296 128 894879777890356326795268694406261429852306227664498873825541823957634362743665989979714560
128 296 894879777890356326795268694406261429852306227664498873825541823957634362743665989979714560
296 152 3441377915825419473468620342606543614212119074695715204437396360976326057368507581744186962
152 296 3441377915825419473468620342606543614212119074695715204437396360976326057368507581744186962
296 176 -13509519904747856280862301631174558332362146498734433261258835599486905704571828237921256
176 296 -13509519904747856280862301631174558332362146498734433261258835599486905704571828237921256
296 200 -25987153192588761255503731698946520488846545604480334345282054073133823141652502391272
200 296 -25987153192588761255503731698946520488846545604480334345282054073133823141652502391272
296 224 37011033868142596558851743940587122666642166343284185103634704528173447704623918739
224 296 37011033868142596558851743940587122666642166343284185103634704528173447704623918739
296 248 -58526276363315761228651798527620540828464345561139100720949656776829708818191360
248 296 -58526276363315761228651798527620540828464345561139100720949656776829708818191360
296 272 -15492193014358863434643791028877935411756450738617197593106070559689111062789
272 296 -15492193014358863434643791028877935411756450738617197593106070559689111062789
296 296 402530281889165200020588140809645224898949969247191792250023785918900680
295 7 -264864757662166203738060781445245940799664553358142734336
7 295 -264864757662166203738060781445245940799664553358142734336
295 31 -123394695162764064364633343278081901299334457706763857407860543099449114624
31 295 -123394695162764064364633343278081901299334457706763857407860543099449114624
295 55 -344303070011737332671385224174061890089278441894101393614573747068397343417424493568
55 295 -344303070011737332671385224174061890089278441894101393614573747068397343417424493568
295 79 775411603489482703989943336530580431626486521240782034767479175536936199998255315817344
79 295 775411603489482703989943336530580431626486521240782034767479175536936199998255315817344
295 103 63294597958837748715939546027657077867070948194588127545540050669019677251097029799104288
103 295 63294597958837748715939546027657077867070948194588127545540050669019677251097029799104288
295 127 -1705477152211904715013068001062450988852988324734306366548547915366147499153606975710374560
127 295 -1705477152211904715013068001062450988852988324734306366548547915366147499153606975710374560
295 151 -8097335498502783807242208732408195801228861951739293690714762305406037660320913382497473946
151 295 -8097335498502783807242208732408195801228861951739293690714762305406037660320913382497473946
295 175 33357456272592999603124102632593313343352249812358598385403263063983271499896195945176260
175 295 33357456272592999603124102632593313343352249812358598385403263063983271499896195945176260
295 199 71310043652706074251662358775141376104860116245349215344510249789927235423830512022556
199 295 71310043652706074251662358775141376104860116245349215344510249789927235423830512022556
295 223 -129546354886545058995238563457734524820548782833670304780673052730759434620760160156
223 295 -129546354886545058995238563457734524820548782833670304780673052730759434620760160156
295 247 162434188223911958175464805041348468011067528647831255615295251364294353610279069
247 295 162434188223911958175464805041348468011067528647831255615295251364294353610279069
295 271 51993031418399072007822048537060659691341237296124881993689188243552752287919
271 295 51993031418399072007822048537060659691341237296124881993689188243552752287919
295 295 -883988810509849253383730852130965830190054263125864800418204152671647763
294 6 548504411125889856243011321397355157148722216065564672
6 294 548504411125889856243011321397355157148722216065564672
294 30 125404691706209090979194258039345611948108019667460986375641860234811277312
30 294 125404691706209090979194258039345611948108019667460986375641860234811277312
294 54 439185133338633510565807902945602654135891146517844280751149901496245584290912774720
54 294 439185133338633510565807902945602654135891146517844280751149901496245584290912774720
294 78 -1294339039262371448369291207051980280343045494704212705553263303984896223495797368640712
78 294 -1294339039262371448369291207051980280343045494704212705553263303984896223495797368640712
294 102 -110120850761126550279026738077073539229568177576002762674430466335437008726009486947156622
102 294 -110120850761126550279026738077073539229568177576002762674430466335437008726009486947156622
294 126 3149391160778995488000559208921792934175577872051212678819566163524566215917646341434870490
126 294 3149391160778995488000559208921792934175577872051212678819566163524566215917646341434870490
294 150 18747820858331584959792253500697410577606610440125056821416881951346915759086600702463787403
150 294 18747820858331584959792253500697410577606610440125056821416881951346915759086600702463787403
294 174 -81283363056433577638042823645709799027709846404948220694360333524521063230594270269866276
174 294 -81283363056433577638042823645709799027709846404948220694360333524521063230594270269866276
294 198 -188372329814602330675593284412834703067772287029834543954926611494100286683155894187997
198 294 -188372329814602330675593284412834703067772287029834543954926611494100286683155894187997
294 222 456077055599210350227490759517361514533885135604329761510106376448810210175586998824
222 294 456077055599210350227490759517361514533885135604329761510106376448810210175586998824
294 246 -373921657823542068507050866654807452202435240780097456928490772618294828638738493
246 294 -373921657823542068507050866654807452202435240780097456928490772618294828638738493
294 270 -157652544054884134978511508133710080974755713085811360645720553043386572493549
270 294 -157652544054884134978511508133710080974755713085811360645720553043386572493549
294 294 977699311904357953739552198995454641296125115109304972516327822342468050
293 5 -269782568604893497405805278841430642286833528995840
5 293 -269782568604893497405805278841430642286833528995840
293 29 -93245386909323797936289094131544198093782104445348504989129936231469154304
29 293 -93245386909323797936289094131544198093782104445348504989129936231469154304
293 53 -549634254100493337465167169166138994797386566511362585982279752309010492041758398464
53 293 -549634254100493337465167169166138994797386566511362585982279752309010492041758398464
293 77 2100364991480838831919448146205244967426678946997307896028630469826674040772479766316800
77 293 2100364991480838831919448146205244967426678946997307896028630469826674040772479766316800
293 101 176797067461014541726211236069595516886896889634325703798272462557743961251531659318758368
101 293 176797067461014541726211236069595516886896889634325703798272462557743961251531659318758368
293 125 -5616061268902684009110237601967830226365069035688709576688704459696509493446362351585860792
125 293 -5616061268902684009110237601967830226365069035688709576688704459696509493446362351585860792
293 149 -42729850193491370963618393103224634025568488218887564726946272094674708886430730247322310762
149 293 -42729850193491370963618393103224634025568488218887564726946272094674708886430730247322310762
293 173 195548961725249271480709324734668393850047435224591521611035098290185383171830987993220424
173 293 195548961725249271480709324734668393850047435224591521611035098290185383171830987993220424
293 197 481399792971596463301134501745139767263839618163615359952872664784407226146952995643140
197 293 481399792971596463301134501745139767263839618163615359952872664784407226146952995643140
293 221 -1584501303789165528571239486128469364433711437839684080488662898829229701298305751900
221 293 -1584501303789165528571239486128469364433711437839684080488662898829229701298305751900
293 245 600725007706325770941213578436666496043207889057062859196393503628011288099373830
245 293 600725007706325770941213578436666496043207889057062859196393503628011288099373830
293 269 444633118634617951197534441128992147092523536949265386631045536941871065770240
269 293 444633118634617951197534441128992147092523536949265386631045536941871065770240
293 293 3102412783697157325186690750287310467767703150551499457357678742107417467
292 4 22441879532046216356549374295647902254640398336
4 292 22441879532046216356549374295647902254640398336
292 28 64652679400128915286754282412481363222887741683194634145748542901815607296
28 292 64652679400128915286754282412481363222887741683194634145748542901815607296
292 52 674726824286672832202010416815549361994379238415901929629377971306602952216875507712
52 292 674726824286672832202010416815549361994379238415901929629377971306602952216875507712
292 76 -3318214264674023173047458389657163571066336928591931760938283839886997251854758561729536
76 292 -3318214264674023173047458389657163571066336928591931760938283839886997251854758561729536
292 100 -257155248787262071553749530915414558352939347772126702586879606202019633431041500459682432
100 292 -257155248787262071553749530915414558352939347772126702586879606202019633431041500459682432
292 124 9619151774799185235326996603143216042708213024226353311661771363629525136654578851597934128
124 292 9619151774799185235326996603143216042708213024226353311661771363629525136654578851597934128
292 148 95906328551133437299229831023178114110931727989923050834850369036126387345044841259672619338
148 292 95906328551133437299229831023178114110931727989923050834850369036126387345044841259672619338
292 172 -464659928296744852939289834993541880349911449793724323438392756722976171521747007024340628
172 292 -464659928296744852939289834993541880349911449793724323438392756722976171521747007024340628
292 196 -1194833449152467585425664363429593701298211242870655534932948396101331559792270317734696
196 292 -1194833449152467585425664363429593701298211242870655534932948396101331559792270317734696
292 220 5364617092038974830437881157981521572452365953409529599758245175614499560936962611624
220 292 5364617092038974830437881157981521572452365953409529599758245175614499560936962611624
292 244 111799726309601130067571700480618211254108941600193526270342364054811094561421296
244 292 111799726309601130067571700480618211254108941600193526270342364054811094561421296
292 268 -1191183753320261871356661737047377093028654009083672919231775468738838538423017
268 292 -1191183753320261871356661737047377093028654009083672919231775468738838538423017
292 292 -25732386298299293863644330152474949197273091616339109542963219980296624982
291 3 -176978742440440486082689981180549049352192
3 291 -176978742440440486082689981180549049352192
291 27 -49261445786349628623565666106272870704087303519781276608900446279641858048
27 291 -49261445786349628623565666106272870704087303519781276608900446279641858048
291 51 -812166321098330698494297896978716277464567101728558663585175658794775411433295118848
51 291 -812166321098330698494297896978716277464567101728558663585175658794775411433295118848
291 75 5109029966976962287512421092828204907816221897440112285197466522443507840381001864204096
75 291 5109029966976962287512421092828204907816221897440112285197466522443507840381001864204096
291 99 322699798390083679839043023042425912516308737604669055014647044015592217950044809538597800
99 291 322699798390083679839043023042425912516308737604669055014647044015592217950044809538597800
291 123 -15685711506666172567807728275457633503499950578203341214659306248831806163587776906629664908
123 291 -15685711506666172567807728275457633503499950578203341214659306248831806163587776906629664908
291 147 -212057128184847801769104905937801538031635703670604936888005619164797063185240756030099812880
147 291 -212057128184847801769104905937801538031635703670604936888005619164797063185240756030099812880
291 171 1090972932766061984099130702818570051398262006172216641248144631117924858192855844732550216
171 291 1090972932766061984099130702818570051398262006172216641248144631117924858192855844732550216
291 195 2889555860413050005050767748326433275133698548921467588447492524961391877382773513173224
195 291 2889555860413050005050767748326433275133698548921467588447492524961391877382773513173224
291 219 -17584337389618639834404211002147886906792651859977703949172261081229194770288144820952
219 291 -17584337389618639834404211002147886906792651859977703949172261081229194770288144820952
291 243 -6455839447538503863306090580721688241955053076552446696100475108627335677865302332
243 291 -6455839447538503863306090580721688241955053076552446696100475108627335677865302332
291 267 3070775114650980914149293413843581825331243986173684465282133951792047841095778
267 291 3070775114650980914149293413843581825331243986173684465282133951792047841095778
291 291 107034876962646673226693714239692220583804438244681571565296199519846474311
290 2 41634825302293028233469980374466560
2 290 41634825302293028233469980374466560
290 26 38139582306009128059629029088766191405956095442886886860912513682746900480
26 290 38139582306009128059629029088766191405956095442886886860912513682746900480
290 50 958128926627200204022426442621010484449429783219074185106447966395454774848382009344
50 290 958128926627200204022426442621010484449429783219074185106447966395454774848382009344
290 74 -7672732653130965814587451660776166734497782729298936365243560198006627738891294405935104
74 290 -7672732653130965814587451660776166734497782729298936365243560198006627738891294405935104
290 98 -296766808296419682997843855481439721165176373320619436182170590668166392605206355539518976
98 290 -296766808296419682997843855481439721165176373320619436182170590668166392605206355539518976
290 122 23971418262660012136670772076608824990489655627427235118211428582579996601059363360639628128
122 290 23971418262660012136670772076608824990489655627427235118211428582579996601059363360639628128
290 146 462055488750994657675315189442857220830697261828004205131655487463418456801904446062811012320
146 290 462055488750994657675315189442857220830697261828004205131655487463418456801904446062811012320
290 170 -2531965701965547169599882004779997575816502280089760091475813126181212359265179739898025008
170 290 -2531965701965547169599882004779997575816502280089760091475813126181212359265179739898025008
290 194 -6828231491530323978983568195701665587252361231490298083898116208152759609907766941294328
194 290 -6828231491530323978983568195701665587252361231490298083898116208152759609907766941294328
290 218 55660168492461368965549443908417285390114980459155712524659753806334760965800726466968
218 290 55660168492461368965549443908417285390114980459155712524659753806334760965800726466968
290 242 36878397313184603556460289839490608982513710032815696388806894207201555487596462549
242 290 36878397313184603556460289839490608982513710032815696388806894207201555487596462549
290 266 -7607475663949806724851270411223413593692797013916389409861756014346413189894508
266 290 -7607475663949806724851270411223413593692797013916389409861756014346413189894508
290 290 -321938647821554048820822166203170672924189999730087300617256934037694615822
289 1 -17060995957493846308290560
1 289 -17060995957493846308290560
289 25 -26421754254163820900970665669778501426764079915154767462996489438909956096
25 289 -26421754254163820900970665669778501426764079915154767462996489438909956096
289 49 -1107317869984469107768051341544858260747066226651324954929553907104720021039429263360
49 289 -1107317869984469107768051341544858260747066226651324954929553907104720021039429263360
289 73 11246223602283490076233529992368675177494872887581586769400336545492080670683395429835776
73 289 11246223602283490076233529992368675177494872887581586769400336545492080670683395429835776
289 97 8777214447782270398325326568464100806855900433754669804873630221136643715902988111704832
97 289 8777214447782270398325326568464100806855900433754669804873630221136643715902988111704832
289 121 -33256418827246499936854732195644047382231550285466537806487671341037876454287006490381848576
121 289 -33256418827246499936854732195644047382231550285466537806487671341037876454287006490381848576
289 145 -992450880234068369971136267523623211704889704329277316471570778191052789605888898201504211472
145 289 -992450880234068369971136267523623211704889704329277316471570778191052789605888898201504211472
289 169 5810659099018919909140417497850333605375045728202579488624834372210356585078374867684409952
169 289 5810659099018919909140417497850333605375045728202579488624834372210356585078374867684409952
289 193 15807038337839015544615420033620103344176503943824522930542372811564942333560622640960920
193 289 15807038337839015544615420033620103344176503943824522930542372811564942333560622640960920
289 217 -170090647298161692363291058973270811248782368479945178642636723160698314307079789303936
217 289 -170090647298161692363291058973270811248782368479945178642636723160698314307079789303936
289 241 -155606606170232834215440988596211310331240139930572010743481784554838857230549297850
241 289 -155606606170232834215440988596211310331240139930572010743481784554838857230549297850
289 265 17619754764047347170475918083366037006068177555789319214355776703044124931442386
265 289 17619754764047347170475918083366037006068177555789319214355776703044124931442386
289 289 679950506704472788288656367753755879712180371028334971041615345759795190818
288 24 15843077288997413985697070743704541733537415486280793432618405436447522816
24 288 15843077288997413985697070743704541733537415486280793432618405436447522816
288 48 1253193437519065177044276848433191920876532043170770349009670464795944246211757637632
48 288 1253193437519065177044276848433191920876532043170770349009670464795944246211757637632
288 72 -16094665745377192481543408625902029780789771398276290101975680780520187035360083753476625
72 288 -16094665745377192481543408625902029780789771398276290101975680780520187035360083753476625
288 96 881992713564012006866526862843049736791157835649680717083038191723509377043230173454896468
96 288 881992713564012006866526862843049736791157835649680717083038191723509377043230173454896468
288 120 38643753666377877617172338342883855101302594546504184433728847709626997866228802495605851351
120 288 38643753666377877617172338342883855101302594546504184433728847709626997866228802495605851351
288 144 2101977353295894775529742615212377882826894177456461959306614646596605616524774599751984929800
144 288 2101977353295894775529742615212377882826894177456461959306614646596605616524774599751984929800
288 168 -13190679769708780921504054551583013512827197060749521435254415567022096559009836852237382963
168 288 -13190679769708780921504054551583013512827197060749521435254415567022096559009836852237382963
288 192 -35931928900012408977456613206193260678556185220287562387322935028323356654241316533599598
192 288 -35931928900012408977456613206193260678556185220287562387322935028323356654241316533599598
288 216 502262316398779169922046204473194599118298835685488362406855892523946059998018198103840
216 288 502262316398779169922046204473194599118298835685488362406855892523946059998018198103840
288 240 568556940775732722588867397227186169732996984627704754343814573286836534959861432764
240 288 568556940775732722588867397227186169732996984627704754343814573286836534959861432764
288 264 -35026799299097727186421892273327912592003748234562618974582344632447588963632450
264 288 -35026799299097727186421892273327912592003748234562618974582344632447588963632450
288 288 -483526654385749549883023603078050597588470655458926124265089738233334410553
287 23 -8195584169971057549894756979079785620231172484571083870470072609456259072
23 287 -8195584169971057549894756979079785620231172484571083870470072609456259072
287 47 -1388306652855603347229219008520073454562490778899638644531410269292323056292787650560
47 287 -1388306652855603347229219008520073454562490778899638644531410269292323056292787650560
287 71 22492447204566980152467059984737350354989745775163173538800673090984161341366790859671552
71 287 22492447204566980152467059984737350354989745775163173538800673090984161341366790859671552
287 95 -3006691124364500728733582178827662097675081070984559581654834894567588496765237675843664944
95 287 -3006691124364500728733582178827662097675081070984559581654834894567588496765237675843664944
287 119 -26687244368134396918192490083010534427188846324681100888824264705297073310408703760557217862
119 287 -26687244368134396918192490083010534427188846324681100888824264705297073310408703760557217862
287 143 -4391112867143021248017728989195743615290798774087948891727880928915802310120929444678756419520
143 287 -4391112867143021248017728989195743615290798774087948891727880928915802310120929444678756419520
287 167 29629493869775781005776626535821729715330273545234667177247590272465804798066894502772089462
167 287 29629493869775781005776626535821729715330273545234667177247590272465804798066894502772089462
287 191 80378724397400624792219408490993208417328654230045666079579440463795421738608426853897272
191 287 80378724397400624792219408490993208417328654230045666079579440463795421738608426853897272
287 215 -1435232308547826718548564550218797168622659465305917001858488285896050794727254127813083
215 287 -1435232308547826718548564550218797168622659465305917001858488285896050794727254127813083
287 239 -1895625584226119203460667615714797029959431762711022053653586277179185950084094612322
239 287 -1895625584226119203460667615714797029959431762711022053653586277179185950084094612322
287 263 42081836285038761806083263711024863426097706352965056379182481160624261212090858
263 287 42081836285038761806083263711024863426097706352965056379182481160624261212090858
287 287 -4255278184964231553602033309610543126441943720455739387527788255596224718342
286 22 3370162291242818899324394911506390101375218838119263178119154283929665536
22 286 3370162291242818899324394911506390101375218838119263178119154283929665536
286 46 1504726410971966616616965867190634271169923679505979297723217916770212619500518375424
46 286 1504726410971966616616965867190634271169923679505979297723217916770212619500518375424
286 70 -30690930612523863258349806643104666937991130917195745460974240792026510955565177623740416
70 286 -30690930612523863258349806643104666937991130917195745460974240792026510955565177623740416
286 94 7467029794812309621537130533956567747553572694780773930110656499058722340301766415242949248
94 286 7467029794812309621537130533956567747553572694780773930110656499058722340301766415242949248
286 118 -34353242438827364000086940865367736223306458961916900440722254964816584227301653655880396740
118 286 -34353242438827364000086940865367736223306458961916900440722254964816584227301653655880396740
286 142 9050352302071753743796090998792573821964745520434103994030600733136074424280230955087480306836
142 286 9050352302071753743796090998792573821964745520434103994030600733136074424280230955087480306836
286 166 -65875932617304356054634619875348220314752226629734961938220732909117817052752781350320638152
166 286 -65875932617304356054634619875348220314752226629734961938220732909117817052752781350320638152
286 190 -177291418233563216710459070903095136929594823877985583864445009675300814597915341499549472
190 286 -177291418233563216710459070903095136929594823877985583864445009675300814597915341499549472
286 214 3975220751564672885432943865770823592559088964865399052570075921083419473172676456356722
214 286 3975220751564672885432943865770823592559088964865399052570075921083419473172676456356722
286 238 5909211463075472493084652266190629802364794981144048418556166387025683817894549461586
238 286 5909211463075472493084652266190629802364794981144048418556166387025683817894549461586
286 262 92329151815914506798303050408367422548353734509773384732762377621364054086452843
262 286 92329151815914506798303050408367422548353734509773384732762377621364054086452843
286 286 29064826745653973050304781795912661861955395174644328166599859528237750308148
285 21 -659359899201283048202811316256073905839200002514224802469755179721818112
21 285 -659359899201283048202811316256073905839200002514224802469755179721818112
285 45 -1594623149482652082351727975353440977623178446871751364337029704186118015451911421952
45 285 -1594623149482652082351727975353440977623178446871751364337029704186118015451911421952
285 69 40872239735815698300099368742625639262529775179520898281579732179548062723048014913632768
69 285 40872239735815698300099368742625639262529775179520898281579732179548062723048014913632768
285 93 -16091245543541401073190816152287642750696686415357641008387531007052325699898707484786825964
93 285 -16091245543541401073190816152287642750696686415357641008387531007052325699898707484786825964
285 117 213154148461444981576794198149051940321038828919374565990416936102422676448049528437791141710
117 285 213154148461444981576794198149051940321038828919374565990416936102422676448049528437791141710
285 141 -18408192071847215996806578886619221547344728067849435826610623732558977098975468506160427351815
141 285 -18408192071847215996806578886619221547344728067849435826610623732558977098975468506160427351815
285 165 145008214339681851511779741664019771820269770899871032935699953557225192034229095052713752669
165 285 145008214339681851511779741664019771820269770899871032935699953557225192034229095052713752669
285 189 386249495906591966321655510498776789230596499952864047949377639589625924332372910274677014
189 285 386249495906591966321655510498776789230596499952864047949377639589625924332372910274677014
285 213 -10689426918958450232163530072322062677002926283901456578890384529646975115620049766563267
213 285 -10689426918958450232163530072322062677002926283901456578890384529646975115620049766563267
285 237 -17458353340545759226678321509659806249652226940337864130490549854069254978043624845306
237 285 -17458353340545759226678321509659806249652226940337864130490549854069254978043624845306
285 261 -994320409504705306409375014856790938568895813358269125522485304826778893809132366
261 285 -994320409504705306409375014856790938568895813358269125522485304826778893809132366
285 285 -122929991677213654394724990165038534921815034907692381876823341886526928042858
284 20 -557531809531335598486976988311320404730019431122246551081357631545147392
20 284 -557531809531335598486976988311320404730019431122246551081357631545147392
284 44 1651040681970027003042822377103624990966326295119994535545840833167014329461157920768
44 284 1651040681970027003042822377103624990966326295119994535545840833167014329461157920768
284 68 -53091428234784370768759334234514617137061390857470908175012541438191956029676136987672576
68 284 -53091428234784370768759334234514617137061390857470908175012541438191956029676136987672576
284 92 31777974857306126613897389823224663325136985425767206765223183363517364499191985991029218688
92 284 31777974857306126613897389823224663325136985425767206765223183363517364499191985991029218688
284 116 -649690911885267259718217525995998341739275295625887125309148593428706299041155674777656399096
116 284 -649690911885267259718217525995998341739275295625887125309148593428706299041155674777656399096
284 140 36958643510283014920425828047535993228492017590272349492241170983670626109954725466489560241596
140 284 36958643510283014920425828047535993228492017590272349492241170983670626109954725466489560241596
284 164 -316100829366437581187957586855619367023256027280402677344275197597680167573704702159073358254
164 284 -316100829366437581187957586855619367023256027280402677344275197597680167573704702159073358254
284 188 -832323457969817462315000210624801853470476378088285848150990269453214919381436844244122604
188 284 -832323457969817462315000210624801853470476378088285848150990269453214919381436844244122604
284 212 27949302155548911626891092196359119517843166825036137858394678285808892828255892865170368
212 284 27949302155548911626891092196359119517843166825036137858394678285808892828255892865170368
284 236 49304730685975933380539006922681204031319308575665065784481809750319031008124507571424
236 284 49304730685975933380539006922681204031319308575665065784481809750319031008124507571424
284 260 5158613809590162648504060868411866159050163896042261753548497235618345082113026338
260 284 5158613809590162648504060868411866159050163896042261753548497235618345082113026338
284 284 415996949307460251646221005646023377883720150248836130748045647196984670047285
283 19 835281715181109159243571205200974488513505245424981106754906931012304896
19 283 835281715181109159243571205200974488513505245424981106754906931012304896
283 43 -1668757560443288932598559374548324203934167908922200755460657494523071878976103251968
43 283 -1668757560443288932598559374548324203934167908922200755460657494523071878976103251968
283 67 67211679727386842621422340678567838957653726303913852672916175034453569304719352522137600
67 283 67211679727386842621422340678567838957653726303913852672916175034453569304719352522137600
283 91 -58929769921813870423431120624836838164174883467891061796611548975321595026055974513973613120
91 283 -58929769921813870423431120624836838164174883467891061796611548975321595026055974513973613120
283 115 1616552667970685712213763509274658890093066761834465893998892801980327259275545151535518836640
115 283 1616552667970685712213763509274658890093066761834465893998892801980327259275545151535518836640
283 139 -73262027457930172380605409275281759818337038335132835465631622270121876104306615971489909134096
139 283 -73262027457930172380605409275281759818337038335132835465631622270121876104306615971489909134096
283 163 682518930839164941823426037930998808266871126266377165388073232139254116777958050069878418377
163 283 682518930839164941823426037930998808266871126266377165388073232139254116777958050069878418377
283 187 1775828131198571777976283556953887775651348769606274809025907496271611210773632487681517176
187 283 1775828131198571777976283556953887775651348769606274809025907496271611210773632487681517176
283 211 -71158322364286788528934188154395708679185105436120515304302605208737607972115102102216238
211 283 -71158322364286788528934188154395708679185105436120515304302605208737607972115102102216238
283 235 -133889542999939130198968449798343542422459551920774091976040839314524632152784337043440
235 283 -133889542999939130198968449798343542422459551920774091976040839314524632152784337043440
283 259 -21462848123222641453874319509246452890268022035640834272162869206994261515184813583
259 283 -21462848123222641453874319509246452890268022035640834272162869206994261515184813583
283 283 -1195703168670210973870741331429031976420942162945904280014191542567475191478252
282 18 -656644565979482454198294225626735010669088112975418018515148155155120128
18 282 -656644565979482454198294225626735010669088112975418018515148155155120128
282 42 1645038098288984828975737093574283197160325347156059851463996751166226350012669886464
42 282 1645038098288984828975737093574283197160325347156059851463996751166226350012669886464
282 66 -82837698512791772695634637251326737941954911661069613155408851455033358303731031593005568
66 282 -82837698512791772695634637251326737941954911661069613155408851455033358303731031593005568
282 90 103958430890505183060560596192073405557815613491838042334789261888417953589320571452249633420
90 282 103958430890505183060560596192073405557815613491838042334789261888417953589320571452249633420
282 114 -3625184272143826174476138070811509492842434147153840992463796119431377424332635113527818537926
114 282 -3625184272143826174476138070811509492842434147153840992463796119431377424332635113527818537926
282 138 143414566346411245172766649788321735606979566391519254729031010053535805182095583726388514547271
138 282 143414566346411245172766649788321735606979566391519254729031010053535805182095583726388514547271
282 162 -1459932345468613669125926348920916934335614292280458522671162368292464723589720529992243741724
162 282 -1459932345468613669125926348920916934335614292280458522671162368292464723589720529992243741724
282 186 -3753488736141172223106698173109096186970138065606429718702485390019975984457359303309771938
186 282 -3753488736141172223106698173109096186970138065606429718702485390019975984457359303309771938
282 210 176633359977166903869231034665679124536631585961427172367174365873429096943815032046469757
210 282 176633359977166903869231034665679124536631585961427172367174365873429096943815032046469757
282 234 351142160837981625097973430049889425666705293674972354595029321334707693581219137990802
234 282 351142160837981625097973430049889425666705293674972354595029321334707693581219137990802
282 258 78943282651419880131784417838457006868295099809383140625136466417999307568920571652
258 282 78943282651419880131784417838457006868295099809383140625136466417999307568920571652
282 282 2944195181713835464291283561468669274456229613388169419132163561527265415791275
281 17 368688923426297025888818556856587330897531793760233678566218104322392064
17 281 368688923426297025888818556856587330897531793760233678566218104322392064
281 41 -1580097131305141076883892042285756150091320334950612703040672925354208573822467047424
41 281 -1580097131305141076883892042285756150091320334950612703040672925354208573822467047424
281 65 99252685246653786110712747075914295248190274718820100450237334468727833599776680424620032
65 281 99252685246653786110712747075914295248190274718820100450237334468727833599776680424620032
281 89 -175813256755028504371643313206384457509574142588355576360054348283750560510001004493607318144
89 281 -175813256755028504371643313206384457509574142588355576360054348283750560510001004493607318144
281 113 7605036801029925994292981447073797462347770368486125797895724335781441972860809050390582028080
113 281 7605036801029925994292981447073797462347770368486125797895724335781441972860809050390582028080
281 137 -277298346766420546184803723743450875597440173761402199344763661562041765461790005966754026168916
137 281 -277298346766420546184803723743450875597440173761402199344763661562041765461790005966754026168916
281 161 3094114644860404763544367741547903882775440837206594885174230605734484429153320604804276154626
161 281 3094114644860404763544367741547903882775440837206594885174230605734484429153320604804276154626
281 185 7859834572266629422219550439590133627697642214366635542789545865510816762437233590382131548
185 281 7859834572266629422219550439590133627697642214366635542789545865510816762437233590382131548
281 209 -427961167685696819431835851652287458746271300464091871786955517597985135396075286405810256
209 281 -427961167685696819431835851652287458746271300464091871786955517597985135396075286405810256
281 233 -892520977175842835347789897682507628697701691888804618653648740285773694758582326430124
233 281 -892520977175842835347789897682507628697701691888804618653648740285773694758582326430124
281 257 -266201844881072844116893076157229585082252578072292836642881090456338220162713027973
257 281 -266201844881072844116893076157229585082252578072292836642881090456338220162713027973
281 281 -6019572574666197516185327166260035708382256585706316713332464239682712745416743
280 16 -152916164055662105887417949852359386353502425354139309662416163810836480
16 280 -152916164055662105887417949852359386353502425354139309662416163810836480
280 40 1477210036363410370593163308793018058143173430294840205892357833282818635690659545088
40 280 1477210036363410370593163308793018058143173430294840205892357833282818635690659545088
280 64 -115367492704602565726822352880170123708541680494688000747017438384397158629802335264112640
64 280 -115367492704602565726822352880170123708541680494688000747017438384397158629802335264112640
280 88 286439735779641073206169405190761857893590005499105625576452038649166990871750638535618203136
88 280 286439735779641073206169405190761857893590005499105625576452038649166990871750638535618203136
280 112 -15197992445657446413927287396606536907896500284574884678787012842985641446016553115178133080768
112 280 -15197992445657446413927287396606536907896500284574884678787012842985641446016553115178133080768
280 136 529693154481939885027314560319759013253403155932014974867407626804802469364308527949111201678904
136 280 529693154481939885027314560319759013253403155932014974867407626804802469364308527949111201678904
280 160 -6497799854747068227217610196814219190829934248269169957754757037967226310329267397343055822383
160 280 -6497799854747068227217610196814219190829934248269169957754757037967226310329267397343055822383
280 184 -16297472243847818940298015346132654039094131692500958465929612110280870650351457538718490104
184 280 -16297472243847818940298015346132654039094131692500958465929612110280870650351457538718490104
280 208 1013099502287059641442620856376778030715405995743087062762891617731327522343560506519570154
208 280 1013099502287059641442620856376778030715405995743087062762891617731327522343560506519570154
280 232 2205225626866827891883879197065562000108364888396199244973106656677492899610228325132046
232 280 2205225626866827891883879197065562000108364888396199244973106656677492899610228325132046
280 256 837654812537732592936164798658366175668863171428889358295682344428623496471184949068
256 280 837654812537732592936164798658366175668863171428889358295682344428623496471184949068
280 280 9005486294422888354011137162250784109482602719094515740989603981180570507208190
279 15 45986800227928138628221709093032362339916169746727972431080927849873408
15 279 45986800227928138628221709093032362339916169746727972431080927849873408
279 39 -1342481218836199655012353217500450132067591271781409030006976516406217115875569303552
39 279 -1342481218836199655012353217500450132067591271781409030006976516406217115875569303552
279 63 129697772029203317959172302093352804097783240384446617956278261598845064116433348152217600
63 279 129697772029203317959172302093352804097783240384446617956278261598845064116433348152217600
279 87 -451021771617173493096416350942070469361779008806426822871745895327159292198911196440557636832
87 279 -451021771617173493096416350942070469361779008806426822871745895327159292198911196440557636832
279 111 29230426847857683161521232154682581862670408897390307875165748694216149032437583109618733783876
111 279 29230426847857683161521232154682581862670408897390307875165748694216149032437583109618733783876
279 135 -999777190826889021219814048148327776751889218542151480874881732544758115407659055279995392934208
135 279 -999777190826889021219814048148327776751889218542151480874881732544758115407659055279995392934208
279 159 13522213071910599504571406145769322556942721103676313812711451531488185213618779113681394755418
159 279 13522213071910599504571406145769322556942721103676313812711451531488185213618779113681394755418
279 183 33427367995392989383171706083613477416620292975752065358679907281251828681244222740416468216
183 279 33427367995392989383171706083613477416620292975752065358679907281251828681244222740416468216
279 207 -2345244266984600632078748081631504965999394450947738063487559268674876036078326966709140786
207 279 -2345244266984600632078748081631504965999394450947738063487559268674876036078326966709140786
279 231 -5310980051261874377995879293219229566557720076961688325378847662612011018841073988056322
231 279 -5310980051261874377995879293219229566557720076961688325378847662612011018841073988056322
279 255 -2484195031637177611505310344572212562566111423672673752206502728330235142374491802699
255 279 -2484195031637177611505310344572212562566111423672673752206502728330235142374491802699
279 279 -3489076101329543130428932196180888748871278408638361559028899869085580374268334
278 14 -9665998627229801936521882272875169893544016995591323025946093232848896
14 278 -9665998627229801936521882272875169893544016995591323025946093232848896
278 38 1184300190498811638259557932849930742058645283599582302925364449656551061728912211968
38 278 1184300190498811638259557932849930742058645283599582302925364449656551061728912211968
278 62 -140391658658702684084944504363277097868115875740298972102850740674660014142134114173845504
62 278 -140391658658702684084944504363277097868115875740298972102850740674660014142134114173845504
278 86 687801116648978545755495222838292370876580626848496155715253086346835555305845268048276252672
86 278 687801116648978545755495222838292370876580626848496155715253086346835555305845268048276252672
278 110 -54452068584310937652060065417936383582037701351728362714759154781637801245528562943266602831872
110 278 -54452068584310937652060065417936383582037701351728362714759154781637801245528562943266602831872
278 134 1864911166623277807006461027641854464847211441321492756900361607749806379552302304726447233615024
134 278 1864911166623277807006461027641854464847211441321492756900361607749806379552302304726447233615024
278 158 -27886359016409751597859692036599773070599212757395178204003330947196123494888450576723513046068
158 278 -27886359016409751597859692036599773070599212757395178204003330947196123494888450576723513046068
278 182 -67712114288054446953597575288319451935369427175457861019260781434274872397493511795801193120
182 278 -67712114288054446953597575288319451935369427175457861019260781434274872397493511795801193120
278 206 5312831019833267344992814058188002588158700064306253849940618150973163108058650994064262784
206 278 5312831019833267344992814058188002588158700064306253849940618150973163108058650994064262784
278 230 12500788279011127351782455066772582118412988839963031110500190934307681996215376656589692
230 278 12500788279011127351782455066772582118412988839963031110500190934307681996215376656589692
278 254 6984451884371644254046255605869107437305816261734068281899940738256872194403627674287
254 278 6984451884371644254046255605869107437305816261734068281899940738256872194403627674287
278 278 -38106827289873025275495941310614506781874403147336168868185275870089353784511342
277 13 1355267961788052854700410020279759258014049765524119016805431720804352
13 277 1355267961788052854700410020279759258014049765524119016805431720804352
277 37 -1012518021462053803169751769032603662869985954646035237789452751529172644828633104384
37 277 -1012518021462053803169751769032603662869985954646035237789452751529172644828633104384
277 61 145328929019129032758753018301775589942730436973471076954261374048117397068977742719025152
61 277 145328929019129032758753018301775589942730436973471076954261374048117397068977742719025152
277 85 -1017214674775786151460253681672736127583486442565116055803806523474557891438235100566158528000
85 277 -1017214674775786151460253681672736127583486442565116055803806523474557891438235100566158528000
277 109 98665259622170110950510176011263680888052121796640305415598080631657874360390607802768481587712
109 277 98665259622170110950510176011263680888052121796640305415598080631657874360390607802768481587712
277 133 -3438421941268221523480799936924620508894097861810662993634649391793860850161165649397398594280640
133 277 -3438421941268221523480799936924620508894097861810662993634649391793860850161165649397398594280640
277 157 56989771232968549551342518522274417922238787292734263040095902894682350516959170174435657136728
157 277 56989771232968549551342518522274417922238787292734263040095902894682350516959170174435657136728
277 181 135166915329133597170880098497876891858420876919815393467760252903284773808783549193283817408
181 277 135166915329133597170880098497876891858420876919815393467760252903284773808783549193283817408
277 205 -11784764056744703093833070885668405769464270846390274825587234610195226787303883144642877736
205 277 -11784764056744703093833070885668405769464270846390274825587234610195226787303883144642877736
277 229 -28835004192918310952619040862616924485507742409251518668630851122131811759634565535533232
229 277 -28835004192918310952619040862616924485507742409251518668630851122131811759634565535533232
277 253 -18679521219234887537009200965070480477418804787004570034726242801200449732248083910621
253 277 -18679521219234887537009200965070480477418804787004570034726242801200449732248083910621
277 277 180837812515285767929726766651663607968364844924401149610296465522901191276188752
276 12 -120101414448735216228546770088960416516700260711432722416442663763968
12 276 -120101414448735216228546770088960416516700260711432722416442663763968
276 36 837421407811575461806036984888795838389836468573449042885322829433257063759199862784
36 276 837421407811575461806036984888795838389836468573449042885322829433257063759199862784
276 60 -142298801316631981958306333107155675017205419360210527562962656295516673562371588069761024
60 276 -142298801316631981958306333107155675017205419360210527562962656295516673562371588069761024
276 84 1460061438785357183043663083509530107696898878266282563840397741293021756082098389975026681368
84 276 1460061438785357183043663083509530107696898878266282563840397741293021756082098389975026681368
276 108 -174410358730112456918215051327645077213613954776238896150403183217736304922100055013052444687626
108 276 -174410358730112456918215051327645077213613954776238896150403183217736304922100055013052444687626
276 132 6267181395032294430062942539728187839425751025737014104839574398949755755779033635179002386598098
132 276 6267181395032294430062942539728187839425751025737014104839574398949755755779033635179002386598098
276 156 -115411948279742262619553928246345665236955143833374432507890986493656817839917195390467380139015
156 276 -115411948279742262619553928246345665236955143833374432507890986493656817839917195390467380139015
276 180 -265147096198808850195762040714092864158495465154990110331212411754270301149218266554376145752
180 276 -265147096198808850195762040714092864158495465154990110331212411754270301149218266554376145752
276 204 25607503259856322862031561622271798908841842384786696011921461827049013857450979231516627321
204 276 25607503259856322862031561622271798908841842384786696011921461827049013857450979231516627321
276 228 65368395596670230291436016323109184398286004128236679390424931209169764317066301190424368
228 276 65368395596670230291436016323109184398286004128236679390424931209169764317066301190424368
276 252 47587751034546682981454503117590222888991084340349055800675086978096561220354275099182
252 276 47587751034546682981454503117590222888991084340349055800675086978096561220354275099182
276 276 -520907472672502554967222144177880058672528926922710215421682727933589877764966045
275 11 6342171021030851416914599142182220639973524491151494672433973035008
11 275 6342171021030851416914599142182220639973524491151494672433973035008
275 35 -668649291739952481206673170171732852167257631316160235971330220296982250793063153664
35 275 -668649291739952481206673170171732852167257631316160235971330220296982250793063153664
275 59 129243453924604912151534296959419941473447107743533661452426364016080973081144332684099584
59 275 129243453924604912151534296959419941473447107743533661452426364016080973081144332684099584
275 83 -2034429349551572302920507363345472255166972885130232111607613046949115782876470201132317056000
83 275 -2034429349551572302920507363345472255166972885130232111607613046949115782876470201132317056000
275 107 301421445776054095798448183640764837436050089234242795468243871068911621565580906379441284371744
107 275 301421445776054095798448183640764837436050089234242795468243871068911621565580906379441284371744
275 131 -11294305731776611499934730250773855286213705337541324261784863498726464834686677943443756136617816
131 275 -11294305731776611499934730250773855286213705337541324261784863498726464834686677943443756136617816
275 155 231596681788846410798455233602902920126483281564185753512095582235176167275165435962446164546586
155 275 231596681788846410798455233602902920126483281564185753512095582235176167275165435962446164546586
275 179 509234685773305014245753071551441471118586033570192256021084323600970549764911362580386708248
179 275 509234685773305014245753071551441471118586033570192256021084323600970549764911362580386708248
275 203 -54524902681430450909552626334772997167289115003354480299983934440265067371153003325283271624
203 275 -54524902681430450909552626334772997167289115003354480299983934440265067371153003325283271624
275 227 -146088023502236119611446069423887019074173019606884453153092861348156929121743645384873604
227 275 -146088023502236119611446069423887019074173019606884453153092861348156929121743645384873604
275 251 -115424357308959625102142113933941235096953852392763077940966550858830832980001357453307
251 275 -115424357308959625102142113933941235096953852392763077940966550858830832980001357453307
275 275 1002717025944900704763890796527226022095613178596993397392648577769847373674510322
274 10 -187371840434865318147793727678997105053704642058218458764466454528
10 274 -187371840434865318147793727678997105053704642058218458764466454528
274 34 514231915242750494770173740643100249163291521843509347771411412357132163531394777088
34 274 514231915242750494770173740643100249163291521843509347771411412357132163531394777088
274 58 -104539300767221341195299064441519249358869694392518306798149991052135366682188604896182272
58 274 -104539300767221341195299064441519249358869694392518306798149991052135366682188604896182272
274 82 2751204466595914183021980891353169483506322507393984622861012345387342221223381072193105010688
82 274 2751204466595914183021980891353169483506322507393984622861012345387342221223381072193105010688
274 106 -510117434085796540137603630250331841688099723403440737589728111545487700600826942159178997364992
106 274 -510117434085796540137603630250331841688099723403440737589728111545487700600826942159178997364992
274 130 20127015832507104917671603615299684586269250091494202724641807300564027450565344939214134376238672
130 274 20127015832507104917671603615299684586269250091494202724641807300564027450565344939214134376238672
274 154 -460483244237298903350896532987057250322741995706170251003793238163269214726926994004379083266380
154 274 -460483244237298903350896532987057250322741995706170251003793238163269214726926994004379083266380
274 178 -952831339188091280031563285922826169113884292450316752862956168892030745460457584395048822376
178 274 -952831339188091280031563285922826169113884292450316752862956168892030745460457584395048822376
274 202 113778994466387830373692793246764703830694887564072365816082203229649935821339378482339833548
202 274 113778994466387830373692793246764703830694887564072365816082203229649935821339378482339833548
274 226 322907325282517893293316107103516768421031470840468368316943342230436214002614306449103566
226 274 322907325282517893293316107103516768421031470840468368316943342230436214002614306449103566
274 250 265780514775203493938233315130665888717491632684255282375481079551454463426292621298718
250 274 265780514775203493938233315130665888717491632684255282375481079551454463426292621298718
274 274 -512753436382983235277579256447771891776929301786285390230122172445157988778939282
273 9 3114010819405355293633881563234432919419260692329239643288502272
9 273 3114010819405355293633881563234432919419260692329239643288502272
273 33 -379907902862535682324894702301460239100332654208815416360436174146598369744549576704
33 273 -379907902862535682324894702301460239100332654208815416360436174146598369744549576704
273 57 67284018783898989127167514568708280870526685398928659726079928231837754587262932957134848
57 273 67284018783898989127167514568708280870526685398928659726079928231837754587262932957134848
273 81 -3608174172937387944771330807536563754894232070451414582973967162617274337591289571524461094656
81 273 -3608174172937387944771330807536563754894232070451414582973967162617274337591289571524461094656
273 105 846440079927707345356744340670133865129075260967179269103017500659219279403327519036396860140264
105 273 846440079927707345356744340670133865129075260967179269103017500659219279403327519036396860140264
273 129 -35472079773788435034510560661807435034876090410422454743380777065829655325356739811844194301255900
129 273 -35472079773788435034510560661807435034876090410422454743380777065829655325356739811844194301255900
273 153 907115935835303502954840531396611657027877902470617128909155501363339216830085485082083981630562
153 273 907115935835303502954840531396611657027877902470617128909155501363339216830085485082083981630562
273 177 1724720447493343594243014178685032744153399477340822910650553784936619723043751719678800127876
177 273 1724720447493343594243014178685032744153399477340822910650553784936619723043751719678800127876
273 201 -232672093814589738806049637008767181469684294971061962763263295242936469170404057900979785912
201 273 -232672093814589738806049637008767181469684294971061962763263295242936469170404057900979785912
273 225 -708302670494778844138100478068389923050426656378816653242467836105934884551201996234244578
225 273 -708302670494778844138100478068389923050426656378816653242467836105934884551201996234244578
273 249 -577256403118306863535975278246002311214309449557690930833552163852798289102066570900556
249 273 -577256403118306863535975278246002311214309449557690930833552163852798289102066570900556
273 273 -6422566494010416412495819221065576403618391608342296834161377753498788444580564249
272 8 757819034486706932026568187063747409006162792294251766006939648
8 272 757819034486706932026568187063747409006162792294251766006939648
272 32 268810170998982514775050204508667128699295461063779514285936905694345858856888827904
32 272 268810170998982514775050204508667128699295461063779514285936905694345858856888827904
272 56 -17558452135483215645027421867143536704710882245309798360564116089737185898457849177047040
56 272 -17558452135483215645027421867143536704710882245309798360564116089737185898457849177047040
272 80 4583035772474257171298710483052189726297440087985690009223232618386671853948010216569891250176
80 272 4583035772474257171298710483052189726297440087985690009223232618386671853948010216569891250176
272 104 -1378380657547082568660078723328031435692218210100798672377151644923467890863818528793211210760448
104 272 -1378380657547082568660078723328031435692218210100798672377151644923467890863818528793211210760448
272 128 61834772844868708303862109492222547862528546081755122839490066867879879085849077530219215536745952
128 272 61834772844868708303862109492222547862528546081755122839490066867879879085849077530219215536745952
272 152 -1770287854466405770998407065838871158670224612023003279057608272064416334645629992841033504126656
152 272 -1770287854466405770998407065838871158670224612023003279057608272064416334645629992841033504126656
272 176 -2987286985179246469485676842555286291043348192110475631199317643894785595485773740228296662032
176 272 -2987286985179246469485676842555286291043348192110475631199317643894785595485773740228296662032
272 200 466141089328315361945057349003187056997185550968455631390450495337051598341820011381863200696
200 272 466141089328315361945057349003187056997185550968455631390450495337051598341820011381863200696
272 224 1546899011335546465279122775008877881344406661499397786218578238751984402477960780969296212
224 272 1546899011335546465279122775008877881344406661499397786218578238751984402477960780969296212
272 248 1167371264310552734551024549532172931737037259743644557366949474825204864029656742383181
248 272 1167371264310552734551024549532172931737037259743644557366949474825204864029656742383181
272 272 39922355705403009797433513219196796133735520130852725016222418630631504014757740448
271 7 61114813130960772758919606991532858291028454768204165106630656
7 271 61114813130960772758919606991532858291028454768204165106630656
271 31 -181536611406243615253669516892758291693166638009108540315951689993771986469022334976
31 271 -181536611406243615253669516892758291693166638009108540315951689993771986469022334976
271 55 -43371628293623172182058301740882067349833275371279165363886207309994834426651635194265600
55 271 -43371628293623172182058301740882067349833275371279165363886207309994834426651635194265600
271 79 -5626024216160912139892586022604302640306372562827378443521739145080017936320032143795434180608
79 271 -5626024216160912139892586022604302640306372562827378443521739145080017936320032143795434180608
271 103 2204534353804999441737232630049789799083455259973728754935266917083853525132030326935892513542016
103 271 2204534353804999441737232630049789799083455259973728754935266917083853525132030326935892513542016
271 127 -106626686009778412691048156691232766561638668721365523961804445143640300832545606938649685632548800
127 271 -106626686009778412691048156691232766561638668721365523961804445143640300832545606938649685632548800
271 151 3422319522337527610613568192996851144932167804859752838617597369177081541820552457649416556203360
151 271 3422319522337527610613568192996851144932167804859752838617597369177081541820552457649416556203360
271 175 4857822845885514483884290947885706987568826562339661522297702535807721712841022657956851872048
175 271 4857822845885514483884290947885706987568826562339661522297702535807721712841022657956851872048
271 199 -914391138801960866048062394905664639541956207102193801245584622277259880007135507613125386732
199 271 -914391138801960866048062394905664639541956207102193801245584622277259880007135507613125386732
271 223 -3373483172277738480675475260277668470235083088742781576531325579153302860368759934432098772
223 271 -3373483172277738480675475260277668470235083088742781576531325579153302860368759934432098772
271 247 -2139062524271782313075007381264337160996763839376818463541301614645427134630698267410270
247 271 -2139062524271782313075007381264337160996763839376818463541301614645427134630698267410270
271 271 -163551442084379177664362502685968188724381698971847606275594239356216223403340019916
270 6 457589592901007436996322982303983434368629609141184887783424
6 270 457589592901007436996322982303983434368629609141184887783424
270 30 116553210191499864672145072345687301038797209289358291399061004625222665183080480768
30 270 116553210191499864672145072345687301038797209289358291399061004625222665183080480768
270 54 112959570874835266178749496657256044263570067345607291822782474856652412733077219877322752
54 270 112959570874835266178749496657256044263570067345607291822782474856652412733077219877322752
270 78 6653339576992331715875878156292697955700199263477634709426512760858749029716516572943976538880
78 270 6653339576992331715875878156292697955700199263477634709426512760858749029716516572943976538880
270 102 -3464963037904304902641772345773943679085007945661287043608601034376625241095757019833797604807944
102 270 -3464963037904304902641772345773943679085007945661287043608601034376625241095757019833797604807944
270 126 181899335975056391321308104048271960401305212994237509638424519598930418022944107366668106892811588
126 270 181899335975056391321308104048271960401305212994237509638424519598930418022944107366668106892811588
270 150 -6553245097872920256699617389567492937508423283477914579915322139624523448413826752821367126815502
150 270 -6553245097872920256699617389567492937508423283477914579915322139624523448413826752821367126815502
270 174 -7134420368702947583997349430167192553843576851896287262724022122941156688687396827562742265644
174 270 -7134420368702947583997349430167192553843576851896287262724022122941156688687396827562742265644
270 198 1754584755634316864656091011471318124819407136972450660455621333502859581628799978977721246532
198 270 1754584755634316864656091011471318124819407136972450660455621333502859581628799978977721246532
270 222 7363004671364210355985564834823797192689576676468621976640351758742464663971663843754475566
222 270 7363004671364210355985564834823797192689576676468621976640351758742464663971663843754475566
270 246 3318630467067751815947173661242234706918234026864606199117246146151878197162518830827374
246 270 3318630467067751815947173661242234706918234026864606199117246146151878197162518830827374
270 270 558525046494865100403600229749736323908845493666352960974215020622147927819318076123
269 5 382392176641016508832479569922482149921008837175527079936
5 269 382392176641016508832479569922482149921008837175527079936
269 29 -70822809764631591310689373732341055974858681899701713260617464748535751353558892544
29 269 -70822809764631591310689373732341055974858681899701713260617464748535751353558892544
269 53 -187437915061809743597551715146246431554822282394896979722155804342418758966264397056442368
53 269 -187437915061809743597551715146246431554822282394896979722155804342418758966264397056442368
269 77 -7543010549992175414199183439979115285014385083890055909966278268841164163335164737788622479360
77 269 -7543010549992175414199183439979115285014385083890055909966278268841164163335164737788622479360
269 101 5354504960780075728719020800696919744830844459130409149092245982249925021758094452218280453160704
101 269 5354504960780075728719020800696919744830844459130409149092245982249925021758094452218280453160704
269 125 -307022638572233373275939130845958780169352195330237213919622181219029508557312671095978159313167168
125 269 -307022638572233373275939130845958780169352195330237213919622181219029508557312671095978159313167168
269 149 12428433525051732820117342359455876285897930623324675207823643519701570992106615439089519521737400
149 269 12428433525051732820117342359455876285897930623324675207823643519701570992106615439089519521737400
269 173 8525721826591624706671333703659778525389863653853970066831247443053732948144434959718989731056
173 269 8525721826591624706671333703659778525389863653853970066831247443053732948144434959718989731056
269 197 -3288550097558028847634302033547285439914114168431167993354521206575928100520721133830748940856
197 269 -3288550097558028847634302033547285439914114168431167993354521206575928100520721133830748940856
269 221 -16105682416052750508523732880810744645526239213334777501007103118713807076966139080915702588
221 269 -16105682416052750508523732880810744645526239213334777501007103118713807076966139080915702588
269 245 -3363472027296514748882509556937695259485393623033276884461249050315727532925939597915520
245 269 -3363472027296514748882509556937695259485393623033276884461249050315727532925939597915520
269 269 -1701862832108704597868260883459962957890678787221356933270889763014115451394796811768
268 4 28058177960703218519792985340682645267835713994358784
4 268 28058177960703218519792985340682645267835713994358784
268 28 40521212571285134579687874263051225776722169191730900423312651824870429752459001856
28 268 40521212571285134579687874263051225776722169191730900423312651824870429752459001856
268 52 262068372982958994227325170310670780712457394474573923244831178081984753051557926247858176
52 268 262068372982958994227325170310670780712457394474573923244831178081984753051557926247858176
268 76 8135161563470368413157731794745513811235068268996404931897134941060445311793148413703479984128
76 268 8135161563470368413157731794745513811235068268996404931897134941060445311793148413703479984128
268 100 -8138412697962624193839814581306805774284994949415641121946158199092668764783798819732832326953984
100 268 -8138412697962624193839814581306805774284994949415641121946158199092668764783798819732832326953984
268 124 512770337907417485022432865222844448276975217763807208560026572506538208739835225901023520922298112
124 268 512770337907417485022432865222844448276975217763807208560026572506538208739835225901023520922298112
268 148 -23343588990725631880764495032163820771284073762741099558308898260086433535027632947119948135754288
148 268 -23343588990725631880764495032163820771284073762741099558308898260086433535027632947119948135754288
268 172 -4704433900328095514096575509322029405483995336131632068545652413211536761472315288108264329328
172 268 -4704433900328095514096575509322029405483995336131632068545652413211536761472315288108264329328
268 196 6006973712569712238412036725449218375232825422717921255711768759134703983033968468644802983836
196 268 6006973712569712238412036725449218375232825422717921255711768759134703983033968468644802983836
268 220 35316691266309209655682951312390177653419612865710738225865606136347979596140424619249544076
220 268 35316691266309209655682951312390177653419612865710738225865606136347979596140424619249544076
268 244 -2851332355097759860057765850443078319796827589370128261187128788686329815741343624825086
244 268 -2851332355097759860057765850443078319796827589370128261187128788686329815741343624825086
268 268 4768002410267819915753783258485622287404256555577744679075891121916260346676753230964
267 3 100288791925294065103811509696212126100988362752
3 267 100288791925294065103811509696212126100988362752
267 27 -21702657329117758212594597457072743579148175521653867389301239991051840850510217216
27 267 -21702657329117758212594597457072743579148175521653867389301239991051840850510217216
267 51 -331577178060411784214255050419700122747803309216071492532589568723856119125251123547471872
51 267 -331577178060411784214255050419700122747803309216071492532589568723856119125251123547471872
267 75 -8238717718293197349473697869971273088356703444663112196294415875610790758348138232210854893568
75 267 -8238717718293197349473697869971273088356703444663112196294415875610790758348138232210854893568
267 99 12169797291209313238709193689432394487994903876484146188992272065086422454070128461261848822782272
99 267 12169797291209313238709193689432394487994903876484146188992272065086422454070128461261848822782272
267 123 -847471170286448866182034838724534147389699630784413782331378412878693869469003488325521580457085680
123 267 -847471170286448866182034838724534147389699630784413782331378412878693869469003488325521580457085680
267 147 43419024866831301796452470952969699731369538229085718466299134820019127339160963093085903996503692
147 267 43419024866831301796452470952969699731369538229085718466299134820019127339160963093085903996503692
267 171 -16295240001492143823584047011946669290701237066207362903143011259445333391876285013191627777456
171 267 -16295240001492143823584047011946669290701237066207362903143011259445333391876285013191627777456
267 195 -10657686187613300710744150504413427570318233871530408088282191097132140427976866095833450233864
195 267 -10657686187613300710744150504413427570318233871530408088282191097132140427976866095833450233864
267 219 -77579215917549611817371174759347327782599872116062251274721524972507152316424743752561332792
219 267 -77579215917549611817371174759347327782599872116062251274721524972507152316424743752561332792
267 243 31238562620438290568198453370783141551268458363241701591340427064491706998077862574165864
243 267 31238562620438290568198453370783141551268458363241701591340427064491706998077862574165864
267 267 -12483689397511957073885524308076114446183454776534841278282337273019968856934606074712
266 2 4945284866092982653717812484236946440192
2 266 4945284866092982653717812484236946440192
266 26 10808826816966142880055145846827041975560970958944893455830630718134198886276792320
26 266 10808826816966142880055145846827041975560970958944893455830630718134198886276792320
266 50 390725972790072747125927042905039143522964733464033308150882889095672067114739973413142528
50 266 390725972790072747125927042905039143522964733464033308150882889095672067114739973413142528
266 74 7646238509887805052454021666771525373494858439455512504433312255036131676469008809208780029952
74 266 7646238509887805052454021666771525373494858439455512504433312255036131676469008809208780029952
266 98 -17907782828300742288778637571358367577866005656177790393989607224354374869789821318934435914694656
98 266 -17907782828300742288778637571358367577866005656177790393989607224354374869789821318934435914694656
266 122 1386149774854329973196147135154426996095092574058674617196403936234249949860684153157860686511019008
122 266 1386149774854329973196147135154426996095092574058674617196403936234249949860684153157860686511019008
266 146 -79969963610862278785324957886408579908218655167778121059321060774828046748897847179188993232036704
146 266 -79969963610862278785324957886408579908218655167778121059321060774828046748897847179188993232036704
266 170 84456373924841624260106283681549525558892699903769697843895382862516862838633157486793135769088
170 266 84456373924841624260106283681549525558892699903769697843895382862516862838633157486793135769088
266 194 18270426859643599726959673280243871989488491164739094880492916382451192147025986787434715258512
194 266 18270426859643599726959673280243871989488491164739094880492916382451192147025986787434715258512
266 218 170454807278344199490920067427539536803821247790893873865345373032130567088291581716441615952
218 266 170454807278344199490920067427539536803821247790893873865345373032130567088291581716441615952
266 242 -126156023039621463622180055279513863854945742621249265527886003033405470001983939337897408
242 266 -126156023039621463622180055279513863854945742621249265527886003033405470001983939337897408
266 266 30856690260164086764048355667626354981417875234982844228260764883654609946964370627356
265 1 143820346193114377739101536256
1 265 143820346193114377739101536256
265 25 -4968293234990875834012979465639285075542075278649400206989218815041312254651793408
25 265 -4968293234990875834012979465639285075542075278649400206989218815041312254651793408
265 49 -434935009971354590049810015280314601496429655019833309462697175799500584311713162042802176
49 265 -434935009971354590049810015280314601496429655019833309462697175799500584311713162042802176
265 73 -6157703422698497492446376302239051976038566033376378023229101864074421241375206760127825805312
73 265 -6157703422698497492446376302239051976038566033376378023229101864074421241375206760127825805312
265 97 25934522962168255550538611666638027989119271577981194358872110204229832698011088791530424310776832
97 265 25934522962168255550538611666638027989119271577981194358872110204229832698011088791530424310776832
265 121 -2243931621298443473970629709007144306649861223797642162467586627817075659644368935501386692735539712
121 265 -2243931621298443473970629709007144306649861223797642162467586627817075659644368935501386692735539712
265 145 145842729887425779130547737994358266348480874470002771410436142079115910116606712556747001137710592
145 265 145842729887425779130547737994358266348480874470002771410436142079115910116606712556747001137710592
265 169 -270338033273413667608223265366566198840877894351718320755645328657354094667333469698242053555328
169 265 -270338033273413667608223265366566198840877894351718320755645328657354094667333469698242053555328
265 193 -30005579102523445239164410854027750199645746601195955864640497447523406114429625294857238313504
193 265 -30005579102523445239164410854027750199645746601195955864640497447523406114429625294857238313504
265 217 -373837265087436154295905933184301004224458299834928237166139603859764455228727490399874254480
217 265 -373837265087436154295905933184301004224458299834928237166139603859764455228727490399874254480
265 241 402857958569831932953830019254479946413630530031845892734043930615566196511578311405138736
241 265 402857958569831932953830019254479946413630530031845892734043930615566196511578311405138736
265 265 -72529239972704951884047552589246745401967611004904369569342542661227291784696457963104
264 24 2089755394641649134545074917756260482460005356747783798225813329237822288158523392
24 264 2089755394641649134545074917756260482460005356747783798225813329237822288158523392
264 48 460862229932176638641591716317986730890780516562699036399109727103596531733053332466434048
48 264 460862229932176638641591716317986730890780516562699036399109727103596531733053332466434048
264 72 3612642154758193180125294030205131721896582494821092217172124433299494408369070790471255932928
72 264 3612642154758193180125294030205131721896582494821092217172124433299494408369070790471255932928
264 96 -36968317087165019332596094965603901895782723323658837298520131207792630241287260781419882716393091
96 264 -36968317087165019332596094965603901895782723323658837298520131207792630241287260781419882716393091
264 120 3595438372834327479862673721118840905209120518689421238947368577221281038245846983252780604189974088
120 264 3595438372834327479862673721118840905209120518689421238947368577221281038245846983252780604189974088
264 144 -263350361330886772413997572356818673504194069872624451867831350827718621011021252391861865377564527
144 264 -263350361330886772413997572356818673504194069872624451867831350827718621011021252391861865377564527
264 168 732648702225566882630397310316625254532765670065585368936140462602455112650688377545805299050520
168 264 732648702225566882630397310316625254532765670065585368936140462602455112650688377545805299050520
264 192 46504661986063666596484214613233561913462466493753589997211111723559322487715822676362003137735
192 264 46504661986063666596484214613233561913462466493753589997211111723559322487715822676362003137735
264 216 816563117837079595228724922344467910448268435817565047937678457364712352973732418288996685160
216 264 816563117837079595228724922344467910448268435817565047937678457364712352973732418288996685160
264 240 -1145698783687918065571579451217397924742381425313930673013660295384863426317917870838519410
240 264 -1145698783687918065571579451217397924742381425313930673013660295384863426317917870838519410
264 264 163136964655106064276807117616453008814502902586809459431962066033897488184154959170494
263 23 -796623812648416019815644940162518209134584094087258892365100338284995752973303808
23 263 -796623812648416019815644940162518209134584094087258892365100338284995752973303808
263 47 -466845605303899166648008296260476267149557545962017691080592428166063646994343716561354752
47 263 -466845605303899166648008296260476267149557545962017691080592428166063646994343716561354752
263 71 71902940756232359103081075248857913809763536353318255041524778771551385320677278611085983744
71 263 71902940756232359103081075248857913809763536353318255041524778771551385320677278611085983744
263 95 51869045924336511101077223333276055978238543155962388717744220408459665396022177583060848621553664
95 263 51869045924336511101077223333276055978238543155962388717744220408459665396022177583060848621553664
263 119 -5702469308213683987647151680788565975356615174241812821881838294377413167690147902414285829486627596
119 263 -5702469308213683987647151680788565975356615174241812821881838294377413167690147902414285829486627596
263 143 470823327538525093312968007576851446764724927886915388339568931030523950620560752186286226282976213
143 263 470823327538525093312968007576851446764724927886915388339568931030523950620560752186286226282976213
263 167 -1816013333673019958248096929794545421754964625709525356912684948952477707101867973826521855850176
167 263 -1816013333673019958248096929794545421754964625709525356912684948952477707101867973826521855850176
263 191 -66018022350784171740490551236495836358293771745875207689442299235288669417358873778768184740200
191 263 -66018022350784171740490551236495836358293771745875207689442299235288669417358873778768184740200
263 215 -1772480174470864462385633217392442921459772875221312023460439301854929615787735313673695658652
215 263 -1772480174470864462385633217392442921459772875221312023460439301854929615787735313673695658652
263 239 3027977187769135318129942884581758378729925692259073416315349890796017960304655367963175690
239 263 3027977187769135318129942884581758378729925692259073416315349890796017960304655367963175690
263 263 -353507321223490967838557118419113853794403106440520250313961343757311514464812018863010
262 22 272228502674241407899095958524560414758275557380364798221775723183975092117831680
22 262 272228502674241407899095958524560414758275557380364798221775723183975092117831680
262 46 453132071443470322205805556402742533832301360084235103839681033631315986393247067561525248
46 262 453132071443470322205805556402742533832301360084235103839681033631315986393247067561525248
262 70 -4862227387128540086236673728207908391570249700485028842408682957507238176443700929159478902784
70 262 -4862227387128540086236673728207908391570249700485028842408682957507238176443700929159478902784
262 94 -71631131313202969155114550285433470311464022624711161575958428897417499479159285275737743658778624
94 262 -71631131313202969155114550285433470311464022624711161575958428897417499479159285275737743658778624
262 118 8952960949793911644678325434905266150455991510620029724774122240327874594094843257570114126354872736
118 262 8952960949793911644678325434905266150455991510620029724774122240327874594094843257570114126354872736
262 142 -833381674805063709879379278796292730804915846304520411175237374538182139222620939470131153997872178
142 262 -833381674805063709879379278796292730804915846304520411175237374538182139222620939470131153997872178
262 166 4247364763471139590867308830751416797113259040746699829837460611545685040628750693890349948562949
166 262 4247364763471139590867308830751416797113259040746699829837460611545685040628750693890349948562949
262 190 79765080859834760196548915002306117322434201936701487280275751763042415857044967647256919539688
190 262 79765080859834760196548915002306117322434201936701487280275751763042415857044967647256919539688
262 214 3816014858760460565960474224182801083225035702663478296125861615137040684901663971923642471040
214 262 3816014858760460565960474224182801083225035702663478296125861615137040684901663971923642471040
262 238 -7590129198293113766227818931541085024986332019447196129239707820294736170071024838869289036
238 262 -7590129198293113766227818931541085024986332019447196129239707820294736170071024838869289036
262 262 744536742250288026462108059859368169738811641805167660581497365214130859776288223079630
261 21 -82364411105988519652430496759016089356782684015102512509635757718944257362886656
21 261 -82364411105988519652430496759016089356782684015102512509635757718944257362886656
261 45 -421844422569298954643845541764788828704397920124621556992661292936243466298924695772200960
45 261 -421844422569298954643845541764788828704397920124621556992661292936243466298924695772200960
261 69 10574226993646262020965761779054212301334404713829795594719954338302925797787068318960772710400
69 261 10574226993646262020965761779054212301334404713829795594719954338302925797787068318960772710400
261 93 97358378329674505909673549515459155903959231011873169511938176520691379632561027690094790582258176
93 261 97358378329674505909673549515459155903959231011873169511938176520691379632561027690094790582258176
261 117 -13915041664250566428933841142141496139372060192097557745566165849902188587436175714501342279987818571
117 261 -13915041664250566428933841142141496139372060192097557745566165849902188587436175714501342279987818571
261 141 1460434042175884638111634149766915335715480335748755095741565770719548168997043442424652507630204219
141 261 1460434042175884638111634149766915335715480335748755095741565770719548168997043442424652507630204219
261 165 -9522413464985054412375233904621576674586968566125467739738984887902028867839714886907350537501071
165 261 -9522413464985054412375233904621576674586968566125467739738984887902028867839714886907350537501071
261 189 -61363933254255985019116115392935308565856027970613330694291344258416055794467000791594307640242
189 261 -61363933254255985019116115392935308565856027970613330694291344258416055794467000791594307640242
261 213 -8135219060388015758603208104196821252658080166497081635876127766583038431391817472693136961673
213 261 -8135219060388015758603208104196821252658080166497081635876127766583038431391817472693136961673
261 237 18253388202249474369230218549719098887441550848114754369555233791466050930496175225599460054
237 261 18253388202249474369230218549719098887441550848114754369555233791466050930496175225599460054
261 261 -1543495398584303641671345790354866298460533238169712540795235766260830459261471604120922
260 20 21752183880102450800201003678375560588315990050701005128184132659809640970715136
20 260 21752183880102450800201003678375560588315990050701005128184132659809640970715136
260 44 376679287036032443076769945791999088176522373490020049054311971536846983068152183400693760
44 260 376679287036032443076769945791999088176522373490020049054311971536846983068152183400693760
260 68 -16852926384522007121346529258072608496218233095594095580733741872055558696536735774125747863552
68 260 -16852926384522007121346529258072608496218233095594095580733741872055558696536735774125747863552
260 92 -130214603167401987101437033300908892388559919190650257951138531185482700236540781115725317231263744
92 260 -130214603167401987101437033300908892388559919190650257951138531185482700236540781115725317231263744
260 116 21410935933742120869099298762182202564506815173892387968898241452800037129083581495930305275735626592
116 260 21410935933742120869099298762182202564506815173892387968898241452800037129083581495930305275735626592
260 140 -2533756761021762055337661298885072497213688173266393912013842968982792774166952887305719709310929756
140 260 -2533756761021762055337661298885072497213688173266393912013842968982792774166952887305719709310929756
260 164 20651907659919509798803346943726896868628043873341920003563132862166875458923854995893712426513933
164 260 20651907659919509798803346943726896868628043873341920003563132862166875458923854995893712426513933
260 188 -55940908841955881534664781813491231587297772987223725968542970262667165214082995004712034971692
188 260 -55940908841955881534664781813491231587297772987223725968542970262667165214082995004712034971692
260 212 17151566426954449797394497216389197825905285533153962718147481830262755806294744860948564926054
212 260 17151566426954449797394497216389197825905285533153962718147481830262755806294744860948564926054
260 236 -42418673969150324308038303008509482673900183178826650254242517826340131054245560069747390392
236 260 -42418673969150324308038303008509482673900183178826650254242517826340131054245560069747390392
260 260 3205736427548089108306476077992642711093189133008044445641179622311115512970385801775080
259 19 -4933154552657110193179595930617739135008350894808555233491752973341885938532352
19 259 -4933154552657110193179595930617739135008350894808555233491752973341885938532352
259 43 -322380020913202805075864073532805797057730378615089589606794282685271768313205887124635648
43 259 -322380020913202805075864073532805797057730378615089589606794282685271768313205887124635648
259 67 23173145226250098013137959134114023589399349118150338648247168212368616489160757650228296810496
67 259 23173145226250098013137959134114023589399349118150338648247168212368616489160757650228296810496
259 91 171344158744962423319008665622301431834587022692173092770951871431997600696259022470984974501142528
91 259 171344158744962423319008665622301431834587022692173092770951871431997600696259022470984974501142528
259 115 -32616486318673896732775601474850968855069223933872118593882653127165831584965660403100675467096293264
115 259 -32616486318673896732775601474850968855069223933872118593882653127165831584965660403100675467096293264
259 139 4351994646393678959379413476404374636805542754072827303868325436006238533971560909223103365071719184
139 259 4351994646393678959379413476404374636805542754072827303868325436006238533971560909223103365071719184
259 163 -43577414842468873975974336996933930910212650139633217837139941488919073773081209456366483765524016
163 259 -43577414842468873975974336996933930910212650139633217837139941488919073773081209456366483765524016
259 187 426349735875028787987750522849091885194793397754997862860186341989281896079335287112616513712450
187 259 426349735875028787987750522849091885194793397754997862860186341989281896079335287112616513712450
259 211 -35727456380764494089869698607164556975339991989535007674443692289278696699813949208219176886160
211 259 -35727456380764494089869698607164556975339991989535007674443692289278696699813949208219176886160
259 235 95719708293391117794685740767612035139117038044299634567211492878900668334418308914361613730
235 259 95719708293391117794685740767612035139117038044299634567211492878900668334418308914361613730
259 259 -6815848166349990175974379803546126494902791059112753221559470393997663109489708388803476
258 18 942706774198962694165905353704324985218778083911994036118381557671249877925888
18 258 942706774198962694165905353704324985218778083911994036118381557671249877925888
258 42 264075295026836475834682547085613543270900485088388908230620876243254061378222542561476608
42 258 264075295026836475834682547085613543270900485088388908230620876243254061378222542561476608
258 66 -28867520301924758396345185226476365867795920342483668218525900167036799215471030946275425517568
66 258 -28867520301924758396345185226476365867795920342483668218525900167036799215471030946275425517568
258 90 -221757634425875513769073430129532395461440508522322370790950466200104015430128449269363046707708416
90 258 -221757634425875513769073430129532395461440508522322370790950466200104015430128449269363046707708416
258 114 49193080012363766280198993299028060819128203462423962001509764756458234403717956088229987212932176643
114 258 49193080012363766280198993299028060819128203462423962001509764756458234403717956088229987212932176643
258 138 -7400310861582437902320663673246105089359505251500051779345774706594851529734178841084219516594245983
138 258 -7400310861582437902320663673246105089359505251500051779345774706594851529734178841084219516594245983
258 162 89812884317942746471727674663010459503734644234010163801899476397400252576846097811330279544421932
162 258 89812884317942746471727674663010459503734644234010163801899476397400252576846097811330279544421932
258 186 -1385660182720661545466786308720189590223640145037808461165981071228012075937103433761261793126780
186 258 -1385660182720661545466786308720189590223640145037808461165981071228012075937103433761261793126780
258 210 73481689108695067490006638296665609195964712792081102763098207814847854998587313408435175539005
210 258 73481689108695067490006638296665609195964712792081102763098207814847854998587313408435175539005
258 234 -210470440500354759189872657482159711796212623529175405220058208035816909438185561373228380754
234 258 -210470440500354759189872657482159711796212623529175405220058208035816909438185561373228380754
258 258 15132639373379843753580520520855965984292537703389573474683778398305737787478224029318538
257 17 -148478010013717810125580931888705955651527658992715204449712687128756787085312
17 257 -148478010013717810125580931888705955651527658992715204449712687128756787085312
257 41 -206602485504046700499203990087248695637756309866664994173193235423683631768393474321154048
41 257 -206602485504046700499203990087248695637756309866664994173193235423683631768393474321154048
257 65 33184598174643125598782512707748274040770893287044220214596102085158988546623159559312788946944
65 257 33184598174643125598782512707748274040770893287044220214596102085158988546623159559312788946944
257 89 282180397287039928542365776646373094282682273276637280631714165386733251216899881847794241733378048
89 257 282180397287039928542365776646373094282682273276637280631714165386733251216899881847794241733378048
257 113 -73459680235797777296440589846321034870228612039123160381135681355159774035771756324424800278836860064
113 257 -73459680235797777296440589846321034870228612039123160381135681355159774035771756324424800278836860064
257 137 12458030660373427478231488066320994044438847306723511367348449569351462991022423821760602877843694040
137 257 12458030660373427478231488066320994044438847306723511367348449569351462991022423821760602877843694040
257 161 -181295526037409626673679144423450763183946069739948997464876566933080429077197474743605981972664379
161 257 -181295526037409626673679144423450763183946069739948997464876566933080429077197474743605981972664379
257 185 3634493013049968281619765746997753430598818868810132111189265115503596873752575763448761911729508
185 257 3634493013049968281619765746997753430598818868810132111189265115503596873752575763448761911729508
257 209 -149161285453597444421091003408966372194330469247873103336238683255242459122021704868397471144300
209 257 -149161285453597444421091003408966372194330469247873103336238683255242459122021704868397471144300
257 233 452132547067843788617825515879330578861128114670244493940343572664879130719304641163031503506
233 257 452132547067843788617825515879330578861128114670244493940343572664879130719304641163031503506
257 257 -35417475672742675484252380357219605172195572956513806788275566995532601079415917584194696
256 16 18782201013028937998388981650015036459741638434830797163874841409548881756160
16 256 18782201013028937998388981650015036459741638434830797163874841409548881756160
256 40 153935668215125803065403338974086281255003934325903952391700484911171874628084915962380288
40 256 153935668215125803065403338974086281255003934325903952391700484911171874628084915962380288
256 64 -35374575055958009324131639468971327454217368194021127908624323361768235331505351859966952079360
64 256 -35374575055958009324131639468971327454217368194021127908624323361768235331505351859966952079360
256 88 -352865448332053137576980153171976047537207861785804460128550821100407780061137543371062069954674688
88 256 -352865448332053137576980153171976047537207861785804460128550821100407780061137543371062069954674688
256 112 108613309456393180523109121548128761527320312751847421131682333643438111588823604967801285512821118848
112 256 108613309456393180523109121548128761527320312751847421131682333643438111588823604967801285512821118848
256 136 -20762895070319348795259490242373930173111791166953048857960119836012530853776279498818839995111221344
136 256 -20762895070319348795259490242373930173111791166953048857960119836012530853776279498818839995111221344
256 160 359158673238339183802193702082789841552483901946148834149596302095503480409817354173568545675167922
160 256 359158673238339183802193702082789841552483901946148834149596302095503480409817354173568545675167922
256 184 -8586479027338697175551282360697566673168248162314939538268708500187483286844985134294767018561710
184 256 -8586479027338697175551282360697566673168248162314939538268708500187483286844985134294767018561710
256 208 298772623842178062284132682308077460921151802603344359214469646201329196332538806714504547574538
208 256 298772623842178062284132682308077460921151802603344359214469646201329196332538806714504547574538
256 232 -950861148451019597290544498090535628890411100371876192419628955376084118001661521501673619926
232 256 -950861148451019597290544498090535628890411100371876192419628955376084118001661521501673619926
256 256 86872302016935421221894861461692936966431591877931540738075535054029913309481642412076790
255 15 -1850833640430598835337603782495801797626908082992229165883630806419292291072
15 255 -1850833640430598835337603782495801797626908082992229165883630806419292291072
255 39 -108811174089168137061158809863032373989875515026641202458466381276027099765182235601272832
39 255 -108811174089168137061158809863032373989875515026641202458466381276027099765182235601272832
255 63 34794186118195554619076424910316527716721217311820581638538519763887957119141782457343593676800
63 255 34794186118195554619076424910316527716721217311820581638538519763887957119141782457343593676800
255 87 433377320922986160822653102423108538946086533615195785780744960337520271054503689746635192391815168
87 255 433377320922986160822653102423108538946086533615195785780744960337520271054503689746635192391815168
255 111 -159006494024857296184775170198992315232990409261389790174544443958712925897372423166899493710172063032
111 255 -159006494024857296184775170198992315232990409261389790174544443958712925897372423166899493710172063032
255 135 34258480269549857721225076797788927923336417719284664380376300838513963192670376339432050503807317714
135 255 34258480269549857721225076797788927923336417719284664380376300838513963192670376339432050503807317714
255 159 -699364536796502124883769520559278145731962984898957443524574834949657433696981940980149433487888596
159 255 -699364536796502124883769520559278145731962984898957443524574834949657433696981940980149433487888596
255 183 19016064614596276907187032893237716220606867038344930805004550304702351212244570352480746759077676
183 255 19016064614596276907187032893237716220606867038344930805004550304702351212244570352480746759077676
255 207 -590486528968323216082592808224693191889746715065293878146716221911620247891577723220773064359102
207 255 -590486528968323216082592808224693191889746715065293878146716221911620247891577723220773064359102
255 231 1960953687738448998363657299313665274041075397510746952173465659092613227228746390945986323056
231 255 1960953687738448998363657299313665274041075397510746952173465659092613227228746390945986323056
255 255 -219531908643546925846443115072101631607312152136393048314388939440100536110335132765883736
254 14 136688356922353325641937849062754374469329067106331306256560823379918061568
14 254 136688356922353325641937849062754374469329067106331306256560823379918061568
254 38 72597078577651615543152202745886039357457878480653936909815491243407533109963991868768256
38 254 72597078577651615543152202745886039357457878480653936909815491243407533109963991868768256
254 62 -31016393337748361311151137645988575288911870375043223874294161376729785361424122920471371972608
62 254 -31016393337748361311151137645988575288911870375043223874294161376729785361424122920471371972608
254 86 -522360252503855657100906117376339805888614116765123315291881586222579405415246788770999293301751808
86 254 -522360252503855657100906117376339805888614116765123315291881586222579405415246788770999293301751808
254 110 230489582536674200199011458043034819827788126021861903274852446965411206284818279122811090907139797504
110 254 230489582536674200199011458043034819827788126021861903274852446965411206284818279122811090907139797504
254 134 -55962047082322590870877655995625932760080812409701911907170409335344807884411475931751158255829703680
134 254 -55962047082322590870877655995625932760080812409701911907170409335344807884411475931751158255829703680
254 158 1340162351344522641859149273802477539650536786807180289095546500763686189787136694041932462409535572
158 254 1340162351344522641859149273802477539650536786807180289095546500763686189787136694041932462409535572
254 182 -40240807984567521009820132814392132229780929169390585570550801378608528623583910618603056264489128
182 254 -40240807984567521009820132814392132229780929169390585570550801378608528623583910618603056264489128
254 206 1151582565406301434453609015149214219564492569923758679046107031620575586775985641512530845899252
206 254 1151582565406301434453609015149214219564492569923758679046107031620575586775985641512530845899252
254 230 -3971179524055484713687030909876606490689832739355245807214640189346149551467350253215477935404
230 254 -3971179524055484713687030909876606490689832739355245807214640189346149551467350253215477935404
254 254 560558928953200066803454161344499085078603143101221782808536830669652062397807431922084832
253 13 -7048674555711754229412146620369629360730647776251393303858523358957142016
13 253 -7048674555711754229412146620369629360730647776251393303858523358957142016
253 37 -45398876100967912239672294757336220103015804070808141077661096219072851057027179733843968
37 253 -45398876100967912239672294757336220103015804070808141077661096219072851057027179733843968
253 61 23926326698451891031238941361492527502779585457991738660187903305177396783069789554204274065408
61 253 23926326698451891031238941361492527502779585457991738660187903305177396783069789554204274065408
253 85 617311120949358788195221880096286387069030582751729245118963447949131000966309696265095750393331712
85 253 617311120949358788195221880096286387069030582751729245118963447949131000966309696265095750393331712
253 109 -330824164625736989160945598171549577718789532173239826250787632962221421396006102262735929255118764928
109 253 -330824164625736989160945598171549577718789532173239826250787632962221421396006102262735929255118764928
253 133 90504225029272875047738638375039819504158038649446126284497005350190985869804285480340842679802187520
133 253 90504225029272875047738638375039819504158038649446126284497005350190985869804285480340842679802187520
253 157 -2529641732817099014576081807707409412228879973151298057295024788801674345056566752854214192787976944
157 253 -2529641732817099014576081807707409412228879973151298057295024788801674345056566752854214192787976944
253 181 82241239358997151925624114495728301770330012742825343784526653934961277902089516084687298523782960
181 253 82241239358997151925624114495728301770330012742825343784526653934961277902089516084687298523782960
253 205 -2216513844773599720594552777805404758466353143791502197327296207676713080012328989116653619721424
205 253 -2216513844773599720594552777805404758466353143791502197327296207676713080012328989116653619721424
253 229 7906628335072450934018856316015290372232254543671171895288406287918714069282821603003027390860
229 253 7906628335072450934018856316015290372232254543671171895288406287918714069282821603003027390860
253 253 -1423805799487861944666060876576529329332819223629576375202882375765403792050976311800379778
252 12 188018827967401154999287466700882777880088897885035271932763438986559488
12 252 188018827967401154999287466700882777880088897885035271932763438986559488
252 36 26345432281827097028131360331450932860019986458488259061811634316104869516167049203679232
36 252 26345432281827097028131360331450932860019986458488259061811634316104869516167049203679232
252 60 -13783795899722685770198630394037969391977508613245682579501076655233005469893543021951930335232
60 252 -13783795899722685770198630394037969391977508613245682579501076655233005469893543021951930335232
252 84 -714384829358540623537008850238034236266962758763474518632051438459847904960921825333462813440516096
84 252 -714384829358540623537008850238034236266962758763474518632051438459847904960921825333462813440516096
252 108 470170678135146666781238264310025599656776097461320372276701222437538317383404407736082290476867305278
108 252 470170678135146666781238264310025599656776097461320372276701222437538317383404407736082290476867305278
252 132 -144910180598403220984189359422874631314800313346008447194450086758650606298497950800749061862967054413
132 252 -144910180598403220984189359422874631314800313346008447194450086758650606298497950800749061862967054413
252 156 4706953749434375864047730251170815126342812184191165052254063600613605247466780676843892387400272013
156 252 4706953749434375864047730251170815126342812184191165052254063600613605247466780676843892387400272013
252 180 -163399436693905261741141395111553222350689314583826169485975586549249304132785463027174224995908722
180 252 -163399436693905261741141395111553222350689314583826169485975586549249304132785463027174224995908722
252 204 4211574649796567640256068011376268095698867140781871748455937066452108228517001549941475203360574
204 252 4211574649796567640256068011376268095698867140781871748455937066452108228517001549941475203360574
252 228 -15493109333484319492812902259527753503100200258864994977686166026793056842798673223931626424208
228 252 -15493109333484319492812902259527753503100200258864994977686166026793056842798673223931626424208
252 252 3560694414219005488189959923837348528615822195299787476627089240643061689594004418445517002
251 11 4253056466104778606325393979658359575497063020468886422528324534272000
11 251 4253056466104778606325393979658359575497063020468886422528324534272000
251 35 -13968834361806781364187311482455585730902274478259257794520869553277957137213377679982592
35 251 -13968834361806781364187311482455585730902274478259257794520869553277957137213377679982592
251 59 1235576303732488012284853268339085509313078222303912411542155657390266380594104344658137055232
59 251 1235576303732488012284853268339085509313078222303912411542155657390266380594104344658137055232
251 83 808265806824817548906579361884272073834922981758077381964579476534541306760319859120279401166536704
83 251 808265806824817548906579361884272073834922981758077381964579476534541306760319859120279401166536704
251 107 -661648329251473978321891196343099155437579064346479652501575265924442842792012204525471858510237529856
107 251 -661648329251473978321891196343099155437579064346479652501575265924442842792012204525471858510237529856
251 131 229714869235461036548133167953304867799000016148602062535333345479705838624499361738533498452003058832
131 251 229714869235461036548133167953304867799000016148602062535333345479705838624499361738533498452003058832
251 155 -8639150662007860408055603755021365286749657790980754389029812648740711749316497717798010017921747666
155 251 -8639150662007860408055603755021365286749657790980754389029812648740711749316497717798010017921747666
251 179 316990624808037813655336581578882551040708974982712376783695547955066941534002306068158756262820180
179 251 316990624808037813655336581578882551040708974982712376783695547955066941534002306068158756262820180
251 203 -7902287370581661595623710787782012189874214242228086909497074281697747579338497944405439704415268
203 251 -7902287370581661595623710787782012189874214242228086909497074281697747579338497944405439704415268
251 227 29906954852104436694377769038491567709204975233360004703115061092674421073796735419927926147494
227 251 29906954852104436694377769038491567709204975233360004703115061092674421073796735419927926147494
251 251 -8717209729200515591578631284333584931811812469180156861603700054412205649014170960872909270
250 10 -43153893639124494839616873443698830968838351965238088853308477276160
10 250 -43153893639124494839616873443698830968838351965238088853308477276160
250 34 6585663837788466881175032832190852752187998228575265295184322358108241985847992061526016
34 250 6585663837788466881175032832190852752187998228575265295184322358108241985847992061526016
250 58 12732237922531023429434159486474006606859554384410231846299883449868473634623213418197630844928
58 250 12732237922531023429434159486474006606859554384410231846299883449868473634623213418197630844928
250 82 -892142691685350402491352111807469708608105698946717494718613991942353735606739975262480020797390848
82 250 -892142691685350402491352111807469708608105698946717494718613991942353735606739975262480020797390848
250 106 921958330146696800796045832172139279311152504087447613099409787861644825139273116491244363628559190016
106 250 921958330146696800796045832172139279311152504087447613099409787861644825139273116491244363628559190016
250 130 -360533018211666299489621133171246464410671119480782825457271642358983214896318448997998564279066461312
130 250 -360533018211666299489621133171246464410671119480782825457271642358983214896318448997998564279066461312
250 154 15648627001957617192904650450592781221416361132018634208904310947756142610931716390531765347796577148
154 250 15648627001957617192904650450592781221416361132018634208904310947756142610931716390531765347796577148
250 178 -602290510989317608769833543938814103451152600462385668973177529483078487048463720151152572771929304
178 250 -602290510989317608769833543938814103451152600462385668973177529483078487048463720151152572771929304
250 202 14647143563731642749134860354513248670125464859177999309064992992208272828909622266450635167739738
202 250 14647143563731642749134860354513248670125464859177999309064992992208272828909622266450635167739738
250 226 -56920733581066653713631847925414834649831282056129967618665036850409882789265671276033515841210
226 250 -56920733581066653713631847925414834649831282056129967618665036850409882789265671276033515841210
250 250 20835343185108605656849460938440118463104686402122375509548326187855460375589422617820803320
249 9 -77188472851482653751539596380171829692457038302036027220647070400512
9 249 -77188472851482653751539596380171829692457038302036027220647070400512
249 33 -2604845763361161660814816086380821125025293905024959602561633119590065625591886813069312
33 249 -2604845763361161660814816086380821125025293905024959602561633119590065625591886813069312
249 57 -26901068123423656500658339087766359334116770025701760884242675462113943658179272777975140974592
57 249 -26901068123423656500658339087766359334116770025701760884242675462113943658179272777975140974592
249 81 957822626950600561836727735244638842475983958749685608453431253212074771494914723335986668630048768
81 249 957822626950600561836727735244638842475983958749685608453431253212074771494914723335986668630048768
249 105 -1272051952198858369478201361591938521863923274091118321396355551669703407178979385335195949681376504256
105 249 -1272051952198858369478201361591938521863923274091118321396355551669703407178979385335195949681376504256
249 129 560237634315384281206090122236667100447864130032647272040649156277196590264998830687847371435387165044
129 249 560237634315384281206090122236667100447864130032647272040649156277196590264998830687847371435387165044
249 153 -27986092380306139135731603534663133816597072710623509832062412747336571922178626641874728983070880705
153 249 -27986092380306139135731603534663133816597072710623509832062412747336571922178626641874728983070880705
249 177 1123316782768395659965411191502299681723825701333144940578670766326528671447697694702694561215247188
177 249 1123316782768395659965411191502299681723825701333144940578670766326528671447697694702694561215247188
249 201 -26829982325752362589531453372631804264951988297101287830882291463266949988318332465148192800266514
201 249 -26829982325752362589531453372631804264951988297101287830882291463266949988318332465148192800266514
249 225 106902644665772186606583082876483948494939874718606525855737119602391927340483604914462929011200
225 249 106902644665772186606583082876483948494939874718606525855737119602391927340483604914462929011200
249 249 -48575813413260593752432970247975878809897270796698551248697700127643678128257517354722649238
248 8 2217381471445008664652159944569377852586412019424813927784979103744
8 248 2217381471445008664652159944569377852586412019424813927784979103744
248 32 720732499568269253437429672864143243170952602629824909675170395875054479549284334174208
32 248 720732499568269253437429672864143243170952602629824909675170395875054479549284334174208
248 56 39973176964708319545212205790440886784682474896882329937850690651376734420805297367601347821568
56 248 39973176964708319545212205790440886784682474896882329937850690651376734420805297367601347821568
248 80 -996015632918606408183138706824006002795905042649899642308985673677906997806140824956314129581211648
80 248 -996015632918606408183138706824006002795905042649899642308985673677906997806140824956314129581211648
248 104 1737812951302290888369745944770060184437125004029558738106917338295009785421177679484820568205137901568
104 248 1737812951302290888369745944770060184437125004029558738106917338295009785421177679484820568205137901568
248 128 -861938441212981462708228894613509214864377333635053127571978484079153325441192448142319752854841929856
128 248 -861938441212981462708228894613509214864377333635053127571978484079153325441192448142319752854841929856
248 152 49434045851373076567347423509886646185007920319340507126933967643062246341481950467952553624088894568
152 248 49434045851373076567347423509886646185007920319340507126933967643062246341481950467952553624088894568
248 176 -2060034533462229986698402348473634350866130613584043101060489069263566866448927049756661002759629440
176 248 -2060034533462229986698402348473634350866130613584043101060489069263566866448927049756661002759629440
248 200 48589845174132059043495408906859483210533654287243247698904973872956823466180033550701248425614612
200 248 48589845174132059043495408906859483210533654287243247698904973872956823466180033550701248425614612
248 224 -198273432499151022809825699216495981149623925738952717263706831299312566453717331422759043172204
224 248 -198273432499151022809825699216495981149623925738952717263706831299312566453717331422759043172204
248 248 110483943193648415136685900489100625271303391954566512856832445229491793599110794128500028972
247 7 12227233174073255769537561810416092582831816747349044007301808128
7 247 12227233174073255769537561810416092582831816747349044007301808128
247 31 12635789408755410774667165755433828072040158942351385585320199246365441115913243852800
31 247 12635789408755410774667165755433828072040158942351385585320199246365441115913243852800
247 55 -50747951672027744074800401099813360092695997551056457983831450120667858101735260214196044824576
55 247 -50747951672027744074800401099813360092695997551056457983831450120667858101735260214196044824576
247 79 996807383584594459923969664230856780984846957738213480581788380139545162266811963852794367584501760
79 247 996807383584594459923969664230856780984846957738213480581788380139545162266811963852794367584501760
247 103 -2350709767545528873486098875082273115847315585251941132196341803365112769144696202381593608922779522048
103 247 -2350709767545528873486098875082273115847315585251941132196341803365112769144696202381593608922779522048
247 127 1312992154713868459115723243613606150453693460953962793861433130429125715025750934138264813205958567872
127 247 1312992154713868459115723243613606150453693460953962793861433130429125715025750934138264813205958567872
247 151 -86270206408518996427146138644858410220507901227172262801584446321823330487230955911045211415708248720
151 247 -86270206408518996427146138644858410220507901227172262801584446321823330487230955911045211415708248720
247 175 3719661868723984595870765035538695323470079739905423798864358181026526459301151749064772234083146176
175 247 3719661868723984595870765035538695323470079739905423798864358181026526459301151749064772234083146176
247 199 -87042395677099622337810977407111200647993725468232480942594161796020748334089005592050029078135204
199 247 -87042395677099622337810977407111200647993725468232480942594161796020748334089005592050029078135204
247 223 363433988204944423652036186059180459312519391810518476445456941342649780872992640108468743154470
223 247 363433988204944423652036186059180459312519391810518476445456941342649780872992640108468743154470
247 247 -245324098469936862401278475744164192104343484510847281378423523969804361703821255164833322478
246 6 988534795544604273593150301225757218299400405164347209092694016
6 246 988534795544604273593150301225757218299400405164347209092694016
246 30 -200793282073809078244644313145525567485543964167008465150849987828669709193739623202816
30 246 -200793282073809078244644313145525567485543964167008465150849987828669709193739623202816
246 54 58290671309445730864431347199833229491196767529745221861082850160518703042374165126103103963136
54 246 58290671309445730864431347199833229491196767529745221861082850160518703042374165126103103963136
246 78 -950320305836871168681872738434812344491687057071496493128429369932219003524254299200636462806073344
78 246 -950320305836871168681872738434812344491687057071496493128429369932219003524254299200636462806073344
246 102 3148357120791281041932735571137795892424205021595133568096624944413327001837949189646719181627659305152
102 246 3148357120791281041932735571137795892424205021595133568096624944413327001837949189646719181627659305152
246 126 -1980317049813372821693805632125743133550670682020642569614198876866062596609675403472702491808480762372
126 246 -1980317049813372821693805632125743133550670682020642569614198876866062596609675403472702491808480762372
246 150 148785101592228595639038786811618304952481216926188230450197269913532747108283226754911444693664937943
150 246 148785101592228595639038786811618304952481216926188230450197269913532747108283226754911444693664937943
246 174 -6620014232773924845087276338254027001840690144727984416908164945153843314862549627039243941215561964
174 246 -6620014232773924845087276338254027001840690144727984416908164945153843314862549627039243941215561964
246 198 154308043248638546669566283281965851678834507159989172459808100166995509281925247256989886197431926
198 246 154308043248638546669566283281965851678834507159989172459808100166995509281925247256989886197431926
246 222 -658855207505412057525621222937686621067945161359822450509417902307349758849988817333777726636514
222 246 -658855207505412057525621222937686621067945161359822450509417902307349758849988817333777726636514
246 246 532311537948780149551705198267806686582432561248861010187847290412552620471405154373804966444
245 5 -7214701589108486046581206088120234786184398050608971312529408
5 245 -7214701589108486046581206088120234786184398050608971312529408
245 29 181997931697793356908889323934559694903963219560629074316472431365422488429465551503360
29 245 181997931697793356908889323934559694903963219560629074316472431365422488429465551503360
245 53 -62062449882506750856936608706385077785521191586577262363127704375561656551022320584007153090560
53 245 -62062449882506750856936608706385077785521191586577262363127704375561656551022320584007153090560
245 77 847539165185014870685129642750592360169113786428668454632891509364661818111057016408254099824312320
77 245 847539165185014870685129642750592360169113786428668454632891509364661818111057016408254099824312320
245 101 -4174910248790258781795276988780924013448860663535631180016979600277226442875604531596886459788325537792
101 245 -4174910248790258781795276988780924013448860663535631180016979600277226442875604531596886459788325537792
245 125 2957320378517617639713563147716139095004853568025895470139928597917995250614367461029801086719263674240
125 245 2957320378517617639713563147716139095004853568025895470139928597917995250614367461029801086719263674240
245 149 -253640580130199675318283894804185476677873693248382601217751136010603245558233019887626217278445253104
149 245 -253640580130199675318283894804185476677873693248382601217751136010603245558233019887626217278445253104
245 173 11623357094625723282076377939528817617765137883221209120521927613272715146318305543573299730462209264
173 245 11623357094625723282076377939528817617765137883221209120521927613272715146318305543573299730462209264
245 197 -270855805625361404403387329915604624299120245047778044698413555506823114277272590427690804587578948
197 245 -270855805625361404403387329915604624299120245047778044698413555506823114277272590427690804587578948
245 221 1182142494348362608351334105473911214021946511553304917706985781957706998860241860469323765911556
221 245 1182142494348362608351334105473911214021946511553304917706985781957706998860241860469323765911556
245 245 -1129938600959867849957971584138805492835197369896586531174481259813182459323392554231568387554
244 4 1278879427128688902608069842063844326105730212895458852864
4 244 1278879427128688902608069842063844326105730212895458852864
244 28 -115836736314172446788166902788633075204816109984927020858895063968099324635310305837056
28 244 -115836736314172446788166902788633075204816109984927020858895063968099324635310305837056
244 52 61986211721957300647095095405949159776812784254242010536629239482120978742491693487273973645312
52 244 61986211721957300647095095405949159776812784254242010536629239482120978742491693487273973645312
244 76 -681250297621006002126289660538779957187602332386210218308165795503099136223378852835655836338487296
76 244 -681250297621006002126289660538779957187602332386210218308165795503099136223378852835655836338487296
244 100 5481199599037982942489420483118643856513744684516451320037949811916809505045396862958158150588320407552
100 244 5481199599037982942489420483118643856513744684516451320037949811916809505045396862958158150588320407552
244 124 -4372772430641186698038195143917368389255213398846383495868903781948136818119811619535640770890662573568
124 244 -4372772430641186698038195143917368389255213398846383495868903781948136818119811619535640770890662573568
244 148 427485887497697282813217632876964969694946016403816542920055013945934395418250785180416458936556281152
148 244 427485887497697282813217632876964969694946016403816542920055013945934395418250785180416458936556281152
244 172 -20149063516782045663193151207437601839800734649706750020057373323395229716807570508683682597346893664
172 244 -20149063516782045663193151207437601839800734649706750020057373323395229716807570508683682597346893664
244 196 470981236319922586267402709629212135437689951062513516619421617406318512726256720249788996016574980
196 244 470981236319922586267402709629212135437689951062513516619421617406318512726256720249788996016574980
244 220 -2100733595373475736971931348573254663344987776359460328284111735985548876274522385260830344338894
220 244 -2100733595373475736971931348573254663344987776359460328284111735985548876274522385260830344338894
244 244 2349139591363410820638199273928493170790736853964390669762335044932645074471310414911621706872
243 3 -4669775464157896094318031988861128192084739788636160
3 243 -4669775464157896094318031988861128192084739788636160
243 27 60555128304497370330102125886495019045953304156739014373392952354662247887997753098240
27 243 60555128304497370330102125886495019045953304156739014373392952354662247887997753098240
243 51 -58435852012369712464548739764259984645178886328111804589143392480165423367798542456824057036800
51 243 -58435852012369712464548739764259984645178886328111804589143392480165423367798542456824057036800
243 75 447016648754216266003737106236680574748147222145924209815934858381067920758379964662370568419409920
75 243 447016648754216266003737106236680574748147222145924209815934858381067920758379964662370568419409920
243 99 -7124501332096290011614126664776446023358494818353949565729876915149920556767321965824687247353763108352
99 243 -7124501332096290011614126664776446023358494818353949565729876915149920556767321965824687247353763108352
243 123 6401966804285411259587803074228650450544669017720836901198888829364369179121224015691866889647579168928
123 243 6401966804285411259587803074228650450544669017720836901198888829364369179121224015691866889647579168928
243 147 -712426598344502137580670518303421277031503450574675180382870461718772836053083132468607832603613190868
147 243 -712426598344502137580670518303421277031503450574675180382870461718772836053083132468607832603613190868
243 171 34508041461711798702085117674993228392780390009613826935318137887525305302836585081141137137647945688
171 243 34508041461711798702085117674993228392780390009613826935318137887525305302836585081141137137647945688
243 195 -811728033655198415715232656496019538104875431751746695499082194602805708454999790179576018097594880
195 243 -811728033655198415715232656496019538104875431751746695499082194602805708454999790179576018097594880
243 219 3699920534061145237114453067353944214522770559718543772443919763196700131212496077934439139530352
219 243 3699920534061145237114453067353944214522770559718543772443919763196700131212496077934439139530352
243 243 -4788917446176423291272945000983180913471250234876551929427491121358683620653032288608543544594
242 2 96445497008229253505147697076127845589188608
2 242 96445497008229253505147697076127845589188608
242 26 -27217239150172703620082875248825936678361163296658719382449413787360590387304296611840
26 242 -27217239150172703620082875248825936678361163296658719382449413787360590387304296611840
242 50 52151555442183846718959359837237996784563395088997508867888140927269501883427917750464237535232
50 242 52151555442183846718959359837237996784563395088997508867888140927269501883427917750464237535232
242 74 -144087942174143368135020656419375357512359174049803903186123116887950058490908235135473771568168960
74 242 -144087942174143368135020656419375357512359174049803903186123116887950058490908235135473771568168960
242 98 9167832012588965524150605245342992538066935306874910438168701174095743584353119495751796865387389681664
98 242 9167832012588965524150605245342992538066935306874910438168701174095743584353119495751796865387389681664
242 122 -9280482023224051964889221781295228755359699572942021915153894366374608014263416450672162564125555826688
122 242 -9280482023224051964889221781295228755359699572942021915153894366374608014263416450672162564125555826688
242 146 1174182345488096782550512018805484331496395524301201992805399273307530635333895583957755234792386020096
146 242 1174182345488096782550512018805484331496395524301201992805399273307530635333895583957755234792386020096
242 170 -58423635880557132263823635957833447190113474997677745189736211472912353247707307637456542448749374656
170 242 -58423635880557132263823635957833447190113474997677745189736211472912353247707307637456542448749374656
242 194 1387339815064879018297746968292329785638207373219742918343309243426546605467341773170347118658966720
194 242 1387339815064879018297746968292329785638207373219742918343309243426546605467341773170347118658966720
242 218 -6462848843833120744972749942286047212938647246468966833219140940523777881859486049433766189343144
218 242 -6462848843833120744972749942286047212938647246468966833219140940523777881859486049433766189343144
242 242 9584122115640654168648246146817732297175836766115375167507236406856441252119177708121848168500
241 1 -411157845044603492229395569967104
1 241 -411157845044603492229395569967104
241 25 10694029994803896139824880073099705719973915321509360132441979345006897613039330131968
25 241 10694029994803896139824880073099705719973915321509360132441979345006897613039330131968
241 49 -44099801929696072038651941766832857400576364067900466092718539258178515079096101001322074996736
49 241 -44099801929696072038651941766832857400576364067900466092718539258178515079096101001322074996736
241 73 -223868831604487147063124867850262833180191773789990480364798337500972671548280935635440362214916096
73 241 -223868831604487147063124867850262833180191773789990480364798337500972671548280935635440362214916096
241 97 -11678657143221624806701366642254983117530347876847232659214004826884942167429422904144457378788613316608
97 241 -11678657143221624806701366642254983117530347876847232659214004826884942167429422904144457378788613316608
241 121 13320792411915830996672570088283729550138059578766450311143351417532802118828239818901572238784847061504
121 241 13320792411915830996672570088283729550138059578766450311143351417532802118828239818901572238784847061504
241 145 -1914086166185146033884074998794928405527824129331686186089534665740499156396107950890784179219020730752
145 241 -1914086166185146033884074998794928405527824129331686186089534665740499156396107950890784179219020730752
241 169 97835730193923776810909463616591711105396761958553956679527605984132349776228434650172851116435813376
169 241 97835730193923776810909463616591711105396761958553956679527605984132349776228434650172851116435813376
241 193 -2352550887606855981309827206830389216270959200508475593090006208598497009795392684968004162657000864
193 241 -2352550887606855981309827206830389216270959200508475593090006208598497009795392684968004162657000864
241 217 11203236555447047928274538136630643231759740325915372742632268166806968056075299320050422493698192
217 241 11203236555447047928274538136630643231759740325915372742632268166806968056075299320050422493698192
241 241 -18852447928285527765986212036758169332401946427788171743229228448483950609978327471592623881636
240 24 -3691566348301826575333270019571384363086349078414421353462832416692994271097378570240
24 240 -3691566348301826575333270019571384363086349078414421353462832416692994271097378570240
240 48 35307905986271092172668817351604120052960118403892360609744018530124965953848072094973106847744
48 240 35307905986271092172668817351604120052960118403892360609744018530124965953848072094973106847744
240 72 648334602311613590404865629603644499947255510067122747148506563455517422633259724890118418979618816
72 240 648334602311613590404865629603644499947255510067122747148506563455517422633259724890118418979618816
240 96 14726915575129405357517511561702772347736557644551869394728421692298367132654989243403389354762133864448
96 240 14726915575129405357517511561702772347736557644551869394728421692298367132654989243403389354762133864448
240 120 -18931852417056451991452838365822435846196088039756252485797633821206533842612467181883775770851385982825
120 240 -18931852417056451991452838365822435846196088039756252485797633821206533842612467181883775770851385982825
240 144 3086485323888130790944547746051430952900309283868780004560554220549685827388916797047673169063728367638
144 240 3086485323888130790944547746051430952900309283868780004560554220549685827388916797047673169063728367638
240 168 -162131668129290331845831548706378040416320187498870794324694569546503032412592057990173284296674524270
168 240 -162131668129290331845831548706378040416320187498870794324694569546503032412592057990173284296674524270
240 192 3959937528259069236116470956729499373715133809410569564356581180933169295896412298835664827660832768
192 240 3959937528259069236116470956729499373715133809410569564356581180933169295896412298835664827660832768
240 216 -19284679612626213700796249317805006797645596794101823761272211771589663325389871075249768654752621
216 240 -19284679612626213700796249317805006797645596794101823761272211771589663325389871075249768654752621
240 240 36492321847892522258873035869711778244699713483491236928583789709439230185546608630517160021254
239 23 1118143918109381308849361626203595592318762801366729178346731103826177598764020137984
23 239 1118143918109381308849361626203595592318762801366729178346731103826177598764020137984
239 47 -26707016826480443882260581761547242966715764862831694937367739242050425181615614164510846222336
47 239 -26707016826480443882260581761547242966715764862831694937367739242050425181615614164510846222336
239 71 -1115900244102362429369196405336948884091866562308267531103219726851204234909774467765076392077688832
71 239 -1115900244102362429369196405336948884091866562308267531103219726851204234909774467765076392077688832
239 95 -18382287841676848938767398576186526160075663145350284594934469655077483803806670319627359786889541320704
95 239 -18382287841676848938767398576186526160075663145350284594934469655077483803806670319627359786889541320704
239 119 26641584823831661993345140176567459100276119157532900622286702835065604237656479637803144477569694123008
119 239 26641584823831661993345140176567459100276119157532900622286702835065604237656479637803144477569694123008
239 143 -4923612006898609413337507944586542149754938921313108550182840753924750958795314510363389340881490422920
143 239 -4923612006898609413337507944586542149754938921313108550182840753924750958795314510363389340881490422920
239 167 266015955533681417567726089416773247648808279084448038996462643599862709260191599335120179088592618305
167 239 266015955533681417567726089416773247648808279084448038996462643599862709260191599335120179088592618305
239 191 -6619526000960948506040348246910773627409290594167898664671228335480750730130184027018429588412973184
191 239 -6619526000960948506040348246910773627409290594167898664671228335480750730130184027018429588412973184
239 215 32981587022707900041947766247372814756354609265548976814655039128845930224638626125217112703211266
215 239 32981587022707900041947766247372814756354609265548976814655039128845930224638626125217112703211266
239 239 -69594946208235930162009962025914759352524758309135580716657691175062541491211900240082984425336
238 22 -295370969126899474243298377429058410427144738144083830631035775716846110672632676352
22 238 -295370969126899474243298377429058410427144738144083830631035775716846110672632676352
238 46 19013292755946785627861466159503144907552673609687560562346323833045535225295506451861728133120
46 238 19013292755946785627861466159503144907552673609687560562346323833045535225295506451861728133120
238 70 1608694648075967032718188256064139217486571592907848991444074683994073761020955071695747757052526592
70 238 1608694648075967032718188256064139217486571592907848991444074683994073761020955071695747757052526592
238 94 22710677911213342280845674662370131904021996733377324928145882091261951178517449165338389487796535427072
94 238 22710677911213342280845674662370131904021996733377324928145882091261951178517449165338389487796535427072
238 118 -37121928092896207859556887125180915021438798291768087660615577465498432057053665802688650256502223306752
118 238 -37121928092896207859556887125180915021438798291768087660615577465498432057053665802688650256502223306752
238 142 7770607766537089898009352896311321561760557460122605367939786404071818774868018552888962371996404769216
142 238 7770607766537089898009352896311321561760557460122605367939786404071818774868018552888962371996404769216
238 166 -432329817648988870697440821507044945671847759976249793282732245540716332047850504744076324237588776362
166 238 -432329817648988870697440821507044945671847759976249793282732245540716332047850504744076324237588776362
238 190 10993449511780606621671505624888835712661951504384459066736671307123220927134688569917445271888643272
190 238 10993449511780606621671505624888835712661951504384459066736671307123220927134688569917445271888643272
238 214 -56070746809012111831529014573726663796297308148505149437482460961716299672376139315198937521955300
214 238 -56070746809012111831529014573726663796297308148505149437482460961716299672376139315198937521955300
238 238 130926621579677205963062293698417332787164122922006795869723816737271604925860943823791562963616
237 21 67258578342670506118407974831413004425784884223557048391288065588931403053854097408
21 237 67258578342670506118407974831413004425784884223557048391288065588931403053854097408
237 45 -12665757783476181425191034930899702758423987538940855407201375144860082420243941656546919841792
45 237 -12665757783476181425191034930899702758423987538940855407201375144860082420243941656546919841792
237 69 -2105300560488190536507079229973281729096443414718738779840332378774407677413147744978701761353089024
69 237 -2105300560488190536507079229973281729096443414718738779840332378774407677413147744978701761353089024
237 93 -27769935307946356447052917595325534941665677501543670819434607833209040714760306305450691148417783562240
93 237 -27769935307946356447052917595325534941665677501543670819434607833209040714760306305450691148417783562240
237 117 51215734434283290076702424593829203604357352141766695209591110634914953432969792125534935117180633351424
117 237 51215734434283290076702424593829203604357352141766695209591110634914953432969792125534935117180633351424
237 141 -12134102751883520893696804323836874730095298650148843290011594537441392282510745331199337597107077626610
141 237 -12134102751883520893696804323836874730095298650148843290011594537441392282510745331199337597107077626610
237 165 696274780334982253181208803495354139158249044660994260290860197537336991908231714992618517658104266423
165 237 696274780334982253181208803495354139158249044660994260290860197537336991908231714992618517658104266423
237 189 -18145497549671165011271979095587973557652321294840026219609342771251893830720125558498940234014642166
189 237 -18145497549671165011271979095587973557652321294840026219609342771251893830720125558498940234014642166
237 213 94796604474274411290445090214707461096284167109927673613182482007660322595783161362288161050999864
213 237 94796604474274411290445090214707461096284167109927673613182482007660322595783161362288161050999864
237 237 -243271083913227621241903413514096201184604331399863484009142245402497690213279891037157145252552
236 20 -12923610947359126595252218060524479223638769875108192644811353901691755263348965376
20 236 -12923610947359126595252218060524479223638769875108192644811353901691755263348965376
236 44 7824477892619925857728269842440952231176842619944154149882719931021742668950247677790934532096
44 236 7824477892619925857728269842440952231176842619944154149882719931021742668950247677790934532096
236 68 2582121393001428597073469642275200231730894638103340198433037713763633395121334188516647776307642368
68 236 2582121393001428597073469642275200231730894638103340198433037713763633395121334188516647776307642368
236 92 33604916865100512298430160255244333762279847871368869220189901455788488047973841364649477467163729068032
92 236 33604916865100512298430160255244333762279847871368869220189901455788488047973841364649477467163729068032
236 116 -69964358890258987168611122302677894228083414381542135933902460511170189089916985912570252334250601177088
116 236 -69964358890258987168611122302677894228083414381542135933902460511170189089916985912570252334250601177088
236 140 18748547923492734667311988138592639363808096876676423260158598203626540262724727517823064755487129587264
140 236 18748547923492734667311988138592639363808096876676423260158598203626540262724727517823064755487129587264
236 164 -1111700052760773002647756350636343138339348971802589556039117219837224422249672323342047424291003458156
164 236 -1111700052760773002647756350636343138339348971802589556039117219837224422249672323342047424291003458156
236 188 29776141085600986578913365576931539480856104268208908049798649388646831500469009578421553570000615128
188 236 29776141085600986578913365576931539480856104268208908049798649388646831500469009578421553570000615128
236 212 -159438833117235199597115682416132675050080834077593921956651442980644008507943205976387287750279388
212 236 -159438833117235199597115682416132675050080834077593921956651442980644008507943205976387287750279388
236 236 446998797057108872451458406654521326437232470674447825941210859748516059491150108797661575224578
235 19 2007020454993560558098469333958214103645783187829302058704774352296034202590117888
19 235 2007020454993560558098469333958214103645783187829302058704774352296034202590117888
235 43 -4418477207056655236711237384526757439550747104525198020636752237311932007301496616699799011328
43 235 -4418477207056655236711237384526757439550747104525198020636752237311932007301496616699799011328
235 67 -3015099935283661203218829569905162008289781058133158058539998703375732294963206578778365729706082304
67 235 -3015099935283661203218829569905162008289781058133158058539998703375732294963206578778365729706082304
235 91 -40242071282939772702023893758241509234357330946324852102872718536740635745624086425892049297495447044096
91 235 -40242071282939772702023893758241509234357330946324852102872718536740635745624086425892049297495447044096
235 115 94634252112563764470834020726916451040155314176828655044477715133375848019659758752953634775016437575680
115 235 94634252112563764470834020726916451040155314176828655044477715133375848019659758752953634775016437575680
235 139 -28665329818557899620215662876012929317503659987689063327233169505109097880566442507721623490875672280672
139 235 -28665329818557899620215662876012929317503659987689063327233169505109097880566442507721623490875672280672
235 163 1760407438956142080697918807166153998044740528950238313485883045859690295093421797283786888637032170320
163 235 1760407438956142080697918807166153998044740528950238313485883045859690295093421797283786888637032170320
235 187 -48589856698842019028800802750842535575608443263090856206837728783118208527199397193225973678390293408
187 235 -48589856698842019028800802750842535575608443263090856206837728783118208527199397193225973678390293408
235 211 266844909891665323357320589215619478125418386987762064363399463539409268103487334212005652102109486
211 235 266844909891665323357320589215619478125418386987762064363399463539409268103487334212005652102109486
235 235 -813227684115069065754085086503770398808472290955165793055489688528488678661622155340576367548900
234 18 -225544209222368363203144249849769506226236776278706490150979257313025195251859456
18 234 -225544209222368363203144249849769506226236776278706490150979257313025195251859456
234 42 2223152465175311045470019212439750141115874526083121924725390583168175435802094913723136212992
42 234 2223152465175311045470019212439750141115874526083121924725390583168175435802094913723136212992
234 66 3381633009464315876173490558007683018491996920590307723167647139311549997488191416439204617136373760
66 234 3381633009464315876173490558007683018491996920590307723167647139311549997488191416439204617136373760
234 90 47683819529845182646532991627630204787439753755161397726655157265742015502206660081527844213309200924672
90 234 47683819529845182646532991627630204787439753755161397726655157265742015502206660081527844213309200924672
234 114 -126740291188055860588403560456047560547242923649321124455308728119428006183019225822252959475742768791808
114 234 -126740291188055860588403560456047560547242923649321124455308728119428006183019225822252959475742768791808
234 138 43370485526742929495849526975448059390111006614365118472306905302718130876789785305682516937963241381730
138 234 43370485526742929495849526975448059390111006614365118472306905302718130876789785305682516937963241381730
234 162 -2765845426842762157534367785749540776297852574160731177383306475841288594206118865097985961886303488699
162 234 -2765845426842762157534367785749540776297852574160731177383306475841288594206118865097985961886303488699
234 186 78865953385532283272649223077999060729247655934572035001686952172559252803243989990180385718907456310
186 234 78865953385532283272649223077999060729247655934572035001686952172559252803243989990180385718907456310
234 210 -444499237647507049295562369022135398264131875808358109807622117459911552506887176192128453162725242
210 234 -444499237647507049295562369022135398264131875808358109807622117459911552506887176192128453162725242
234 234 1466658585187476232807609433600580215078267224453001341951863704450506130669719829990041522585290
233 17 10612292118635461501456854404828227819945619594994593999999086128217524789051392
17 233 10612292118635461501456854404828227819945619594994593999999086128217524789051392
233 41 -944047445036705047997973354357748212516217989089320999163453393316189787482700672404578893824
41 233 -944047445036705047997973354357748212516217989089320999163453393316189787482700672404578893824
233 65 -3662484296412672406424663638593660125363222703301836866785300846393289687188464820556762551555194880
65 233 -3662484296412672406424663638593660125363222703301836866785300846393289687188464820556762551555194880
233 89 -55903091954694704432964255975333044715068414346587287826886528935468886042893671170650766380917745254400
89 233 -55903091954694704432964255975333044715068414346587287826886528935468886042893671170650766380917745254400
233 113 168062995803375162766812575182541587258072763002107237614263440694928091523296119569697896090362696687616
113 233 168062995803375162766812575182541587258072763002107237614263440694928091523296119569697896090362696687616
233 137 -64937462857201973696431680116417683127797471606292528721507851000408338401156271993906073517536845310400
137 233 -64937462857201973696431680116417683127797471606292528721507851000408338401156271993906073517536845310400
233 161 4313154623825218439551103597480568951344016693612289587972179582202993990309637353768969016662434291832
161 233 4313154623825218439551103597480568951344016693612289587972179582202993990309637353768969016662434291832
233 185 -127340461974095672473207970999543525208254728363035783367515935695814807846080503043593571244229272776
185 233 -127340461974095672473207970999543525208254728363035783367515935695814807846080503043593571244229272776
233 209 737023000572446232853567404233906392479068507422022988731599429257628804427168692550690466617693820
209 233 737023000572446232853567404233906392479068507422022988731599429257628804427168692550690466617693820
233 233 -2625115356453693837296526443690293029938599775304320220739743017092322884347430488784362546567130
232 16 2261921555297948245908853854556520562004327059855855203075853037403700941815808
16 232 2261921555297948245908853854556520562004327059855855203075853037403700941815808
232 40 287583385186404450890068302379428715286420610272204365477069406308244882579326361075699417088
40 232 287583385186404450890068302379428715286420610272204365477069406308244882579326361075699417088
232 64 3843479379890824297372367530007510978841853357996153123309532543378228877509846258110337738615029760
64 232 3843479379890824297372367530007510978841853357996153123309532543378228877509846258110337738615029760
232 88 64838458770581050678430515322916750347498732736222459686541136356054012092323282320327144150658923364352
88 232 64838458770581050678430515322916750347498732736222459686541136356054012092323282320327144150658923364352
232 112 -220656240950523254453306597021058359005280597410573600658426491924263251312945266724433856730839534043136
112 232 -220656240950523254453306597021058359005280597410573600658426491924263251312945266724433856730839534043136
232 136 96221673256674946956300427324934545167980473384564099847709606632067861455450998098472315749523667688704
136 232 96221673256674946956300427324934545167980473384564099847709606632067861455450998098472315749523667688704
232 160 -6678355406676744569564635698531046340158538178529469581670760488899548167004420639058606345382903388896
160 232 -6678355406676744569564635698531046340158538178529469581670760488899548167004420639058606345382903388896
232 184 204560525372581569523140131542417397800446240957815104473130733125596325785062209982531148225482759984
184 232 204560525372581569523140131542417397800446240957815104473130733125596325785062209982531148225482759984
232 208 -1216493899076537770037409973904457625814087021707710415752592326538859548449607012328750436343935778
208 232 -1216493899076537770037409973904457625814087021707710415752592326538859548449607012328750436343935778
232 232 4667835689175536650702183887550479268791466809078360913361151242083901366480741770811099634804676
231 15 -661747113706867859329580899316449243344009213289696877357229014733869226655744
15 231 -661747113706867859329580899316449243344009213289696877357229014733869226655744
231 39 -7469566687666504044333918976175271970072541796270529120204055021015116151088990245651218432
39 231 -7469566687666504044333918976175271970072541796270529120204055021015116151088990245651218432
231 63 -3916778123665721242157770258911286895717070652571296480821042727956924288060268821091779333865865216
63 231 -3916778123665721242157770258911286895717070652571296480821042727956924288060268821091779333865865216
231 87 -74390343041759964109493891313030785998260462756398271809990483385158793324882537609888675767267413196800
87 231 -74390343041759964109493891313030785998260462756398271809990483385158793324882537609888675767267413196800
231 111 286841668769476751977518142585173555429306434576715403284812368013924654215679401312177854174918228502528
111 231 286841668769476751977518142585173555429306434576715403284812368013924654215679401312177854174918228502528
231 135 -141103348992699334979564329957474531207697718302130385861917479306212828609711558855332894290579748257232
135 231 -141103348992699334979564329957474531207697718302130385861917479306212828609711558855332894290579748257232
231 159 10270622853004450342492401481054567777510795769509024730529945812257649311250307507058148636335646370826
159 231 10270622853004450342492401481054567777510795769509024730529945812257649311250307507058148636335646370826
231 183 -326952134846304623216056842264223853301514024052318780003803309586399319567594317665514749089397240192
183 231 -326952134846304623216056842264223853301514024052318780003803309586399319567594317665514749089397240192
231 207 1998729225731008784036562167673479978677652046124662932998391441810051125430107203866520332475498472
207 231 1998729225731008784036562167673479978677652046124662932998391441810051125430107203866520332475498472
231 231 -8253023836597672225407368284813074332619237378268639532786203901070064455173735915484179419435628
230 14 84564515290910790878442073041298805151818337151709221166637695237565454483456
14 230 84564515290910790878442073041298805151818337151709221166637695237565454483456
230 38 -75277483227700530542618514681405904731650413368068796599744793957840182733316309041081745408
38 230 -75277483227700530542618514681405904731650413368068796599744793957840182733316309041081745408
230 62 3881561051796886414437349682907512149895132665338029375667807573792914931583353872166620696342953984
62 230 3881561051796886414437349682907512149895132665338029375667807573792914931583353872166620696342953984
230 86 84418823014347880184609677730065928258927460735754500464776030927984902592016028539925600670795366924288
86 230 84418823014347880184609677730065928258927460735754500464776030927984902592016028539925600670795366924288
230 110 -369185810648746290677372040367356379556527226348321613268246161775598812053830091773950529821764056383488
110 230 -369185810648746290677372040367356379556527226348321613268246161775598812053830091773950529821764056383488
230 134 204784179835226128774141675623245609843434978629342109875908320863009548886966679638575370874490614430720
134 230 204784179835226128774141675623245609843434978629342109875908320863009548886966679638575370874490614430720
230 158 -15693188484695845677876939244348450782797280578852406803568464250111744209008307323775759040643320087552
158 230 -15693188484695845677876939244348450782797280578852406803568464250111744209008307323775759040643320087552
230 182 519958538167951562220391171965761022812746209401286157338059071745683956316213749738292103415504316640
182 230 519958538167951562220391171965761022812746209401286157338059071745683956316213749738292103415504316640
230 206 -3268818733297206054576419268831189412168451962970517637882182460351560349188777545143592933914131672
206 230 -3268818733297206054576419268831189412168451962970517637882182460351560349188777545143592933914131672
230 230 14519319855232620411755679869829478481052078126564236296834510219937438423695546051954233290167632
229 13 -4745468929842790166647578554819697406775697305491556476244298373575452131328
13 229 -4745468929842790166647578554819697406775697305491556476244298373575452131328
229 37 73546926339480339030016275724778956480613041443577797349301825248578870027267565167895904256
37 229 73546926339480339030016275724778956480613041443577797349301825248578870027267565167895904256
229 61 -3744034474889108400733800139169217992035645255845313192033930375992263158229098010327517078868721664
61 229 -3744034474889108400733800139169217992035645255845313192033930375992263158229098010327517078868721664
229 85 -94743503416027137441244477659483568644774578304141853033002600224324812723971344089795840277681304240128
85 229 -94743503416027137441244477659483568644774578304141853033002600224324812723971344089795840277681304240128
229 109 470456052194224202850576727968368369252352033072337024072362691542437557502974692840516604829702264487936
109 229 470456052194224202850576727968368369252352033072337024072362691542437557502974692840516604829702264487936
229 133 -294141069047910410650454411886227137513278514293773216035688406451946466847882893563217512517405915962624
133 229 -294141069047910410650454411886227137513278514293773216035688406451946466847882893563217512517405915962624
229 157 23830591948335759848970122373157258706575909106472030359478631673586390360105454453255930685177089963776
157 229 23830591948335759848970122373157258706575909106472030359478631673586390360105454453255930685177089963776
229 181 -822776838212025912435700701756255560664088531934091886616735589424621479382394230892889141079883554688
181 229 -822776838212025912435700701756255560664088531934091886616735589424621479382394230892889141079883554688
229 205 5320917377971265841091146542177379529309638050741606532864313706943233318420998640088972248459372112
205 229 5320917377971265841091146542177379529309638050741606532864313706943233318420998640088972248459372112
229 229 -25429217265791423220471120608478907070861460093334992885905290240784677287237710594602276377629088
228 12 -192073111026967595203271374087681709607578000564247760288602403717576130560
12 228 -192073111026967595203271374087681709607578000564247760288602403717576130560
228 36 -47872062084258156751038549893607826888686487083009738889044054375271460460934277211107622912
36 228 -47872062084258156751038549893607826888686487083009738889044054375271460460934277211107622912
228 60 3516744684403985913257342337316405601661005653892673818103365420277323476431704698561484386870493184
60 228 3516744684403985913257342337316405601661005653892673818103365420277323476431704698561484386870493184
228 84 105145855975638130628762880584608388670619140921011444831940185039250225461948095568663321704471795335168
84 228 105145855975638130628762880584608388670619140921011444831940185039250225461948095568663321704471795335168
228 108 -593552099731059593151239616196094489865422083465250599708467555363432883398647606479868157390713054875648
108 228 -593552099731059593151239616196094489865422083465250599708467555363432883398647606479868157390713054875648
228 132 418136799112965824355115805049117022935335159095661191727762667914425685355397720887746048596993048325508
132 228 418136799112965824355115805049117022935335159095661191727762667914425685355397720887746048596993048325508
228 156 -35972969185469551776428070456538290023250254201871569488874374734432410698749958250528622831244905719225
156 228 -35972969185469551776428070456538290023250254201871569488874374734432410698749958250528622831244905719225
228 180 1295468169181465091013082486739962581660863963710244221183402767907603230874106193407964513185543484820
180 228 1295468169181465091013082486739962581660863963710244221183402767907603230874106193407964513185543484820
228 204 -8619897447818494570628750670570441229886196048722852579227669472407770206536651106003499509442431860
204 228 -8619897447818494570628750670570441229886196048722852579227669472407770206536651106003499509442431860
228 228 44350675966586527223654911992378940809281752456335680025929356198876908113279000744815167250187682
227 11 48957215707239478621591948135875082914239752453290111053131057911549657088
11 227 48957215707239478621591948135875082914239752453290111053131057911549657088
227 35 24135488180970402722006594283119069789372646067006147545960511388775555463877433106016239616
35 227 24135488180970402722006594283119069789372646067006147545960511388775555463877433106016239616
227 59 -3217281799092401824184498687495978707807491137592418687471512508440699862715413879580550495266144256
59 227 -3217281799092401824184498687495978707807491137592418687471512508440699862715413879580550495266144256
227 83 -115374295215592532870572904789141467991492401905471288294830275860788461914195021823440852108685323796480
83 227 -115374295215592532870572904789141467991492401905471288294830275860788461914195021823440852108685323796480
227 107 741410611439803392391074925568326201378062652616262666522599467828764556245436706654952183232939520163840
107 227 741410611439803392391074925568326201378062652616262666522599467828764556245436706654952183232939520163840
227 131 -588282138095820821300908823772454275026557028587546432071376812903892933695765787126435025034811831925248
131 227 -588282138095820821300908823772454275026557028587546432071376812903892933695765787126435025034811831925248
227 155 53992048401709550477014543112625076001309056567894506897915681425288657366918957290245825413939174557008
155 227 53992048401709550477014543112625076001309056567894506897915681425288657366918957290245825413939174557008
227 179 -2029576847676179420701849714384318521557080968812995427355763646848578715824898583958453819053843252336
179 227 -2029576847676179420701849714384318521557080968812995427355763646848578715824898583958453819053843252336
227 203 13896338883701725329819041140456719013276324066162221460784497729528370364420248997703933699966341356
203 227 13896338883701725329819041140456719013276324066162221460784497729528370364420248997703933699966341356
227 227 -77034975398818505958813338483586915724164351261231213889347547795359299397754909791552381738860772
226 10 -2926498033530331445829743842235227096976155797897104534312149333487648768
10 226 -2926498033530331445829743842235227096976155797897104534312149333487648768
226 34 -9248454997042545577155731538902205206273065221855806160746182472117856686701848376341692416
34 226 -9248454997042545577155731538902205206273065221855806160746182472117856686701848376341692416
226 58 2866534304254358726497881766810725291817843210988357710776917593735318413982153378052085435261255680
58 226 2866534304254358726497881766810725291817843210988357710776917593735318413982153378052085435261255680
226 82 125152069853002889584614840225317451989224293394888037699811428685303102351707836254773704603846873972736
82 226 125152069853002889584614840225317451989224293394888037699811428685303102351707836254773704603846873972736
226 106 -916882179396773328828459515832335282341164030520556124687079986550289332378197621665810976863513865093120
106 226 -916882179396773328828459515832335282341164030520556124687079986550289332378197621665810976863513865093120
226 130 819136719340904515096566702492982439373739914517368439503633283452038195547866718554301483497962457722880
130 226 819136719340904515096566702492982439373739914517368439503633283452038195547866718554301483497962457722880
226 154 -80588833995477967368260687509053945187987730535916041957279784274426129176015616674277915285692608813696
154 226 -80588833995477967368260687509053945187987730535916041957279784274426129176015616674277915285692608813696
226 178 3163915477222876546985357221366759598168602304473614642846678343765346598185201060487445050314703421728
178 226 3163915477222876546985357221366759598168602304473614642846678343765346598185201060487445050314703421728
226 202 -22292137198259361945667513914539197069066733874192837297865825055911310068421936706509822298804303464
202 226 -22292137198259361945667513914539197069066733874192837297865825055911310068421936706509822298804303464
226 226 133247786424381305333592335504311754155943029343957462804128974361742459028403813640449756265980524
225 9 84177387473144978772013633464792209913033173918564854698468664628215808
9 225 84177387473144978772013633464792209913033173918564854698468664628215808
225 33 2081289701937270763957422091383221221731990711898538941178389508484600888679091613927997440
33 225 2081289701937270763957422091383221221731990711898538941178389508484600888679091613927997440
225 57 -2486712515991734756797878344939786046322346369857812294110584777531400096786483124677150619415347200
57 225 -2486712515991734756797878344939786046322346369857812294110584777531400096786483124677150619415347200
225 81 -134187823059007485736267230124951161194929790620423043994862078410861092559577792198307385490096651239424
81 225 -134187823059007485736267230124951161194929790620423043994862078410861092559577792198307385490096651239424
225 105 1122581881472609737809103316509947590191887735825519882416170625876425545897422891890509430908758186852352
105 225 1122581881472609737809103316509947590191887735825519882416170625876425545897422891890509430908758186852352
225 129 -1128826791941594679836514639659796249661581746417043086895339834449702628877692470842663154324637986057856
129 225 -1128826791941594679836514639659796249661581746417043086895339834449702628877692470842663154324637986057856
225 153 119639968038057405737142555989975604586011442252418651287234003612378734032440265478871045281512393483364
153 225 119639968038057405737142555989975604586011442252418651287234003612378734032440265478871045281512393483364
225 177 -4907926698105644656751520950374546103276679223747790808444592649084622237979257264815921023708508574488
177 225 -4907926698105644656751520950374546103276679223747790808444592649084622237979257264815921023708508574488
225 201 35582670928992232882152174667619315217110790274375465297868991790996517887244775796748727994495767988
201 225 35582670928992232882152174667619315217110790274375465297868991790996517887244775796748727994495767988
225 225 -229467424179774215017282466677382040613680163477265337994507560936790089970043757904488467571865126
224 8 -2358130360580049660836787021781404867539831552881678042000607737282560
8 224 -2358130360580049660836787021781404867539831552881678042000607737282560
224 32 455709058104792060535305058120151292036052043749674637498132555367445026139983271642005504
32 224 455709058104792060535305058120151292036052043749674637498132555367445026139983271642005504
224 56 2099383389157778000572157751010681727638211451602443271231770085237769523820692447560791195549433856
56 224 2099383389157778000572157751010681727638211451602443271231770085237769523820692447560791195549433856
224 80 142188423463437976801894756454874016532787319714449544777361105839224973853734189824708410217384560820224
80 224 142188423463437976801894756454874016532787319714449544777361105839224973853734189824708410217384560820224
224 104 -1360717091328448842646125952524217887825054345917435009955274413572917222033082253234591497919609002000384
104 224 -1360717091328448842646125952524217887825054345917435009955274413572917222033082253234591497919609002000384
224 128 1539546772106799151300806837198952722687687574153025597563353706113085783287215969575557051992378683019264
128 224 1539546772106799151300806837198952722687687574153025597563353706113085783287215969575557051992378683019264
224 152 -176678934075229014359526869547271221457397223695991602085145876440971157628216596211299654993420557223552
152 224 -176678934075229014359526869547271221457397223695991602085145876440971157628216596211299654993420557223552
224 176 7576118158812501664183779868777065993290847265020873985455977933276203108381185705680166261870139905728
176 224 7576118158812501664183779868777065993290847265020873985455977933276203108381185705680166261870139905728
224 200 -56514395150969410522983641514981103677722857672700900597213547906531459421368940099607617527807509760
200 224 -56514395150969410522983641514981103677722857672700900597213547906531459421368940099607617527807509760
224 224 393311527287993683688972713556093840572432372856019946776812849012501881785371303902395117052977592
223 7 70082170138373030842829407259002816697748880269018549750710340157440
7 223 70082170138373030842829407259002816697748880269018549750710340157440
223 31 -890021796760175509590058155836286632049595972633862246185072994159908396483221855466946560
31 223 -890021796760175509590058155836286632049595972633862246185072994159908396483221855466946560
223 55 -1723746334287767408859080135914468048145242684772423289870923737075592526658602442988742861989609472
55 223 -1723746334287767408859080135914468048145242684772423289870923737075592526658602442988742861989609472
223 79 -148873416324580449605773695707142525609196250952722469161029069407272707205561301655856675708977798971392
79 223 -148873416324580449605773695707142525609196250952722469161029069407272707205561301655856675708977798971392
223 103 1632898994716465886426757603828825331392688594186864081941095981954034957159291135165805740404728665210880
103 223 1632898994716465886426757603828825331392688594186864081941095981954034957159291135165805740404728665210880
223 127 -2077998811430463158285813763725365860089519091401360919088251232013066828837000703804994352561179049932800
127 223 -2077998811430463158285813763725365860089519091401360919088251232013066828837000703804994352561179049932800
223 151 259560180794012411113480103833865371034712669761633134429338514751039001136484061272768809112790454111424
151 223 259560180794012411113480103833865371034712669761633134429338514751039001136484061272768809112790454111424
223 175 -11638625904583518567482741162627795779125588476550863735304179308719616572055593042757431820130978538880
175 223 -11638625904583518567482741162627795779125588476550863735304179308719616572055593042757431820130978538880
223 199 89315993113198192328905326940511634408724593038171627329415571060852530781276305870771969756125928896
199 223 89315993113198192328905326940511634408724593038171627329415571060852530781276305870771969756125928896
223 223 -670740807890987915675596859721460488413399837532007415570957376620660951835899613264105475073250152
222 6 -582252586259574143808215853239764628004598408651009346758558875648
6 222 -582252586259574143808215853239764628004598408651009346758558875648
222 30 656542529867015453304853225246233061980611561638128542247010686871452186090514796559466496
30 222 656542529867015453304853225246233061980611561638128542247010686871452186090514796559466496
222 54 1375332831154302094249484369272620702410345994544860867425901978700705557859232824107311755891310592
54 222 1375332831154302094249484369272620702410345994544860867425901978700705557859232824107311755891310592
222 78 153990218056964626245917657670081794289483986747958982703870382487445873105531964212717120542637297762304
78 222 153990218056964626245917657670081794289483986747958982703870382487445873105531964212717120542637297762304
222 102 -1939947090498666601465948057959426972545058144649229573644818764685600759410636578117181640958082018967552
102 222 -1939947090498666601465948057959426972545058144649229573644818764685600759410636578117181640958082018967552
222 126 2775711073711547487734369726428675800967104423319367582227641939373960376114546259563681084029647448430720
126 222 2775711073711547487734369726428675800967104423319367582227641939373960376114546259563681084029647448430720
222 150 -379369593008423764680190798545577192378215806444286408305103662065618674327876789916338463907766998282932
150 222 -379369593008423764680190798545577192378215806444286408305103662065618674327876789916338463907766998282932
222 174 17795188065597574041807394926369729517861817784812461840110802610191514544309388140070685146104498404904
174 222 17795188065597574041807394926369729517861817784812461840110802610191514544309388140070685146104498404904
222 198 -140469897726835623248737636405286072597391830387863004938991494771628158900001915233702481172884174428
198 222 -140469897726835623248737636405286072597391830387863004938991494771628158900001915233702481172884174428
222 222 1137693273841758685943258995552655566199509267003006191632484014886499149361259167875936892720103778
221 5 3518145439246783708391600952432834532735500413903336059917303808
5 221 3518145439246783708391600952432834532735500413903336059917303808
221 29 -359661904675204708774110530591736847350699753272983504880152337466961406703318114699837440
29 221 -359661904675204708774110530591736847350699753272983504880152337466961406703318114699837440
221 53 -1065240702927913899990115919468351953069164938286039484207484734016341085135502136019423406925545472
53 221 -1065240702927913899990115919468351953069164938286039484207484734016341085135502136019423406925545472
221 77 -157329005985232053113171348759015109802542240377446908070318374816799367901080400176990214062476999262208
77 221 -157329005985232053113171348759015109802542240377446908070318374816799367901080400176990214062476999262208
221 101 2281698569168449154255113932717096769581504399447334481490516606192838788498881725974762417066721507540992
101 221 2281698569168449154255113932717096769581504399447334481490516606192838788498881725974762417066721507540992
221 125 -3669162216775411151387604848129654952640468478424200105885845696653964528712504640988367806832086051926016
125 221 -3669162216775411151387604848129654952640468478424200105885845696653964528712504640988367806832086051926016
221 149 551664374440424680447240343029745477292174690716583353597761345022930437827663707511572270960937521609088
149 221 551664374440424680447240343029745477292174690716583353597761345022930437827663707511572270960937521609088
221 173 -27082973474997955838626432576655238638902229650225219546388235558950922568698263910933653233395429263488
173 221 -27082973474997955838626432576655238638902229650225219546388235558950922568698263910933653233395429263488
221 197 219873602995149163456471241979150490094294866671174620400581595570299234065922561655027786201836635408
197 221 219873602995149163456471241979150490094294866671174620400581595570299234065922561655027786201836635408
221 221 -1918744725866563936086912726392342243247332407517037667093979223777708663531427216416687426845907720
220 4 3516361525640006907968459093307754324477335055130442072064000
4 220 3516361525640006907968459093307754324477335055130442072064000
220 28 163433239681168453094454698616201390871448103864800238423401254462094795323016537926795264
28 220 163433239681168453094454698616201390871448103864800238423401254462094795323016537926795264
220 52 799930414671962848591275870540455587008924685387059149216523019774937919253447269978199126213394432
52 220 799930414671962848591275870540455587008924685387059149216523019774937919253447269978199126213394432
220 76 158736165181188188787508973857886624299250670947276468802258035119609489178099245919231005163076678844416
76 220 158736165181188188787508973857886624299250670947276468802258035119609489178099245919231005163076678844416
220 100 -2656836529445155168937743534139713778838340289970982262683827405044100915964886790759482349910417479827456
100 220 -2656836529445155168937743534139713778838340289970982262683827405044100915964886790759482349910417479827456
220 124 4799628268414140074831868963479715677134872800429164354600601140128394307257530244562704577404705174339584
124 220 4799628268414140074831868963479715677134872800429164354600601140128394307257530244562704577404705174339584
220 148 -798150351854528578989032657737060264743193441113159144760854663455848705338572866820032149017582214512128
148 220 -798150351854528578989032657737060264743193441113159144760854663455848705338572866820032149017582214512128
220 172 41033171184076477509022056809372959783135896035637085950789468102553840762298594516049452582262542263808
172 220 41033171184076477509022056809372959783135896035637085950789468102553840762298594516049452582262542263808
220 196 -342583301937845622009762946869275773857519081335576142332794282441076663087473207103974095470167925920
196 220 -342583301937845622009762946869275773857519081335576142332794282441076663087473207103974095470167925920
220 220 3216859363757259318015077385055927495725307041188637177464478964127147826674999586187130564180202056
219 3 31493121584971280245265890450325704005531699152062251008
3 219 31493121584971280245265890450325704005531699152062251008
219 27 -63944288964336359418271078827962493877814308441899091122503224125753441352811250102304768
27 219 -63944288964336359418271078827962493877814308441899091122503224125753441352811250102304768
219 51 -581530699083476972298608486122378574564518667626793694982687684566085805426520970449373996490162176
51 219 -581530699083476972298608486122378574564518667626793694982687684566085805426520970449373996490162176
219 75 -158125165854140550029864593511347297101648245378853191854686710915004514062625184680474020010858622484480
75 219 -158125165854140550029864593511347297101648245378853191854686710915004514062625184680474020010858622484480
219 99 3062752172417240820585089780451986030126391017076173246544616139196041881708487649367744855681698038284288
99 219 3062752172417240820585089780451986030126391017076173246544616139196041881708487649367744855681698038284288
219 123 -6212660608964362697572763813804479861808792908876207764485936403169992848645501609574060849718823744824320
123 219 -6212660608964362697572763813804479861808792908876207764485936403169992848645501609574060849718823744824320
219 147 1148936165125133185932793527716102586988921487824051877488699305794216791292613101298357626329923418721312
147 219 1148936165125133185932793527716102586988921487824051877488699305794216791292613101298357626329923418721312
219 171 -61897489948952001554698160452515067111092998213714926760473046850208057639643502961869376147364802562912
171 219 -61897489948952001554698160452515067111092998213714926760473046850208057639643502961869376147364802562912
219 195 531425511944504343131786760923082402688151615088825832352966056800236519224937082421139106759386912552
195 219 531425511944504343131786760923082402688151615088825832352966056800236519224937082421139106759386912552
219 219 -5360582217977743187096587553635790725721537424477989287919522804862273948687582906545353397962287800
218 2 478421354591070874084846799971044663612212772864
2 218 478421354591070874084846799971044663612212772864
218 26 21855008945346980673395465751097845295351524512228348314800571409225538148044833443282944
26 218 21855008945346980673395465751097845295351524512228348314800571409225538148044833443282944
218 50 408537607838590744474438978856699147768740470611081277720531485044297526328897118244471980467159040
50 218 408537607838590744474438978856699147768740470611081277720531485044297526328897118244471980467159040
218 74 155483868618705981499879094929816320212017233900907905509697637488212252680422481165710290947618660941824
74 218 155483868618705981499879094929816320212017233900907905509697637488212252680422481165710290947618660941824
218 98 -3495456092161577938601920026572405785985981753818435178673942820974995499269995896903328979737891267674112
98 218 -3495456092161577938601920026572405785985981753818435178673942820974995499269995896903328979737891267674112
218 122 7957102352933980055561577365822793279242810839165547896770341277769542425464850998158297468924318483677184
122 218 7957102352933980055561577365822793279242810839165547896770341277769542425464850998158297468924318483677184
218 146 -1645543139715745994927654898819074215794295126900360055804677598193368812942588125066879936202829953048576
146 218 -1645543139715745994927654898819074215794295126900360055804677598193368812942588125066879936202829953048576
218 170 92974376102536251020126143206802891340106152467089748047274700353703506618822373575091296948213015791616
170 218 92974376102536251020126143206802891340106152467089748047274700353703506618822373575091296948213015791616
218 194 -820899058302524884466307204885172129831747523316542598769575393002095513043555437546826517832617839424
194 218 -820899058302524884466307204885172129831747523316542598769575393002095513043555437546826517832617839424
218 218 8878592686972883729512379540303991817963052332406108240219870384698115830723337907581572515926978816
217 1 534062651889940813058669091714236416
1 217 534062651889940813058669091714236416
217 25 -6548091992001685535782386695583197971893368164242129311781997268170143014405167116189696
25 217 -6548091992001685535782386695583197971893368164242129311781997268170143014405167116189696
217 49 -276753873738037088469113330766516005595749330354542427492702285921255107895167348394030168004362240
49 217 -276753873738037088469113330766516005595749330354542427492702285921255107895167348394030168004362240
217 73 -150877489259392553718954006694294849360598290115397061741525548168603773276565134160149600382307648143360
73 217 -150877489259392553718954006694294849360598290115397061741525548168603773276565134160149600382307648143360
217 97 3949552331976291905965909932103236661142145647871601521948414651394101456367240890275898128087184524181504
97 217 3949552331976291905965909932103236661142145647871601521948414651394101456367240890275898128087184524181504
217 121 -10083557390128352078515216270513238322698114910849246310774457864037889963612804117224221370125292386140160
121 217 -10083557390128352078515216270513238322698114910849246310774457864037889963612804117224221370125292386140160
217 145 2344898312457623633954204372688239051552130936494507411551679492594554260587024099404831191173084337011200
145 217 2344898312457623633954204372688239051552130936494507411551679492594554260587024099404831191173084337011200
217 169 -139076655276433834446537063867961641560890305951450991368747324695977031034566718296511592215001197822976
169 217 -139076655276433834446537063867961641560890305951450991368747324695977031034566718296511592215001197822976
217 193 1262989284284183717537609302702691222050964758855362641484626683384710502674548132094909143109729847296
193 217 1262989284284183717537609302702691222050964758855362641484626683384710502674548132094909143109729847296
217 217 -14617100965815149132227113585942263237399976745965716985028205885965676917276908881751107763562875456
216 24 1711953910680581451257777897214458804740201111982507592966354258216021226006663181369344
24 216 1711953910680581451257777897214458804740201111982507592966354258216021226006663181369344
216 48 180307530334406689288284137615993252046698383552728743140198444427193268722965695119256781399785472
48 216 180307530334406689288284137615993252046698383552728743140198444427193268722965695119256781399785472
216 72 144446783829416093951320089722154801618163688342853193265439883897712301241341185275300239753213693132800
72 216 144446783829416093951320089722154801618163688342853193265439883897712301241341185275300239753213693132800
216 96 -4418285895726334852332478694905975958213340816172112915868210024408414091924041931968783157602321623416832
96 216 -4418285895726334852332478694905975958213340816172112915868210024408414091924041931968783157602321623416832
216 120 12642243886645783719708867567826661183079666826726522898680030087371513148985003200707269300485031393845248
120 216 12642243886645783719708867567826661183079666826726522898680030087371513148985003200707269300485031393845248
216 144 -3324597509532172984230063440143063931140748657830014143931617033662689158430804627339729619652747921509271
144 216 -3324597509532172984230063440143063931140748657830014143931617033662689158430804627339729619652747921509271
216 168 207198488968449022489863352651775556088148189106495742233357662939660716653780970542149868416744678185936
168 216 207198488968449022489863352651775556088148189106495742233357662939660716653780970542149868416744678185936
216 192 -1935805522640520862020022712119826996145206488314841073916850311995868490809854983515351191354420049346
192 216 -1935805522640520862020022712119826996145206488314841073916850311995868490809854983515351191354420049346
216 216 23924230382441889982165820243376076731374621278247533812594451278996030304002694927278953641254716924
215 23 -384934090419332930637174629482136505757805754922722152178757556191521407565437016735744
23 215 -384934090419332930637174629482136505757805754922722152178757556191521407565437016735744
215 47 -112607385383860782401652513363234095871988687872398656060915676509085753003869169568655736924274688
47 215 -112607385383860782401652513363234095871988687872398656060915676509085753003869169568655736924274688
215 71 -136401410351735567169729879455150995254367541868203382065921235394554936677339569497117881800912256630784
71 215 -136401410351735567169729879455150995254367541868203382065921235394554936677339569497117881800912256630784
215 95 4893669962701995960882983197285510831827989805704244033103023619736033426125792007228913390879232694943744
95 215 4893669962701995960882983197285510831827989805704244033103023619736033426125792007228913390879232694943744
215 119 -15680193873388716309578342390128053498083935267485173236445467981746169089196916333697303996162217826320384
119 215 -15680193873388716309578342390128053498083935267485173236445467981746169089196916333697303996162217826320384
215 143 4689796624915247267908408745376478103104261872989014823103358985189108521174048198809662382346168674022400
143 215 4689796624915247267908408745376478103104261872989014823103358985189108521174048198809662382346168674022400
215 167 -307461342941240841117375137816097329801312619850049837825440094772077313354008620818009683182582521532324
167 215 -307461342941240841117375137816097329801312619850049837825440094772077313354008620818009683182582521532324
215 191 2956368981434637276267799013432413512376089079677358859356031291972583136379085555130950906179804341884
191 215 2956368981434637276267799013432413512376089079677358859356031291972583136379085555130950906179804341884
215 215 -38938973865118768255156764515755993782500414183187120069508437106064581942291612346746343566640608192
214 22 72033090621832391963429760590599987820820564966765240925493466337042299978217106178048
22 214 72033090621832391963429760590599987820820564966765240925493466337042299978217106178048
214 46 67130782872400900405928783749855541686234101604220558140525124307128269209891072277179652328390656
46 214 67130782872400900405928783749855541686234101604220558140525124307128269209891072277179652328390656
214 70 127008845639860348299916424009543438352978860315393743231419884351636497172925974166833232623555397550080
70 214 127008845639860348299916424009543438352978860315393743231419884351636497172925974166833232623555397550080
214 94 -5366693412046305589734457794604720837493778211917319108345512999873670012657427776240977777105671611744256
94 214 -5366693412046305589734457794604720837493778211917319108345512999873670012657427776240977777105671611744256
214 118 19237803548476977685307588916109055287236944270150893450123661693870581929310545247563861766838452553252864
118 214 19237803548476977685307588916109055287236944270150893450123661693870581929310545247563861766838452553252864
214 142 -6582172558862983979710619595276296863177180507601440223218710392773475251770352500267519744811319812194304
142 214 -6582172558862983979710619595276296863177180507601440223218710392773475251770352500267519744811319812194304
214 166 454447771517346319530922040022796284447952633568310899898587134056303977355627285378054720865198953627872
166 214 454447771517346319530922040022796284447952633568310899898587134056303977355627285378054720865198953627872
214 190 -4499472585267016172435356427645918657336677035826296759652994144029654935007621153886409731200802498264
190 214 -4499472585267016172435356427645918657336677035826296759652994144029654935007621153886409731200802498264
214 214 63043082371442650919237326308908160708904255604963433743987546448313381800446410600134112877660871764
213 21 -10329518046692668660585350886473551197450111485878339101466565771483518837279778930688
21 213 -10329518046692668660585350886473551197450111485878339101466565771483518837279778930688
213 45 -37986177535660913941257242620683615415702696111606558441550928238341555848164707910504009424699392
45 213 -37986177535660913941257242620683615415702696111606558441550928238341555848164707910504009424699392
213 69 -116579639096012947370981953817089768446000071763353006140176403069060380269754193540555966455720905277440
69 213 -116579639096012947370981953817089768446000071763353006140176403069060380269754193540555966455720905277440
213 93 5827602869601599886402169111293587950786629749517028649794314443908656188004869892645842543236845483851776
93 213 5827602869601599886402169111293587950786629749517028649794314443908656188004869892645842543236845483851776
213 117 -23344794774552646044243411543766508405768305068430956310785899289600748291787428084731341458755197038362624
117 213 -23344794774552646044243411543766508405768305068430956310785899289600748291787428084731341458755197038362624
213 141 9191489321001065487462348221728820695911371902592415019909594446353734330340904810386861010639387349770496
141 213 9191489321001065487462348221728820695911371902592415019909594446353734330340904810386861010639387349770496
213 165 -669070352109163667905881478622169791562259100281289811157003035100112450272395988009385597677451933540865
165 213 -669070352109163667905881478622169791562259100281289811157003035100112450272395988009385597677451933540865
213 189 6825377240525126292854396095143958531815415663548495379192943782415885527836429174733939937036301076564
189 213 6825377240525126292854396095143958531815415663548495379192943782415885527836429174733939937036301076564
213 213 -101566113372268494534959933149214462586056048974883615784461147449238000871410132548707224641770188744
212 20 815023883952372322545172245139985190526210243254337830481852543995966700209322328064
20 212 815023883952372322545172245139985190526210243254337830481852543995966700209322328064
212 44 20239344966939027543367807475360302679991373917290706435543359528853669115467139987105797300551680
44 212 20239344966939027543367807475360302679991373917290706435543359528853669115467139987105797300551680
212 68 105450123419276589294658224699431991830888419278204754148410325008305632299416540381134167993181995532288
68 212 105450123419276589294658224699431991830888419278204754148410325008305632299416540381134167993181995532288
212 92 -6266246955402014764801154852568629895441912046039042869876047693303908385388834622760767164517552203235328
92 212 -6266246955402014764801154852568629895441912046039042869876047693303908385388834622760767164517552203235328
212 116 28015715123049089126447030788224776253927982131040520956808725393960756538130483457583773052866152441577472
116 212 28015715123049089126447030788224776253927982131040520956808725393960756538130483457583773052866152441577472
212 140 -12770405629672457263824522523792964235891095057810546316173674615293579285417165869120514384281315432194048
140 212 -12770405629672457263824522523792964235891095057810546316173674615293579285417165869120514384281315432194048
212 164 981173754375442149368047925019730513438221471535491732040656315862279961009745082465526395863116941979168
164 212 981173754375442149368047925019730513438221471535491732040656315862279961009745082465526395863116941979168
212 188 -10320296457185864515775469003025733463865586497816767310055253750031357593820141516250938245037716760912
188 212 -10320296457185864515775469003025733463865586497816767310055253750031357593820141516250938245037716760912
212 212 162882371650756909343964637378524951598920263551899703833409167453564077335622464083788054008725972244
211 19 91487469004435405104810495598505191703629117331028140004723988047129533365012660224
19 211 91487469004435405104810495598505191703629117331028140004723988047129533365012660224
211 43 -10029492777085289875727595946154514075189263762814703121709086754471898847209126695058318244708352
43 211 -10029492777085289875727595946154514075189263762814703121709086754471898847209126695058318244708352
211 67 -93963934281740651697635842151639938704069368170641090561698513201021588697876769065803425942496685850624
67 211 -93963934281740651697635842151639938704069368170641090561698513201021588697876769065803425942496685850624
211 91 6672464441325898646316729539537308125369194752657046850928069031585072386365023432017270795276961762508800
91 211 6672464441325898646316729539537308125369194752657046850928069031585072386365023432017270795276961762508800
211 115 -33245178118825531843318106659774198799122260721452004306813076899181788601808718382710943551120376214847488
115 211 -33245178118825531843318106659774198799122260721452004306813076899181788601808718382710943551120376214847488
211 139 17653259982093589774311690976951855273349590102930667315128363040733774010485238640370312670750000691490816
139 211 17653259982093589774311690976951855273349590102930667315128363040733774010485238640370312670750000691490816
211 163 -1433134162390384324892146986837750032106751582663355106504179058736214822386293431826230387055264156681392
163 211 -1433134162390384324892146986837750032106751582663355106504179058736214822386293431826230387055264156681392
211 187 15555284520113698188077135403970476322600511242351320273017651009699868145293153793342541066726802606528
187 211 15555284520113698188077135403970476322600511242351320273017651009699868145293153793342541066726802606528
211 211 -260111609995642372039881434220978645905238907852555391243646508795248194553756717909556601391798383616
210 18 -51911186638330925990329288690936856845833936271882990272233790180545535663897837568
18 210 -51911186638330925990329288690936856845833936271882990272233790180545535663897837568
210 42 4525337653821729847133094760345900648731099421393087882933701481750753392145828573608022407905280
42 210 4525337653821729847133094760345900648731099421393087882933701481750753392145828573608022407905280
210 66 82453788116788025882780880629388177021649778476799268042882273652047530327801820005266015764666134822912
66 210 82453788116788025882780880629388177021649778476799268042882273652047530327801820005266015764666134822912
210 90 -7036493344509127916635195395976318437827412431765645064754471759748018482630632244394411884920516428955648
90 210 -7036493344509127916635195395976318437827412431765645064754471759748018482630632244394411884920516428955648
210 114 39003121671793172975200183729944868933463236129898687483136513124213128457953798194439505757776101492129792
114 210 39003121671793172975200183729944868933463236129898687483136513124213128457953798194439505757776101492129792
210 138 -24279653952539120939532211106916940312205811612434330131526634372199595156984114554645661690097087890107648
138 210 -24279653952539120939532211106916940312205811612434330131526634372199595156984114554645661690097087890107648
210 162 2084806594485295734911262654513409037175479287462111709894777815542244092300336239470354899110020182266793
162 210 2084806594485295734911262654513409037175479287462111709894777815542244092300336239470354899110020182266793
210 186 -23371462638987352568919048392226529739655203407978621969572239543904959859749894405660897397849835153252
186 210 -23371462638987352568919048392226529739655203407978621969572239543904959859749894405660897397849835153252
210 210 413744544349318655961135552592281102876485062408355283348689883960137233890747754825422221991928512236
209 17 11752263285937662494263110576859162857465818355004184590538329496307458805294170112
17 209 11752263285937662494263110576859162857465818355004184590538329496307458805294170112
209 41 -1780250422540702453203120080586319922256876002889583470054487600105359409394565617928777997746176
41 209 -1780250422540702453203120080586319922256876002889583470054487600105359409394565617928777997746176
209 65 -71224916276857473878146364326909575759139796365350905282066519994639351300142448317799197492596879392768
65 209 -71224916276857473878146364326909575759139796365350905282066519994639351300142448317799197492596879392768
209 89 7349375212451011280541148941393645949231908430128374154252873275355601827422264553128334571187188562657280
89 209 7349375212451011280541148941393645949231908430128374154252873275355601827422264553128334571187188562657280
209 113 -45230433977509607598795594737835526177689646518591691319717106193176110294489343412690071802718846304911360
113 209 -45230433977509607598795594737835526177689646518591691319717106193176110294489343412690071802718846304911360
209 137 33223703141633588622525453290734767492443221729489041206955329888132992145469959842914407566437178126262272
137 209 33223703141633588622525453290734767492443221729489041206955329888132992145469959842914407566437178126262272
209 161 -3020283019250887988153226546069053953094163892546278705348649855236095238014531617359190730072070212463072
161 209 -3020283019250887988153226546069053953094163892546278705348649855236095238014531617359190730072070212463072
209 185 35002741580071018466809213226618217839476166848088187027061118926165240534341765685331996722044192352800
185 209 35002741580071018466809213226618217839476166848088187027061118926165240534341765685331996722044192352800
209 209 -655675636458988500772608347612466531533102185571524126373313633598880220680490361583762167055256458444
208 16 -1731607941223914712986236355964586856589118558430986381215428548566608576138706944
16 208 -1731607941223914712986236355964586856589118558430986381215428548566608576138706944
208 40 541928072101475221770340214057507201030948736533942919042351474029297159219264929386635416567808
40 208 541928072101475221770340214057507201030948736533942919042351474029297159219264929386635416567808
208 64 60541360544345364414583865564100281215544083385040396101175588658310066366997954084533574205028740104192
64 208 60541360544345364414583865564100281215544083385040396101175588658310066366997954084533574205028740104192
208 88 -7603328439439220317103823615873270432046241557613087483253189228495738562631172568568953027064268561842176
88 208 -7603328439439220317103823615873270432046241557613087483253189228495738562631172568568953027064268561842176
208 112 51835354062649375134682891954302899910090865056772791601131912055291638019765777693883816868932636710535168
112 208 51835354062649375134682891954302899910090865056772791601131912055291638019765777693883816868932636710535168
208 136 -45229807123258627676038878604101432693093689266173850133797344368888616352823448630092711678315662649229312
136 208 -45229807123258627676038878604101432693093689266173850133797344368888616352823448630092711678315662649229312
208 160 4357070412556499583930369846527369939014499209463047883039937271623953290386177268385880335427269494306432
160 208 4357070412556499583930369846527369939014499209463047883039937271623953290386177268385880335427269494306432
208 184 -52251674393813558051855131147777369141607668582485956563111332614269080957051432325058653839155781323904
184 208 -52251674393813558051855131147777369141607668582485956563111332614269080957051432325058653839155781323904
208 208 1035361950939334011540375633536005529494228956636972664821125272262547135567517813175711764792276444680
207 15 156218933345290955284310875460966523215020970134169442833271884876061494386622464
15 207 156218933345290955284310875460966523215020970134169442833271884876061494386622464
207 39 -59914574346204089307070870501374981382395275478370165071447662456760041858942563973961147744256
39 207 -59914574346204089307070870501374981382395275478370165071447662456760041858942563973961147744256
207 63 -50616023079958490984686485816842464558970150676255096830946349051194794027674354943814693771592775761920
63 207 -50616023079958490984686485816842464558970150676255096830946349051194794027674354943814693771592775761920
207 87 7792066556186125974850558894487416544294208302784756339204478066668050699278939894623693153257457088200704
87 207 7792066556186125974850558894487416544294208302784756339204478066668050699278939894623693153257457088200704
207 111 -58691089607543780300777803815925860409744184229229514891329353017902386479740751219260871636305063612252160
111 207 -58691089607543780300777803815925860409744184229229514891329353017902386479740751219260871636305063612252160
207 135 61255663635485391737416988666867509548037858433238349459063809849537911824609415925181975184134345463482368
135 207 61255663635485391737416988666867509548037858433238349459063809849537911824609415925181975184134345463482368
207 159 -6258488449389687183226990715929929364159264150526166171359789247598556910883987466830845427280991805675688
159 207 -6258488449389687183226990715929929364159264150526166171359789247598556910883987466830845427280991805675688
207 183 77740283775551204466451949177871170168149938282090527256342212972741736569998807927931433480801251285208
183 207 77740283775551204466451949177871170168149938282090527256342212972741736569998807927931433480801251285208
207 207 -1629170188269912221929286389715942587302489213865362932290921012588416679835273949538743075957325144208
206 14 -1493764493209242630636598671805748261265246825386009872554167354588904927789056
14 206 -1493764493209242630636598671805748261265246825386009872554167354588904927789056
206 38 -81443073687718733450688029809162515595666006806882059693396755028896147626996332765209480396800
38 206 -81443073687718733450688029809162515595666006806882059693396755028896147626996332765209480396800
206 62 41604972178703173648948489771086342914681659607730327851702306214222242086293934515502065428580318314496
62 206 41604972178703173648948489771086342914681659607730327851702306214222242086293934515502065428580318314496
206 86 -7911041897420717013075061685836784325663449266415094613877612519428721542783012039313584973662251825233920
86 206 -7911041897420717013075061685836784325663449266415094613877612519428721542783012039313584973662251825233920
206 110 65635098828818841622668747003523104648111529161470285536944187025417379977601341783672945525324574718164992
110 206 65635098828818841622668747003523104648111529161470285536944187025417379977601341783672945525324574718164992
206 134 -82522966011369438585098944009271239872499436068778026964254499097012356276239991474460585252549231425224704
134 206 -82522966011369438585098944009271239872499436068778026964254499097012356276239991474460585252549231425224704
206 158 8950335013462330509491141065263986245692444884075083838189373484223595026090301506604031343706984355288576
158 206 8950335013462330509491141065263986245692444884075083838189373484223595026090301506604031343706984355288576
206 182 -115266337132074037387213030417324168246790188150945001760661059997355827157844475343134888481365106081792
182 206 -115266337132074037387213030417324168246790188150945001760661059997355827157844475343134888481365106081792
206 206 2554469388130709305417242353619251463815866576884043040050001805608246725877797310332860223273254936016
205 13 -2230141590194899723189310157993190601243497054689344706168472879658339013754880
13 205 -2230141590194899723189310157993190601243497054689344706168472879658339013754880
205 37 92054830916660635335161931638113223863987500167048504205669402716861054554557546259099670282240
37 205 92054830916660635335161931638113223863987500167048504205669402716861054554557546259099670282240
205 61 -33606082045545092208090020281222274476301871471904509258398030745779097957392996126625812801377420705792
61 205 -33606082045545092208090020281222274476301871471904509258398030745779097957392996126625812801377420705792
205 85 7957601393161712895570771805156066340849167022471500289628541329009281753963687843586308487105772307611648
85 205 7957601393161712895570771805156066340849167022471500289628541329009281753963687843586308487105772307611648
205 109 -72470448356524433881898502104202265015350473342683484113850598623727524506010367287502129220418515844988928
109 205 -72470448356524433881898502104202265015350473342683484113850598623727524506010367287502129220418515844988928
205 133 110575715126701159376925784294656155650680947851047950126931315558991170287450024530423450447747429492752384
133 205 110575715126701159376925784294656155650680947851047950126931315558991170287450024530423450447747429492752384
205 157 -12743191649594488320250109156779899189108055548287375691284700399477829103989861248231078840263498824467072
157 205 -12743191649594488320250109156779899189108055548287375691284700399477829103989861248231078840263498824467072
205 181 170307548402384949645449899542776468275221540253694090383236440873794748880497004412834122546993801681920
181 205 170307548402384949645449899542776468275221540253694090383236440873794748880497004412834122546993801681920
205 205 -3990738539381614005863861128872963706062248019427464134273095657658122710585950554581656529329903657920
204 12 422373444127384986248767637262933801195230464489266690105815965377447745028096
12 204 422373444127384986248767637262933801195230464489266690105815965377447745028096
204 36 -66138576080345592414922259815428721340172278363495058578518427594223536803410995989785857753088
36 204 -66138576080345592414922259815428721340172278363495058578518427594223536803410995989785857753088
204 60 26661681138487718011905024758920582712780829264723588581947333256479881477141101286257474506847367987200
60 204 26661681138487718011905024758920582712780829264723588581947333256479881477141101286257474506847367987200
204 84 -7931048694866183636160438590822164219265382934133108175103216782774939905117979480801589565629909738455040
84 204 -7931048694866183636160438590822164219265382934133108175103216782774939905117979480801589565629909738455040
204 108 78969579756270401696315404733627018270720650061606961373317711905232187775483632240036180864170042020855808
108 204 78969579756270401696315404733627018270720650061606961373317711905232187775483632240036180864170042020855808
204 132 -147345281783683284076249376589980835935233041210865948626429438912235154222079828994165239116779133825945600
132 204 -147345281783683284076249376589980835935233041210865948626429438912235154222079828994165239116779133825945600
204 156 18062162303664272866835361118055234046677786644869570536052160384385844390944672279528102904730504121080250
156 204 18062162303664272866835361118055234046677786644869570536052160384385844390944672279528102904730504121080250
204 180 -250732916109909686092342029441683174793769278522023924566854818435800656550771509116234772566770898434268
180 204 -250732916109909686092342029441683174793769278522023924566854818435800656550771509116234772566770898434268
204 204 6210978743061387432589594331344473527443064919986523249487362437658007379090413915401176080529858776652
203 11 -43534266479393386058876879691454544948332679779318092302181534970033454710784
11 203 -43534266479393386058876879691454544948332679779318092302181534970033454710784
203 35 39179989875974613649478532859457055262315924243092585624536896886217149578623917217969160060928
35 203 39179989875974613649478532859457055262315924243092585624536896886217149578623917217969160060928
203 59 -20764545629642162381687714683281863129723058793749133963881450847718557254016497569213018585080866537472
59 203 -20764545629642162381687714683281863129723058793749133963881450847718557254016497569213018585080866537472
203 83 7832614516867888554226290878318171920430459600799809221627950068360077688919946536527992405072504334319616
83 203 7832614516867888554226290878318171920430459600799809221627950068360077688919946536527992405072504334319616
203 107 -84880691508173517321860145843155345018793921495267056375238013214160143297345105262107536045339062785015808
107 203 -84880691508173517321860145843155345018793921495267056375238013214160143297345105262107536045339062785015808
203 131 195220209240766544682763242480904263324269847400218872704848950670019709829983882881072584172970720983252992
131 203 195220209240766544682763242480904263324269847400218872704848950670019709829983882881072584172970720983252992
203 155 -25486383299188976640500218313559798378216111096574751382569400798955658207979722496462157680526997648934144
155 203 -25486383299188976640500218313559798378216111096574751382569400798955658207979722496462157680526997648934144
203 179 367803738497657475745558846266789434087006570502690110268562668660787232723943181387239626950971162518720
179 203 367803738497657475745558846266789434087006570502690110268562668660787232723943181387239626950971162518720
203 203 -9628182556115018445652151656392268503830665667959387943717048922041844640165882625329758464228070105352
202 10 2731804868597656350998973781956926360501406478409291699996601259986702565376
10 202 2731804868597656350998973781956926360501406478409291699996601259986702565376
202 34 -20471388616957010588711593224870024625755729583141722819871632663188414670270714929227954651136
34 202 -20471388616957010588711593224870024625755729583141722819871632663188414670270714929227954651136
202 58 15866337186798864525692906519072154799134634815025305581536604688831881127435360130583289223417117540352
58 202 15866337186798864525692906519072154799134634815025305581536604688831881127435360130583289223417117540352
202 82 -7665343998719655068690631737204970264271687546646929442194324652369411411745479577288948951493849689096192
82 202 -7665343998719655068690631737204970264271687546646929442194324652369411411745479577288948951493849689096192
202 106 89936772974299787117446355771309228071462480752840056244393713125426112649103145349869655917026635004510208
106 202 89936772974299787117446355771309228071462480752840056244393713125426112649103145349869655917026635004510208
202 130 -257117200133256735586335772579405017625350645003917833069665718273830817120392107192742036121900156314451968
130 202 -257117200133256735586335772579405017625350645003917833069665718273830817120392107192742036121900156314451968
202 154 35801340053849322037964564261055944982769779536300335352757493936894380104361206026416125374827937421154304
154 202 35801340053849322037964564261055944982769779536300335352757493936894380104361206026416125374827937421154304
202 178 -537579363460007231851874299439252913118084383633834535021043728821016166026572841722486932363443405276672
178 202 -537579363460007231851874299439252913118084383633834535021043728821016166026572841722486932363443405276672
202 202 14863714177951400504003559703536238962639427407565621983594477455547463788275973271205350753377421950064
201 9 -103660125793170914305253788258213938823983061674981343765023859863977984000
9 201 -103660125793170914305253788258213938823983061674981343765023859863977984000
201 33 9688208975246857787930086308925883471502084989347268177835016675982663556073405789064612806656
33 201 9688208975246857787930086308925883471502084989347268177835016675982663556073405789064612806656
201 57 -11887466926696692182200881501584485385069889716118598633789487038799941277616658719627303977312992624640
57 201 -11887466926696692182200881501584485385069889716118598633789487038799941277616658719627303977312992624640
201 81 7433915252915164301809662962280019090194442865348965529014880436791151321969079053402810449687837287645184
81 201 7433915252915164301809662962280019090194442865348965529014880436791151321969079053402810449687837287645184
201 105 -93867119172598913549071809125115602040196968813236377638556746512918015129119556575385750063231522872229888
105 201 -93867119172598913549071809125115602040196968813236377638556746512918015129119556575385750063231522872229888
201 129 336547769647249828822791011731196076933473755775271722370005264376058652631050076391281414515446460279226368
129 201 336547769647249828822791011731196076933473755775271722370005264376058652631050076391281414515446460279226368
201 153 -50067907595117497465815925727439434913274113204209329370878313980788455287071899734646763418247934445405504
153 201 -50067907595117497465815925727439434913274113204209329370878313980788455287071899734646763418247934445405504
201 177 782887940604987097961709861323517071213000576685839812098518491877058972258585815659632374151862838275312
177 201 782887940604987097961709861323517071213000576685839812098518491877058972258585815659632374151862838275312
201 201 -22847479088416471647373505569366617377279477815679082588366811173310640816217491420654019469053940670244
200 8 2324069616458661711487389781425680656692851575025657053564126711892672512
8 200 2324069616458661711487389781425680656692851575025657053564126711892672512
200 32 -4203264579529770208685211724419235324841552681317574845399373116964217444408918058747138408448
32 200 -4203264579529770208685211724419235324841552681317574845399373116964217444408918058747138408448
200 56 8727371988219509356068761167154134728561852783401347773295227205184927315167975625153044153458501877760
56 200 8727371988219509356068761167154134728561852783401347773295227205184927315167975625153044153458501877760
200 80 -7144406495255605347271765214871857871971878577701485970847330065022737234609907318586230284758366665310208
80 200 -7144406495255605347271765214871857871971878577701485970847330065022737234609907318586230284758366665310208
200 104 96410922227088575486609680218921840869308764151573749738815255568920232313396388344295375705570529018642432
104 200 96410922227088575486609680218921840869308764151573749738815255568920232313396388344295375705570529018642432
200 128 -437672699931967132110987965138930652948629958068107318504374959400520788672801711001344825451013956494688256
128 200 -437672699931967132110987965138930652948629958068107318504374959400520788672801711001344825451013956494688256
200 152 69713126600903993342885917544437919024231987351408766128638996345983252646178836294174085366836311908902912
152 200 69713126600903993342885917544437919024231987351408766128638996345983252646178836294174085366836311908902912
200 176 -1136085021061532085921612034585840426915923575180791642959748650899591422691468053039046668547394889496064
176 200 -1136085021061532085921612034585840426915923575180791642959748650899591422691468053039046668547394889496064
200 200 34964126935121129408190292920745473226773173852346849655696982091135508161821054196112434779424703926432
199 7 -26010905391121814868112219019294121011441891413634239952246746579468288
7 199 -26010905391121814868112219019294121011441891413634239952246746579468288
199 31 1680322263720262716030389642719477708052912756761730103337092970379319300260107361415675772928
31 199 1680322263720262716030389642719477708052912756761730103337092970379319300260107361415675772928
199 55 -6274303374231941581023758822463442705565983185723812754788136870367869426560004363816975578135621795840
55 199 -6274303374231941581023758822463442705565983185723812754788136870367869426560004363816975578135621795840
199 79 6804030059392047587709784317412161328062431287186014734000228205359042909508987375327900961316510264983552
79 199 6804030059392047587709784317412161328062431287186014734000228205359042909508987375327900961316510264983552
199 103 -97332294405223852389877648661997725417661150220102021102453970456791932928026326669696709710319884223643648
103 199 -97332294405223852389877648661997725417661150220102021102453970456791932928026326669696709710319884223643648
199 127 565333802854019031308842250728973133590562956065150020874689522198510828297864787233206306951978587499003904
127 199 565333802854019031308842250728973133590562956065150020874689522198510828297864787233206306951978587499003904
199 151 -96649056616028415620903249474209726499013244561480918571156795367555047616465011755494103362306246798818304
151 199 -96649056616028415620903249474209726499013244561480918571156795367555047616465011755494103362306246798818304
199 175 1642908909007214832064374016291612914029291046815351692012565035232351764037232482794889268505592748885248
175 199 1642908909007214832064374016291612914029291046815351692012565035232351764037232482794889268505592748885248
199 199 -53265837338764039375993453192597293839753506186352195924855808111316164566901311740705150217465457994816
198 6 192960390748244124525095222598568635642590071247187327906056050311168
6 198 192960390748244124525095222598568635642590071247187327906056050311168
198 30 -619429667808698178947644127603754277807580440132397704270060627956015609486785064393536176128
30 198 -619429667808698178947644127603754277807580440132397704270060627956015609486785064393536176128
198 54 4413916467487443718741840780993265925467164917992021324273994483769901163555036794461009957627076018176
54 198 4413916467487443718741840780993265925467164917992021324273994483769901163555036794461009957627076018176
198 78 -6420850358436115971434924620103703678263339902376708725511287740540972391476766103650789380470016674103296
78 198 -6420850358436115971434924620103703678263339902376708725511287740540972391476766103650789380470016674103296
198 102 96435850226248840524122437823939436118618171711817156115190318451589496059923429231220182224457494291283968
102 198 96435850226248840524122437823939436118618171711817156115190318451589496059923429231220182224457494291283968
198 126 -725049783574269043024689308827527617261824265200790713763969492802938757239568823772246431992723141741510656
126 198 -725049783574269043024689308827527617261824265200790713763969492802938757239568823772246431992723141741510656
198 150 133427622047058927034320809888858178379230674397575149433265780194703621907221519326102713543041291665074752
150 198 133427622047058927034320809888858178379230674397575149433265780194703621907221519326102713543041291665074752
198 174 -2367859027537976685531087370112864268233464565362814692378447965488258789246039667336149894091656191493040
174 198 -2367859027537976685531087370112864268233464565362814692378447965488258789246039667336149894091656191493040
198 198 80781337947897239240802997776906184356898395830657592516271781736463340043100781814173918114681415875644
197 5 -229208862377161254967029663239483359157234063964600149106212470784
5 197 -229208862377161254967029663239483359157234063964600149106212470784
197 29 209976359589078076392502981219203769832874606305641497895526272140769704946242316951202299904
29 197 209976359589078076392502981219203769832874606305641497895526272140769704946242316951202299904
197 53 -3036194464675993884931103383084435125331418458980529303683144891483743215510432409616841082195366903808
53 197 -3036194464675993884931103383084435125331418458980529303683144891483743215510432409616841082195366903808
197 77 6003500005079243286694620036277238550776188779644470291953577329645798501160334783918199442688860976316416
77 197 6003500005079243286694620036277238550776188779644470291953577329645798501160334783918199442688860976316416
197 101 -93581785796314402812377633568557042766043422377607252022879951435130484122997559883609993381720290511290368
101 197 -93581785796314402812377633568557042766043422377607252022879951435130484122997559883609993381720290511290368
197 125 922960495355437819204950455571528547326880922442262544900886650347685305433939927254322060269732322512732160
125 197 922960495355437819204950455571528547326880922442262544900886650347685305433939927254322060269732322512732160
197 149 -183441172785969193586194814315232004109664202580909453632534919518235497265445559273757489543073812055218176
149 197 -183441172785969193586194814315232004109664202580909453632534919518235497265445559273757489543073812055218176
197 173 3401682014096266775107466701919284246503971393343071520548264808128659569823905385175684003639198108994048
173 197 3401682014096266775107466701919284246503971393343071520548264808128659569823905385175684003639198108994048
197 197 -121963886616142558273010381247534816821404525396177063252118060643536964392590637886683130808433629096384
196 4 189483763503846787415460651698337472893425413956354267857027072
4 196 189483763503846787415460651698337472893425413956354267857027072
196 28 -65025809592366697131718942996026076497433280751416005796280441739938922508337761872404021248
28 196 -65025809592366697131718942996026076497433280751416005796280441739938922508337761872404021248
196 52 2040483891574192006637652670211062700221711321771501384195354067516704928435025120393036576734912184320
52 196 2040483891574192006637652670211062700221711321771501384195354067516704928435025120393036576734912184320
196 76 -5560904599008566522788342434119535227654576163242857762424840628248469852966344152410688157146405524209664
76 196 -5560904599008566522788342434119535227654576163242857762424840628248469852966344152410688157146405524209664
196 100 88699267999366184578211915058648574406322256824456712641151859114309605790582948561609709163906145523335168
100 196 88699267999366184578211915058648574406322256824456712641151859114309605790582948561609709163906145523335168
196 124 -1165701994523680312024373763124854142627321187456872146313273377908037435784872406120710719973363242139385856
124 196 -1165701994523680312024373763124854142627321187456872146313273377908037435784872406120710719973363242139385856
196 148 251180481120113190238220268805051011440184696713085883402408016860743670018494741111174757340957937146667008
148 196 251180481120113190238220268805051011440184696713085883402408016860743670018494741111174757340957937146667008
196 172 -4871761823357169603222966012344068034969428329510650600958326327379840636939646029009584728391556994910208
172 196 -4871761823357169603222966012344068034969428329510650600958326327379840636939646029009584728391556994910208
196 196 183339635746728504911185945633708364056221526019920760822471003025816238362166843659189787383365690010880
195 3 -42981913475205571572570152083548077306482130279886923759616
3 195 -42981913475205571572570152083548077306482130279886923759616
195 27 18187652318247367140635363560068562126420497026574845892115853328650696448819469299751059456
27 195 18187652318247367140635363560068562126420497026574845892115853328650696448819469299751059456
195 51 -1338648298302629526189255946708846533616643206055789099224503903143186556223825608133700712611532767232
51 195 -1338648298302629526189255946708846533616643206055789099224503903143186556223825608133700712611532767232
195 75 5102022969264470321461839046265188678577693130034041463411262844084232718699181472342679255144756945092608
75 195 5102022969264470321461839046265188678577693130034041463411262844084232718699181472342679255144756945092608
195 99 -81796908822201699659864254601400110146614928598577794749763959339554880078838963218462818281150243019948032
99 195 -81796908822201699659864254601400110146614928598577794749763959339554880078838963218462818281150243019948032
195 123 1460194048129068702223478404667888923644000300508893434957498044985821347254331957560199909543728678537527296
123 195 1460194048129068702223478404667888923644000300508893434957498044985821347254331957560199909543728678537527296
195 147 -342564020279891797967811317054550933279876659344020383312385553971257574539466745860805426010855389972922880
147 195 -342564020279891797967811317054550933279876659344020383312385553971257574539466745860805426010855389972922880
195 171 6956489274703749499019502310678267538325598463209218203557758844570883189072218944516759603630131025818496
171 195 6956489274703749499019502310678267538325598463209218203557758844570883189072218944516759603630131025818496
195 195 -274444242609496128503330378099901631972131929291053272157521640987030782982789057432039092467997778106576
194 2 768833269205897080152222171693550989230684474703872
2 194 768833269205897080152222171693550989230684474703872
194 26 -4507050154120414300987011979045185508012216872367934058430348036741019406585559375784443904
26 194 -4507050154120414300987011979045185508012216872367934058430348036741019406585559375784443904
194 50 856527231175069492477215767711623671751694433786940489802488745200935232581352187581116421735341621248
50 194 856527231175069492477215767711623671751694433786940489802488745200935232581352187581116421735341621248
194 74 -4635606649812121893814194693636295931718265073137941916425630847366135225589502814988957449858086944636928
74 194 -4635606649812121893814194693636295931718265073137941916425630847366135225589502814988957449858086944636928
194 98 72969171013165279930503646814437336997066059151933628756322633289107509037667662030385440156292592609263616
98 194 72969171013165279930503646814437336997066059151933628756322633289107509037667662030385440156292592609263616
194 122 -1813322683484424616321758827410284643811213747059424412964936988400408674373627563450098303055015555050242048
122 194 -1813322683484424616321758827410284643811213747059424412964936988400408674373627563450098303055015555050242048
194 146 465354518033762631199664168983343395274703496773950361496153225273655272812162340227128034165963728514940928
146 194 465354518033762631199664168983343395274703496773950361496153225273655272812162340227128034165963728514940928
194 170 -9905050495864377459480216756456332215379396661552972243689863450134778514092618787222681386464296637857792
170 194 -9905050495864377459480216756456332215379396661552972243689863450134778514092618787222681386464296637857792
194 194 409172591850838334592382044422842036665695729709128756777442587298734714430960893955306780657912166837248
193 1 -371978414187964118408612291574396616704
1 193 -371978414187964118408612291574396616704
193 25 955488157328979153883129836502642892938822139732626931670457391961946703769612916392722432
25 193 955488157328979153883129836502642892938822139732626931670457391961946703769612916392722432
193 49 -534009112126800715596275280685064169891300934244511189018224894543812938569050844520117154039482810368
49 193 -534009112126800715596275280685064169891300934244511189018224894543812938569050844520117154039482810368
193 73 4169980548471831339750804620986289409671001365398056867323020427757104689513011475568666397274152460353536
73 193 4169980548471831339750804620986289409671001365398056867323020427757104689513011475568666397274152460353536
193 97 -62397743017804450225846894141644644684992799944474337628981675066418569681372719104757562786445857566752768
97 193 -62397743017804450225846894141644644684992799944474337628981675066418569681372719104757562786445857566752768
193 121 2231503572717484208859967615490259399412774320394033495510038503802957121801717331715383815264000746654269440
121 193 2231503572717484208859967615490259399412774320394033495510038503802957121801717331715383815264000746654269440
193 145 -629680830343661242608384282247367331433088245452902067866501314093214337749009655435283831157929004098199552
145 193 -629680830343661242608384282247367331433088245452902067866501314093214337749009655435283831157929004098199552
193 169 14064543089829054760966792337997514039102849658658040893078700201013082849078750497104841989022140604372992
169 193 14064543089829054760966792337997514039102849658658040893078700201013082849078750497104841989022140604372992
193 193 -607717598761418704119721346613488287656550121634719600607948891049089986360609035627601162021103785326080
192 24 -160206131718870236659732373226909272920430055700782849576800172647152716508023806540906496
24 192 -160206131718870236659732373226909272920430055700782849576800172647152716508023806540906496
192 48 324085937502000698544424796188645866273929470889034678863885387008946515125432794456067783077792841728
48 192 324085937502000698544424796188645866273929470889034678863885387008946515125432794456067783077792841728
192 72 -3712846280976500359291775053361904881940489035793466642403734080713732969614631463987127533876843514953728
72 192 -3712846280976500359291775053361904881940489035793466642403734080713732969614631463987127533876843514953728
192 96 50347235448250434815331630452740301972894469013811445354829081589437692130283239255144552022487732028702720
96 192 50347235448250434815331630452740301972894469013811445354829081589437692130283239255144552022487732028702720
192 120 -2720118016645419824089194592261424961721333710829055072476974927308703419441058076785663068074716575375032320
120 192 -2720118016645419824089194592261424961721333710829055072476974927308703419441058076785663068074716575375032320
192 144 848685010814767196118480292461672677737054982580206560187832987400850295413886855340645861034986201849593856
144 192 848685010814767196118480292461672677737054982580206560187832987400850295413886855340645861034986201849593856
192 168 -19916928196126932597350019333403407431953523753150913091441108592067698877698375720339357840701143503265709
168 192 -19916928196126932597350019333403407431953523753150913091441108592067698877698375720339357840701143503265709
192 192 899343663274043896014248073170656554025600178109065546731192960701656660194090507525075228937301155446936
191 23 15952779046427999417591447269447901118181553713127173948597314377624206966959843477291008
23 191 15952779046427999417591447269447901118181553713127173948597314377624206966959843477291008
191 47 -191261163959356762210270727645624521480679803963031845127901873651487605465148097201459523457929707520
47 191 -191261163959356762210270727645624521480679803963031845127901873651487605465148097201459523457929707520
191 71 3271110269139823715287221485574990481034522292012264163440599713980110964707801386651860073564986381697024
71 191 3271110269139823715287221485574990481034522292012264163440599713980110964707801386651860073564986381697024
191 95 -37154976376776688917015470893303400826899317253439145889585110206672237647612328060165011478784457169698816
95 191 -37154976376776688917015470893303400826899317253439145889585110206672237647612328060165011478784457169698816
191 119 3282822355962362182184838455079400642049680482158485557734154847117362009566672226935668721032569582289682432
119 191 3282822355962362182184838455079400642049680482158485557734154847117362009566672226935668721032569582289682432
191 143 -1139315960024545971786031627206341767666813386354286521292778083909443838235170556285022963425289812565819392
143 191 -1139315960024545971786031627206341767666813386354286521292778083909443838235170556285022963425289812565819392
191 167 28129086179658109521933584675995028078205699317316081786157400402026165698157500994209683978044281208745984
167 191 28129086179658109521933584675995028078205699317316081786157400402026165698157500994209683978044281208745984
191 191 -1326333837795362826928857369282543840207592456044072439219388996587348649095054548894071815029785876080800
190 22 1517081866706458396585776462223486350218629485732140291922541459419188181896225445904384
22 190 1517081866706458396585776462223486350218629485732140291922541459419188181896225445904384
190 46 109642632904600701401627079188249477367318333420764110915524044503169137267232183996101079549106716672
46 190 109642632904600701401627079188249477367318333420764110915524044503169137267232183996101079549106716672
190 70 -2850739947971728641144090425029821795687768467726650975813523407360708693898021981237753619244682672340992
70 190 -2850739947971728641144090425029821795687768467726650975813523407360708693898021981237753619244682672340992
190 94 23215191292540284043307307897366636216304657155829324758741272488954162568988616751807620482913329135747072
94 190 23215191292540284043307307897366636216304657155829324758741272488954162568988616751807620482913329135747072
190 118 -3920743834693828833322952505479754542132507338186556117764661611610914798020348020048232413103348753874550784
118 190 -3920743834693828833322952505479754542132507338186556117764661611610914798020348020048232413103348753874550784
190 142 1523292178063953936713746730300258571716299202020798432006548690595078252442785768654295809199522050729836544
142 190 1523292178063953936713746730300258571716299202020798432006548690595078252442785768654295809199522050729836544
190 166 -39620201983457509837920867025825328861517586646211888974759453800539114056370475148890725545857186551431168
166 190 -39620201983457509837920867025825328861517586646211888974759453800539114056370475148890725545857186551431168
190 190 1949573762841025011708908228177875608551378036281308761779616780025320859435425018228278073149781712917248
189 21 -1270525851465437998661891778242244105023839350963026082830127181625473394770792767553536
21 189 -1270525851465437998661891778242244105023839350963026082830127181625473394770792767553536
189 45 -60985822305397926639577895116771388325129691260602902787761397679620730840066354759520960143832383488
45 189 -60985822305397926639577895116771388325129691260602902787761397679620730840066354759520960143832383488
189 69 2456652646738266968772909932549375730511026264604158521763559275930305788811020082331651693293200178413568
69 189 2456652646738266968772909932549375730511026264604158521763559275930305788811020082331651693293200178413568
189 93 -8958402929520607862172400054225595635160234253581262134195564668195517186294450714833020145302871818108928
93 189 -8958402929520607862172400054225595635160234253581262134195564668195517186294450714833020145302871818108928
189 117 4631590922720756612587213356950233530264075550044266008643603424454366020253078404869459073951530534110756864
117 189 4631590922720756612587213356950233530264075550044266008643603424454366020253078404869459073951530534110756864
189 141 -2028256950647259186944349321708013719096295365467010720087180799187617632735838305054535717596849850381500416
141 189 -2028256950647259186944349321708013719096295365467010720087180799187617632735838305054535717596849850381500416
189 165 55651914197629995992156018485426140306604787705673745628462070756567065512577751556134076829041048206547968
165 189 55651914197629995992156018485426140306604787705673745628462070756567065512577751556134076829041048206547968
189 189 -2856398132797213850731116271592706538365009880125466244833485971810537089529199382873854716647833554699368
188 20 383684474952685751389970689017111093203035928676557409489548599440541844267279191113728
20 188 383684474952685751389970689017111093203035928676557409489548599440541844267279191113728
188 44 32874930528435280945850931160835804372620143537756675575139537680864872698508100702648808385370128384
44 188 32874930528435280945850931160835804372620143537756675575139537680864872698508100702648808385370128384
188 68 -2092642279931221509805786335556401886458507127276166882480748663593727991190063622867308011296235861311488
68 188 -2092642279931221509805786335556401886458507127276166882480748663593727991190063622867308011296235861311488
188 92 -5172579775514340839170329292321960813799445253146083042690152293818119352428888824787408128457506216214528
92 188 -5172579775514340839170329292321960813799445253146083042690152293818119352428888824787408128457506216214528
188 116 -5408723053100352080212075960445463241413349154829031707912110154227833957255991053750656297778077790879350784
116 188 -5408723053100352080212075960445463241413349154829031707912110154227833957255991053750656297778077790879350784
188 140 2689149906719636030031269515059066292347594082591512064870938581568968508198000690203816924431157969800921088
140 188 2689149906719636030031269515059066292347594082591512064870938581568968508198000690203816924431157969800921088
188 164 -77948189173714713651567456197505088559510853272170409615333221238077450191034336464153355654264911918563328
164 188 -77948189173714713651567456197505088559510853272170409615333221238077450191034336464153355654264911918563328
188 188 4171537447360549624927956128634056225547366369380284063824856237615383382837429101405865731993295980104960
187 19 -80366395814706791238606899191233229094459231970150950287905392313127644473974612557824
19 187 -80366395814706791238606899191233229094459231970150950287905392313127644473974612557824
187 43 -17153566819245218546389085013661020595463366609703148482205555305651546929033831512586574203694612480
43 187 -17153566819245218546389085013661020595463366609703148482205555305651546929033831512586574203694612480
187 67 1761348462317040007291804413313982668977316848915288425031580736268778578379261276313879347565436084420608
67 187 1761348462317040007291804413313982668977316848915288425031580736268778578379261276313879347565436084420608
187 91 18748260567042258566481393294295707789902115862119355287963208764825295556094982162632774781463222038822912
91 187 18748260567042258566481393294295707789902115862119355287963208764825295556094982162632774781463222038822912
187 115 6240242323893382357107978278051517164731236977170720038277325193735705885320122139472853165142600469098528768
115 187 6240242323893382357107978278051517164731236977170720038277325193735705885320122139472853165142600469098528768
187 139 -3549819499314932067680443770687355438878193044714319976384198811182815322924418847333895796607605704423899136
139 187 -3549819499314932067680443770687355438878193044714319976384198811182815322924418847333895796607605704423899136
187 163 108853824451080536803438934461417095888127084586978288657544473860117106234364972325621888116454339487809536
163 187 108853824451080536803438934461417095888127084586978288657544473860117106234364972325621888116454339487809536
187 187 -6072278271967698293971391295321693839348788749454294475713303914723881000480983788070623467858618037593984
186 18 12421147942167662350102350853445631141560403486499630659978299652909583429575236386816
18 186 12421147942167662350102350853445631141560403486499630659978299652909583429575236386816
186 42 8652442089525608888063075617233865609404088429298357379214581988599557730836517711841160947927351296
42 186 8652442089525608888063075617233865609404088429298357379214581988599557730836517711841160947927351296
186 66 -1464270894289500004319686465445718980163519698536489939708330300156025527393794905673556818765533711171584
66 186 -1464270894289500004319686465445718980163519698536489939708330300156025527393794905673556818765533711171584
186 90 -31377512611323311935560528643330383698834310838842561922274339729011465533771799082758276525074354563710976
90 186 -31377512611323311935560528643330383698834310838842561922274339729011465533771799082758276525074354563710976
186 114 -7108186157204634642802929534628919928301673993419049971654549468702347681510720345827637509021746280410382336
114 186 -7108186157204634642802929534628919928301673993419049971654549468702347681510720345827637509021746280410382336
186 138 4664901780268010449615557735578266374730368361381877996614006239446044388703440244590689686940417629855154176
138 186 4664901780268010449615557735578266374730368361381877996614006239446044388703440244590689686940417629855154176
186 162 -151542977762430507873989591687223313166941732183220140312220669791248562511746538709513593221865996255554560
162 186 -151542977762430507873989591687223313166941732183220140312220669791248562511746538709513593221865996255554560
186 186 8809309041127135367776207456429743293460941949580004285655870637051598752007963678800655463391819845745448
185 17 -1282630568452139992765346456881839797422320009070723507809862671622639441004896190464
17 185 -1282630568452139992765346456881839797422320009070723507809862671622639441004896190464
185 41 -4213340575652414690265192064998611972167876062236064038254957618099282215830483697732113025206321152
41 185 -4213340575652414690265192064998611972167876062236064038254957618099282215830483697732113025206321152
185 65 1201829021114219579636891781054528252358244859240061110601796392375490448106606278040322063985272348999680
65 185 1201829021114219579636891781054528252358244859240061110601796392375490448106606278040322063985272348999680
185 89 42729861637816182514518730074763165404051023123138460635091368278487928219486813313269090241664074838441984
89 185 42729861637816182514518730074763165404051023123138460635091368278487928219486813313269090241664074838441984
185 113 7987913039173879545036356235069487078406066858702990674571250163769489425588560888683197665537984685353730048
113 185 7987913039173879545036356235069487078406066858702990674571250163769489425588560888683197665537984685353730048
185 137 -6101991898262283782708391398671801793446196531193899246055157561409990333329882765201208414112830476192317440
137 185 -6101991898262283782708391398671801793446196531193899246055157561409990333329882765201208414112830476192317440
185 161 210292340352923498504239874085326452995749253992365016577608324509741025796765757797745826368715871857311744
161 185 210292340352923498504239874085326452995749253992365016577608324509741025796765757797745826368715871857311744
185 185 -12735194200041157943541617855572866116118148226165737516423463764307156431671757748115754081423344788263680
184 16 31307734274216855379970723393064039076710397638166469581048162740712454592250511360
16 184 31307734274216855379970723393064039076710397638166469581048162740712454592250511360
184 40 1977811866136256104251282406698628138173812207267818583873338945087631286830243149733075499192680448
40 184 1977811866136256104251282406698628138173812207267818583873338945087631286830243149733075499192680448
184 64 -973463500943627906594728490002457468522552866632425526986508770269870455628181735406900477628934170607616
64 184 -973463500943627906594728490002457468522552866632425526986508770269870455628181735406900477628934170607616
184 88 -52552908411335885964756762538801134354220311361352573153304684699827725097137289001108003787626106492813312
88 184 -52552908411335885964756762538801134354220311361352573153304684699827725097137289001108003787626106492813312
184 112 -8847780949850895444100153102143855055232220259407878466509223470252498495707341332994623765011174193878794240
112 184 -8847780949850895444100153102143855055232220259407878466509223470252498495707341332994623765011174193878794240
184 136 7944135674494977745023171159682780750980943461766527960173487517363027950573910182519286018206743821788643328
136 184 7944135674494977745023171159682780750980943461766527960173487517363027950573910182519286018206743821788643328
184 160 -290837765391752213995932680853975149290476435246282660597695654630295404209015821577995947148133091710992384
160 184 -290837765391752213995932680853975149290476435246282660597695654630295404209015821577995947148133091710992384
184 184 18343043717819126263473122665617295236977742988866355459709044430747352067430432002877918461881950244668416
183 15 20557897363661389927472598842551062379326370492870869313307562768723651618498674688
15 183 20557897363661389927472598842551062379326370492870869313307562768723651618498674688
183 39 -893559482083276371577930347938517878309556859138880609616471231920283621556017044960335781982896128
39 183 -893559482083276371577930347938517878309556859138880609616471231920283621556017044960335781982896128
183 63 777772532512389728560968329856651875748294516768838207658311636167594169192109663344601188978647464148992
63 183 777772532512389728560968329856651875748294516768838207658311636167594169192109663344601188978647464148992
183 87 60683205973822635335391967427924098423422861003999866445591827174128018581598136018241176975343926831480832
87 183 60683205973822635335391967427924098423422861003999866445591827174128018581598136018241176975343926831480832
183 111 9649217690076391403879555117389540483590080582460242241226508513047397402148381146485331166993113378031927296
111 183 9649217690076391403879555117389540483590080582460242241226508513047397402148381146485331166993113378031927296
183 135 -10292668290785648903195765664119880109578894387441126989511194363213113695622675331423238406712346174004658176
135 183 -10292668290785648903195765664119880109578894387441126989511194363213113695622675331423238406712346174004658176
183 159 400838625589753394156395448997640740461056295263149983794441467841054193796395937617731775565753773196959744
159 183 400838625589753394156395448997640740461056295263149983794441467841054193796395937617731775565753773196959744
183 183 -26318782322594165115960056539394999479491705166609767098200433279587391278345672484570149269505582036533312
182 14 -5384741434635036446834687860847861819165644337681299335594288974694735805499310080
14 182 -5384741434635036446834687860847861819165644337681299335594288974694735805499310080
182 38 387856334526656791572790901540122095248943273916756451752403412515826441229305292242847662876917760
38 182 387856334526656791572790901540122095248943273916756451752403412515826441229305292242847662876917760
182 62 -612673217845767014159246416858601953303900305427516824430300062280639849104995297441659445919027067617280
62 182 -612673217845767014159246416858601953303900305427516824430300062280639849104995297441659445919027067617280
182 86 -67049544751787790178686437962429818081068619130506611235017705312628319957469852240640321723240169722609664
86 182 -67049544751787790178686437962429818081068619130506611235017705312628319957469852240640321723240169722609664
182 110 -10347272189560990940093431450323942397385044609965203705515517561327591549097244980366785907046785710016167936
110 182 -10347272189560990940093431450323942397385044609965203705515517561327591549097244980366785907046785710016167936
182 134 13270423341777819992526871735007485249636961320062899790950394363968368298154581548806732724315161820567437312
134 182 13270423341777819992526871735007485249636961320062899790950394363968368298154581548806732724315161820567437312
182 158 -550481268183047405416319282625794983032918408841046563861548778312720554011210589923826618740166047003312128
158 182 -550481268183047405416319282625794983032918408841046563861548778312720554011210589923826618740166047003312128
182 182 37611556475570690350030819861702215346755794147382303386466757265186815146843872708365700428161168731713536
181 13 823677374626272502710900076998151824450097069399101427212600467493324832659996672
13 181 823677374626272502710900076998151824450097069399101427212600467493324832659996672
181 37 -161413992329824833853038925366209086129107809596721396269940438943051679283993233041489912500584448
37 181 -161413992329824833853038925366209086129107809596721396269940438943051679283993233041489912500584448
181 61 475576361616279309882499902855751837186086284978432280687756921861022647840490638642737203210637350535168
61 181 475576361616279309882499902855751837186086284978432280687756921861022647840490638642737203210637350535168
181 85 71668410659149627589208426060349082832484943526177467925889556687239560072378279219087248030376049292345344
85 181 71668410659149627589208426060349082832484943526177467925889556687239560072378279219087248030376049292345344
181 109 10891714933513029500648102670029892807559166497635454589283216355902497531034271812410593640678782830630666240
109 181 10891714933513029500648102670029892807559166497635454589283216355902497531034271812410593640678782830630666240
181 133 -17025324581031180097934902128882009424481901871632443945879977774063162204198470860582557374145621937291788288
133 181 -17025324581031180097934902128882009424481901871632443945879977774063162204198470860582557374145621937291788288
181 157 753262056443202510326904517154384761010189456389509345830016345417292252618635635481066755995588940838338560
157 181 753262056443202510326904517154384761010189456389509345830016345417292252618635635481066755995588940838338560
181 181 -53528358944788815222822303192343496778643837767582541804886009529010061236535645607348392587986569261155328
180 12 -89890482966088019713993587156226421683726121152836117179841408566930384189652992
12 180 -89890482966088019713993587156226421683726121152836117179841408566930384189652992
180 36 64251562057738897102255693578503035240721345480190040260349307511471026493950201979626622518558720
36 180 64251562057738897102255693578503035240721345480190040260349307511471026493950201979626622518558720
180 60 -363562699183498040801635898783072523470143253462326491159710590842070247936628105782255770572100122705920
60 180 -363562699183498040801635898783072523470143253462326491159710590842070247936628105782255770572100122705920
180 84 -74632272727457787133700417956429780606498149722029430870900017496973438601131699130653484756983436187533312
84 180 -74632272727457787133700417956429780606498149722029430870900017496973438601131699130653484756983436187533312
180 108 -11228723788562327387208356955454965788154029587107027975859492398135092073617139281374887290425179116658491392
108 180 -11228723788562327387208356955454965788154029587107027975859492398135092073617139281374887290425179116658491392
180 132 21734349295481983028386143705853488064441953465782928711545723852183727446672748413743196758048711122217861120
132 180 21734349295481983028386143705853488064441953465782928711545723852183727446672748413743196758048711122217861120
180 156 -1027002024386190074234232952593134283955278964826209995025837336313039489231960101340097628433493599986761728
156 180 -1027002024386190074234232952593134283955278964826209995025837336313039489231960101340097628433493599986761728
180 180 75861043610379645502586724114416021727274387359421436048305336697157530526785212866472171671609872795611216
179 11 7173590393094585982409402852814545264226632261634331945767597371599130988642304
11 179 7173590393094585982409402852814545264226632261634331945767597371599130988642304
179 35 -24389980541382172511357363225672722298641103734317962861307002434050773233482682699604209210228736
35 179 -24389980541382172511357363225672722298641103734317962861307002434050773233482682699604209210228736
179 59 273549491781090843929885764539205471461990612410541883841889856374479881029637498872772811249954926362624
59 179 273549491781090843929885764539205471461990612410541883841889856374479881029637498872772811249954926362624
179 83 76092208688638181489215818509273002929821624378883877018193404439861284632459044628458527603214973503799296
83 179 76092208688638181489215818509273002929821624378883877018193404439861284632459044628458527603214973503799296
179 107 11303149869740824668086367876739602809765961851446339526223963183710988787706942772742333233479580524866437120
107 179 11303149869740824668086367876739602809765961851446339526223963183710988787706942772742333233479580524866437120
179 131 -27607809468960425061061673569432557784925033486762314691232964397328380555675949217687747967903359303696777216
131 179 -27607809468960425061061673569432557784925033486762314691232964397328380555675949217687747967903359303696777216
179 155 1395159436512337507495525577054424828110614857758261988419472923638126582829031460149937131904973223378288640
155 179 1395159436512337507495525577054424828110614857758261988419472923638126582829031460149937131904973223378288640
179 179 -107056717889577630445644606384686993557287675535165083609772019058020122473071291214696785175973138522310656
178 10 -403906270019319892271876846784479715590939197313217938105251699215280224862208
10 178 -403906270019319892271876846784479715590939197313217938105251699215280224862208
178 34 8796224527510388872728313393991234752384736894309217807541220612922521099413877802532057418563584
34 178 8796224527510388872728313393991234752384736894309217807541220612922521099413877802532057418563584
178 58 -202438477161807511168689795863796962680939147198554887522031246382399825767149051484947425163043300966400
58 178 -202438477161807511168689795863796962680939147198554887522031246382399825767149051484947425163043300966400
178 82 -76237063169037611337795086688774997111748845999710579432839782689830220705774369645568027411921031271546880
82 178 -76237063169037611337795086688774997111748845999710579432839782689830220705774369645568027411921031271546880
178 106 -11061309072533323228222103377932201346983465473729600593651532328173782043198258586795984375144238778083704832
106 178 -11061309072533323228222103377932201346983465473729600593651532328173782043198258586795984375144238778083704832
178 130 34893826823551870547635769186250869136441482833226434157882408269747347211406729526117080360385014676806696960
130 178 34893826823551870547635769186250869136441482833226434157882408269747347211406729526117080360385014676806696960
178 154 -1888523667571901028552098290357439172555410442665082908846670806996677872154123884021922012878685898044080128
154 178 -1888523667571901028552098290357439172555410442665082908846670806996677872154123884021922012878685898044080128
178 178 150446225902282761400123279446808861387023176589529213545867029060747260587375490833462801712644674926854144
177 9 14967758946512988424492195449338941005571179532055666935936057071448891588608
9 177 14967758946512988424492195449338941005571179532055666935936057071448891588608
177 33 -2999229010177820282000550636114493550253244633576987587860453522581558936174231048111850189225984
33 177 -2999229010177820282000550636114493550253244633576987587860453522581558936174231048111850189225984
177 57 147238899190431320146743717972550992245268273942218735656933418535384819628823839439758646405094027821056
57 177 147238899190431320146743717972550992245268273942218735656933418535384819628823839439758646405094027821056
177 81 75271741024014155418644088294811436061409266987587936830087344425684895334997030474365391815334147620077568
81 177 75271741024014155418644088294811436061409266987587936830087344425684895334997030474365391815334147620077568
177 105 10454192079144173255645226704861728092318107545947117539184319576305079484274737205436927974386766021591564288
105 177 10454192079144173255645226704861728092318107545947117539184319576305079484274737205436927974386766021591564288
177 129 -43882772703820635723955202487558501273534511268439579783842311571567136373108451742775653573268966468040523776
129 177 -43882772703820635723955202487558501273534511268439579783842311571567136373108451742775653573268966468040523776
177 153 2547393618757261867956697470660482504069937177627542397135821634690801223925720938182457212298895402113695744
153 177 2547393618757261867956697470660482504069937177627542397135821634690801223925720938182457212298895402113695744
177 177 -210550258580753320927680452315159995835933641332878136785603466236699130226765379876561194156044656292266496
176 8 -327825684563243803587199183246400626483239316945371464643725215043319496704
8 176 -327825684563243803587199183246400626483239316945371464643725215043319496704
176 32 960423592522343219334775234251635146283116142236326680053409088999013734721524538294445501579264
32 176 960423592522343219334775234251635146283116142236326680053409088999013734721524538294445501579264
176 56 -105162287086171966918990652325276528478835521113113111933585733208788701331380907755526634570465610301440
56 176 -105162287086171966918990652325276528478835521113113111933585733208788701331380907755526634570465610301440
176 80 -73397289924474038700746318707787950116665138699104414659847928415908669494568693042751543702642636917571584
80 176 -73397289924474038700746318707787950116665138699104414659847928415908669494568693042751543702642636917571584
176 104 -9440933532213656136765524098574777499657509520065219832084849527926387349899724332390961246377464168406056960
104 176 -9440933532213656136765524098574777499657509520065219832084849527926387349899724332390961246377464168406056960
176 128 54911297907988503512139823762488797520896183694996974332932488094183754984037732325028500808111055496443592704
128 176 54911297907988503512139823762488797520896183694996974332932488094183754984037732325028500808111055496443592704
176 152 -3424365733072965340486377874900737664064400168221799649320064294208738489601322668855043938002913284843372544
152 176 -3424365733072965340486377874900737664064400168221799649320064294208738489601322668855043938002913284843372544
176 176 293488699485106020215569962649876723791643887821861687355344710891957633078886912046046695390111203914694656
175 7 4270923770779788238832696164765293988145706009231054165457329737816866816
7 175 4270923770779788238832696164765293988145706009231054165457329737816866816
175 31 -286114137342062151166928930057942241677229368880389800870871343245531186819905165465352721661952
31 175 -286114137342062151166928930057942241677229368880389800870871343245531186819905165465352721661952
175 55 73688396210424083964767839834466054013735563116330064069744751023215423230877316955142896422272274268160
55 175 73688396210424083964767839834466054013735563116330064069744751023215423230877316955142896422272274268160
175 79 70795096101707468160283380012520932796491288987856999043211844602950524241531936751545567446679901612015616
79 175 70795096101707468160283380012520932796491288987856999043211844602950524241531936751545567446679901612015616
175 103 7992334657838138871497836436754616918985591161736822707710632620729144905285198694284628266275161936983228416
103 175 7992334657838138871497836436754616918985591161736822707710632620729144905285198694284628266275161936983228416
175 127 -68365389954534064055944458956194483962250705944575288105152711571545450471429995294432856351226344412347891712
127 175 -68365389954534064055944458956194483962250705944575288105152711571545450471429995294432856351226344412347891712
175 151 4587879344383068532481617196039303048655820141112614850010954979890330407317243911907835474351776380066201600
151 175 4587879344383068532481617196039303048655820141112614850010954979890330407317243911907835474351776380066201600
175 175 -407526214401317054193331771378331715715780743237303600525550840457829005813496247939704130605547033224437760
174 6 -17209325668589096195953623022332831474800175329568401089424441810616320
6 174 -17209325668589096195953623022332831474800175329568401089424441810616320
174 30 78151596637595192442863831345563916592176785401180000649875934108861973331812468272991444140032
30 174 78151596637595192442863831345563916592176785401180000649875934108861973331812468272991444140032
174 54 -50603971971679926985177899920135090916871312678771169236355256948119381783078085824550743014640118136832
54 174 -50603971971679926985177899920135090916871312678771169236355256948119381783078085824550743014640118136832
174 78 -67616841893698948824445785670351385057160255013165226730820591646109237572847848712513530231483697559764992
78 174 -67616841893698948824445785670351385057160255013165226730820591646109237572847848712513530231483697559764992
174 102 -6094197932190336656655016192177944478648499966986326040801254122167663027448758068197295793330009786149765120
102 174 -6094197932190336656655016192177944478648499966986326040801254122167663027448758068197295793330009786149765120
174 126 84681672639680409052059066099953605737709148230911801522103191102764534853032314929094029450843243425499709440
126 174 84681672639680409052059066099953605737709148230911801522103191102764534853032314929094029450843243425499709440
174 150 -6126688702034700551826715021731831412072173642181147877591545162997421797474276319077570287461947186414092288
150 174 -6126688702034700551826715021731831412072173642181147877591545162997421797474276319077570287461947186414092288
174 174 563795778632136663537677277211503570781500284773120274281975720771302320128509675443241949657076470127708672
173 5 32764248132850939660743653397465659082596451314991357597545509421056
5 173 32764248132850939660743653397465659082596451314991357597545509421056
173 29 -19093738051702036465728664977870250964601494986753219707586436788788686309521544231962233798656
29 173 -19093738051702036465728664977870250964601494986753219707586436788788686309521544231962233798656
173 53 34017626084826980157342147778569938474609449895195402635226923122027549545378621382976036213090894741504
53 173 34017626084826980157342147778569938474609449895195402635226923122027549545378621382976036213090894741504
173 77 63980951279519457132186107931174907162723692849387602244260957001521558106142372160834804726269957917114368
77 173 63980951279519457132186107931174907162723692849387602244260957001521558106142372160834804726269957917114368
173 101 3750211936750564531130175783411200799151358428844924193862437599866546844028140911754154384147472994376089600
101 173 3750211936750564531130175783411200799151358428844924193862437599866546844028140911754154384147472994376089600
173 125 -104345922719426496399654564956707763371477399558223375642503328351205291263214868707909874843221566055602192384
125 173 -104345922719426496399654564956707763371477399558223375642503328351205291263214868707909874843221566055602192384
173 149 8155449010481370595630585166676873090223576838229889003299878212573524470159457016003974170792061884971352064
149 173 8155449010481370595630585166676873090223576838229889003299878212573524470159457016003974170792061884971352064
173 173 -777251618811865381628338085801176811436644959930149692891302901084656768061565924873039803885903108812029952
172 4 -65730650682809803462391683918489414049409338863006166072577490944
4 172 -65730650682809803462391683918489414049409338863006166072577490944
172 28 3966541239678364374362019230041037980499709589142534877745039043859343275794419227895495917568
28 172 3966541239678364374362019230041037980499709589142534877745039043859343275794419227895495917568
172 52 -22355115648458079802242146892162490297240714613117837789680517770612462799306293675967856841132446056448
52 172 -22355115648458079802242146892162490297240714613117837789680517770612462799306293675967856841132446056448
172 76 -59975225842633481798782511929482198116387082549985803759654015532586839931974597715728519701787826500665344
76 172 -59975225842633481798782511929482198116387082549985803759654015532586839931974597715728519701787826500665344
172 100 -984122875841403878876100723556026004480844201958433295852167094472114193725502677708675301789800144014671872
100 172 -984122875841403878876100723556026004480844201958433295852167094472114193725502677708675301789800144014671872
172 124 127887552163738173861767828370213134101209785913923272569756338509208534988537004800831319884664688674642853888
124 172 127887552163738173861767828370213134101209785913923272569756338509208534988537004800831319884664688674642853888
172 148 -10821615177890125070493778185316711492606321227534714598908497756192880820297548710544343821228668890290061312
148 172 -10821615177890125070493778185316711492606321227534714598908497756192880820297548710544343821228668890290061312
172 172 1067913586524300703981556768930318393740125790561352720339163196829538146006381849959901627390283770906869760
171 3 15410267892432818225472905284049321486077789843813379749183488
3 171 15410267892432818225472905284049321486077789843813379749183488
171 27 -606829605209704916621230164026956565614001347608603405205077765509178823794496414131029016576
27 171 -606829605209704916621230164026956565614001347608603405205077765509178823794496414131029016576
171 51 14339758714433281987242689864458311513792571275844184217418069745487483427124241407392783431270859276288
51 171 14339758714433281987242689864458311513792571275844184217418069745487483427124241407392783431270859276288
171 75 55664418746783023987290016520291001982493658223296099992738034267105035643206493094380374449952016415326208
75 171 55664418746783023987290016520291001982493658223296099992738034267105035643206493094380374449952016415326208
171 99 -2159051460451994078981076176398084831101094317082587171992488325003463331008897565909841207415622234321977344
99 171 -2159051460451994078981076176398084831101094317082587171992488325003463331008897565909841207415622234321977344
171 123 -155868637090971578555265243153492008642058980999644572330009282197161785962014198805533366311502949776225206272
123 171 -155868637090971578555265243153492008642058980999644572330009282197161785962014198805533366311502949776225206272
171 147 14313853530721749655312182479723342922913762589642054181465240439181039166473223116651631606835552875318345728
147 171 14313853530721749655312182479723342922913762589642054181465240439181039166473223116651631606835552875318345728
171 171 -1462475843992173491574331531055465747642885058624238717354744817566994989838950084031413614923690780006076416
170 2 458926562316104366344327017610649871067146433373143040
2 170 458926562316104366344327017610649871067146433373143040
170 26 20220839222659925564158762709270207940327098541231737300309600024756256395182209009207738368
26 170 20220839222659925564158762709270207940327098541231737300309600024756256395182209009207738368
170 50 -8962701165305159517801435992738682323420984875248996030365710196838841475235855195475226472471892852736
50 170 -8962701165305159517801435992738682323420984875248996030365710196838841475235855195475226472471892852736
170 74 -51100772165930372028672376080403459568316819835513198903730554304968803714600188003853943368413697611399168
74 170 -51100772165930372028672376080403459568316819835513198903730554304968803714600188003853943368413697611399168
170 98 5612968569336395448454023118834705014466051840901001215727113661383991583815105695684141605399156064971128832
98 170 5612968569336395448454023118834705014466051840901001215727113661383991583815105695684141605399156064971128832
170 122 188866024493299488668480646055910372085599739259477009209138738831983222896905145579761747450526204028201730048
122 170 188866024493299488668480646055910372085599739259477009209138738831983222896905145579761747450526204028201730048
170 146 -18872155862275787000110305205900987208141853838074379804199591950280157812522205436230383881214450721678688256
146 170 -18872155862275787000110305205900987208141853838074379804199591950280157812522205436230383881214450721678688256
170 170 1996363533149209611989922025654144623156611109152060172062327582745928560061875218665756746905376474027261952
169 1 153546374907225486687450887175449834684416
1 169 153546374907225486687450887175449834684416
169 25 30641091132491350282545049091499570762700057012904813105395683149923548653185405698869035008
25 169 30641091132491350282545049091499570762700057012904813105395683149923548653185405698869035008
169 49 5447370796386437238095393213812893170181538607622482418255535385236364131343863066927621269622664200192
49 169 5447370796386437238095393213812893170181538607622482418255535385236364131343863066927621269622664200192
169 73 46335179935315103930642639675547618336779981730896925571401666494648016988208505760094208690070920663924736
73 169 46335179935315103930642639675547618336779981730896925571401666494648016988208505760094208690070920663924736
169 97 -9291210651835271006776666244964744521286925943079660418608739113193001591338163816864195956717822164965785600
97 169 -9291210651835271006776666244964744521286925943079660418608739113193001591338163816864195956717822164965785600
169 121 -227445181513191507252666833415461646078257538468092264782439970344306726587498097748045883772099682939239923712
121 169 -227445181513191507252666833415461646078257538468092264782439970344306726587498097748045883772099682939239923712
169 145 24799820488614449732798268946471251449226159862494129946464878944091546678494688120455935819187156140762857472
145 169 24799820488614449732798268946471251449226159862494129946464878944091546678494688120455935819187156140762857472
169 169 -2716331699804903069550299892290649784745149349978260355521308665010890033346671716135059077181001474213478400
168 24 -15257593214249049130753934313660592007039809104082944942842995855845257702044863048546516992
24 168 -15257593214249049130753934313660592007039809104082944942842995855845257702044863048546516992
168 48 -3211820223712604305690716936252456672924155268213379601668348521845691302445073279729816582525510746112
48 168 -3211820223712604305690716936252456672924155268213379601668348521845691302445073279729816582525510746112
168 72 -41426693530828554571771917342875394111565102327038036787113589871707110809518809972653535572629110441115648
72 168 -41426693530828554571771917342875394111565102327038036787113589871707110809518809972653535572629110441115648
168 96 13089898649464199958085457041429852142168472008403678482963788992380238744823845364479426280398599521210204160
96 168 13089898649464199958085457041429852142168472008403678482963788992380238744823845364479426280398599521210204160
168 120 272124834849212450952319116897392494856943707706916693050311735271632334200103005235701749011532046698962485248
120 168 272124834849212450952319116897392494856943707706916693050311735271632334200103005235701749011532046698962485248
168 144 -32477427387332908854616117366140155396959296619059564702774963724022076777910951987113486253210437722608500736
144 168 -32477427387332908854616117366140155396959296619059564702774963724022076777910951987113486253210437722608500736
168 168 3683711644770483798074360107707009245288858329534732479410966367033985680154994718822708137727185532710649856
167 23 4904447660503081237651980924891644243006168461604997574214270540848379968967697038248509440
23 167 4904447660503081237651980924891644243006168461604997574214270540848379968967697038248509440
167 47 1831877478915146189785331361026053503058962058945671805257171314887572671608607382010351543398594248704
47 167 1831877478915146189785331361026053503058962058945671805257171314887572671608607382010351543398594248704
167 71 36448548847678942652822124249639761685151165231194198235450771225360917778889571626257526107935896072355840
71 167 36448548847678942652822124249639761685151165231194198235450771225360917778889571626257526107935896072355840
167 95 -16891639358145066221628036610150448101318453157906321889832512957223338699129051458430067742523768853650997248
95 167 -16891639358145066221628036610150448101318453157906321889832512957223338699129051458430067742523768853650997248
167 119 -323332131982310980643446243095921584090714906903494695780344968011759956858400103469286677920117861642359799808
119 167 -323332131982310980643446243095921584090714906903494695780344968011759956858400103469286677920117861642359799808
167 143 42378888056242311225622918790104868827305997535408663589036285093017798401678943429105646388653698699464015872
143 167 42378888056242311225622918790104868827305997535408663589036285093017798401678943429105646388653698699464015872
167 167 -4978422569053542024148757271457696052482458596431622968180317315474145168266109219861308719276882209391247360
166 22 -1233382194377396382393920905175262424594576695358275164309615906928010709890313255246626816
22 166 -1233382194377396382393920905175262424594576695358275164309615906928010709890313255246626816
166 46 -1007194243881653619989875890252357762915618070863497209914367867956483428878919464269414047371239620608
46 166 -1007194243881653619989875890252357762915618070863497209914367867956483428878919464269414047371239620608
166 70 -31489659700075984062080586217685586149645469993393784761942630748089691136877618714264017406666177891008512
70 166 -31489659700075984062080586217685586149645469993393784761942630748089691136877618714264017406666177891008512
166 94 20570671899247704288265850388346954868133337581732327819669170873248120461771050035225612981470816009860415488
94 166 20570671899247704288265850388346954868133337581732327819669170873248120461771050035225612981470816009860415488
166 118 381349064585109984114266164435117145405618633986871171571975148859617321516931053556562631142917980131352903680
118 166 381349064585109984114266164435117145405618633986871171571975148859617321516931053556562631142917980131352903680
166 142 -55089603261352213328265122794859152077469087424586686211034002386724179499850187934790474416822725349879054336
142 166 -55089603261352213328265122794859152077469087424586686211034002386724179499850187934790474416822725349879054336
166 166 6703883744884135273961587415823843928730758835554365551041619350302469561236863286563746294299232941461471232
165 21 250196048179751450820993626870595009862968451529694512282357931439184642441474328861081600
21 165 250196048179751450820993626870595009862968451529694512282357931439184642441474328861081600
165 45 531493530277506632219806382779265666698759675393954651716242715948941774468879755061805098277309251584
45 165 531493530277506632219806382779265666698759675393954651716242715948941774468879755061805098277309251584
165 69 26651448721863567271400610042056384552584117007886535600549734195508950710087648000317889020567705188564992
69 165 26651448721863567271400610042056384552584117007886535600549734195508950710087648000317889020567705188564992
165 93 -23998975771583471601456084282118019522379935798107868081005994485431613536935652006914094854197441573286838272
93 165 -23998975771583471601456084282118019522379935798107868081005994485431613536935652006914094854197441573286838272
165 117 -446252205797819460593655898711245551403195622083536902149712438250874653140010852673042043504009490669701693440
117 165 -446252205797819460593655898711245551403195622083536902149712438250874653140010852673042043504009490669701693440
165 141 71326724814428235021280823631575302845584802296752721406123998204846695472999376145514030081194354075664121856
141 165 71326724814428235021280823631575302845584802296752721406123998204846695472999376145514030081194354075664121856
165 165 -8992988941827969138797129829577576676462819059009233622057669131863024696780031833933056981991351192996282368
164 20 -39625650190954601183151333887407680164546597848556981509044832157498285494390940244115456
20 164 -39625650190954601183151333887407680164546597848556981509044832157498285494390940244115456
164 44 -267634165520019153418398034800513335805197869485096442286944190878906265994751387524027452389232476160
44 164 -267634165520019153418398034800513335805197869485096442286944190878906265994751387524027452389232476160
164 68 -22040786847223224309472482483808573759165990162905795579937252391988112244104215502888736252714295006068736
68 164 -22040786847223224309472482483808573759165990162905795579937252391988112244104215502888736252714295006068736
164 92 27053004573553320981022011774526107240772132223058808381254192356705493178931566010616649095251321555471302656
92 164 27053004573553320981022011774526107240772132223058808381254192356705493178931566010616649095251321555471302656
164 116 517849345798071014725179737272128104435507452313942017392222291250063963115169897977104560330717136136154644480
116 164 517849345798071014725179737272128104435507452313942017392222291250063963115169897977104560330717136136154644480
164 140 -91961504873671273201794353094757814745196013627016470789824536961263207186844238236737725729722061590909419520
140 164 -91961504873671273201794353094757814745196013627016470789824536961263207186844238236737725729722061590909419520
164 164 12015346368297599297859482133050711346788533929241526981261459654299892997302966266048661905956253860553031680
163 19 4209687649399077184564427869402230028416094061715046630745919252831446858181423195488256
19 163 4209687649399077184564427869402230028416094061715046630745919252831446858181423195488256
163 43 127565064619383839541639195014162740928051041223979472105434088745247432879666443708967555824414097408
43 163 127565064619383839541639195014162740928051041223979472105434088745247432879666443708967555824414097408
163 67 17760517556167604235586053193756339677354903291180352169790463238984924609769356476608671139287701892628480
67 163 17760517556167604235586053193756339677354903291180352169790463238984924609769356476608671139287701892628480
163 91 -29620625987903093972011883853244029120561741094656885985985668403129632859270986523243406216738967640606769152
91 163 -29620625987903093972011883853244029120561741094656885985985668403129632859270986523243406216738967640606769152
163 115 -595618215471441950767707634487441562332717247514476881636614350840261622107011303405636945153832114932779319296
115 163 -595618215471441950767707634487441562332717247514476881636614350840261622107011303405636945153832114932779319296
163 139 118043741764731662960912787983119208602171051066671922565714046544241709905873313797110996963521050526504452096
139 163 118043741764731662960912787983119208602171051066671922565714046544241709905873313797110996963521050526504452096
163 163 -15986050546551037397960016690876883510415133952727720034581618444669676996865640089083331321323012632921243648
162 18 -39790900536952617837422356787370387427410948447792493881481351436790802634633696509952
18 162 -39790900536952617837422356787370387427410948447792493881481351436790802634633696509952
162 42 -56850131564241748309385162909474219934300851948512531896345538632761164142215330992787287848389705728
42 162 -56850131564241748309385162909474219934300851948512531896345538632761164142215330992787287848389705728
162 66 -13899424634633506493086490276517181722632071311135492526612941562418437384748599411718181408771197116612608
66 162 -13899424634633506493086490276517181722632071311135492526612941562418437384748599411718181408771197116612608
162 90 31607789006658648854753891294511616494084395617613431081294339870051547587337260405347268496811280218076479488
90 162 31607789006658648854753891294511616494084395617613431081294339870051547587337260405347268496811280218076479488
162 114 678653951244959902178055070925122436658566045335993687479275176604813159367406982026736915067629487468843106304
114 162 678653951244959902178055070925122436658566045335993687479275176604813159367406982026736915067629487468843106304
162 138 -150828404202305935855276355411260670832519921603362650385313736316574482787049890066529088407898312791054876672
138 162 -150828404202305935855276355411260670832519921603362650385313736316574482787049890066529088407898312791054876672
162 162 21176343055013573883541061049229294792054773076631903932585549951523445812258611347894807590255045083304820736
161 17 -109081408148547718647384217495531610036538706944329227023561599979254561299688169930752
17 161 -109081408148547718647384217495531610036538706944329227023561599979254561299688169930752
161 41 23197862318526616709964442356656200068598341382254624415692026224847769349054937670299548386236301312
41 161 23197862318526616709964442356656200068598341382254624415692026224847769349054937670299548386236301312
161 65 10523505001172201618590069319126573894037324159093231463259043933056951756982621368208252160210400306003968
65 161 10523505001172201618590069319126573894037324159093231463259043933056951756982621368208252160210400306003968
161 89 -32944412735835155540513776470377767167129700411580090888622891478968700851179487247424406632152787617973272576
89 161 -32944412735835155540513776470377767167129700411580090888622891478968700851179487247424406632152787617973272576
161 113 -765633009251603771545291186571955168498538616625686103190292845187976677442270742468640752612228566725198610432
113 161 -765633009251603771545291186571955168498538616625686103190292845187976677442270742468640752612228566725198610432
161 137 191804634715473731009483227344842603646490212084928209507469848249762822792207531427329206188030980132970692608
137 161 191804634715473731009483227344842603646490212084928209507469848249762822792207531427329206188030980132970692608
161 161 -27926639326665920676360855587440449992656686251430220097050801923065729288451554929910821797214530041186091008
160 16 31085085221761293304100564304523568944818818500391622560532141484734011244917410496512
16 160 31085085221761293304100564304523568944818818500391622560532141484734011244917410496512
160 40 -8308530465321617538464599620849879051529437152882002463487984342267862315432807391116644267541397504
40 160 -8308530465321617538464599620849879051529437152882002463487984342267862315432807391116644267541397504
160 64 -7670053826367503772150662657907276942281936109542559779817068552988192704280000388899725166608430590328832
64 160 -7670053826367503772150662657907276942281936109542559779817068552988192704280000388899725166608430590328832
160 88 33589005379217250458014620796856928308480598068168888451003060476312754628677931051835932994503464460753043456
88 160 33589005379217250458014620796856928308480598068168888451003060476312754628677931051835932994503464460753043456
160 112 854801596172700134510402858111420786510656011759943429585404386492760127927454130784029162923566068693930606592
112 160 854801596172700134510402858111420786510656011759943429585404386492760127927454130784029162923566068693930606592
160 136 -242727478926634600892612996649831734353804997455913040054779056986681883009930681277997699714409625002400808960
136 160 -242727478926634600892612996649831734353804997455913040054779056986681883009930681277997699714409625002400808960
160 160 36662544365121573390322544589663605334236907545398450224572118693194506606289673724742792411270038344362360832
159 15 -5628814815040648037736023451709384825035272636866324786825264198619807674002569166848
15 159 -5628814815040648037736023451709384825035272636866324786825264198619807674002569166848
159 39 2329684911696716451513367992904871329417848025991061211858811415138113326861474302168089704762703872
39 159 2329684911696716451513367992904871329417848025991061211858811415138113326861474302168089704762703872
159 63 5345453019746458721698031497108584613056145123716487017705202798669651973547695329940084385221634542272512
63 159 5345453019746458721698031497108584613056145123716487017705202798669651973547695329940084385221634542272512
159 87 -33531582560092781917276249934235374096317174665767193083011809238874161752795382549884703635324942770728075264
87 159 -33531582560092781917276249934235374096317174665767193083011809238874161752795382549884703635324942770728075264
159 111 -943996081286057295190191834716590086286885754849073257128937231648944418959317565235745160156342990552482971648
111 159 -943996081286057295190191834716590086286885754849073257128937231648944418959317565235745160156342990552482971648
159 135 305652815888703156933718824585409258070811967674314980558260436469645023151190655187776259731917983037727440896
135 159 305652815888703156933718824585409258070811967674314980558260436469645023151190655187776259731917983037727440896
159 159 -47914636465230780348232641951808340365996411460107019408358634785730757009012144567807418237565409784483545088
158 14 770416955554133113494382596971964888445678328208865051864736032095154941419493261312
14 158 770416955554133113494382596971964888445678328208865051864736032095154941419493261312
158 38 -259302115014102340529883791921072773184985345287738827600408787274920351690952544130553469646929920
38 158 -259302115014102340529883791921072773184985345287738827600408787274920351690952544130553469646929920
158 62 -3526820256000131294556118831896015968498475775877050929206380045850889856958481913689917460259306712596480
62 158 -3526820256000131294556118831896015968498475775877050929206380045850889856958481913689917460259306712596480
158 86 32794562373210493391495741432374356752347923359668504214608250643954229649493142156514589108749303396236787712
86 158 32794562373210493391495741432374356752347923359668504214608250643954229649493142156514589108749303396236787712
158 110 1030701098369749767420145787144787870300641096285663272552771440476220860347387592279963665102760328390384812032
110 158 1030701098369749767420145787144787870300641096285663272552771440476220860347387592279963665102760328390384812032
158 134 -382976000897876110729875604610283161286962700924774458367130916844785792881550961933766548304544093127758053376
134 158 -382976000897876110729875604610283161286962700924774458367130916844785792881550961933766548304544093127758053376
158 158 62342935831438270939544146478780861225954400933262118548278251169712549557021067795309687486293934394841235456
157 13 -82987752596083164229417315760758477383969817609823864350071934676881554565540872192
13 157 -82987752596083164229417315760758477383969817609823864350071934676881554565540872192
157 37 -271453929264926885754956261658116268085931314102064528076068831330794032783821598945430436615028736
37 157 -271453929264926885754956261658116268085931314102064528076068831330794032783821598945430436615028736
157 61 2166981911342420426989977142610953009257753976341896582985529652989967190704619111661705747339695880142848
61 157 2166981911342420426989977142610953009257753976341896582985529652989967190704619111661705747339695880142848
157 85 -31431466419008350321479971204907476098406831524961189015048872548402311547934077790261530224024350112205504512
85 157 -31431466419008350321479971204907476098406831524961189015048872548402311547934077790261530224024350112205504512
157 109 -1112148076797692118648193500960723393989282775828629272950723243133321779941278154259975035124563406457252347904
109 157 -1112148076797692118648193500960723393989282775828629272950723243133321779941278154259975035124563406457252347904
157 133 477474568317056461682780762370721205323865613402115851238230114016884833754884571562521394655261699398338347008
133 157 477474568317056461682780762370721205323865613402115851238230114016884833754884571562521394655261699398338347008
157 157 -80767049215686892653345204602025434709381952667569465379768386323831594283252644317902214491091302710316630016
156 12 7050932421609561011398932505994032397751282533219653823062776177077642289964122112
12 156 7050932421609561011398932505994032397751282533219653823062776177077642289964122112
156 36 290782392486340111833024046160017358526677431232323837392844283866113133666498602767951532738478080
36 156 290782392486340111833024046160017358526677431232323837392844283866113133666498602767951532738478080
156 60 -1201714515728640548322683373472020338966810802383607608185595957194559930894169561316445229830042613186560
60 156 -1201714515728640548322683373472020338966810802383607608185595957194559930894169561316445229830042613186560
156 84 29523441187578290494156964244321800681800791238309995998731728579385735997493353645049135986819479967467831296
84 156 29523441187578290494156964244321800681800791238309995998731728579385735997493353645049135986819479967467831296
156 108 1185452876466678075749282950310319057899017511495740098431194772107819980667814952106717787745721688115636076544
108 156 1185452876466678075749282950310319057899017511495740098431194772107819980667814952106717787745721688115636076544
156 132 -592354842132068811596864740599009835946419677297745190329793429156623158613729310810356154473716608534535208960
132 156 -592354842132068811596864740599009835946419677297745190329793429156623158613729310810356154473716608534535208960
156 156 104202931943749398216241063449341802776194227864636617645671368886874923928593757788091257757082835145386360832
155 11 -463676527615774310730448673851256120987193623644513479194808909344080634591576064
11 155 -463676527615774310730448673851256120987193623644513479194808909344080634591576064
155 35 -194399079740198359755296447378470533749377185751514443150571906550703617991587259939300659016237056
35 155 -194399079740198359755296447378470533749377185751514443150571906550703617991587259939300659016237056
155 59 557939380825851666743682448982572138405223975865200941125582549862424478644131850711646022907749260591104
59 155 557939380825851666743682448982572138405223975865200941125582549862424478644131850711646022907749260591104
155 83 -27173815815477585731368985373907747481549076396847949052132542007407350697277986411342945643322271796058652672
83 155 -27173815815477585731368985373907747481549076396847949052132542007407350697277986411342945643322271796058652672
155 107 -1247786365672991139318771463804704271847360543977804579501883499489041687436117185009912017802171083725144588288
107 155 -1247786365672991139318771463804704271847360543977804579501883499489041687436117185009912017802171083725144588288
155 131 731301315939349043686669035321450550699672604337036435364869650457782887395703792602963530796306867383502372864
131 155 731301315939349043686669035321450550699672604337036435364869650457782887395703792602963530796306867383502372864
155 155 -133906964949459689210006529506211097313533688935013524225905457674384757740011958039072482460756257856227901440
154 10 22698913615050296571401914148701615435573643410886983060099633874107637788835840
10 154 22698913615050296571401914148701615435573643410886983060099633874107637788835840
154 34 107022361293035929533840263579872227874893637012674234550403114031211055870347366341724237547438080
34 154 107022361293035929533840263579872227874893637012674234550403114031211055870347366341724237547438080
154 58 -161573596412596935965861047088703611521064673916792635243439831248882108402654477205289727848310353428480
58 154 -161573596412596935965861047088703611521064673916792635243439831248882108402654477205289727848310353428480
154 82 24501108532432399420032065462667573646549993915716573789578333904138000714676279654271274031871195824558964736
82 154 24501108532432399420032065462667573646549993915716573789578333904138000714676279654271274031871195824558964736
154 106 1296566703112544744451902891422290708562617027961169311144133309740091972229232960067836302413923103765323317248
106 154 1296566703112544744451902891422290708562617027961169311144133309740091972229232960067836302413923103765323317248
154 130 -898526051588073360165050361114508202882877799929944081081289239572145175189512939943097297606264627422579130368
130 154 -898526051588073360165050361114508202882877799929944081081289239572145175189512939943097297606264627422579130368
154 154 171427538760226985000780180364074254267019911150256788144862124372318266805378380318693711454654500338426445824
153 9 -781889216280104309474434617774374468849169462935447228913723917933085150150656
9 153 -781889216280104309474434617774374468849169462935447228913723917933085150150656
153 33 -52022931975695127072691736404214951018703734290039544844559245569719856002552595294117518553120768
33 153 -52022931975695127072691736404214951018703734290039544844559245569719856002552595294117518553120768
153 57 -56003476648738447409536324093587734862153151491753548364819785677825412545495770145581402282532204969984
57 153 -56003476648738447409536324093587734862153151491753548364819785677825412545495770145581402282532204969984
153 81 -21631060391699741575812179334851090771098965187373085871543515961578396178760824303448481155436455212338905088
81 153 -21631060391699741575812179334851090771098965187373085871543515961578396178760824303448481155436455212338905088
153 105 -1329657455914519013900826625289673548130059329957458194605882874476933974361762313050710395720851149253871927296
105 153 -1329657455914519013900826625289673548130059329957458194605882874476933974361762313050710395720851149253871927296
153 129 1098813012233482805827297456438843509111205486614132587040195899287098448359718959920730825894568020292860379136
129 153 1098813012233482805827297456438843509111205486614132587040195899287098448359718959920730825894568020292860379136
153 153 -218663521194919869186780595888996379446181751029515110667505253337076685884793883764676743630723605812870119424
152 8 17501821976483122051292136611892484645322601665589457518886663679416666685440
8 152 17501821976483122051292136611892484645322601665589457518886663679416666685440
152 32 22942563616169548610547602444106098394508856594032076151496049065439777332418009007522046409703424
32 152 22942563616169548610547602444106098394508856594032076151496049065439777332418009007522046409703424
152 56 153501304242565796885786009572556162602976281992137029956790774173229689558652006572367653010209771618304
56 152 153501304242565796885786009572556162602976281992137029956790774173229689558652006572367653010209771618304
152 80 18688387239891913774395750316428506592853474258329868466119946499938850851406967540660908061401936780396068864
80 152 18688387239891913774395750316428506592853474258329868466119946499938850851406967540660908061401936780396068864
152 104 1345552277404138490213434319425189174356019801576242343368168183346652281546439199806888073678990168355502030848
104 152 1345552277404138490213434319425189174356019801576242343368168183346652281546439199806888073678990168355502030848
152 128 -1337549187153217106744177800822747886461263138389160526514162501044468386234467743233088492708591097455184969728
128 152 -1337549187153217106744177800822747886461263138389160526514162501044468386234467743233088492708591097455184969728
152 152 277927857425449753724149995599526536728304799343249983740793920892920992057560462967944995706579472705734574080
151 7 -184384689997711924089779764885942514261654658308288086539062793886563827712
7 151 -184384689997711924089779764885942514261654658308288086539062793886563827712
151 31 -9293117554672774538001165777314833869927778208608864857136964544291164877455532395525245685989376
31 151 -9293117554672774538001165777314833869927778208608864857136964544291164877455532395525245685989376
151 55 -177466493128365147286161652308537611847986840392208143839855110106349110978632022150452708293360069115904
55 151 -177466493128365147286161652308537611847986840392208143839855110106349110978632022150452708293360069115904
151 79 -15788980267567894937691604764579320533813257918271878040864431101128357176682842176264843664315036373868347392
79 151 -15788980267567894937691604764579320533813257918271878040864431101128357176682842176264843664315036373868347392
151 103 -1343525419173851272236789425307826429337876555703933880525753965569888343775668015332182977400269065290357145600
103 151 -1343525419173851272236789425307826429337876555703933880525753965569888343775668015332182977400269065290357145600
151 127 1620730718135524274598130052155514823691745077207614467462346788062096012043402008770710720687091042222751088640
127 151 1620730718135524274598130052155514823691745077207614467462346788062096012043402008770710720687091042222751088640
151 151 -352013176921917607007302948201517929353653328556977398956044142932264666255496121030684159018051889238720380928
150 6 1534285567181328195097151832822453180898100333191620828768209934554759168
6 150 1534285567181328195097151832822453180898100333191620828768209934554759168
150 30 3476406858821100760985874576249081434844358333498734821480933945229167782226441027156235148853248
30 150 3476406858821100760985874576249081434844358333498734821480933945229167782226441027156235148853248
150 54 162009463046029968197646644726659247725588230438917828005494603157570278687858472064878040243775230443520
54 150 162009463046029968197646644726659247725588230438917828005494603157570278687858472064878040243775230443520
150 78 13033241545512837941171227422115613841561288889083915566003586709010603115573316894437702670828658656697909248
78 150 13033241545512837941171227422115613841561288889083915566003586709010603115573316894437702670828658656697909248
150 102 1323728430753894961170995240740658609524143487920986900753010553314536473743831124314869441918856162990536785920
102 150 1323728430753894961170995240740658609524143487920986900753010553314536473743831124314869441918856162990536785920
150 126 -1954928321324006146717593817987435556483462734262304404562036578320988886087339250183149075420132024958654087168
126 150 -1954928321324006146717593817987435556483462734262304404562036578320988886087339250183149075420132024958654087168
150 150 444254821719686306808938161351683839723328717619101234782859104013706096808166110990153658211746234005888958464
149 5 -4468424707338274313799600510251402153360047551473856737637095945797632
5 149 -4468424707338274313799600510251402153360047551473856737637095945797632
149 29 -1202848784680495682787072558296578330779165491901718562359960496165183324252077719494066662539264
29 149 -1202848784680495682787072558296578330779165491901718562359960496165183324252077719494066662539264
149 53 -130019369561146185760399813774682440833248305325461996949572972531525893013858199428873774864984155619328
53 149 -130019369561146185760399813774682440833248305325461996949572972531525893013858199428873774864984155619328
149 77 -10501114890948169326349998046658570911495936278163337703429436563501280343605452768275487857003919222834724864
77 149 -10501114890948169326349998046658570911495936278163337703429436563501280343605452768275487857003919222834724864
149 101 -1287217273946453001897828809025192657415371806587107313105772097838792038197894661088216794276844556975477882880
101 149 -1287217273946453001897828809025192657415371806587107313105772097838792038197894661088216794276844556975477882880
149 125 2347192649909799868000167634674761627503123166063636518236667402825128373583409242093130150596022056921845465088
125 149 2347192649909799868000167634674761627503123166063636518236667402825128373583409242093130150596022056921845465088
149 149 -558585429120595345211577783848339260638682712146741497709973261530083677905715208680921544419341070128191111168
148 4 3927483782168151252589485848254596799750999990025876742037913468928
4 148 3927483782168151252589485848254596799750999990025876742037913468928
148 28 384426361580469878877715042733956925140392287560241991598413780581928615241689731065976560025600
28 148 384426361580469878877715042733956925140392287560241991598413780581928615241689731065976560025600
148 52 95263125587168243233372064633844318586549230738582890400144586199580591544982436916442904823140815208448
52 148 95263125587168243233372064633844318586549230738582890400144586199580591544982436916442904823140815208448
148 76 8249177982435031714007936896025374458707258527096133822486638813428955470941078534581828052531733899675435008
76 148 8249177982435031714007936896025374458707258527096133822486638813428955470941078534581828052531733899675435008
148 100 1235900610708037913735311985083494420100153393634356596798597053967734300630498034928593626546625223883220844544
100 148 1235900610708037913735311985083494420100153393634356596798597053967734300630498034928593626546625223883220844544
148 124 -2804877614902996648794702773887025570353530243152561033921307759710514288885603638861722210785654318378577297408
124 148 -2804877614902996648794702773887025570353530243152561033921307759710514288885603638861722210785654318378577297408
148 148 699574459334918459278364932521263839837345440867110026636578206399645310796913299042804295762959749413783732224
147 3 -1865298376093541653532149660828500649506250850584910007048863744
3 147 -1865298376093541653532149660828500649506250850584910007048863744
147 27 -113026362696014393325492006965334815474357714896657870425634490393860782860580644581972071415808
27 147 -113026362696014393325492006965334815474357714896657870425634490393860782860580644581972071415808
147 51 -64794384397875602861009977734559498905792067736907304360518662701208785602974048340837245291718332383232
51 147 -64794384397875602861009977734559498905792067736907304360518662701208785602974048340837245291718332383232
147 75 -6309923925396740585532446135278447327143006728836346299013894753256375514442081723331711112500220155714863104
75 147 -6309923925396740585532446135278447327143006728836346299013894753256375514442081723331711112500220155714863104
147 99 -1172408624926106379734817547058036336570531458662309210281177010737704856868825717361594787597227282167135993856
99 147 -1172408624926106379734817547058036336570531458662309210281177010737704856868825717361594787597227282167135993856
147 123 3335359004580707285582764603440645436340083137410975294209891653247053881554522157535383219749072109407827918848
123 147 3335359004580707285582764603440645436340083137410975294209891653247053881554522157535383219749072109407827918848
147 147 -872446270631442914717615283092444809794652631940198910400980026554222067726252041399445313830656552406454632448
146 2 108992215429453727985575176815445907268528973221134860288
2 146 108992215429453727985575176815445907268528973221134860288
146 26 30350302508133077704584540312867215526876291890925454307276951883154467606510818863151033876480
26 146 30350302508133077704584540312867215526876291890925454307276951883154467606510818863151033876480
146 50 41228045505365064812111577461235526356144015606045770252819951705604935072601506694680885722642548523008
50 146 41228045505365064812111577461235526356144015606045770252819951705604935072601506694680885722642548523008
146 74 4693112309799222997361498462030078455165626638762350871442231970217059214615569963829794941047153380324016128
74 146 4693112309799222997361498462030078455165626638762350871442231970217059214615569963829794941047153380324016128
146 98 1099891398141048712212423437479607628568979060333277861673538174066319437271601370958590822399931145153947893760
98 146 1099891398141048712212423437479607628568979060333277861673538174066319437271601370958590822399931145153947893760
146 122 -3945628038053943351448564191547611575882287421696637798343966169565892036575085084172603758849970921043866419200
122 146 -3945628038053943351448564191547611575882287421696637798343966169565892036575085084172603758849970921043866419200
146 146 1083071908097521240150674615036963774849023815274170572825157394507147716768315726912654992094103572820919320576
145 1 -39927668710467422456964337478280318292066304
1 145 -39927668710467422456964337478280318292066304
145 25 -7354292108590097159065684720265987375213647382835216571937004458120075920453494160689138237440
25 145 -7354292108590097159065684720265987375213647382835216571937004458120075920453494160689138237440
145 49 -24608713401079629258169333762174825052877081423036262892865269645768949518599712117146087299168805584896
49 145 -24608713401079629258169333762174825052877081423036262892865269645768949518599712117146087299168805584896
145 73 -3388846474508940948644133547627599190344612575961818381272129038799804141864515530651850333150656331339792384
73 145 -3388846474508940948644133547627599190344612575961818381272129038799804141864515530651850333150656331339792384
145 97 -1021765254818377847025696088046520757531654905469514032958085748292352044205176585314108998501314056902647218176
97 145 -1021765254818377847025696088046520757531654905469514032958085748292352044205176585314108998501314056902647218176
145 121 4641745719548590163263575954971652433445167267000858538973778627133230302413482643494623640283989332746460725248
121 145 4641745719548590163263575954971652433445167267000858538973778627133230302413482643494623640283989332746460725248
145 145 -1337932954323870598493610295586762160094548928185945869975711873332962101648437074595082861010411270161517510656
144 24 1574998133367328597535379918821057348455160425901701665794054844353163917676776508110269317120
24 144 1574998133367328597535379918821057348455160425901701665794054844353163917676776508110269317120
144 48 13767282673788044349395115897371958802210451684813045074899257755629601314477938603876259645698607153152
48 144 13767282673788044349395115897371958802210451684813045074899257755629601314477938603876259645698607153152
144 72 2371866728570063717235717825239904009490358202754801780574899631430708541660066005295763744717390798798192640
72 144 2371866728570063717235717825239904009490358202754801780574899631430708541660066005295763744717390798798192640
144 96 941433178423183892671376174507522896854330141003085069398279782357599250829975072699261290377526413103370076160
96 144 941433178423183892671376174507522896854330141003085069398279782357599250829975072699261290377526413103370076160
144 120 -5428154744836426073192989981372240016241166124913117020069551204765782895113017931717287044954745875023974629376
120 144 -5428154744836426073192989981372240016241166124913117020069551204765782895113017931717287044954745875023974629376
144 144 1644060593192919841501315539109040163040649208231341982683957778469653149912264201736451266532626009509083480064
143 23 -286156160023819644636623688505246596301075830743437106655078323553367007274419288348412608512
23 143 -286156160023819644636623688505246596301075830743437106655078323553367007274419288348412608512
143 47 -7185808212472709576290655662865367940274407088768515540764316139395301729540638510443001563750166691840
47 143 -7185808212472709576290655662865367940274407088768515540764316139395301729540638510443001563750166691840
143 71 -1606460743700882307100203708177789354393709306445586048552057714254871055055274660805393709216192155627814912
71 143 -1606460743700882307100203708177789354393709306445586048552057714254871055055274660805393709216192155627814912
143 95 -862010044285431192698465870713815495425047863436688318837163739714492938008362299931618505526386120062884904960
95 143 -862010044285431192698465870713815495425047863436688318837163739714492938008362299931618505526386120062884904960
143 119 6306861497056855524859405271870130397099043485025423483634373981731264993133868442324513807586623584249948667904
119 143 6306861497056855524859405271870130397099043485025423483634373981731264993133868442324513807586623584249948667904
143 143 -2008959059536194544136903439875177790363391494242664140412411709368873207622605472738974049800776016743714783232
142 22 39731611272933645548332148644012962123534852648519832263296271145473858787811706765347651584
22 142 39731611272933645548332148644012962123534852648519832263296271145473858787811706765347651584
142 46 3464792166542408150341591624886122222536997638884608888169668431369704410092041014610862829570678063104
46 142 3464792166542408150341591624886122222536997638884608888169668431369704410092041014610862829570678063104
142 70 1051390856478706550422910560023675259221987173810514671010776614590616278899920166229907261930777717780774912
70 142 1051390856478706550422910560023675259221987173810514671010776614590616278899920166229907261930777717780774912
142 94 786084051499274901793094264922183504669773651920294688110683634591021138207785666631014563049798863716098244608
94 142 786084051499274901793094264922183504669773651920294688110683634591021138207785666631014563049798863716098244608
142 118 -7276520911209670870637508667193284429528023165321783286847215171210918523818382262189756278725501832873541369856
118 142 -7276520911209670870637508667193284429528023165321783286847215171210918523818382262189756278725501832873541369856
142 142 2440528974403411254852235529775690160409785286657328376472349129704790164849702933569275162122164040883507298304
141 21 -2494149674420872168748972641026927898828416905544782714080024022077491177714941887810371584
21 141 -2494149674420872168748972641026927898828416905544782714080024022077491177714941887810371584
141 45 -1513161466680860279068986615682504354209601767437425794424922436222890199602299853321072937117264379904
45 141 -1513161466680860279068986615682504354209601767437425794424922436222890199602299853321072937117264379904
141 69 -664317484097652594906543530615472954124555605532049620460983676758585302826875933478294843721409581585268736
69 141 -664317484097652594906543530615472954124555605532049620460983676758585302826875933478294843721409581585268736
141 93 -715541970735046008248926363129112967022187865510477368871175647730347258968671583932890932260911169818838695936
93 141 -715541970735046008248926363129112967022187865510477368871175647730347258968671583932890932260911169818838695936
141 117 8331480369249110121624497728107092722572962195729421679927545758732984767572386503069103993066746092909070647296
117 141 8331480369249110121624497728107092722572962195729421679927545758732984767572386503069103993066746092909070647296
141 141 -2947011240157894431291731550216494983945485982844548334521942825831636018407161690227317399681343890219492966400
140 20 -735818182910994507302530348538087190763946994860769257801445898548180275186032440875417600
20 140 -735818182910994507302530348538087190763946994860769257801445898548180275186032440875417600
140 44 573149274561010508268700529046308927009025470411617315554331970172353544752273036855338996496357916672
44 140 573149274561010508268700529046308927009025470411617315554331970172353544752273036855338996496357916672
140 68 405339007181991637668878907685251212383924476541979327001901399504715407287322580332919747378222651737636864
68 140 405339007181991637668878907685251212383924476541979327001901399504715407287322580332919747378222651737636864
140 92 651477965319819293161066638955853722778991063189015079535400350586945436313493536781621274543419960254389026816
92 140 651477965319819293161066638955853722778991063189015079535400350586945436313493536781621274543419960254389026816
140 116 -9460863037328667648871831397549269360937494081682689543571697777998790658315910080328031282124521179248720871424
116 140 -9460863037328667648871831397549269360937494081682689543571697777998790658315910080328031282124521179248720871424
140 140 3536974275371211892087301376953448377622367626614712740869039450267150617939609508732738331964415201585141907456
139 19 354550678971441597745398108062956163938508323982628886043218409382500467562550149647433728
19 139 354550678971441597745398108062956163938508323982628886043218409382500467562550149647433728
139 43 -166187613245843550488237139809440500220015112033510105778313305374057309518605402387277323247372206080
43 139 -166187613245843550488237139809440500220015112033510105778313305374057309518605402387277323247372206080
139 67 -239443067170470683577918533411578880929260408737807836049764586790201724609524584254624101441722286656716800
67 139 -239443067170470683577918533411578880929260408737807836049764586790201724609524584254624101441722286656716800
139 91 -594194803322738416967101837926997311329018476855919959271401582221747535451305205131097928979928504910181564416
91 139 -594194803322738416967101837926997311329018476855919959271401582221747535451305205131097928979928504910181564416
139 115 10647792994092229033235812630616842164884035376791380625493800243419599948228954560378313450875922989129559703552
115 139 10647792994092229033235812630616842164884035376791380625493800243419599948228954560378313450875922989129559703552
139 139 -4219364273648321211077798079212188671788323599117630127600013375809906833245874054509561245162273837482969661440
138 18 -92857468179777900548220256871739998310664905992263371217915184646233205611983995421065216
18 138 -92857468179777900548220256871739998310664905992263371217915184646233205611983995421065216
138 42 15433276735196734642461254757097764395489216240796752684864063269003584053405839370525917850802061312
42 138 15433276735196734642461254757097764395489216240796752684864063269003584053405839370525917850802061312
138 66 137840832061925543171852876547964909893498637935668379418632022396649260846277449904289666972322353964384256
66 138 137840832061925543171852876547964909893498637935668379418632022396649260846277449904289666972322353964384256
138 90 543293851144733968287135850291986390659289943435422974140848692620143847259021538319481045091514319852351258624
90 138 543293851144733968287135850291986390659289943435422974140848692620143847259021538319481045091514319852351258624
138 114 -11868880268049938246854461712921847485992037250862962445614436813769760433794453771813831844192030910352799563776
114 138 -11868880268049938246854461712921847485992037250862962445614436813769760433794453771813831844192030910352799563776
138 138 5003627933726234455296237872697820265245957440539487771388956359864617982400949673377098485342931157233709350912
137 17 18298134546313517687119921339931586078336311705873704319087233708196375928836796505391104
17 137 18298134546313517687119921339931586078336311705873704319087233708196375928836796505391104
137 41 25606368641325668908749942208333283007041361609585640288724335479113510169084941654693222305411104768
41 137 25606368641325668908749942208333283007041361609585640288724335479113510169084941654693222305411104768
137 65 -78305966629652053358166338730455387037626654003356773201197400862893413351820560199012531377769959001161728
65 137 -78305966629652053358166338730455387037626654003356773201197400862893413351820560199012531377769959001161728
137 89 -497838245727786165317462592270191051440528289245567921391396304816338493097533846969258100885871424655553724416
89 137 -497838245727786165317462592270191051440528289245567921391396304816338493097533846969258100885871424655553724416
137 113 13094089390828487558472153876096100122205865062732552398276784162595635578167422092644522819210057046771588136960
113 137 13094089390828487558472153876096100122205865062732552398276784162595635578167422092644522819210057046771588136960
137 137 -5899898540000075429801767439941575612603881943801211295962609868791180873808732155306763931922744539682875375616
136 16 -2899909432910824999880404546350760508168347615669743564155452170334030185613671639547904
16 136 -2899909432910824999880404546350760508168347615669743564155452170334030185613671639547904
136 40 -27094945987567835554698003080680962253559900021170413873459921263531875255997346953424776874535419904
40 136 -27094945987567835554698003080680962253559900021170413873459921263531875255997346953424776874535419904
136 64 44743594453829087755095239133004330644830102335112072615541242645690249381995788044847630002455192025432064
64 136 44743594453829087755095239133004330644830102335112072615541242645690249381995788044847630002455192025432064
136 88 456564002719698500254171162451459520578250953116325014483599070246770590590842782487309561123419802393716457472
88 136 456564002719698500254171162451459520578250953116325014483599070246770590590842782487309561123419802393716457472
136 112 -14287106507530331804643279492373994803349763810883747565280729152196325212903107122876951401024341850032590290944
112 136 -14287106507530331804643279492373994803349763810883747565280729152196325212903107122876951401024341850032590290944
136 136 6919209561463785246305101580532936322112040798569610396180774083056768931457547638692512578816535171321164726272
135 15 376139651878231755256018612382636474384374431685582043531712075277424975370050695331840
15 135 376139651878231755256018612382636474384374431685582043531712075277424975370050695331840
135 39 18664508373980939316976379051607421927960842969040382919655925347278407771955992040011087273816752128
39 135 18664508373980939316976379051607421927960842969040382919655925347278407771955992040011087273816752128
135 63 -26262575820764625973902312323154497267731295412049657421293895930466943933745840736371057735870283367055360
63 135 -26262575820764625973902312323154497267731295412049657421293895930466943933745840736371057735870283367055360
135 87 -418108098858950749600543412342634867938149844227062067983272187265798221588986045874684745600778251163492417536
87 135 -418108098858950749600543412342634867938149844227062067983272187265798221588986045874684745600778251163492417536
135 111 15406294741814149168207100794753145708374535300855178356077068513754683268563867667338573685969812997418673766400
111 135 15406294741814149168207100794753145708374535300855178356077068513754683268563867667338573685969812997418673766400
135 135 -8073667234607021081913755805069849782956032592599353476716922485540786664556425706608389814929958878354794872832
134 14 -39951439648746098327613008405840097943240118567899391688241211432865780837267657457664
14 134 -39951439648746098327613008405840097943240118567899391688241211432865780837267657457664
134 38 -10640571714946558022127358172947100360995211381260982848865581529435620176286642578169534717488005120
38 134 -10640571714946558022127358172947100360995211381260982848865581529435620176286642578169534717488005120
134 62 16019694923994539557915403089476444966692905966782181195701093866949940191880346639258259449883233607483392
62 134 16019694923994539557915403089476444966692905966782181195701093866949940191880346639258259449883233607483392
134 86 381221682496812122438231908925594825671737936357703862420241074732945931489109255937630956264918078400426409984
86 134 381221682496812122438231908925594825671737936357703862420241074732945931489109255937630956264918078400426409984
134 110 -16406284450902211842284891268256301969806165251797926778087031467538695962865923628578619528131664685681596170240
110 134 -16406284450902211842284891268256301969806165251797926778087031467538695962865923628578619528131664685681596170240
134 134 9376479395137298160706673888252373419428534600850893012318132611476788594304848931510852090160044899581019815936
133 13 3447508879682136449093800920444231898610635970254435650086682455345717693069777698816
13 133 3447508879682136449093800920444231898610635970254435650086682455345717693069777698816
133 37 5339598374617612295897456359094501754067519628724366564041200987051616816502221486023658921068068864
37 133 5339598374617612295897456359094501754067519628724366564041200987051616816502221486023658921068068864
133 61 -10058903150834859895668301214408243425455966735387840445205322284967242667875088665165962676482014112120832
61 133 -10058903150834859895668301214408243425455966735387840445205322284967242667875088665165962676482014112120832
133 85 -344940592867816426859932091185677471281242408984999790863785785619555578485510959821921487713499788758264840192
85 133 -344940592867816426859932091185677471281242408984999790863785785619555578485510959821921487713499788758264840192
133 109 17240185693148644916061455234094458738624735078079227090140951446724614765437877685908798956912530215767031939072
109 133 17240185693148644916061455234094458738624735078079227090140951446724614765437877685908798956912530215767031939072
133 133 -10841708953144198435067802804406977685382563286091183434928248604552891317709367980135142412757061731526656393216
132 12 -238257963200179727491361066301461493921368109325676359908371595898798044005422596096
12 132 -238257963200179727491361066301461493921368109325676359908371595898798044005422596096
132 36 -2405581815485831826141972784993561156152423645508569548068069082243522365549804091674729048977702912
36 132 -2405581815485831826141972784993561156152423645508569548068069082243522365549804091674729048977702912
132 60 6299904458374199523866206489107558165507300702563219860256940555146251930099322183140486561404752259710976
60 132 6299904458374199523866206489107558165507300702563219860256940555146251930099322183140486561404752259710976
132 84 308693520404679198693129482979693101202844394994086225752549212115490554376398060677633813797780274698285744128
84 132 308693520404679198693129482979693101202844394994086225752549212115490554376398060677633813797780274698285744128
132 108 -17862338923799125737932703291291099368513535946581582494713020370067992722350239425388261752919107695124317995008
108 132 -17862338923799125737932703291291099368513535946581582494713020370067992722350239425388261752919107695124317995008
132 132 12483605484796793531912128075990679684054050409645959656851833938281181497008480028101232879489931283795009339392
131 11 12905175995915778471341510364401921302435223010405155253040482959637212453060739072
11 131 12905175995915778471341510364401921302435223010405155253040482959637212453060739072
131 35 972246578452244654765927003289506302460782993379680909516224525796769108290958372057321961313796096
35 131 972246578452244654765927003289506302460782993379680909516224525796769108290958372057321961313796096
131 59 -3756132768854258081185496006663845072509700840760006034776421950914447503860496469478562636875920018767872
59 131 -3756132768854258081185496006663845072509700840760006034776421950914447503860496469478562636875920018767872
131 83 -272338914668086233579954298445744588236271817953849947941791310020562732350952787372843124651893476447899090944
83 131 -272338914668086233579954298445744588236271817953849947941791310020562732350952787372843124651893476447899090944
131 107 18231443672877719150619712356875932690606220155902518444895100988524517716372735701301752069106733488857122078720
107 131 18231443672877719150619712356875932690606220155902518444895100988524517716372735701301752069106733488857122078720
131 131 -14315376675317704594452442084263660902832291924893093333218870026247622403896110636299647866512379606244530323456
130 10 -529881090930700748948091266191639148113760688843683089479952556917607637708701696
10 130 -529881090930700748948091266191639148113760688843683089479952556917607637708701696
130 34 -344681584099431929255118245479225293433996634891569001105689011039537784333094714864582896207790080
34 130 -344681584099431929255118245479225293433996634891569001105689011039537784333094714864582896207790080
130 58 1997496673913702881492094189135489234364214762302038002890481399388634029451930110159283814226508017303552
58 130 1997496673913702881492094189135489234364214762302038002890481399388634029451930110159283814226508017303552
130 82 236133214313007450421439890721602549662532054626729809165844213030422784274228606333990076093058466823723286528
82 130 236133214313007450421439890721602549662532054626729809165844213030422784274228606333990076093058466823723286528
130 106 -18313833087751807603517004866498504510957724565531948552668496503058763597277764533534750085045766356442562953216
106 130 -18313833087751807603517004866498504510957724565531948552668496503058763597277764533534750085045766356442562953216
130 130 16347300872424668303424932802242320052480752019421356028885826199567483586684167586841978174183691464936802746368
129 9 15631492511920320502967950803060142420323528141488672132962187048852685150224384
9 129 15631492511920320502967950803060142420323528141488672132962187048852685150224384
129 33 99878029236177987151715114302377997356184250988516556117293585106754841130093102094044128694239232
33 129 99878029236177987151715114302377997356184250988516556117293585106754841130093102094044128694239232
129 57 -827536346460060053077220729286877028108402121791474953755818704807025263533695795859683206205040574332928
57 129 -827536346460060053077220729286877028108402121791474953755818704807025263533695795859683206205040574332928
129 81 -200643153482147085990057315890608584889076989999743258218781417310656334093601685744764766492836728778990288896
81 129 -200643153482147085990057315890608584889076989999743258218781417310656334093601685744764766492836728778990288896
129 105 18086605409054062346406778928420028127110667616828209096245142496008729439096474255723073135661111805663141429248
105 129 18086605409054062346406778928420028127110667616828209096245142496008729439096474255723073135661111805663141429248
129 129 -18584157537590548951388487449680159824578688088866599938676210015972122290858624944777551209757298674746989215744
128 8 -315768641575152634244309094263029176531291379037724209260063368817130506027008
8 128 -315768641575152634244309094263029176531291379037724209260063368817130506027008
128 32 -17613887020577755697464937085836228477505269379410488440242443658872983443711312956276170280665088
32 128 -17613887020577755697464937085836228477505269379410488440242443658872983443711312956276170280665088
128 56 120888204939617214142296232581504420266493531366062507336174909580394705694599788183571017907391875252224
56 128 120888204939617214142296232581504420266493531366062507336174909580394705694599788183571017907391875252224
128 80 166622137399697770013114384917287872866466436455911331346898588000219282322106104400090111062383716977403232256
80 128 166622137399697770013114384917287872866466436455911331346898588000219282322106104400090111062383716977403232256
128 104 -17540292255109503951601235431199522999769567002103082731579800914726235865104074649593173531216926462321063100416
104 128 -17540292255109503951601235431199522999769567002103082731579800914726235865104074649593173531216926462321063100416
128 128 21022063070397649249123964270996304700202385029318349710080956455096297987374576062383836705884604221752445239296
127 7 4655112339873354712552846375965343782523369936854658639754865735031129636864
7 127 4655112339873354712552846375965343782523369936854658639754865735031129636864
127 31 -3737906325264516974613992803573527095820237896867705252000276440992050220265053005683063022157824
31 127 -3737906325264516974613992803573527095820237896867705252000276440992050220265053005683063022157824
127 55 237334843034630656387487781909839735640901507287925080949170701265889338266809174234961720823416619008000
55 127 237334843034630656387487781909839735640901507287925080949170701265889338266809174234961720823416619008000
127 79 -134873956731944442293455885014688729328727747268171046790511456658755358211877476129863139043267264473336905728
79 127 -134873956731944442293455885014688729328727747268171046790511456658755358211877476129863139043267264473336905728
127 103 16680746766309904631987844638089098480024773625232251722804445004859953818874607059404202129090226685419183931392
103 127 16680746766309904631987844638089098480024773625232251722804445004859953818874607059404202129090226685419183931392
127 127 -23644937082258844695051005864284508108867313174765903639926427480712063590742578694113736909050295969026890792960
126 6 -6444152078761910493897069210068101730413067934229008175091996865501069312
6 126 -6444152078761910493897069210068101730413067934229008175091996865501069312
126 30 5937085002118354113174314528684466430214362889531268392268087363067186460771942375026743006199808
30 126 5937085002118354113174314528684466430214362889531268392268087363067186460771942375026743006199808
126 54 -359560081160275076773895587262732498095604943860020805710190858731237838145338034667256125841414866075648
54 126 -359560081160275076773895587262732498095604943860020805710190858731237838145338034667256125841414866075648
126 78 106126206148077219737227611199092343813564529903855915648410298966842731336126945668533170808881914711835148288
78 126 106126206148077219737227611199092343813564529903855915648410298966842731336126945668533170808881914711835148288
126 102 -15529977403963831798641537175961015047067417246438774714100832166884214732071621352431074362917912590972255993856
102 126 -15529977403963831798641537175961015047067417246438774714100832166884214732071621352431074362917912590972255993856
126 126 26420972230920227305285336809102169553285378460873999264943408066023741380357832823705051731846458174554358415360
125 5 98639880478217482040380803194308298873482716578985151573074315753553920
5 125 98639880478217482040380803194308298873482716578985151573074315753553920
125 29 -3921079227331556733640384741982943527450066829531021037268823126841507043247434385569121193426944
29 125 -3921079227331556733640384741982943527450066829531021037268823126841507043247434385569121193426944
125 53 345210332762065884361130569280752532523490892485627602581189682261823015516256307290990699929901171998720
53 125 345210332762065884361130569280752532523490892485627602581189682261823015516256307290990699929901171998720
125 77 -80931262754514774620887608844809150512718129926170082557657395087398831777202077198553083044815880657274142720
77 125 -80931262754514774620887608844809150512718129926170082557657395087398831777202077198553083044815880657274142720
125 101 14125735693586556967620706313230619225118329215928072596369926493573735885917329467110797617302123287363914301440
101 125 14125735693586556967620706313230619225118329215928072596369926493573735885917329467110797617302123287363914301440
125 125 -29299615161183971789305861583122148883014223773299711113900701257785075997882042715969377191386425009053578035200
124 4 -140475595005212868129125009965435613937456762976398531636396021514240
4 124 -140475595005212868129125009965435613937456762976398531636396021514240
124 28 1994591839836552934771192511758021266194767492681322441229146204044600304194045433961498128941056
28 124 1994591839836552934771192511758021266194767492681322441229146204044600304194045433961498128941056
124 52 -270244857531046907856502236213269553425470137030004661966222710006211902958711365556842415178191395094528
52 124 -270244857531046907856502236213269553425470137030004661966222710006211902958711365556842415178191395094528
124 76 59605761955422013006989216419908502490072140822076191821326629279507190313069274717000705615230411382533914624
76 124 59605761955422013006989216419908502490072140822076191821326629279507190313069274717000705615230411382533914624
124 100 -12519782762480661895019538224622288444298399376483594970705993207830419922984575584933917778066519682886823575552
100 124 -12519782762480661895019538224622288444298399376483594970705993207830419922984575584933917778066519682886823575552
124 124 32209657853783287711763988233969473559010222835222728780716773977786897568339834332150259829803845520108980011008
123 3 88295608439348808852713615365100943758178809150428842265734545408
3 123 88295608439348808852713615365100943758178809150428842265734545408
123 27 -867632755587907836965233642219086958625957474346166827855190956670971378809026142542634223140864
27 123 -867632755587907836965233642219086958625957474346166827855190956670971378809026142542634223140864
123 51 183617178441930727749169595138553013653888325884086305895986908152367893668822075474564282664188335095808
51 123 183617178441930727749169595138553013653888325884086305895986908152367893668822075474564282664188335095808
123 75 -42211708242682162371034694623840430525179134051302251800837661154717341937753834887075711667250478752005619712
75 123 -42211708242682162371034694623840430525179134051302251800837661154717341937753834887075711667250478752005619712
123 99 10774898580638890805899020703307626414873589926497181532808635363366933450266847959643780557960576684545380712448
99 123 10774898580638890805899020703307626414873589926497181532808635363366933450266847959643780557960576684545380712448
123 123 -35059058011572114524692757460216021055693427558051223705626153675394631291697044862553629088303378613938992185344
122 2 10443238058693284013387462612323546703728824551629112999936
2 122 10443238058693284013387462612323546703728824551629112999936
122 26 334445752369232042829583095049226723225847977186151191018556001944619540659208880223453903323136
26 122 334445752369232042829583095049226723225847977186151191018556001944619540659208880223453903323136
122 50 -110450368310461235024034236096154223052048004917671275491803432031437682171184667463568899076915728482304
50 122 -110450368310461235024034236096154223052048004917671275491803432031437682171184667463568899076915728482304
122 74 28575193245098710428914750197871354166688760920173398674533367048211432554678779119143226957584997082195820544
74 122 28575193245098710428914750197871354166688760920173398674533367048211432554678779119143226957584997082195820544
122 98 -8960842931667412897419224944487775877611907029479688844533275114908457797991319365197784579568174545680952459264
98 122 -8960842931667412897419224944487775877611907029479688844533275114908457797991319365197784579568174545680952459264
122 122 37737029386183181129243750897820638591788546720489287350813769695586684937452216947027674427624160709311991906304
121 1 6769737650612339648996058549352038305225506816
1 121 6769737650612339648996058549352038305225506816
121 25 -115962082577857272746194291758005963135330729904514957864073182776089526468463018989862080479232
25 121 -115962082577857272746194291758005963135330729904514957864073182776089526468463018989862080479232
121 49 58878310488836115833910647050267864032205214207436719002063510432048590946414999831372576452128584761344
49 121 58878310488836115833910647050267864032205214207436719002063510432048590946414999831372576452128584761344
121 73 -18333365704744171420961020795438562420966792902453338414346359219384916079199682011525939690511253431832805376
73 121 -18333365704744171420961020795438562420966792902453338414346359219384916079199682011525939690511253431832805376
121 97 7149608991207425424491675999985772739647620374164459945649841450261995371759512160432836775734596007594421125120
97 121 7149608991207425424491675999985772739647620374164459945649841450261995371759512160432836775734596007594421125120
121 121 -40118755047715974220287064797631733432906057946926229102396091747314132673419508361155453862187494956457124691968
120 24 36401190397116361895009883281989787408923517548361915140259118671123251721279473888285331292160
24 120 36401190397116361895009883281989787408923517548361915140259118671123251721279473888285331292160
120 48 -27384599308345796280193923892424879068352744123110517045170230116286754610293114968620340126968816074752
48 120 -27384599308345796280193923892424879068352744123110517045170230116286754610293114968620340126968816074752
120 72 10997490649998221764212849715425358565922043838673592608622009438233441211798736310264623459232143425272807424
72 120 10997490649998221764212849715425358565922043838673592608622009438233441211798736310264623459232143425272807424
120 96 -5410409535552344084789031757336329207297976953377547758276485611078392042498532066220649733509557159017693839360
96 120 -5410409535552344084789031757336329207297976953377547758276485611078392042498532066220649733509557159017693839360
120 120 42072782611469561153665686965763842405867796317134405206046246474437001009915710578262102783997673521022085627904
119 23 -10367637972574153772364820774535072424724946406833627902650669091572047969627270619806228807680
23 119 -10367637972574153772364820774535072424724946406833627902650669091572047969627270619806228807680
119 47 10611827551008076697765652423914720454652542633239920231291829986242430111649521124335895309836720537600
47 119 10611827551008076697765652423914720454652542633239920231291829986242430111649521124335895309836720537600
119 71 -6019739004857585358522636178727366190106037766800233059589959829469986280775726045942416527918907419472691200
71 119 -6019739004857585358522636178727366190106037766800233059589959829469986280775726045942416527918907419472691200
119 95 3804885841814924944048067884650417957762213861117023575066701530653041923185857208974261879612814924202494656512
95 119 3804885841814924944048067884650417957762213861117023575066701530653041923185857208974261879612814924202494656512
119 119 -43470785262002371657744242028069800606402047821434052731662796541066017231787175856303577305191609614040377065472
118 22 2678115263198146340469207008993089131001486641281527252260418851053014819114019910053823250432
22 118 2678115263198146340469207008993089131001486641281527252260418851053014819114019910053823250432
118 46 -2940173196501049123101825567640630194842407440756580858744841009125898516660929710878044626050609053696
46 118 -2940173196501049123101825567640630194842407440756580858744841009125898516660929710878044626050609053696
118 70 2853327788666600656497483515497194490619376051041391037623957956742932327107601411396735955252654340032167936
70 118 2853327788666600656497483515497194490619376051041391037623957956742932327107601411396735955252654340032167936
118 94 -2383019899257756557569978048110169905207396048105261172737394519009543148831754531272394529453377392525937999872
94 118 -2383019899257756557569978048110169905207396048105261172737394519009543148831754531272394529453377392525937999872
118 118 44198961959600721804612235517829147663317334178267697829733718466334976128395290361845163157868078498341453824000
117 21 -625907355174256177696588718155223717254788510518866807462522444375565398943116156682335420416
21 117 -625907355174256177696588718155223717254788510518866807462522444375565398943116156682335420416
117 45 82734483468246150334402047938851510564018230888529283216760126860063023982088488656972112176040902656
45 117 82734483468246150334402047938851510564018230888529283216760126860063023982088488656972112176040902656
117 69 -998992767413240395348242616754142007800368139741401811463110607216279089310702016667239444893394112973111296
69 117 -998992767413240395348242616754142007800368139741401811463110607216279089310702016667239444893394112973111296
117 93 1180159528734258703953952370086304887965944392124898142982063217540969587618172233219250853773822731577827786752
93 117 1180159528734258703953952370086304887965944392124898142982063217540969587618172233219250853773822731577827786752
117 117 -44169967259869608486726712494782114255394624366041386982270161554108307533174604919017183042042075577417520381952
116 20 131773525351958294574026118687998135579256591089319537543648799196450729631140132220372516864
20 116 131773525351958294574026118687998135579256591089319537543648799196450729631140132220372516864
116 44 628905679456235766595710024167089572720708033317185797738971884384853794833529041819589503682051309568
44 116 628905679456235766595710024167089572720708033317185797738971884384853794833529041819589503682051309568
116 68 34600339394950596414543651254799644350838772912719016483121786652289217256103375136239095536510911775768576
68 116 34600339394950596414543651254799644350838772912719016483121786652289217256103375136239095536510911775768576
116 92 -215440581523766888507025829830519115907557082874850079182907076019977508024575264563882981127050098641465245696
92 116 -215440581523766888507025829830519115907557082874850079182907076019977508024575264563882981127050098641465245696
116 116 43333976835299476337933256324789055270250990781949821473056043714936646378781679928559687190597381048947705905152
115 19 -24829207724313405368882806790543666424903238677773296681137790886919153708510522213654331392
19 115 -24829207724313405368882806790543666424903238677773296681137790886919153708510522213654331392
115 43 -584412869989759603386430068948730278744766776177513846080178876398292818372150698122222037969120788480
43 115 -584412869989759603386430068948730278744766776177513846080178876398292818372150698122222037969120788480
115 67 371830769819839646631840385216512714368609452240984774379374723326203434176769751503424223454709674892328960
67 115 371830769819839646631840385216512714368609452240984774379374723326203434176769751503424223454709674892328960
115 91 -508273522168789685615366592053606030610046709993017319619156444383096424036061007110204746667887062609758781440
91 115 -508273522168789685615366592053606030610046709993017319619156444383096424036061007110204746667887062609758781440
115 115 -41687376381824208264734638005798110607730580909351873864727129268774168349307029324278565352126586910090909974528
114 18 4149756025633788618052593557367310312197235014048769154596608291180172285302857162796564480
18 114 4149756025633788618052593557367310312197235014048769154596608291180172285302857162796564480
114 42 379607570890937653633516180969527323194418142984736702598994674121895817390227214097028405788521005056
42 114 379607570890937653633516180969527323194418142984736702598994674121895817390227214097028405788521005056
114 66 -462892591775730188906177921230090875452616681002592335065868550047846207980021611966512251149705805857554432
66 114 -462892591775730188906177921230090875452616681002592335065868550047846207980021611966512251149705805857554432
114 90 1002994514349490374427824467134286307968383219047411163310867856103776430781193535759115597769904879021856915456
90 114 1002994514349490374427824467134286307968383219047411163310867856103776430781193535759115597769904879021856915456
114 114 39277658832095509253159895014132347845643116441519227434914451715940177139819838063868628001141934673684663894016
113 17 -607978195982083167553097828274215498756134033249559295606520976455315458119581930906189824
17 113 -607978195982083167553097828274215498756134033249559295606520976455315458119581930906189824
113 41 -208476040618377312597141731705565686615588925349897393932123478429549744867607629723305413199374843904
41 113 -208476040618377312597141731705565686615588925349897393932123478429549744867607629723305413199374843904
113 65 402167570702396847049314702019799565762206089297044514827756841621530799458155686685008245850217344676134912
65 113 402167570702396847049314702019799565762206089297044514827756841621530799458155686685008245850217344676134912
113 89 -1292983957681101022680996419279642695679303309130437622462141501420674437471183778564971846063851674451847413760
89 113 -1292983957681101022680996419279642695679303309130437622462141501420674437471183778564971846063851674451847413760
113 113 -36203446876707570365584696785527454863759360604268886016234720551240233273557618721712836915450400025831312195584
112 16 76926295873056056521214891201531728113707783741984234544521195854100830789706103050469376
16 112 76926295873056056521214891201531728113707783741984234544521195854100830789706103050469376
112 40 102344991535477768887833484840230420787118799722673456289659929085413910125759494794526630954523426816
40 112 102344991535477768887833484840230420787118799722673456289659929085413910125759494794526630954523426816
112 64 -289808083441720545848388254773719070745904902724290074020956913430121732454839103817088238490139614574018560
64 112 -289808083441720545848388254773719070745904902724290074020956913430121732454839103817088238490139614574018560
112 88 1411265262501200871718687227498594595956814709618226574965525607365452381644548789867953207385751209231679225856
88 112 1411265262501200871718687227498594595956814709618226574965525607365452381644548789867953207385751209231679225856
112 112 32609104389559946457657752857696945630407462425128951464219140389892401704485660362675498079303836642706070700032
111 15 -8253363646392288078073247567159590640248913009073464892469129619177120908148458655842304
15 111 -8253363646392288078073247567159590640248913009073464892469129619177120908148458655842304
111 39 -45424168234510406729526508274881599565533327278283721587150255779565270520128358936375919269161992192
39 111 -45424168234510406729526508274881599565533327278283721587150255779565270520128358936375919269161992192
111 63 179494804128021489882553059291517745623699674144232305916773315416874519743542497727120933077026297662668800
63 111 179494804128021489882553059291517745623699674144232305916773315416874519743542497727120933077026297662668800
111 87 -1395720340535183811072021477518843799555586766520723156785877668762671231643174413397612585251852266386030067712
87 111 -1395720340535183811072021477518843799555586766520723156785877668762671231643174413397612585251852266386030067712
111 111 -28674099142613945738017512108089366420946239339086648112076419625654868287661026245408436642980030955923970195456
110 14 734583423776032011397061035137346311685842501226387592136364070498649891490949849153536
14 110 734583423776032011397061035137346311685842501226387592136364070498649891490949849153536
110 38 17753980597319948784960383054171200908213464796861454684718025053991857418661665197079448541758226432
38 110 17753980597319948784960383054171200908213464796861454684718025053991857418661665197079448541758226432
110 62 -94024949215779370007067399975811385230428313323520994583244253134801320046370423236494536054370255843098624
62 110 -94024949215779370007067399975811385230428313323520994583244253134801320046370423236494536054370255843098624
110 86 1285235706648843773000824743481959214266100633866325607321813311319046367611851310099411410702773878948701929472
86 110 1285235706648843773000824743481959214266100633866325607321813311319046367611851310099411410702773878948701929472
110 110 24598031579110839340076189676719331174546771561062527466575366296668943138609823810604895333778587120263946567680
109 13 -52842151188841524937202407301694112292283425521376114497964934170193681398810753892352
13 109 -52842151188841524937202407301694112292283425521376114497964934170193681398810753892352
109 37 -5541917357927209525234275969978380015928746217044538886797672952433025876122811377759303640603951104
37 109 -5541917357927209525234275969978380015928746217044538886797672952433025876122811377759303640603951104
109 61 37971416814211864573631950349888790803830518439145533797475492618727787035177189888260244179683892531298304
61 109 37971416814211864573631950349888790803830518439145533797475492618727787035177189888260244179683892531298304
109 85 -1116315886105806626306693934918978918971351854005773244166817591907863755094660257438934675154586108634916192256
85 109 -1116315886105806626306693934918978918971351854005773244166817591907863755094660257438934675154586108634916192256
109 109 -20582929524660845602286381258722655925069915070550640012978440415984963299839583348975793637737843488403184680960
108 12 2975100101392607742078874004353314532069845882330285585631723744805055119307478925312
12 108 2975100101392607742078874004353314532069845882330285585631723744805055119307478925312
108 36 853653826033460740515867877249728456134864593512749826869395322918454007564009703470360731892842496
36 108 853653826033460740515867877249728456134864593512749826869395322918454007564009703470360731892842496
108 60 -6889975708711916018104797736257274252167226323330291913478069640370516123041295787715205047283632671031296
60 108 -6889975708711916018104797736257274252167226323330291913478069640370516123041295787715205047283632671031296
108 84 920480974768900258585194366281185447733161783650534946080593172663532680243577715702096046207710420929727168512
84 108 920480974768900258585194366281185447733161783650534946080593172663532680243577715702096046207710420929727168512
108 108 16814903957448996579561954161974322013494583435469512185465348170130376276778512405333700825365346801337491259392
107 11 -125701284315488349505857723151888234415430598959400638519948275139883783151083847680
11 107 -125701284315488349505857723151888234415430598959400638519948275139883783151083847680
107 35 510451487708029805066432687883349015732886095589784286978321065066456782383851091959319951960965120
35 107 510451487708029805066432687883349015732886095589784286978321065066456782383851091959319951960965120
107 59 -6714131241680470655621560783916840499016752704273082255212135600698873759825541575327947891213665040334848
59 107 -6714131241680470655621560783916840499016752704273082255212135600698873759825541575327947891213665040334848
107 83 -722628975999116597757970640083286290073066283246696884668795143141465249715022829330204959705174334743062249472
83 107 -722628975999116597757970640083286290073066283246696884668795143141465249715022829330204959705174334743062249472
107 107 -13447465571233795824183140789487607302200371707478449985913254881324671363609770645047989158597752389065534078976
106 10 3791345907609330496086198739312832976885510034247084740388826639098637494029123584
10 106 3791345907609330496086198739312832976885510034247084740388826639098637494029123584
106 34 -626681389890893804662074168245071817292081298049649488977261869712732136632416518135988155658010624
34 106 -626681389890893804662074168245071817292081298049649488977261869712732136632416518135988155658010624
106 58 10044674177053726384042047251646896038818059301079386018048634415927638169695309099812875368678333467328512
58 106 10044674177053726384042047251646896038818059301079386018048634415927638169695309099812875368678333467328512
106 82 540395790007867598570614600511550618177119534894024339576963778128558782696990522250088370870959105629138976768
82 106 540395790007867598570614600511550618177119534894024339576963778128558782696990522250088370870959105629138976768
106 106 10588658791047594926685997468140055616912956751513270382891029752344378500921498005541034465972557838985921036288
105 9 -82504561370679890486240160670938496582563692470272022398774536072898643943751680
9 105 -82504561370679890486240160670938496582563692470272022398774536072898643943751680
105 33 416435515405034751705435276090433642895437141338566215860223743745874721858348950405963429907005440
33 105 416435515405034751705435276090433642895437141338566215860223743745874721858348950405963429907005440
105 57 -8551474788865224630622320104267653254046679722975429955301682741079918648886815481608673452484737233846272
57 105 -8551474788865224630622320104267653254046679722975429955301682741079918648886815481608673452484737233846272
105 81 -384410561882184268408558385263789005762914998154214690190417303473408195960089881952180916831373627377762435072
81 105 -384410561882184268408558385263789005762914998154214690190417303473408195960089881952180916831373627377762435072
105 105 -8293681018389495694534324490842365175106147481817267745908064970907793922149778544624206953309601961056086786048
104 8 1782920004590706020375367803458241350923381068804647922738526674739521472430080
8 104 1782920004590706020375367803458241350923381068804647922738526674739521472430080
104 32 -213262397822441875471498321325906602491534857967955993386405803700563368084744166164260136790523904
32 104 -213262397822441875471498321325906602491534857967955993386405803700563368084744166164260136790523904
104 56 5647419680370868318707548305419250621954635176043181391011809804012255591165084418718641048347953866997760
56 104 5647419680370868318707548305419250621954635176043181391011809804012255591165084418718641048347953866997760
104 80 259241607885137133935889867843818108569327438314718752968060417888216679966830338894031138043630697580811255808
80 104 259241607885137133935889867843818108569327438314718752968060417888216679966830338894031138043630697580811255808
104 104 6563885557352078579017744551908460523781017243461657650709674889839826398142610940593625321673477710891387453440
103 7 -44531364158390144344915977691191448983908159897287293002145995569505794785280
7 103 -44531364158390144344915977691191448983908159897287293002145995569505794785280
103 31 90177894333673225872505725171780397717165065187103782818764115252511046914937672730503656350154752
31 103 90177894333673225872505725171780397717165065187103782818764115252511046914937672730503656350154752
103 55 -3044130249388879542933061171183797887914870576615322656521595324121320432446293167478695134769999889039360
55 103 -3044130249388879542933061171183797887914870576615322656521595324121320432446293167478695134769999889039360
103 79 -164770961154958011339361064065505995022602536584593122478754246576257111228278682041119993769322454806456958976
79 103 -164770961154958011339361064065505995022602536584593122478754246576257111228278682041119993769322454806456958976
103 103 -5352137600793953597370615846770255736864036109920038741390374917722014718812040412157402280542412559199672205312
102 6 384720820491572652193883072388996190381043793752794209798187055946221486080
6 102 384720820491572652193883072388996190381043793752794209798187055946221486080
102 30 -31818739636958167580449557951044144599685757485938663371160309581743537388288088495150594334392320
30 102 -31818739636958167580449557951044144599685757485938663371160309581743537388288088495150594334392320
102 54 1308102874736419865198729916554244556693807832533799196915716236528616041683247327703470358236750013267968
54 102 1308102874736419865198729916554244556693807832533799196915716236528616041683247327703470358236750013267968
102 78 97727050426815605520217996993558118275693534503125008825701531879516393420861668846793688100727428152240898048
78 102 97727050426815605520217996993558118275693534503125008825701531879516393420861668846793688100727428152240898048
102 102 4573559614348959014269000662442561167837306770973105311716180054093077083333587609822418657367462281488914972672
101 5 1368353662824814195122553140008546864292228239452020104984027828768997376
5 101 1368353662824814195122553140008546864292228239452020104984027828768997376
101 29 9125817235823900463204671429480586954532793412780829000981576856547909571251571777271740896378880
29 101 9125817235823900463204671429480586954532793412780829000981576856547909571251571777271740896378880
101 53 -392674162559020452839399149476204395378826665322507681886003263317764010008588893750207984841652887879680
53 101 -392674162559020452839399149476204395378826665322507681886003263317764010008588893750207984841652887879680
101 77 -53139438097676774129231243278215680582294671001772263221115700870894541634946633728260115510498142942799069184
77 101 -53139438097676774129231243278215680582294671001772263221115700870894541634946633728260115510498142942799069184
101 101 -4119927415436764623769039339253339221726338818567184852170100633831410728927075592936518712932499806690253733888
100 4 2756088970683640527690212951872849933085394915040604567602921341976576
4 100 2756088970683640527690212951872849933085394915040604567602921341976576
100 28 -1924320770760617236120988164670892406321761752656955783993337952683987435425796046255978016931840
28 100 -1924320770760617236120988164670892406321761752656955783993337952683987435425796046255978016931840
100 52 28201511601409105886169068008386348066853216959969204984192001785651040981494152914560081411716960747520
52 100 28201511601409105886169068008386348066853216959969204984192001785651040981494152914560081411716960747520
100 76 25544218328408604600738877943593011164429579579614392343525289684647888735278542918292819277706990793783246848
76 100 25544218328408604600738877943593011164429579579614392343525289684647888735278542918292819277706990793783246848
100 100 3875497538142046921933793276968168770297525676392509998030618477199390920413147337877659063084240318138238894080
99 3 -1514911302565865862706740001099938840947556129619825232435759546368
3 99 -1514911302565865862706740001099938840947556129619825232435759546368
99 27 166915844849383932680968585707983264239083941525939692069902264140011095176803854261544149843968
27 99 166915844849383932680968585707983264239083941525939692069902264140011095176803854261544149843968
99 51 54451882462928919835900091779973401609355339229478597666213329318616030888124006615420606748567059562496
51 99 54451882462928919835900091779973401609355339229478597666213329318616030888124006615420606748567059562496
99 75 -9847272374436082316017529816744665078315376741946253448691417404513114903739656457829203197016502613544271872
75 99 -9847272374436082316017529816744665078315376741946253448691417404513114903739656457829203197016502613544271872
99 99 -3731942879609876047093729923346558983113983017767829746665825041578238031887176800724113112699688512980248428544
98 2 386166393532006056279974736085153725100044881270172102426624
2 98 386166393532006056279974736085153725100044881270172102426624
98 26 87175658324783225907817174791346948977819850412721800909551717803034671805270653254663812415488
26 98 87175658324783225907817174791346948977819850412721800909551717803034671805270653254663812415488
98 50 -36328250091027213440304798330411088567895136896912631899062293205140224810598258815392277122041272860672
50 98 -36328250091027213440304798330411088567895136896912631899062293205140224810598258815392277122041272860672
98 74 1828767261218864705487771197537443872508498610233659498979662408989908854642500863987640479606318773999501312
74 98 1828767261218864705487771197537443872508498610233659498979662408989908854642500863987640479606318773999501312
98 98 3600358765432541435217268272775290823716142063055014897114279346423837692687041854865041317350843341388403179520
97 1 -758038663288066230706173829374400942070820765696
1 97 -758038663288066230706173829374400942070820765696
97 25 -58001566174943120120449800636579871513888720896103876580935274145245924391483471134164489601024
25 97 -58001566174943120120449800636579871513888720896103876580935274145245924391483471134164489601024
97 49 6249894318402495820821364050301065198910481515286412652837228795164207174827338719757059621534350442496
49 97 6249894318402495820821364050301065198910481515286412652837228795164207174827338719757059621534350442496
97 73 1667033282044858429248599304153430410980961712938081357509092786905794687197101818488269804378546691735814144
73 97 1667033282044858429248599304153430410980961712938081357509092786905794687197101818488269804378546691735814144
97 97 -3418913024399046507436125065556000685622128627968776082788625394485059916237612920562939938503498781490759598080
96 24 21213956817834572724858881203311938702834194162214463862825859214673692949233560169931733991424
24 96 21213956817834572724858881203311938702834194162214463862825859214673692949233560169931733991424
96 48 8629411960543530440052152166335786396546691207795450993768581320993629340868213217112091260240240050176
48 96 8629411960543530440052152166335786396546691207795450993768581320993629340868213217112091260240240050176
96 72 -2775108947223434922930140074722602964937587263479184951575571387687680144562846291551766928888850612958003200
72 96 -2775108947223434922930140074722602964937587263479184951575571387687680144562846291551766928888850612958003200
96 96 3155527819281870227803906107050061242571952724720396840493689256642523413354327519119304554295748237426220335104
95 23 -5677669192458772058160691623056102637184882584499097347222924914942310046022422090773453340672
23 95 -5677669192458772058160691623056102637184882584499097347222924914942310046022422090773453340672
95 47 -9729339963148399729126585258912232807053074158176716496772515733890799375624596484623992388995858300928
47 95 -9729339963148399729126585258912232807053074158176716496772515733890799375624596484623992388995858300928
95 71 2791961587814853019172413861690991800257637504070743809099670939040171529144849413908497996625401921658683392
71 95 2791961587814853019172413861690991800257637504070743809099670939040171529144849413908497996625401921658683392
95 95 -2805839068160910672264563719618159212943284200046111628991157534869175490236674198133260441091652476628765769728
94 22 1145334987275675542022005665135598008204569322275017108302543207205363898949620723468606636032
22 94 1145334987275675542022005665135598008204569322275017108302543207205363898949620723468606636032
94 46 5297581595416845216940033442066452285434697022933622930527911493462066126680597277339385497363385679872
46 94 5297581595416845216940033442066452285434697022933622930527911493462066126680597277339385497363385679872
94 70 -2410905272906905120581436769382991761286170050538374750848352680297630813779767882273708121774708773724618752
70 94 -2410905272906905120581436769382991761286170050538374750848352680297630813779767882273708121774708773724618752
94 94 2387420772055271279000510079008095414824662484127540177246072258986522587266851919358110007333964254469616041984
93 21 -159141283361327315406418722214460951405385637908163355932193954729146860692402330497372389376
21 93 -159141283361327315406418722214460951405385637908163355932193954729146860692402330497372389376
93 45 -1101730564378074262521468772515665017483724980631347268282421922131448748669523848197664671862408347648
45 93 -1101730564378074262521468772515665017483724980631347268282421922131448748669523848197664671862408347648
93 69 1946334958626612956478831913084793293502782568185466021550907200818949874089341058271970309314195816410251264
69 93 1946334958626612956478831913084793293502782568185466021550907200818949874089341058271970309314195816410251264
93 93 -1931757367897804669378677076711481029865983008632192951206207096113400016020754717244053813805858717094889127936
92 20 7787930869462807499084500810852688631431337698610721907785592369881871078719441154523267072
20 92 7787930869462807499084500810852688631431337698610721907785592369881871078719441154523267072
92 44 -979074033137329935695509105992915401528961368240512634647953930430714246030364174218480142041344901120
44 92 -979074033137329935695509105992915401528961368240512634647953930430714246030364174218480142041344901120
92 68 -1510004799878545108475274981494008320200541500892778658678056331374992771501409929714306640780848480116539392
68 92 -1510004799878545108475274981494008320200541500892778658678056331374992771501409929714306640780848480116539392
92 92 1475625272769933206378783122377473283043900007491982238615945323518060379927510710006085992816649582941499817984
91 19 3123029295633209094090347674752264948402833461859348537239810124202089129815297322383310848
19 91 3123029295633209094090347674752264948402833461859348537239810124202089129815297322383310848
91 43 1339083016159730251276281086332270102564208888006119132636646346620232767948848002459576757624510611456
43 91 1339083016159730251276281086332270102564208888006119132636646346620232767948848002459576757624510611456
91 67 1127278879437045954315833481851268207499661306498832286167195959519893684748758118754439715562455044697620480
67 91 1127278879437045954315833481851268207499661306498832286167195959519893684748758118754439715562455044697620480
91 91 -1053402070619489152496149204565743205529280336806232653765852726226352372548574621451722415775217332725288534016
90 18 -1117711729873307586670343100719434066000926833564628725029485969113691651229355247688220672
18 90 -1117711729873307586670343100719434066000926833564628725029485969113691651229355247688220672
90 42 -938046599035817711072443158337798908812036055694473181798588704030957311508658837853983068915811483648
42 90 -938046599035817711072443158337798908812036055694473181798588704030957311508658837853983068915811483648
90 66 -799393368394725009640279766443573184235106604826017232590049248660958722665108281059437228759891925528477696
66 90 -799393368394725009640279766443573184235106604826017232590049248660958722665108281059437228759891925528477696
90 90 691420517999722147000122525117273992596944669799111701941507644435556920494523394644753556667886975105265303552
89 17 208762335554199439043655714321808440933917083021412918304172909066364589768496114724503552
17 89 208762335554199439043655714321808440933917083021412918304172909066364589768496114724503552
89 41 452054555247359185622955104617910939433485983347642371960815493499620935767448111115564307522500165632
41 89 452054555247359185622955104617910939433485983347642371960815493499620935767448111115564307522500165632
89 65 527271979881750184902234643738152446359678900625275368055688387893304239778314760576169922672602279525220352
65 89 527271979881750184902234643738152446359678900625275368055688387893304239778314760576169922672602279525220352
89 89 -404933757278233911981594339550307771986591692023524217447064821099693853742926454046384751133064542798236090368
88 16 -24903455822112465875287508134004033388272522245149344299222781624958981872196664252432384
16 88 -24903455822112465875287508134004033388272522245149344299222781624958981872196664252432384
88 40 -139444734990028828701982433271688794858189173369729932609188255109346561722985430965706189024176111616
40 88 -139444734990028828701982433271688794858189173369729932609188255109346561722985430965706189024176111616
88 64 -314219004376057532604524675412752164606529734762246084941449668155546919293549304551110634533125732773658624
64 88 -314219004376057532604524675412752164606529734762246084941449668155546919293549304551110634533125732773658624
88 88 197685930361246109220723027059072846580521630047379008461380291319775335147626187028729420647572242721205649408
87 15 1573049447393032909740247859263203804856614107212593324349162734890613492852756525875200
15 87 1573049447393032909740247859263203804856614107212593324349162734890613492852756525875200
87 39 4425458096933313155183221914122473374634219172694202051985965759664805293498397350229751832005050368
39 87 4425458096933313155183221914122473374634219172694202051985965759664805293498397350229751832005050368
87 63 161350451556494042649352416793925548566791744184211607256267636983331930400923595292482082009790565264130048
63 87 161350451556494042649352416793925548566791744184211607256267636983331930400923595292482082009790565264130048
87 87 -63606017743265775613679293148244315940937276601327661551003480094089669315526457707335699173023128494914142208
86 14 51538768647579370577573776750917553870412375496488167157854992495292812652130200453120
14 86 51538768647579370577573776750917553870412375496488167157854992495292812652130200453120
86 38 28278074517764688636819555906785356823814592243004817695048644206221519096660965752496859959902863360
38 86 28278074517764688636819555906785356823814592243004817695048644206221519096660965752496859959902863360
86 62 -63911633766070453474824041709391800601424736794085883582182935170687915251395741792579850983577555457540096
62 86 -63911633766070453474824041709391800601424736794085883582182935170687915251395741792579850983577555457540096
86 86 -10156128146874624029541104012234415034482878749927283766271200236944775359187709978778903599116604119541874688
85 13 -24123021620363945927660173172236548470681723008809988737341532641644561372285732126720
13 85 -24123021620363945927660173172236548470681723008809988737341532641644561372285732126720
85 37 -22836956116484453601027299685212707448998652124810915426120052104734449001224516589273297509779767296
37 85 -22836956116484453601027299685212707448998652124810915426120052104734449001224516589273297509779767296
85 61 11237465698842083753876584775048129945455944534131095082543687779947235908279347094363302573823825006297088
61 85 11237465698842083753876584775048129945455944534131095082543687779947235908279347094363302573823825006297088
85 85 39721713743691201626135247946152455043256405322724355415883002976383981589252128305664395870775051195143684096
84 12 2721060736957798214562844670365414273659789403151316482769573212752093621478758547456
12 84 2721060736957798214562844670365414273659789403151316482769573212752093621478758547456
84 36 11573583525160180177388043670146933874911797487505791355915818011989295704569878705115639709050077184
36 84 11573583525160180177388043670146933874911797487505791355915818011989295704569878705115639709050077184
84 60 10423602121106205895372998282362374200931644773175966956891876288480762493993560767502489998653553217896448
60 84 10423602121106205895372998282362374200931644773175966956891876288480762493993560767502489998653553217896448
84 84 -41270541899791741751808604379516124490730535662462908238205272147219712995009020622634265273758481894206341120
83 11 -157064080025300801397714987356249065806818941821416750224088806348853309515323408384
11 83 -157064080025300801397714987356249065806818941821416750224088806348853309515323408384
83 35 -4275378410129199304937665187889317805366337703634678446511553094890979886589313412186820719197290496
35 83 -4275378410129199304937665187889317805366337703634678446511553094890979886589313412186820719197290496
83 59 -14323558611278799842371216963618017789635437590995225577604933840430196716019708085347886026410351239626752
59 83 -14323558611278799842371216963618017789635437590995225577604933840430196716019708085347886026410351239626752
83 83 28654895197370252325739448608749310451645923262398563046438989879579696253672239441508834759213674152899641344
82 10 3473614196771098880482510637901316662405058416562686609436058410524954318501576704
10 82 3473614196771098880482510637901316662405058416562686609436058410524954318501576704
82 34 1098176420424056777903442415649280834751245360746735662602441010541173704044767294576281475365208064
34 82 1098176420424056777903442415649280834751245360746735662602441010541173704044767294576281475365208064
82 58 10628008630502777733840264478375566791498532829848586079691804411282465526471704007242182868363108138614784
58 82 10628008630502777733840264478375566791498532829848586079691804411282465526471704007242182868363108138614784
82 82 -12076535621700253199900888121559781828094239904040203881461935233758450680011392244185379012666350488306843648
81 9 103127577104932467393064013779771547822208881564756605289233618165103929820446720
9 81 103127577104932467393064013779771547822208881564756605289233618165103929820446720
81 33 -118303073505189211545936717781894224272662219164419515460455619598689811076940794382320793190137856
33 81 -118303073505189211545936717781894224272662219164419515460455619598689811076940794382320793190137856
81 57 -5525133165739685530098648249038400765410724910505234996882733152307247269898587257380945433451396056743936
57 81 -5525133165739685530098648249038400765410724910505234996882733152307247269898587257380945433451396056743936
81 81 -2211464707046182948698503185720331423706797993946005108852252554109211962783166890725386112024146624267681792
80 8 -7436365656779855684712794983573375312061024635050219519459272448413748200210432
8 80 -7436365656779855684712794983573375312061024635050219519459272448413748200210432
80 32 -57201182210720618163825014191744641372285315060163185679056793792342421718746287518658223484698624
32 80 -57201182210720618163825014191744641372285315060163185679056793792342421718746287518658223484698624
80 56 1757257520925414885471821339881231515861274496399181449602662433468428094647073226405597330271746855534592
56 80 1757257520925414885471821339881231515861274496399181449602662433468428094647073226405597330271746855534592
80 80 11415810106472267822858129788544826726222935750802084228224203157938486664508847345857631537576868085959229440
79 7 138524564409041694606255809136021847702265922323891834189173113685369669287936
7 79 138524564409041694606255809136021847702265922323891834189173113685369669287936
79 31 41449335296217242651533493367578068362815330253926755374586434971261782366463912073641388635324416
31 79 41449335296217242651533493367578068362815330253926755374586434971261782366463912073641388635324416
79 55 160300950639904153083819542617018787155791561844059800943008720598443177720900115741808710392183491919872
55 79 160300950639904153083819542617018787155791561844059800943008720598443177720900115741808710392183491919872
79 79 -15261429574785987054185749440805320890847059187455735038623339511833809650229527553097253816248976602076020736
78 6 -1082064216179209644812656653897136921278334448022008428863643827870713774080
6 78 -1082064216179209644812656653897136921278334448022008428863643827870713774080
78 30 -14762098391105066500014604544305720913522886363724826117989853736979849875857505945735714247278592
30 78 -14762098391105066500014604544305720913522886363724826117989853736979849875857505945735714247278592
78 54 -725608664057232110771261053648040495375009861901961382734634174963950875662579864823500322726929701535744
54 78 -725608664057232110771261053648040495375009861901961382734634174963950875662579864823500322726929701535744
78 78 14928843157154417835288600747613955520006763780177424149064942533858334177473357282870238241278842799495577600
77 5 13868165128007984324343885520633021471225939956809299008601693379536879616
5 77 13868165128007984324343885520633021471225939956809299008601693379536879616
77 29 3191017840814982900884029612391648888654883358192477873153787529087221709834346482273182784946176
29 77 3191017840814982900884029612391648888654883358192477873153787529087221709834346482273182784946176
77 53 623401909194919083842003764215610413379507845147736677617432692824467765425614562979620632641940037304320
53 77 623401909194919083842003764215610413379507845147736677617432692824467765425614562979620632641940037304320
77 77 -12125870715676710093657147079181527663959611429073897881283427770165582599967106349977093078861273025547862016
76 4 52606137804223220906502288633614682401491595643457268706177513435430912
4 76 52606137804223220906502288633614682401491595643457268706177513435430912
76 28 -205982654454690253398856303045092536064707444424078660767417759895766701659170685664500387938304
28 76 -205982654454690253398856303045092536064707444424078660767417759895766701659170685664500387938304
76 52 -344471861419440781228659753035459021962790213258638799034428182443483988289427839694512721327095048830976
52 76 -344471861419440781228659753035459021962790213258638799034428182443483988289427839694512721327095048830976
76 76 8437420519723428915846065308031425551406778664369717974560561449606196885001339271718099400331283151779266560
75 3 6815998495596859070942979695638200112824683090815010307691887198208
3 75 6815998495596859070942979695638200112824683090815010307691887198208
75 27 -152144994602345438545976338184430595613998204242927974069361838818535664662356514071776430391296
27 75 -152144994602345438545976338184430595613998204242927974069361838818535664662356514071776430391296
75 51 120744771468232665917258387248623709098601079037928872449967939517247076543993704221333636655705369870336
51 75 120744771468232665917258387248623709098601079037928872449967939517247076543993704221333636655705369870336
75 75 -4986632887541476279940830374788842379523583674171690729522732781789176886683533596541626614242690268928147456
74 2 4841144644509147167283941805423535014940785306577329094393856
2 74 4841144644509147167283941805423535014940785306577329094393856
74 26 74582245744409718116651300749967923018775743557596793318848567584639783248129214544862615961600
26 74 74582245744409718116651300749967923018775743557596793318848567584639783248129214544862615961600
74 50 -4463499309175204678055121384179589091321143856418241263834070772221843810176826898079934877297614520320
50 74 -4463499309175204678055121384179589091321143856418241263834070772221843810176826898079934877297614520320
74 74 2358018884458096277911594563664856938563688329165739834789904032433882648875266111877325390208783573133033472
73 1 55533393745989152604233241017562904091457702854656
1 73 55533393745989152604233241017562904091457702854656
73 25 -18763854687567757324147364709445113752133431611445908484646531758355914417134842116027470315520
25 73 -18763854687567757324147364709445113752133431611445908484646531758355914417134842116027470315520
73 49 -31972556301267956413378106205302009778166964901974276896626885524595508829903297861950781705160618934272
49 73 -31972556301267956413378106205302009778166964901974276896626885524595508829903297861950781705160618934272
73 73 -690458360999423833704820963109117879779491574654610045663559174941343009240547332269445217375599895066443776
72 24 2609932923549182124949411707333609003074090293213307839368585404866499405885497939835880472576
24 72 2609932923549182124949411707333609003074090293213307839368585404866499405885497939835880472576
72 48 29945442835339539497808408864508898236908350716414341503124650976785237963842128938190196821393529634816
48 72 29945442835339539497808408864508898236908350716414341503124650976785237963842128938190196821393529634816
72 72 -156913370536561420108059566612482537898494887195069990582653267322308254704550926814715199971121833147629568
71 23 9121811490573072294560865259197553777227105060502884450811797600830633506543592349737418752
23 71 9121811490573072294560865259197553777227105060502884450811797600830633506543592349737418752
71 47 -17681182609152056632405748134889874137923499534661379975916783515727328868044930644106149684338556403712
47 71 -17681182609152056632405748134889874137923499534661379975916783515727328868044930644106149684338556403712
71 71 441313109990099788774569022692319315649071383538029778965344072237790715591334203807126344420643923680034816
70 22 -99364140035514981595967493130627939008228894349785436031401285304879438580749430197680340992
22 70 -99364140035514981595967493130627939008228894349785436031401285304879438580749430197680340992
70 46 7539060562276410565481009198095742378073780395381171361088801886971251654768379745208824891832329568256
46 70 7539060562276410565481009198095742378073780395381171361088801886971251654768379745208824891832329568256
70 70 -417900257431201328979062482165382267356936660683659771519260853246982573800396973329474863421649187900489728
69 21 24220571285597512032293674760618338891235862683735894677043222323526889708856411565108232192
21 69 24220571285597512032293674760618338891235862683735894677043222323526889708856411565108232192
69 45 -2055066301817219633309394754300712776644069896730965003077341658696724730817098719574602658093773881344
45 69 -2055066301817219633309394754300712776644069896730965003077341658696724730817098719574602658093773881344
69 69 277878427703406057087550134173118079922224703285619095505065458733071684921619548218040306951549216964476928
68 20 -2575246856163224732118522224566277429009139771525372344783253261356518181376618425881722880
20 68 -2575246856163224732118522224566277429009139771525372344783253261356518181376618425881722880
68 44 -38468834750923509157088355302080600892658363866457778179285731676946739001056682114397001460144406528
44 68 -38468834750923509157088355302080600892658363866457778179285731676946739001056682114397001460144406528
68 68 -133610188539264065412169184124699461804473776265826404902693073445223763239407785867063447444824057050038272
67 19 -75474675386426413956565815736404943874697214621686534219428319202693171394626149551177728
19 67 -75474675386426413956565815736404943874697214621686534219428319202693171394626149551177728
67 43 476636437637823573652719703872642671008519340236277205200310572013268960901131606624003145724552282112
43 67 476636437637823573652719703872642671008519340236277205200310572013268960901131606624003145724552282112
67 67 32217296301338079349851969924367457725988132279581973032907681784565471323646551856594593252673705595633664
66 18 65487621566061753593757077367913150799804531199420719492508089441105958678234869773893632
18 66 65487621566061753593757077367913150799804531199420719492508089441105958678234869773893632
66 42 -367975473756555482030188263264867919007436193809359545188524486411383941993782054462085205785973882880
42 66 -367975473756555482030188263264867919007436193809359545188524486411383941993782054462085205785973882880
66 66 20306020263170641616443568225915295695871985212800626527796606420188770125882679521565930278844305191731200
65 17 -8574800908973381685944019853893095489999617766108617891755368837647626152972739430842368
17 65 -8574800908973381685944019853893095489999617766108617891755368837647626152972739430842368
65 41 192452756001524313388723882028806656509083458841982489330277454689205824292514714361748954490777632768
41 65 192452756001524313388723882028806656509083458841982489330277454689205824292514714361748954490777632768
65 65 -36719458590321834364563748301673458228305914561918363186032086870691936361359049574516047246711848104361984
64 16 217471459337715275656322095501238213815903729068119117552486206538769162822881588019200
16 64 217471459337715275656322095501238213815903729068119117552486206538769162822881588019200
64 40 -79257897166771520850377465754547630704333280191861847940546651771477711755500753631118747814814810112
40 64 -79257897166771520850377465754547630704333280191861847940546651771477711755500753631118747814814810112
64 64 33440907489892017414149372137716348996157188559356892272115965056348465275578353349627311642259361345044480
63 15 59585378520343269854984790899651447304942618061356240480635083193084917075614350966784
15 63 59585378520343269854984790899651447304942618061356240480635083193084917075614350966784
63 39 26442701655464210872312318679540721855738598551634939100772114299655379895399738861717287277284032512
39 63 26442701655464210872312318679540721855738598551634939100772114299655379895399738861717287277284032512
63 63 -23177289336795329421184121810925774953254455553546255208439758607203451470490737017516590457727332271521792
62 14 -4359108577199169986539470966712969103961894883246609650955774693422597779302104694784
14 62 -4359108577199169986539470966712969103961894883246609650955774693422597779302104694784
62 38 -6935754591153100648955281467586353390073906155518600681202344145283531921296633106517738549189541888
38 62 -6935754591153100648955281467586353390073906155518600681202344145283531921296633106517738549189541888
62 62 13119240436911849789391144531837257054506645179361450141863437457939072804242135937713355472873617381916672
61 13 -407203238900018941462024743137557662345821820610181448665403343591011550052573249536
13 61 -407203238900018941462024743137557662345821820610181448665403343591011550052573249536
61 37 1226521018256409185229977551739721732514935910073311980420921525125184939641230904716016110136197120
37 61 1226521018256409185229977551739721732514935910073311980420921525125184939641230904716016110136197120
61 61 -6003679740925368878710630773395501606325379630367683608994676345102724519592301597302557424458427711619072
60 12 62256463613514363046252337711442376196795195680002092250603371578511599627818500096
12 60 62256463613514363046252337711442376196795195680002092250603371578511599627818500096
60 36 -9601680647899788870551119942622905299135357156022668897285561546910942718915358942271975110737920
36 60 -9601680647899788870551119942622905299135357156022668897285561546910942718915358942271975110737920
60 60 1981049903422302106911923187529315553463079307565702953105160244150525082622136529957049383765134528217088
59 11 -2667398507371995133724780774890727495671121530877899365920397677239396365907263488
11 59 -2667398507371995133724780774890727495671121530877899365920397677239396365907263488
59 35 -101695070703578277087340816793244468818723241499620250821184937134536092063650111974871071966887936
35 59 -101695070703578277087340816793244468818723241499620250821184937134536092063650111974871071966887936
59 59 -178720453634208520623247569972363829063440714470537792674725194188979455375642716882360504848656904486912
58 10 198473098571441998251873045310529993116675851244715234514313022598732873658793984
10 58 198473098571441998251873045310529993116675851244715234514313022598732873658793984
58 34 51225005096474764744944223456958466116418260638405202598003079809960496890279424052716290749497344
34 58 51225005096474764744944223456958466116418260638405202598003079809960496890279424052716290749497344
58 58 -376592317003178500681064600015558646262515480302315902126382837666824036885355317764934961442214153027584
57 9 -23283972773088237465800206304427949839744411383558312095970635982386131254640640
9 57 -23283972773088237465800206304427949839744411383558312095970635982386131254640640
57 33 -16911080930544977615234839889347548148126773031657856061719492653403290645254268239818190569340928
33 57 -16911080930544977615234839889347548148126773031657856061719492653403290645254268239818190569340928
57 57 388132047030974580392279599669327769983290535687662313445312557464519125317268058962878698146232673501184
56 8 1516642581399188675208528065693767872042514557501787408078212079846158539685888
8 56 1516642581399188675208528065693767872042514557501787408078212079846158539685888
56 32 4293776336814531784915419552426162604249254288554073352909085034681753076991293079685379336962048
32 56 4293776336814531784915419552426162604249254288554073352909085034681753076991293079685379336962048
56 56 -245723680785343869672593706844707613580937930315255991013707047620442181789543822992940161923678921031680
55 7 -84874847337324949672176490460354025169736564641203355929784269313132569034752
7 55 -84874847337324949672176490460354025169736564641203355929784269313132569034752
55 31 -858939853835982286704405768509128136065134242023262801025296636521097299138569991757099136188416
31 55 -858939853835982286704405768509128136065134242023262801025296636521097299138569991757099136188416
55 55 113527136381257235423361199123289738552311369180943396192698707728886299308151261963768535268238026604544
54 6 2589038041889545513772443742958687689201480437975322439256273595311557967872
6 54 2589038041889545513772443742958687689201480437975322439256273595311557967872
54 30 129914289825586352981034375615477331144887446872660076774348993257619488903669297506522656407552
30 54 129914289825586352981034375615477331144887446872660076774348993257619488903669297506522656407552
54 54 -33195992902044734875856727753752130441440770869508341738206309966192448410477993310005915682070515941376
53 5 -20727248143494934556744008690427993434637180963885483968496497165959430144
5 53 -20727248143494934556744008690427993434637180963885483968496497165959430144
53 29 -12306599932098821193166538942775772154113648706483030104984276141392232908091561346210350497792
29 53 -12306599932098821193166538942775772154113648706483030104984276141392232908091561346210350497792
53 53 -2946511450924565052807967370714950624191949248044828177536240433563836411524296293491528926787448864768
52 4 28849848442567298662098423802263115331483728153533077731420631514218496
4 52 28849848442567298662098423802263115331483728153533077731420631514218496
52 28 -138101304336344770361590897906585029125428772383201728974460259889273517627006719808455573504
28 52 -138101304336344770361590897906585029125428772383201728974460259889273517627006719808455573504
52 52 13346314052826009800223003650906840125037397175948743983179481666849197586145190793316063889843405455360
51 3 -4252782926700256307763123743180001225810236422481023311651274752000
3 51 -4252782926700256307763123743180001225810236422481023311651274752000
51 27 301819608133600009928245541241065963617114912068625296674607842669914767438393691038944329728
27 51 301819608133600009928245541241065963617114912068625296674607842669914767438393691038944329728
51 51 -12557143272946128621066182016155036101661516141763159401813217557695753281262498489524139006016274563072
50 2 15206720159502937769175650663726134766650745475066564232347648
2 50 15206720159502937769175650663726134766650745475066564232347648
50 26 -51809917777207400133728055503054673989226576510421020184379976230219829641293202388259176448
26 50 -51809917777207400133728055503054673989226576510421020184379976230219829641293202388259176448
50 50 8684243999983824492412691099390791736499705617316137351951068098453233700041834571815544281198923612160
49 1 -2557810553033746469721223917857584819775338941775872
1 49 -2557810553033746469721223917857584819775338941775872
49 25 -74838726987770576913586524396035780402495973073010135603216617179536394295275632300392448
25 49 -74838726987770576913586524396035780402495973073010135603216617179536394295275632300392448
49 49 -5102400278072447580709578392443570497596727702559830752468131941436317024302525724953264812253318742016
48 24 2402887440773923405659279128551897327015057794651744373044988159085257442568400623162621952
24 48 2402887440773923405659279128551897327015057794651744373044988159085257442568400623162621952
48 48 2677859936420117836249930021941591904189737573130940427153463515270913628651490230399066059556066951168
47 23 -789141898538376591143584992416225725153955404768334722063254450747761532703389470896947200
23 47 -789141898538376591143584992416225725153955404768334722063254450747761532703389470896947200
47 47 -1285730136664116899349721162171820859592369535114471540317853114450713188658739191111533879915016355840
46 22 171554637510565974219247007487279015012903448942393014423340821970855450029795245362774016
22 46 171554637510565974219247007487279015012903448942393014423340821970855450029795245362774016
46 46 572427648504530677181118697121188230634482350848626474267374381338723188314819312088569693548138463232
45 21 -29793780002043081785681693246898034400814214763630526567783005710733387181289808108453888
21 45 -29793780002043081785681693246898034400814214763630526567783005710733387181289808108453888
45 45 -238330068538585119388770951071314885044239168692975761167447797459593379816097761645822080466766790656
44 20 4407847220102647374928707643222909579672275025240520011577571891690446401262229875851264
20 44 4407847220102647374928707643222909579672275025240520011577571891690446401262229875851264
44 44 93326711255439720418363099348075517091585976153470540411837087923055388441148135010648369875021463552
43 19 -568853063761227597608988356396387012036190259791157627472497191605119524575488088473600
19 43 -568853063761227597608988356396387012036190259791157627472497191605119524575488088473600
43 43 -34511478190127139338773886094405224881183599557291258968397697409208226454483864377008212563443318784
42 18 63885079152582633884883836341154339592815851851878625403306369649890953762477537492992
18 42 63885079152582633884883836341154339592815851851878625403306369649890953762477537492992
42 42 12087853307127547107883962290286691247319263763892212165131766448051385313348662611389080619303567360
41 17 -5971487135173826786383650486373776336379503124196045387775411882013042950372665065472
17 41 -5971487135173826786383650486373776336379503124196045387775411882013042950372665065472
41 41 -4019240432000519175338752897474641050399438310257211371584438010105831573610278423634507931060273152
40 16 375506547446421923803679016181886362019170903205250244967025432218280159401213952000
16 40 375506547446421923803679016181886362019170903205250244967025432218280159401213952000
40 40 1270875264993151133453186159902261707233900639296591858181961945085499065537021516355714263648567296
39 15 5016103850857899188722713630457861239552459838943000635810896191652420246994681856
15 39 5016103850857899188722713630457861239552459838943000635810896191652420246994681856
39 39 -382659082324800389327558282748117483527655673985228419969988284189133100018534637105384774627753984
38 14 -5363807632223657292465896111703755518354537621034308069329272030514076036234215424
14 38 -5363807632223657292465896111703755518354537621034308069329272030514076036234215424
38 38 109831182330868725493036509398867691712797104028137091069130761591046030997708971953436026308919296
37 13 1038930817633714662749284864480502176762186025484057923199477454991471160481284096
13 37 1038930817633714662749284864480502176762186025484057923199477454991471160481284096
37 37 -30073992563678540231800404040489958269252938576113870936018300202526569747852320139821792259735552
36 12 -164331461570619548452269831378568265092004576195403326808709255476805512412004352
12 36 -164331461570619548452269831378568265092004576195403326808709255476805512412004352
36 36 7860762856292515946180871473657462495747233607007526745457046856001860564732191560956887653416960
35 11 12549966559729366853526895031869799009780887045424578623191590429504806271844352
11 35 12549966559729366853526895031869799009780887045424578623191590429504806271844352
35 35 -1962106953975460357938944377392049625191340857391801833232768174740316525702385947575382551035904
34 10 102772525944455466431138025870130724255940833854710270124582818666614842458112
10 34 102772525944455466431138025870130724255940833854710270124582818666614842458112
34 34 467808035596016338468967032367041804378870615077382640424398900543479821163804974577249809334272
33 9 269243489868037975680119021336969799875524253894921923563681660429216119783424
9 33 269243489868037975680119021336969799875524253894921923563681660429216119783424
33 33 -106544726720342902050484823939792788059235643832541413816446782560116393246502649002494569480192
32 8 35010285803138146689163557199242049302730712322230087175904539087008027377664
8 32 35010285803138146689163557199242049302730712322230087175904539087008027377664
32 32 23178089411823531293213556869705002923119418550363125496438186366681332554672775244171211440128
31 7 1231044618440947847505190125425561570553347809443409490337592462316908052480
7 31 1231044618440947847505190125425561570553347809443409490337592462316908052480
31 31 -4814982922085675827726087716223058933111882450187686904436234684284643817225852802017443971072
30 6 16359472033347182611877801358275145754225745760844992235337783135577309184
6 30 16359472033347182611877801358275145754225745760844992235337783135577309184
30 30 954767940617600465409968609955617758723044005206183849943766015885638075611133171079860715520
29 5 85968959648086517846356725111666949136778309227884912150446135767465984
5 29 85968959648086517846356725111666949136778309227884912150446135767465984
29 29 -180600983532884649353451799700841912247394149949462012574144447217666521742146094564531765248
28 4 162533539082159378016223575360137885613311671633889092398525414637568
4 28 162533539082159378016223575360137885613311671633889092398525414637568
28 28 32561491186628340145556919711495899704418557145311306813374906416816010615515255138257207296
27 3 83539993177071496259939725673482026952167958765432711686171656192
3 27 83539993177071496259939725673482026952167958765432711686171656192
27 27 -5589718807690223347942730054265083448849909829618465199400450697742215061371448126336925696
26 2 5188169129942483188046346159339792214642951540720344223449088
2 26 5188169129942483188046346159339792214642951540720344223449088
26 26 912430140277404488958388141488375188888251959643741141925372171941202690631013736378269696
25 1 67158923238629650897295725432978637319229412214833152
1 25 67158923238629650897295725432978637319229412214833152
25 25 -141390779247570299366056931772060301135796369847167291264294805159075544075149566959157248
24 24 20757734471364730419238171365116122179289943092576215933771736257596400503473614704607232
23 23 -2880062154052161389380056463242172992454936472858460233943950972430099474045824080543744
22 22 376507799525950579064216693212258240651130793603326500496073277962673225965466460094464
21 21 -46205850108390570273673905430243339843670884360467365501203181205393502296015976267776
20 20 5298971307088681706580149974586077267013333545264241690077285712579412899261048684544
19 19 -564637630275272110693111764425699169482551004865760298700842659474679396427737595904
18 18 55505708989161997113411770618197226092984659716305356652332886263663654669524140032
17 17 -4989352196660925752234536984107046602785350759718221251930694702947371387193393152
16 16 405387465309384747557215673847803172217767893290731167207963023064815240787001344
15 15 -29321970762779141588521846358952688846288278393712115806791459810002239913721856
14 14 1853567448917973258963497105299335637991795283654898221262013134875886023081984
13 13 -100451455767600350587851300458813925305562648225236590945345269385672142094336
12 12 4586104002622554398526401169274594625914603545592321220258614099467795693568
11 11 -173851678443202256536825567766930954354207319100199824652452765619340705792
10 10 5407887156838217450704140683175940210914255825718814683355821322606215168
9 9 -136606449139876186360820658577993930737618877441677341217807217585029120
8 8 2772702427120462713747891117851990462340752945806161855623898398195712
7 7 -44652918708046184621934353947570032525660538273003377088176733552640
6 6 561091245940964938150756292427130452171615928815327107858911199232
5 5 -5370730682950704633644521250784545299569771060335713022954700800
4 4 37753828186589331844350263955376174381207431113841990264946688
3 3 -183480327373479842400240635346111492472528969512115045924864
2 2 550165899170854100150646582746960996919127344863913181184
1 1 -766247770432944429179173513575154591809369561091801088
