# Weber-f modular polynomial Phi_293^f(X,Y); r=q^(1/48).
294 0 1
0 294 1
293 5 -884567
5 293 -884567
293 29 27306488651
29 293 27306488651
293 53 -698523999815
53 293 -698523999815
293 77 1670687571359
77 293 1670687571359
293 101 -1049643982603
101 293 -1049643982603
293 125 264723073667
125 293 264723073667
293 149 -33175900397
149 293 -33175900397
293 173 2320522496
173 293 2320522496
293 197 -96264271
197 293 -96264271
293 221 2417836
221 293 2417836
293 245 -36039
245 293 -36039
293 269 293
269 293 293
293 293 -1
292 10 311226471977
10 292 311226471977
292 34 167434894970758088
34 292 167434894970758088
292 58 95458123211740351303
58 292 95458123211740351303
292 82 1948002140934321584361
82 292 1948002140934321584361
292 106 5185358994166317154763
106 292 5185358994166317154763
292 130 3058144481497933964994
130 292 3058144481497933964994
292 154 518614976406098861825
154 292 518614976406098861825
292 178 28496586646143647122
178 292 28496586646143647122
292 202 516041263167436520
202 292 516041263167436520
292 226 2797114022609484
226 292 2797114022609484
292 250 3353393492605
250 292 3353393492605
292 274 332256433
274 292 332256433
291 15 -55623522342684925
15 291 -55623522342684925
291 39 107261716689556564391450
39 291 107261716689556564391450
291 63 -195272418611507544039405804
63 291 -195272418611507544039405804
291 87 7698853457742840775506955686
87 291 7698853457742840775506955686
291 111 -22213776727313447471545513193
111 291 -22213776727313447471545513193
291 135 8409625965058021750966385272
135 291 8409625965058021750966385272
291 159 -618684934539133644437414019
159 291 -618684934539133644437414019
291 183 12881277355374263978602351
183 291 12881277355374263978602351
291 207 -86648725334484081170345
207 291 -86648725334484081170345
291 231 132061683356540692906
231 291 132061683356540692906
291 255 -19101552841875479
255 291 -19101552841875479
291 279 16282001503
279 291 16282001503
290 20 5360099353280870282215
20 290 5360099353280870282215
290 44 14118956229141976848843606250
44 290 14118956229141976848843606250
290 68 27272436053416872678837834116828
68 290 27272436053416872678837834116828
290 92 633674590056364725079681366486903
92 290 633674590056364725079681366486903
290 116 462036445502114439445653297923544
116 290 462036445502114439445653297923544
290 140 -941898563822172109174945365990
140 290 -941898563822172109174945365990
290 164 -172776059407133539209711643271
164 290 -172776059407133539209711643271
290 188 144961826071342069203833951
188 290 144961826071342069203833951
290 212 14966315455713919847769297
212 290 14966315455713919847769297
290 236 60934105414277487847900
236 290 60934105414277487847900
290 260 1999633926442000497
260 290 1999633926442000497
290 284 10910695910
284 290 10910695910
289 1 3538268
1 289 3538268
289 25 -274096197371336467952928157
25 289 -274096197371336467952928157
289 49 444330116220065676905727915094302
49 289 444330116220065676905727915094302
289 73 -346520915746386113121942171477971679
73 289 -346520915746386113121942171477971679
289 97 1379002002659398438579605599456403098
97 289 1379002002659398438579605599456403098
289 121 -71226346649418401907220303218371104
121 289 -71226346649418401907220303218371104
289 145 3260160841755540042220605218587562
145 289 3260160841755540042220605218587562
289 169 8077345564304949062421231223071
169 289 8077345564304949062421231223071
289 193 -479127110153111635640429133241
193 289 -479127110153111635640429133241
289 217 -1972812668807788376952882426
217 289 -1972812668807788376952882426
289 241 2619706054957709733747257
241 289 2619706054957709733747257
289 265 -20826630432545162275
265 289 -20826630432545162275
289 289 75546827
288 6 3311383320422801
6 288 3311383320422801
288 30 6914177990214195776653572255274
30 288 6914177990214195776653572255274
288 54 3160554655080150124010838455584217868
54 288 3160554655080150124010838455584217868
288 78 328193322941403377000189039600643214536
78 288 328193322941403377000189039600643214536
288 102 28303067724700264557293366257131546290
102 288 28303067724700264557293366257131546290
288 126 3839890413984809020527445261849274250
126 288 3839890413984809020527445261849274250
288 150 -162564007236109322243908155368200057
150 288 -162564007236109322243908155368200057
288 174 3599649198975474884248362855796374
174 288 3599649198975474884248362855796374
288 198 22294323333550737448880384589427
198 288 22294323333550737448880384589427
288 222 -62325363252007757530634283827
222 288 -62325363252007757530634283827
288 246 28525234418026071357482933
246 288 28525234418026071357482933
288 270 34885955671712782507
270 288 34885955671712782507
287 11 11497935570731485603340
11 287 11497935570731485603340
287 35 -75153146817981189037918006232674946
35 287 -75153146817981189037918006232674946
287 59 4041080843491707397519707886787101421886
59 287 4041080843491707397519707886787101421886
287 83 -5930016143837513910593022349998476777447
83 287 -5930016143837513910593022349998476777447
287 107 2575477452126516977304928335446299425156
107 287 2575477452126516977304928335446299425156
287 131 106772121260564987776055291579084567549
131 287 106772121260564987776055291579084567549
287 155 -2270870979953264003158822522562075169
155 287 -2270870979953264003158822522562075169
287 179 -102201241733123100451167968796674913
179 287 -102201241733123100451167968796674913
287 203 458274725426949916595030746912788
203 287 458274725426949916595030746912788
287 227 -399870291668236668529380967245
227 287 -399870291668236668529380967245
287 251 102986596711346928759087653
251 287 102986596711346928759087653
287 275 -10325111866630316092
275 287 -10325111866630316092
286 16 5221839260611052412417122759
16 286 5221839260611052412417122759
286 40 283686199324076866092451480496692120186
40 286 283686199324076866092451480496692120186
286 64 587449645719434465936164703006437517430569
64 286 587449645719434465936164703006437517430569
286 88 69424942466480681255869480408256201714540
88 286 69424942466480681255869480408256201714540
286 112 6424061732286149290653041056953990787572
112 286 6424061732286149290653041056953990787572
286 136 -11362297567476161928665915386095727481
136 286 -11362297567476161928665915386095727481
286 160 107789151718615041451786401254889727834
160 286 107789151718615041451786401254889727834
286 184 -855015632436393509467805126505047133
184 286 -855015632436393509467805126505047133
286 208 3202613034249611182979711311666431
208 286 3202613034249611182979711311666431
286 232 668231821079592314730209429990
232 286 668231821079592314730209429990
286 256 182585234641334928607478284
256 286 182585234641334928607478284
286 280 429421728948852993
280 286 429421728948852993
285 21 514267255677234613331001463112454
21 285 514267255677234613331001463112454
285 45 -265985045722094248519416690481019795944110
45 285 -265985045722094248519416690481019795944110
285 69 10328929125456447383035434124825310067047780
69 285 10328929125456447383035434124825310067047780
285 93 -2730241264760561173543813530367973561006598
93 285 -2730241264760561173543813530367973561006598
285 117 -982020500856690581773222645985402645232252
117 285 -982020500856690581773222645985402645232252
285 141 -62503686774103484632804688952274201786333
141 285 -62503686774103484632804688952274201786333
285 165 1286566319785880653199487314598934645123
165 285 1286566319785880653199487314598934645123
285 189 -10272937882242206653371981373082315293
189 285 -10272937882242206653371981373082315293
285 213 10037290866595871043893217741062744
213 285 10037290866595871043893217741062744
285 237 8794418675894668371346884283855
237 285 8794418675894668371346884283855
285 261 144461158870276916844533836
261 285 144461158870276916844533836
285 285 -1208820294691126
284 2 4979623551632
2 284 4979623551632
284 26 12139118501728454207220600741457944971
26 284 12139118501728454207220600741457944971
284 50 33983262615659175873699575074304130498745384
50 284 33983262615659175873699575074304130498745384
284 74 351074218632302687093609126374158782710193040
74 284 351074218632302687093609126374158782710193040
284 98 13883061912426982995661224855072686208126319
98 284 13883061912426982995661224855072686208126319
284 122 18105764088589999557916230029782801685601765
122 284 18105764088589999557916230029782801685601765
284 146 -346696038752305694573158689516316547150557
146 284 -346696038752305694573158689516316547150557
284 170 5875751948727563753018025119710125190414
170 284 5875751948727563753018025119710125190414
284 194 -36164240956363740116544668309323908602
194 284 -36164240956363740116544668309323908602
284 218 78277617351056537345732833948055962
218 284 78277617351056537345732833948055962
284 242 22134186537475973927441704923854
242 284 22134186537475973927441704923854
284 266 51839182940903459168677312
266 284 51839182940903459168677312
283 7 -45991742282925942413360
7 283 -45991742282925942413360
283 31 62773090476203835818554803177622614755596
31 283 62773090476203835818554803177622614755596
283 55 83078879749009147850796281248320695773971174
55 283 83078879749009147850796281248320695773971174
283 79 3199670223085301227737331899389608536767650484
79 283 3199670223085301227737331899389608536767650484
283 103 -1713783540123145998950610617370335357646070071
103 283 -1713783540123145998950610617370335357646070071
283 127 109854489727688394370636035374950739320937920
127 283 109854489727688394370636035374950739320937920
283 151 -2735253592346627152272620407243789390938109
151 283 -2735253592346627152272620407243789390938109
283 175 14860741556261023492481582771850320272012
175 283 14860741556261023492481582771850320272012
283 199 -16907118452781021292607288186555498764
199 283 -16907118452781021292607288186555498764
283 223 323430309247250845367299474109197765
223 283 323430309247250845367299474109197765
283 247 22537325506319258386540390977924
247 283 22537325506319258386540390977924
283 271 8005218978192557566519035
271 283 8005218978192557566519035
282 12 776372698893550743349034118536
12 282 776372698893550743349034118536
282 36 54368229104034230885286539124937711431803454
36 282 54368229104034230885286539124937711431803454
282 60 18789585883310670527890766165466786108488885867
60 282 18789585883310670527890766165466786108488885867
282 84 49797004228338366943735067039618482541580818688
84 282 49797004228338366943735067039618482541580818688
282 108 -7634676784339966138402555724322707477358646547
108 282 -7634676784339966138402555724322707477358646547
282 132 112632138571554633020327817398080498757604954
132 282 112632138571554633020327817398080498757604954
282 156 -1642945254274086120039361171925592491175662
156 282 -1642945254274086120039361171925592491175662
282 180 -1596399156929605794989541224666276837209
180 282 -1596399156929605794989541224666276837209
282 204 237356393284957302804959344741034028696
204 282 237356393284957302804959344741034028696
282 228 495780144045957884227819908713293601
228 282 495780144045957884227819908713293601
282 252 10971516846580543873107640902801
252 282 10971516846580543873107640902801
282 276 336684411208000211004394
276 282 336684411208000211004394
281 17 -501555269552741434914897092216508288
17 281 -501555269552741434914897092216508288
281 41 4785591969481500883348208996458258123352609714
41 281 4785591969481500883348208996458258123352609714
281 65 -11315673711436113683434581369855408441340277921
65 281 -11315673711436113683434581369855408441340277921
281 89 104443830587172852067935725207877761317837566501
89 281 104443830587172852067935725207877761317837566501
281 113 -19367777607619210879484457015909495089478107747
113 281 -19367777607619210879484457015909495089478107747
281 137 580852351118759448906748439284007989403812451
137 281 580852351118759448906748439284007989403812451
281 161 12485775701789641429575366251756109151404813
161 281 12485775701789641429575366251756109151404813
281 185 -186891447504308267849672155296222161622077
185 281 -186891447504308267849672155296222161622077
281 209 592141800037727396473710171064908069275
209 281 592141800037727396473710171064908069275
281 233 370980719909172887657597189474478912
233 281 370980719909172887657597189474478912
281 257 1609271198398135545833742490265
257 281 1609271198398135545833742490265
281 281 2222630684223491250355
280 22 26760793678395147172519229917984133456001
22 280 26760793678395147172519229917984133456001
280 46 84195374400867840199896722559604542225827637434
46 280 84195374400867840199896722559604542225827637434
280 70 2207734446395023268737462625510780602360318882138
70 280 2207734446395023268737462625510780602360318882138
280 94 1148405690628103167636378510587644535790899228760
94 280 1148405690628103167636378510587644535790899228760
280 118 13139840071200212818359292865227778463745909063
118 280 13139840071200212818359292865227778463745909063
280 142 -1965004613363296635293521032218819752438683727
142 280 -1965004613363296635293521032218819752438683727
280 166 41301108166936324667072616275879578814391658
166 280 41301108166936324667072616275879578814391658
280 190 -522739686227741362465403880690344026208256
190 280 -522739686227741362465403880690344026208256
280 214 352293811880211551827293362855971398196
214 280 352293811880211551827293362855971398196
280 238 325695008950380983137786880864461045
238 280 325695008950380983137786880864461045
280 262 -269456151487642234733890785687
262 280 -269456151487642234733890785687
279 3 3559905429931835200
3 279 3559905429931835200
279 27 -126860001511232607987152174837962959195740143
27 279 -126860001511232607987152174837962959195740143
279 51 2665853455852251353452101806519329829140221047562
51 279 2665853455852251353452101806519329829140221047562
279 75 -11979950465628810701057112104531612533979579143967
75 279 -11979950465628810701057112104531612533979579143967
279 99 3675501282089626145947891227742951288316083228160
99 279 3675501282089626145947891227742951288316083228160
279 123 -122159742100699320711348965403625038539721547852
123 279 -122159742100699320711348965403625038539721547852
279 147 -585270608813180606205735516341614762992734520
147 279 -585270608813180606205735516341614762992734520
279 171 -11196133379232555528411940298308878498822115
171 279 -11196133379232555528411940298308878498822115
279 195 1251469921606916593347135763154250598301
195 279 1251469921606916593347135763154250598301
279 219 -954424358655883802192826029787272416634
219 279 -954424358655883802192826029787272416634
279 243 302234270943483230475990740341353762
243 279 302234270943483230475990740341353762
279 267 -90066345149364754001733494650
267 279 -90066345149364754001733494650
278 8 83549428169776838598673964144
8 278 83549428169776838598673964144
278 32 34294474484711489660090256519583158318848914594
32 278 34294474484711489660090256519583158318848914594
278 56 21517543057981441969433466462509233364230544828890
56 278 21517543057981441969433466462509233364230544828890
278 80 23222403895650173605243440242415509202416759736469
80 278 23222403895650173605243440242415509202416759736469
278 104 -5163808616955622667772577767096928840745333503854
104 278 -5163808616955622667772577767096928840745333503854
278 128 -15485212081611235563598439791111336838256415394
128 278 -15485212081611235563598439791111336838256415394
278 152 3159304038583990473557017738486599121652487845
152 278 3159304038583990473557017738486599121652487845
278 176 69347706437037802459862877661739173532691390
176 278 69347706437037802459862877661739173532691390
278 200 1204738463991367306555810359263214472100480
200 278 1204738463991367306555810359263214472100480
278 224 -1936975245252305510452262465422737307220
224 278 -1936975245252305510452262465422737307220
278 248 122750356820569168638186171923174708
248 278 122750356820569168638186171923174708
278 272 -4442799704081933725214874767
272 278 -4442799704081933725214874767
277 13 2006221078210965739659588368866033152
13 277 2006221078210965739659588368866033152
277 37 293565485156184348672112534038230302493803413734
37 277 293565485156184348672112534038230302493803413734
277 61 340711531287385872613400320027424038662876043032320
61 277 340711531287385872613400320027424038662876043032320
277 85 -465338690106888510638135141184902766466895355575141
85 277 -465338690106888510638135141184902766466895355575141
277 109 16882149109579018621510798259286956122914851722180
109 277 16882149109579018621510798259286956122914851722180
277 133 -452588311286837616482993429091553176643986892915
133 277 -452588311286837616482993429091553176643986892915
277 157 -527786894786716415118732137785377737873930710
157 277 -527786894786716415118732137785377737873930710
277 181 101362443020710077123260011953826071028345495
181 277 101362443020710077123260011953826071028345495
277 205 1465350436701720662239591608559040775700401
205 277 1465350436701720662239591608559040775700401
277 229 -1008177465077803068172275452437765656861
229 277 -1008177465077803068172275452437765656861
277 253 16289372275860925122661801633001212
253 277 16289372275860925122661801633001212
277 277 -80673473370254227034022571
276 18 717293997105402505538162244557731749163368
18 276 717293997105402505538162244557731749163368
276 42 22013764649162291274489029781883117598667446676694
42 276 22013764649162291274489029781883117598667446676694
276 66 248872035775162231095743708908890426208110262030815
66 276 248872035775162231095743708908890426208110262030815
276 90 593449398722339265700612785030723900169961888181620
90 276 593449398722339265700612785030723900169961888181620
276 114 -1251861361718710343704720419595882000507017945115
114 276 -1251861361718710343704720419595882000507017945115
276 138 903237887871633653055408656747571741590467373406
138 276 903237887871633653055408656747571741590467373406
276 162 -62955321186806088955238459897377990814267861172
162 276 -62955321186806088955238459897377990814267861172
276 186 -437230494000988703262367800326270919219569610
186 276 -437230494000988703262367800326270919219569610
276 210 471482311512796919964148070928523606187207
210 276 471482311512796919964148070928523606187207
276 234 268653328200865690115159450923230320647
234 276 268653328200865690115159450923230320647
276 258 1383648588709192531592588237918948
258 276 1383648588709192531592588237918948
275 23 7034104613459820370393513936288060042533933636
23 275 7034104613459820370393513936288060042533933636
275 47 237790050968621148271868113994297733135074825132550
47 275 237790050968621148271868113994297733135074825132550
275 71 8933143329162999817810266845924870062188710030955058
71 275 8933143329162999817810266845924870062188710030955058
275 95 -717139475298350874801967639860215497562860623066883
95 275 -717139475298350874801967639860215497562860623066883
275 119 234621318593043605164901041528692873982253736746120
119 275 234621318593043605164901041528692873982253736746120
275 143 -992005860150180741679615248815306348587737600377
143 275 -992005860150180741679615248815306348587737600377
275 167 -14275724360870358433118437684198051293699973203
167 275 -14275724360870358433118437684198051293699973203
275 191 -789968779988199806926947911874351734668520802
191 275 -789968779988199806926947911874351734668520802
275 215 -1097996886037406660364617886386624274871939
215 275 -1097996886037406660364617886386624274871939
275 239 373313598493357325080433722859317752020
239 275 373313598493357325080433722859317752020
275 263 327085707579190710396827108893619
263 275 327085707579190710396827108893619
274 4 1372185434439902792247040
4 274 1372185434439902792247040
274 28 1267586798748989965282969732372619016659047808463
28 274 1267586798748989965282969732372619016659047808463
274 52 2794216424089552166726081165092423047779899200489056
52 274 2794216424089552166726081165092423047779899200489056
274 76 940029926699664145535793538165273323452542396694786
76 274 940029926699664145535793538165273323452542396694786
274 100 3106070977195023943203918365818436375853051468256777
100 274 3106070977195023943203918365818436375853051468256777
274 124 172132232020855059027643433748940356500796579607762
124 274 172132232020855059027643433748940356500796579607762
274 148 2171109300873247017423614470571540269181982574202
148 274 2171109300873247017423614470571540269181982574202
274 172 240153007467260457535641562604107649246202685401
172 274 240153007467260457535641562604107649246202685401
274 196 252433153638220863239665151502209217570269485
196 274 252433153638220863239665151502209217570269485
274 220 -920229334773282161185605916914975754715986
220 274 -920229334773282161185605916914975754715986
274 244 112884348338777980653102530115399841806
244 274 112884348338777980653102530115399841806
274 268 14657909241739120798329855461186
268 274 14657909241739120798329855461186
273 9 -32913104363343015253184093639197056
9 273 -32913104363343015253184093639197056
273 33 11265466890087156430462785988720242725854229236316
33 273 11265466890087156430462785988720242725854229236316
273 57 -52573758619119016251771077787572682484066619082308568
57 273 -52573758619119016251771077787572682484066619082308568
273 81 -7438991254006311005570945284720731245065295193776650
81 273 -7438991254006311005570945284720731245065295193776650
273 105 -7971140328339357645281564072460183426197499079200056
105 273 -7971140328339357645281564072460183426197499079200056
273 129 -379772146673310270681737356126703605769606566708878
129 273 -379772146673310270681737356126703605769606566708878
273 153 3689862878089600866823773208237638658865267191212
153 273 3689862878089600866823773208237638658865267191212
273 177 238496051768093561028175373137397028091568493350
177 273 238496051768093561028175373137397028091568493350
273 201 1054088732509610251101089749897718368911961056
201 273 1054088732509610251101089749897718368911961056
273 225 320832562214403568268886126966308597231319
225 273 320832562214403568268886126966308597231319
273 249 12910683351283485139771261247491881233
249 273 12910683351283485139771261247491881233
273 273 852328662964675769370563892467
272 14 428172698854322354760307678687746135296016
14 272 428172698854322354760307678687746135296016
272 38 1991633018612496466883296938394634260269885960784594
38 272 1991633018612496466883296938394634260269885960784594
272 62 -912185563073876369285441337746908852881796834655506
62 272 -912185563073876369285441337746908852881796834655506
272 86 -15045941470801013682217175530366445895673289149456299
86 272 -15045941470801013682217175530366445895673289149456299
272 110 -32765567523200238955176139400245474057328159036006578
110 272 -32765567523200238955176139400245474057328159036006578
272 134 -872482951454570611853812074645485064696569878231902
134 272 -872482951454570611853812074645485064696569878231902
272 158 -29759756330947380782202501141869363745475723761329
158 272 -29759756330947380782202501141869363745475723761329
272 182 -227990064546530870729082515230759814635385722200
182 272 -227990064546530870729082515230759814635385722200
272 206 8370068921476621192800681192505370035788973
206 272 8370068921476621192800681192505370035788973
272 230 350691836568579925162340141572867512387527
230 272 350691836568579925162340141572867512387527
272 254 -577368972610948419997124242764858119
254 272 -577368972610948419997124242764858119
271 19 -28136418453839281481574055745152240170135734544
19 271 -28136418453839281481574055745152240170135734544
271 43 10376732277394077635415461926679524159949966150642588
43 271 10376732277394077635415461926679524159949966150642588
271 67 166299587980371694014004928746689945721468876268193786
67 271 166299587980371694014004928746689945721468876268193786
271 91 139956958674609985791876801072659207745015420679553892
91 271 139956958674609985791876801072659207745015420679553892
271 115 -6775543072919610703456868267380057909974710265355849
115 271 -6775543072919610703456868267380057909974710265355849
271 139 -341029985419348796309140495499780400027973511252600
139 271 -341029985419348796309140495499780400027973511252600
271 163 -47571090541338756070524401071573397957730196027589
163 271 -47571090541338756070524401071573397957730196027589
271 187 -323280432174756370580418289450654961074267262152
187 271 -323280432174756370580418289450654961074267262152
271 211 -752226071953069644156763434083053685173876939
211 271 -752226071953069644156763434083053685173876939
271 235 33028331909773937060730256004713497259871
235 271 33028331909773937060730256004713497259871
271 259 -692839512077842512932937148423810652
259 271 -692839512077842512932937148423810652
270 24 7884708376284440291144053021827243683644540777636
24 270 7884708376284440291144053021827243683644540777636
270 48 -364505097443645107829425336711630584320607081805947278
48 270 -364505097443645107829425336711630584320607081805947278
270 72 1114793315349239369291072888510751188920099695513381562
72 270 1114793315349239369291072888510751188920099695513381562
270 96 949317256663613885485364621714538929094229353772946580
96 270 949317256663613885485364621714538929094229353772946580
270 120 62609567388434536520680151319284472314552289579316247
120 270 62609567388434536520680151319284472314552289579316247
270 144 3480871124798375219971049433259753410065080049718838
144 270 3480871124798375219971049433259753410065080049718838
270 168 39495280060833124624890585455248736053420120916949
168 270 39495280060833124624890585455248736053420120916949
270 192 109754093249084976376682721956814606150683900463
192 270 109754093249084976376682721956814606150683900463
270 216 -94478255433546742977278467674049928913654331
216 270 -94478255433546742977278467674049928913654331
270 240 -16913045444687851808463754031694046242482
240 270 -16913045444687851808463754031694046242482
270 264 -25379077857858833654890503461953
264 270 -25379077857858833654890503461953
269 5 280674506108248543183798432768
5 269 280674506108248543183798432768
269 29 280054648208189938157865352310605065925779104359460
29 269 280054648208189938157865352310605065925779104359460
269 53 1162863134518510064756763352279416104006834528484589597
53 269 1162863134518510064756763352279416104006834528484589597
269 77 -170904154766419499466583077717574393616688792162788056
77 269 -170904154766419499466583077717574393616688792162788056
269 101 735111330965410376142998227469743472164660891135262399
101 269 735111330965410376142998227469743472164660891135262399
269 125 67449526938791823727931222028653653489467190286200209
125 269 67449526938791823727931222028653653489467190286200209
269 149 6755849988268057451575845325866506449212156516851590
149 269 6755849988268057451575845325866506449212156516851590
269 173 86301639479955710782180185772602492022892631592227
173 269 86301639479955710782180185772602492022892631592227
269 197 213323144095096365399048531320934820346040193863
197 269 213323144095096365399048531320934820346040193863
269 221 198525768302363434341941743670662860787615268
221 269 198525768302363434341941743670662860787615268
269 245 -799146853585020560467049666909783130618
245 269 -799146853585020560467049666909783130618
269 269 -3248845746865370231795530941919422
268 10 3107614336442484277048473789813233912576
10 268 3107614336442484277048473789813233912576
268 34 49238877248095401600581835771638955742145586204993445
34 268 49238877248095401600581835771638955742145586204993445
268 58 4403371526724416250563671934866849480328058492139176008
58 268 4403371526724416250563671934866849480328058492139176008
268 82 -1904150583150642613233963609847509736782929930410183366
82 268 -1904150583150642613233963609847509736782929930410183366
268 106 -1522743199440810515961755254358327339310870521467071936
106 268 -1522743199440810515961755254358327339310870521467071936
268 130 -133836735059861941925096310572486541770180271439139717
130 268 -133836735059861941925096310572486541770180271439139717
268 154 -3735107709401571291766829770859819402843838643714416
154 268 -3735107709401571291766829770859819402843838643714416
268 178 -6850992980575054535642431748245719796847174784718
178 268 -6850992980575054535642431748245719796847174784718
268 202 -70609976308211958953408426075810054545198621374
202 268 -70609976308211958953408426075810054545198621374
268 226 45082703285870092453845502096297388293889373
226 268 45082703285870092453845502096297388293889373
268 250 406104917358946476831002412585517782445
250 268 406104917358946476831002412585517782445
267 15 8119040096718886911177739189629629388527369152
15 267 8119040096718886911177739189629629388527369152
267 39 84145763401294627487854066457348988561405906436962435
39 267 84145763401294627487854066457348988561405906436962435
267 63 -2904102435796625908984850449660928835491432884100214132
63 267 -2904102435796625908984850449660928835491432884100214132
267 87 -2034728899240638349776760944126686176646202687136282639
87 267 -2034728899240638349776760944126686176646202687136282639
267 111 -3032991791414261165989268666091050974440934177369201218
111 267 -3032991791414261165989268666091050974440934177369201218
267 135 -470839312671325606631188017575198614392433874155313341
135 267 -470839312671325606631188017575198614392433874155313341
267 159 -14433028748585968123219174914229226862112835597963666
159 267 -14433028748585968123219174914229226862112835597963666
267 183 -59885698148360241658453239214647805276462417932713
183 267 -59885698148360241658453239214647805276462417932713
267 207 -87400315778689782030543129621954047456604347744
207 267 -87400315778689782030543129621954047456604347744
267 231 -18005637420724688062217312370463963842975429
231 267 -18005637420724688062217312370463963842975429
267 255 211993925653966856699075675614021826496
255 267 211993925653966856699075675614021826496
266 20 20281388779983839444527515717961904266544764935408
20 266 20281388779983839444527515717961904266544764935408
266 44 -8776467282034905073547285116034267092416296267123869083
44 266 -8776467282034905073547285116034267092416296267123869083
266 68 -50716545780335496427806334742039307067630201826410061098
68 266 -50716545780335496427806334742039307067630201826410061098
266 92 -32827143923603852841608536230002263809584540069233393632
92 266 -32827143923603852841608536230002263809584540069233393632
266 116 3200016047101725698362886066895524947983138848329921320
116 266 3200016047101725698362886066895524947983138848329921320
266 140 2581027973367734867264306282286524605802816631689942
140 266 2581027973367734867264306282286524605802816631689942
266 164 -2323004260179146413851279819286980803884573502080459
164 266 -2323004260179146413851279819286980803884573502080459
266 188 617263373388059294609351442113565842209807633158
188 266 617263373388059294609351442113565842209807633158
266 212 16944269074835309973516418536515886006355216339
212 266 16944269074835309973516418536515886006355216339
266 236 1480259217635952074720603030508873109076620
236 266 1480259217635952074720603030508873109076620
266 260 -11777753660356977059721542040274978772
260 266 -11777753660356977059721542040274978772
265 1 -447389510057984
1 265 -447389510057984
265 25 -1120218592832759752631461409242420263703116417437840
25 265 -1120218592832759752631461409242420263703116417437840
265 49 -20010083681657733096694040584240351337960759258055526347
49 265 -20010083681657733096694040584240351337960759258055526347
265 73 -165953072273152234686530596262397569450175472643786567852
73 265 -165953072273152234686530596262397569450175472643786567852
265 97 -71813335331701917622993599486491313981876794384735550775
97 265 -71813335331701917622993599486491313981876794384735550775
265 121 18362785869413648722487740370257307426075770687833365972
121 265 18362785869413648722487740370257307426075770687833365972
265 145 1105522947305224091042848976496012371528568624737309825
145 265 1105522947305224091042848976496012371528568624737309825
265 169 11978181238225220882421425129564494422643645696451190
169 265 11978181238225220882421425129564494422643645696451190
265 193 20823411087342786865055292350789797229173660357450
193 265 20823411087342786865055292350789797229173660357450
265 217 24396890836206702273723044011364100764675361950
217 265 24396890836206702273723044011364100764675361950
265 241 -87500770686579196977059579763080240712115
241 265 -87500770686579196977059579763080240712115
265 265 3897828471472515311683995300876925709
264 6 28320473047917345901173031957602304
6 264 28320473047917345901173031957602304
264 30 320623608709501249140098954452383683668016262207938308
30 264 320623608709501249140098954452383683668016262207938308
264 54 193903821611707319339341456426383388935705032528384374196
54 264 193903821611707319339341456426383388935705032528384374196
264 78 708772721958525448222571576116155880252700686824909974298
78 264 708772721958525448222571576116155880252700686824909974298
264 102 -28790735312210663508190794937031151682103743457305461836
102 264 -28790735312210663508190794937031151682103743457305461836
264 126 6883134290541975491923555810734489307838970581007836067
126 264 6883134290541975491923555810734489307838970581007836067
264 150 616077883044506128439443277651303154581743231069664290
150 264 616077883044506128439443277651303154581743231069664290
264 174 4667136469120984407833663566281842138747089765451397
174 264 4667136469120984407833663566281842138747089765451397
264 198 -3353350846400606349129189189776845321703061114741
198 264 -3353350846400606349129189189776845321703061114741
264 222 298426697255766037570184061366022269317997781
222 264 298426697255766037570184061366022269317997781
264 246 -39357889398003186394057346175013064773754
246 264 -39357889398003186394057346175013064773754
263 11 -64279644647632727878200118453885557509730304
11 263 -64279644647632727878200118453885557509730304
263 35 2160451990314198082079305165280850738391222714887569420
35 263 2160451990314198082079305165280850738391222714887569420
263 59 -517516055878191317503159835221708822737847485100092056244
59 263 -517516055878191317503159835221708822737847485100092056244
263 83 1704807503148361866998269786849887838091691036120880197634
83 263 1704807503148361866998269786849887838091691036120880197634
263 107 -88098189314151866694847403994606378476514164960347921148
107 263 -88098189314151866694847403994606378476514164960347921148
263 131 -48955503985389341770363071622783342073246681708520791156
131 263 -48955503985389341770363071622783342073246681708520791156
263 155 -1021787959141390066154755059133450462911913181225807274
155 263 -1021787959141390066154755059133450462911913181225807274
263 179 -4179781925070375543535582414703269188511640641581473
179 263 -4179781925070375543535582414703269188511640641581473
263 203 -5635252603563584368754678967664392239575886874094
203 263 -5635252603563584368754678967664392239575886874094
263 227 111834577748744139139977705003990976527094773
227 263 111834577748744139139977705003990976527094773
263 251 -38165485596747182389583413783808348551043
251 263 -38165485596747182389583413783808348551043
262 16 8779385468086141352983105669013288529625322136064
16 262 8779385468086141352983105669013288529625322136064
262 40 65159357463804992502781690927403075179833660297715561547
40 262 65159357463804992502781690927403075179833660297715561547
262 64 1203450623641076135833745987562220439974216145072895123084
64 262 1203450623641076135833745987562220439974216145072895123084
262 88 -1018802967321062050822083524160240081172708609934447678750
88 262 -1018802967321062050822083524160240081172708609934447678750
262 112 -57642962840165474899024448812202174724579619005922660260
112 262 -57642962840165474899024448812202174724579619005922660260
262 136 -46397912720126006000463768252766020288632324740714563332
136 262 -46397912720126006000463768252766020288632324740714563332
262 160 -922455595547596100100476974762868579577860043951099974
160 262 -922455595547596100100476974762868579577860043951099974
262 184 -1898679697354700522595705011242609622185616883884547
184 262 -1898679697354700522595705011242609622185616883884547
262 208 2441764790330285315720999552086954662580475300119
208 262 2441764790330285315720999552086954662580475300119
262 232 48627557644395872639334713079538812831337758
232 262 48627557644395872639334713079538812831337758
262 256 7290322560279238596851502003655631128141
256 262 7290322560279238596851502003655631128141
261 21 -720989880965578011549618303278095534454670671124224
21 261 -720989880965578011549618303278095534454670671124224
261 45 -466658441873199750029023242839195378800126234029629666070
45 261 -466658441873199750029023242839195378800126234029629666070
261 69 5335231575639444205592616808047291854843323165109134713660
69 261 5335231575639444205592616808047291854843323165109134713660
261 93 -3496091493960680707219890782885161465938281086603233159452
93 261 -3496091493960680707219890782885161465938281086603233159452
261 117 814559270910242161773414382597827391963541087717221205120
117 261 814559270910242161773414382597827391963541087717221205120
261 141 52400849437260410825596767149479328735511111480650596790
141 261 52400849437260410825596767149479328735511111480650596790
261 165 315178911021459641823655418371917252972988695297678688
165 261 315178911021459641823655418371917252972988695297678688
261 189 647402925190569026706059598193219628021060656309935
189 261 647402925190569026706059598193219628021060656309935
261 213 1531217255465946167014671262920358014339819750882
213 261 1531217255465946167014671262920358014339819750882
261 237 -271279656720172680014279374816240563680123036
237 261 -271279656720172680014279374816240563680123036
261 261 -1550596519182545127530882257805335502307
260 2 10973013276803602055168
2 260 10973013276803602055168
260 26 787822035969526425609309372346223291874329379279895120
26 260 787822035969526425609309372346223291874329379279895120
260 50 2145820980794403316280899958202386914859020796156907880057
50 260 2145820980794403316280899958202386914859020796156907880057
260 74 -5422148744834635790245300180215720974045446503379173168986
74 260 -5422148744834635790245300180215720974045446503379173168986
260 98 2047328786068552336817286731982796047165808970374799305420
98 260 2047328786068552336817286731982796047165808970374799305420
260 122 1056634572233316077253037373338530797361766973717181757752
122 260 1056634572233316077253037373338530797361766973717181757752
260 146 79872497904062990630065840192362714371626936552618525127
146 260 79872497904062990630065840192362714371626936552618525127
260 170 506988625422398946385824994836269966904223057501902831
170 260 506988625422398946385824994836269966904223057501902831
260 194 107749552587051802340098633217911061559558062396909
194 260 107749552587051802340098633217911061559558062396909
260 218 -33869458143974193626716336356379681282935785675
218 260 -33869458143974193626716336356379681282935785675
260 242 57483857317675537148550805931182015427982872
242 260 57483857317675537148550805931182015427982872
259 7 1231309157465803801197248614116146315264
7 259 1231309157465803801197248614116146315264
259 31 -8641807961256792328317220661123402953564890859550277680
31 259 -8641807961256792328317220661123402953564890859550277680
259 55 -10851870795729925815864366480534280136004318373547070713224
55 259 -10851870795729925815864366480534280136004318373547070713224
259 79 -43432507900700628881457758627676896974306218126432019762038
79 259 -43432507900700628881457758627676896974306218126432019762038
259 103 2635397011025164919968983414202437748970225209420673985776
103 259 2635397011025164919968983414202437748970225209420673985776
259 127 -1368737572691540218365090196429926462046046387002526333535
127 259 -1368737572691540218365090196429926462046046387002526333535
259 151 -13014392652859225380928835523640438469557369298983069436
151 259 -13014392652859225380928835523640438469557369298983069436
259 175 63700945983354843211957879761176354029633743232441445
175 259 63700945983354843211957879761176354029633743232441445
259 199 -50355604397264284288360147742676368762886521297560
199 259 -50355604397264284288360147742676368762886521297560
259 223 13848728664772582301462083501225463851305953250
223 259 13848728664772582301462083501225463851305953250
259 247 4763490411227506698931600877471848476697420
247 259 4763490411227506698931600877471848476697420
258 12 222692266410124209706133664255744866024666947584
12 258 222692266410124209706133664255744866024666947584
258 36 857174202028849459601700647487543510660052653637404083288
36 258 857174202028849459601700647487543510660052653637404083288
258 60 -15230285485923626374865457752788997543246015550008171987876
60 258 -15230285485923626374865457752788997543246015550008171987876
258 84 -28406865700940492158812196302517862054474537355450218338265
84 258 -28406865700940492158812196302517862054474537355450218338265
258 108 -6569221689562682199112971441725346485170727417310736038452
108 258 -6569221689562682199112971441725346485170727417310736038452
258 132 -2683445995850785716642509690307380540405463760846448197973
132 258 -2683445995850785716642509690307380540405463760846448197973
258 156 -60695629901165072026660909580714115067704813242688736050
156 258 -60695629901165072026660909580714115067704813242688736050
258 180 -89429108728023857235462682105931524379018759118889183
180 258 -89429108728023857235462682105931524379018759118889183
258 204 128569530750858276272735504320213916405258172475025
204 258 128569530750858276272735504320213916405258172475025
258 228 -51180655006450125085391537963975650351497595204
228 258 -51180655006450125085391537963975650351497595204
258 252 -2046756402449273013294943333575629499486617
252 258 -2046756402449273013294943333575629499486617
257 17 -300611056799932773040243234855147829753654695663616
17 257 -300611056799932773040243234855147829753654695663616
257 41 -1590495862770928948356517632055831082207847919160081442496
41 257 -1590495862770928948356517632055831082207847919160081442496
257 65 143136246353828177485257604187500296558745136476302690174732
65 257 143136246353828177485257604187500296558745136476302690174732
257 89 52862559883773062052805380442303450031628002042529267028039
89 257 52862559883773062052805380442303450031628002042529267028039
257 113 5428182096563733803264882600052541391420464667197270350568
113 257 5428182096563733803264882600052541391420464667197270350568
257 137 513004363720571643026966122832806011359166461709694511043
137 257 513004363720571643026966122832806011359166461709694511043
257 161 -17545498368911507929444784911002677063588983332937270768
161 257 -17545498368911507929444784911002677063588983332937270768
257 185 -58631032248609123541405911650314545576166796551757690
185 257 -58631032248609123541405911650314545576166796551757690
257 209 32158150114132412991377384314652540511131185067227
209 257 32158150114132412991377384314652540511131185067227
257 233 -4611452341445981600429261212207264963947002288
233 257 -4611452341445981600429261212207264963947002288
257 257 275458122118174029442831115082492276867517
256 22 509858052764799095522124016229026370629090805960856064
22 256 509858052764799095522124016229026370629090805960856064
256 46 15741108243650184769467223751894304721729537591055702462061
46 256 15741108243650184769467223751894304721729537591055702462061
256 70 131325298307250720203898002497073361486041045052250001383564
70 256 131325298307250720203898002497073361486041045052250001383564
256 94 43967787676589331242086727952366164894366182194583537611369
94 256 43967787676589331242086727952366164894366182194583537611369
256 118 25982955637888188213379746942120182274221149189612529519764
118 256 25982955637888188213379746942120182274221149189612529519764
256 142 3053164478185531053599124244211127842366753779210399464137
142 256 3053164478185531053599124244211127842366753779210399464137
256 166 19353151420949334281410355912629047872858704121313675682
166 256 19353151420949334281410355912629047872858704121313675682
256 190 -27217171676983832486378401012450203434979943708511264
190 256 -27217171676983832486378401012450203434979943708511264
256 214 9857801633849736297907507058909730777408047938877
214 256 9857801633849736297907507058909730777408047938877
256 238 3498030481169076544369155820449567216196832376
238 256 3498030481169076544369155820449567216196832376
255 3 -28118015459867116015832268800
3 255 -28118015459867116015832268800
255 27 -5385328857682856159222660253270335267929978011965595840
27 255 -5385328857682856159222660253270335267929978011965595840
255 51 66084265989070065239766572213049435680628385195920291689161
51 255 66084265989070065239766572213049435680628385195920291689161
255 75 -343115984709308062317289957915322593515923149962783778592756
75 255 -343115984709308062317289957915322593515923149962783778592756
255 99 -23522668804324680880223835415632130809119158566438816076740
99 255 -23522668804324680880223835415632130809119158566438816076740
255 123 -6994327200756064969836583537777256938095415917094502318046
123 255 -6994327200756064969836583537777256938095415917094502318046
255 147 953218939129517155413318780779795302677225345653303349582
147 255 953218939129517155413318780779795302677225345653303349582
255 171 14911606865036702086537943570712186043938523492855522182
171 255 14911606865036702086537943570712186043938523492855522182
255 195 9233871072949044705337271540132854512269620184317486
195 255 9233871072949044705337271540132854512269620184317486
255 219 3874659397447629232911558117314964932576412826410
219 255 3874659397447629232911558117314964932576412826410
255 243 -1088211111491307306261741901376070761126304721
243 255 -1088211111491307306261741901376070761126304721
254 8 18591658758902701496234900225831214788509696
8 254 18591658758902701496234900225831214788509696
254 32 1042549719420879880044507054838449202877338564763448984752
32 254 1042549719420879880044507054838449202877338564763448984752
254 56 -69570160676998596478114044058014204531539408795473567673700
56 254 -69570160676998596478114044058014204531539408795473567673700
254 80 492133334539723566458407101006393504651886305938460754158174
80 254 492133334539723566458407101006393504651886305938460754158174
254 104 46669881174152734079618878796551870619091225369157506408728
104 254 46669881174152734079618878796551870619091225369157506408728
254 128 -49215675257664439096954792298124855062110709893390899160318
128 254 -49215675257664439096954792298124855062110709893390899160318
254 152 -1647822016907931560540766168171596209456720561190932211790
152 254 -1647822016907931560540766168171596209456720561190932211790
254 176 1047616163724909240883463355256786768396604519593210173
176 254 1047616163724909240883463355256786768396604519593210173
254 200 12513808386348345456646143452854993289131874954272717
200 254 12513808386348345456646143452854993289131874954272717
254 224 -4553514283839231511557957721755888021411175567921
224 254 -4553514283839231511557957721755888021411175567921
254 248 151445891475894757141943188797215321063975105
248 254 151445891475894757141943188797215321063975105
253 13 -78407138827984910472777056197972101093009157554176
13 253 -78407138827984910472777056197972101093009157554176
253 37 6361983451083715793426070528223324328831391676640325769984
37 253 6361983451083715793426070528223324328831391676640325769984
253 61 575569857722200925690468445093533641621334958222792114679204
61 253 575569857722200925690468445093533641621334958222792114679204
253 85 985917469984423311504521905989665709895336532062899966901248
85 253 985917469984423311504521905989665709895336532062899966901248
253 109 66484292207905289447424960532334241047352567262642256271272
109 253 66484292207905289447424960532334241047352567262642256271272
253 133 -13709156111783890604524325592323331229029776958310423535684
133 253 -13709156111783890604524325592323331229029776958310423535684
253 157 -1247653428380986117729529251717520722391912290581213620624
157 253 -1247653428380986117729529251717520722391912290581213620624
253 181 -4401422924383950968259247584873385518322406418074547086
181 253 -4401422924383950968259247584873385518322406418074547086
253 205 1893102335395705861753806794088592156337597481235037
205 253 1893102335395705861753806794088592156337597481235037
253 229 -776935587928684342039945206135139297194745750217
229 253 -776935587928684342039945206135139297194745750217
253 253 -9124187376453041982392211459016654070865689
252 18 90168380002968745060307065986593249684141861587738624
18 252 90168380002968745060307065986593249684141861587738624
252 42 48787810391979264253525162386873720211416314618783099493816
42 252 48787810391979264253525162386873720211416314618783099493816
252 66 -3207273823477503211481484330542322203748119900778726716735076
66 252 -3207273823477503211481484330542322203748119900778726716735076
252 90 -2867089341188267501725073171650323247436134742585292906306029
90 252 -2867089341188267501725073171650323247436134742585292906306029
252 114 -74200115541141789457667794839933669937920724963334768519020
114 252 -74200115541141789457667794839933669937920724963334768519020
252 138 46602469766267025550473129421839152310941579031385160812019
138 252 46602469766267025550473129421839152310941579031385160812019
252 162 257665554855715621604286381684711093225003108338168052718
162 252 257665554855715621604286381684711093225003108338168052718
252 186 -2809159570842795001621981213810326195529379189030802189
186 252 -2809159570842795001621981213810326195529379189030802189
252 210 104495175001269947195632268687839574573461346625691
210 252 104495175001269947195632268687839574573461346625691
252 234 365241237963890734351809343869558192963614553255
234 252 365241237963890734351809343869558192963614553255
251 23 -10625773852051535498665433012919832739788765338258010112
23 251 -10625773852051535498665433012919832739788765338258010112
251 47 450879147477018271489313283307645047738925205842728515113252
47 251 450879147477018271489313283307645047738925205842728515113252
251 71 -8251729598108198124402001848316230740799144496441236802928884
71 251 -8251729598108198124402001848316230740799144496441236802928884
251 95 -2057541275297377979202207281058031553088521213845280604536082
95 251 -2057541275297377979202207281058031553088521213845280604536082
251 119 -175902687843936424559200001510154688719630986305264180079700
119 251 -175902687843936424559200001510154688719630986305264180079700
251 143 34782090315028025173510736828183433864902265995049069394008
143 251 34782090315028025173510736828183433864902265995049069394008
251 167 628278551707184460165624961368548297052454267201794183134
167 251 628278551707184460165624961368548297052454267201794183134
251 191 -19484594343339627622908081273037482750872940709772195
191 251 -19484594343339627622908081273037482750872940709772195
251 215 33450669795452859017225814284584140840215496318800
215 251 33450669795452859017225814284584140840215496318800
251 239 -9595595633432114876940363212218017003577159822
239 251 -9595595633432114876940363212218017003577159822
250 4 14804798646928777516253033267200000
4 250 14804798646928777516253033267200000
250 28 -2246775624200935698828104989704772375658571844383710485248
28 250 -2246775624200935698828104989704772375658571844383710485248
250 52 141402592944298312584021141025064142576787559848704116014435
52 250 141402592944298312584021141025064142576787559848704116014435
250 76 17190922545383210041757554358222083439492138436142283237367176
76 250 17190922545383210041757554358222083439492138436142283237367176
250 100 8277376886285606804214216050180715417062486860407997312874599
100 250 8277376886285606804214216050180715417062486860407997312874599
250 124 -137723664442304366739608299124901522618737872280392492936256
124 250 -137723664442304366739608299124901522618737872280392492936256
250 148 -18071639892271835176833619845066348639434061192211272490168
148 250 -18071639892271835176833619845066348639434061192211272490168
250 172 195422606656021111474911128513893994762734151988436625680
172 250 195422606656021111474911128513893994762734151988436625680
250 196 533926310082028826319852121651102212347031957558376019
196 250 533926310082028826319852121651102212347031957558376019
250 220 -111148938350689245968912725307316481422422296781880
220 250 -111148938350689245968912725307316481422422296781880
250 244 -3137441113104580748702779594732681389698530704
244 250 -3137441113104580748702779594732681389698530704
249 9 69726383825772674683873968909456453387972771840
9 249 69726383825772674683873968909456453387972771840
249 33 29866140279884784001857487541708504243208078977896298628480
33 249 29866140279884784001857487541708504243208078977896298628480
249 57 9630698809804620782672105622486563622961773806638291064108584
57 249 9630698809804620782672105622486563622961773806638291064108584
249 81 19906080196007468353894948558485194852591111652233990275660520
81 249 19906080196007468353894948558485194852591111652233990275660520
249 105 5253078470074061441196446189581972293793215673357246859502672
105 249 5253078470074061441196446189581972293793215673357246859502672
249 129 -8072298841906524025281353238038917574561006585635131680872
129 249 -8072298841906524025281353238038917574561006585635131680872
249 153 -29410271257020511720556438466221091931315425376616473389488
153 249 -29410271257020511720556438466221091931315425376616473389488
249 177 -118845191764676399296389839830306384643313629143280309380
177 249 -118845191764676399296389839830306384643313629143280309380
249 201 203809704176322499949529720646852925954562869071489202
201 249 203809704176322499949529720646852925954562869071489202
249 225 -23897119993826434355243848772211663138946542635244
225 249 -23897119993826434355243848772211663138946542635244
249 249 225691236968881207097339941045749948657697812
248 14 5517828056735274775340431609666243279311840046874624
14 248 5517828056735274775340431609666243279311840046874624
248 38 251857731898402956311475580030308875547672601456891239392976
38 248 251857731898402956311475580030308875547672601456891239392976
248 62 -13711688926964596300908569826265721333259284092604240262165220
62 248 -13711688926964596300908569826265721333259284092604240262165220
248 86 -69331483352958502208934078351595509498739373934692622122520534
86 248 -69331483352958502208934078351595509498739373934692622122520534
248 110 -10959522748105573059438973373250611971366708914704143321336680
110 248 -10959522748105573059438973373250611971366708914704143321336680
248 134 240130365439580379134797301825962753051820635024769389628894
134 248 240130365439580379134797301825962753051820635024769389628894
248 158 -3150453071977887674238766048803796076652822914406134438782
158 248 -3150453071977887674238766048803796076652822914406134438782
248 182 -110681202885818159050536519503499495596381860086231425561
182 248 -110681202885818159050536519503499495596381860086231425561
248 206 37508230665907056204034447984718472904642287900043809
206 248 37508230665907056204034447984718472904642287900043809
248 230 9093254568381757999321066274119724334626527228464
230 248 9093254568381757999321066274119724334626527228464
247 19 -3895952195069888893286287179682574059685065934971699200
19 247 -3895952195069888893286287179682574059685065934971699200
247 43 -1803516589908073085957253133230580190955700823370914060453008
43 247 -1803516589908073085957253133230580190955700823370914060453008
247 67 -39310980014354190961348192621313064096155797374801611919625736
67 247 -39310980014354190961348192621313064096155797374801611919625736
247 91 -45705436990630998172307567280643797727638207723634445956999082
91 247 -45705436990630998172307567280643797727638207723634445956999082
247 115 -9909919957512219681886371548902767361885822060441471456985904
115 247 -9909919957512219681886371548902767361885822060441471456985904
247 139 263232896083112128387339079181499242342259443009057904813983
139 247 263232896083112128387339079181499242342259443009057904813983
247 163 12194137262247242625710189412652730596207038485956864103428
163 247 12194137262247242625710189412652730596207038485956864103428
247 187 -24061979362618256219632220896694931190256541718674589783
187 247 -24061979362618256219632220896694931190256541718674589783
247 211 -3490983947186812865524423891480045732081336660824328
211 247 -3490983947186812865524423891480045732081336660824328
247 235 -1323030545043688966288201068744246073124747855811
235 247 -1323030545043688966288201068744246073124747855811
246 24 -1493012879129170361669326179170838873377206607077160050688
24 246 -1493012879129170361669326179170838873377206607077160050688
246 48 -2001069031773078513494291068142678589448152216109009590514830
48 246 -2001069031773078513494291068142678589448152216109009590514830
246 72 212157740100173347857238814622639520420242580438019796804940148
72 246 212157740100173347857238814622639520420242580438019796804940148
246 96 153634448061831388306263886921995563471749172630536941330004668
96 246 153634448061831388306263886921995563471749172630536941330004668
246 120 6059582452894653392582439404815779230970261177469819926190956
120 246 6059582452894653392582439404815779230970261177469819926190956
246 144 -72195133935292059422461977739533477063425934492923355487608
144 246 -72195133935292059422461977739533477063425934492923355487608
246 168 7008875574587444109552747194865962674097419298979080351362
168 246 7008875574587444109552747194865962674097419298979080351362
246 192 8616792242712808930387819904113088355870473866452119237
192 246 8616792242712808930387819904113088355870473866452119237
246 216 -7566041702759328789313829823076912365548269141763599
216 246 -7566041702759328789313829823076912365548269141763599
246 240 517123694726285892586798698673716938304560040177
240 246 517123694726285892586798698673716938304560040177
245 5 -1863655583782286348908402217191691255808
5 245 -1863655583782286348908402217191691255808
245 29 20490325690017518691014697558262119770071817480248858979328
29 245 20490325690017518691014697558262119770071817480248858979328
245 53 38006387863962970393323185758049313329251072306516020078193266
53 245 38006387863962970393323185758049313329251072306516020078193266
245 77 128490726738918758355225331062064212395390955779413844863424513
77 245 128490726738918758355225331062064212395390955779413844863424513
245 101 88684368766089743097197630931050864152548699131987010346316853
101 245 88684368766089743097197630931050864152548699131987010346316853
245 125 9172950483471363225627466674169943355196883486092709439151220
125 245 9172950483471363225627466674169943355196883486092709439151220
245 149 -271458987152017712075302755463954870237684767361218882018338
149 245 -271458987152017712075302755463954870237684767361218882018338
245 173 -738829887277691369503435408510773286903942872958298987284
173 245 -738829887277691369503435408510773286903942872958298987284
245 197 7865669687026136342528747847135642186187226424370022139
197 245 7865669687026136342528747847135642186187226424370022139
245 221 -570226563395928557670294038985905564246714293785355
221 245 -570226563395928557670294038985905564246714293785355
245 245 -62732371408124563596857877615919019691347797920
244 10 35634033580477436000940405633113527941852439773184
10 244 35634033580477436000940405633113527941852439773184
244 34 549330171083367248967910389299811050203909323816168417294592
34 244 549330171083367248967910389299811050203909323816168417294592
244 58 -75323735974880724730656514049133240254850882375933530583405585
58 244 -75323735974880724730656514049133240254850882375933530583405585
244 82 -830963219271525723970910597022290303805120685980036958587556352
82 244 -830963219271525723970910597022290303805120685980036958587556352
244 106 -175809580774781761306443422942221853833438889830540692668189244
106 244 -175809580774781761306443422942221853833438889830540692668189244
244 130 314518283852727132109416018933860478009921863439309526868012
130 244 314518283852727132109416018933860478009921863439309526868012
244 154 -101981207825851733017178054330176333268111449757557870704506
154 244 -101981207825851733017178054330176333268111449757557870704506
244 178 -2308866809951696525514885748223552778962561807248195775834
178 244 -2308866809951696525514885748223552778962561807248195775834
244 202 2459031027448664474808009271962570793233021330476164762
202 244 2459031027448664474808009271962570793233021330476164762
244 226 698241584480656618612024150027743994970699852580207
226 244 698241584480656618612024150027743994970699852580207
243 15 -698837488330932578799347775968203198730134106292092928
15 243 -698837488330932578799347775968203198730134106292092928
243 39 -4229393023300484175345060621635163883560216652538898668106304
39 243 -4229393023300484175345060621635163883560216652538898668106304
243 63 -145005858432252553837999309765480558052861711058840498230735923
63 243 -145005858432252553837999309765480558052861711058840498230735923
243 87 -212180582870512992725980887680050119128267554554288478339905534
87 243 -212180582870512992725980887680050119128267554554288478339905534
243 111 -160107038680986448250559351899892985138813416170862071747398472
111 243 -160107038680986448250559351899892985138813416170862071747398472
243 135 -3903685325430181820726834244308910454988206200168137647740306
135 243 -3903685325430181820726834244308910454988206200168137647740306
243 159 103553117804994755865122507793720116468902617528071442523548
159 243 103553117804994755865122507793720116468902617528071442523548
243 183 -1120408911345946566979102307189060597539152193020991487224
183 243 -1120408911345946566979102307189060597539152193020991487224
243 207 283457956843494174350307182333310432503784258263818727
207 243 283457956843494174350307182333310432503784258263818727
243 231 -71393098772892157903010978660243811978017939303638
231 243 -71393098772892157903010978660243811978017939303638
242 20 183121767569132890798560455235497036859303474003250774016
20 242 183121767569132890798560455235497036859303474003250774016
242 44 2262441487108773001344338256401026281228600957579265856230960
44 242 2262441487108773001344338256401026281228600957579265856230960
242 68 1329682168675239072106934241503213684005983954901124633034208301
68 242 1329682168675239072106934241503213684005983954901124633034208301
242 92 1754363143182671932293225575731018243592192013203149519126232784
92 242 1754363143182671932293225575731018243592192013203149519126232784
242 116 84897841763994599875980551620148263775205956116974931478728416
116 242 84897841763994599875980551620148263775205956116974931478728416
242 140 -1824095880371791067133548141726761576493556944491779102776420
140 242 -1824095880371791067133548141726761576493556944491779102776420
242 164 109539558483062669327517985034379795409012273308015570327779
164 242 109539558483062669327517985034379795409012273308015570327779
242 188 -59800103203702102899489650963557599382312522641333311923
188 242 -59800103203702102899489650963557599382312522641333311923
242 212 -228728195148755631622251766599809103544369674447407778
212 242 -228728195148755631622251766599809103544369674447407778
242 236 10061246728788181969344979360513785828368079995271
236 242 10061246728788181969344979360513785828368079995271
241 1 46877152104320860160
1 241 46877152104320860160
241 25 -19052349595951268900974810763745953448047976914691515957248
25 241 -19052349595951268900974810763745953448047976914691515957248
241 49 -152025551455851881573292743032197253317004289226064080312773064
49 241 -152025551455851881573292743032197253317004289226064080312773064
241 73 -341994454248489015460847590911548817496165164280083154287905607
73 241 -341994454248489015460847590911548817496165164280083154287905607
241 97 413859586943593927010671218160513281437377554261162752533328454
97 241 413859586943593927010671218160513281437377554261162752533328454
241 121 163725143100756298663028457763158262341422679534532635267897252
121 241 163725143100756298663028457763158262341422679534532635267897252
241 145 -320648675735542142109176492976527986557185761451431090632160
145 241 -320648675735542142109176492976527986557185761451431090632160
241 169 28351543131894494869909205643580331836227485089815750479341
169 241 28351543131894494869909205643580331836227485089815750479341
241 193 168841059931816294318864888324081387406694843906472673582
193 241 168841059931816294318864888324081387406694843906472673582
241 217 -56247398295770853630643102020612786666495658415178469
217 241 -56247398295770853630643102020612786666495658415178469
241 241 -3554922101853473502843894294591260148144073521866
240 6 53025308128085175942956623110442829362495488
6 240 53025308128085175942956623110442829362495488
240 30 794230053321553180013942605522466361080647813236262396706816
30 240 794230053321553180013942605522466361080647813236262396706816
240 54 -737950388308519089254384906358163813534219391450963607706021838
54 240 -737950388308519089254384906358163813534219391450963607706021838
240 78 -7044855368862275360911821888269072650188419573169282516637465878
78 240 -7044855368862275360911821888269072650188419573169282516637465878
240 102 -1724934872800421902905565643041818088020446871343378164122077568
102 240 -1724934872800421902905565643041818088020446871343378164122077568
240 126 22678431290631355788305141801806108506471862889303263355474292
126 240 22678431290631355788305141801806108506471862889303263355474292
240 150 -46541749975002767585753076295027396000820769900974598380828
150 240 -46541749975002767585753076295027396000820769900974598380828
240 174 -19926124342196423302084311193204135669372617963304083637094
174 240 -19926124342196423302084311193204135669372617963304083637094
240 198 68371772836640876821036424927559342887454746781055823648
198 240 68371772836640876821036424927559342887454746781055823648
240 222 18541811066782203308620080041454601665910138528743327
222 240 18541811066782203308620080041454601665910138528743327
239 11 -348458077646788064867186245624956487567550390992896
11 239 -348458077646788064867186245624956487567550390992896
239 35 11112315694827444035445111276067102859268422014512200410341376
35 239 11112315694827444035445111276067102859268422014512200410341376
239 59 -429151276554742783093027671917059327477184630501582280906298060
59 239 -429151276554742783093027671917059327477184630501582280906298060
239 83 1710747145587062905082450765088056420538930462028966936765019630
83 239 1710747145587062905082450765088056420538930462028966936765019630
239 107 -1139706267928414048575538147975988618144467372310603896239415304
107 239 -1139706267928414048575538147975988618144467372310603896239415304
239 131 -84310033737662809166595422711939906484575771686439198958663208
131 239 -84310033737662809166595422711939906484575771686439198958663208
239 155 448150498977293307937550214937043209142865474751144031719264
155 239 448150498977293307937550214937043209142865474751144031719264
239 179 -23762745200349314753285826175903786372128250036705500432387
179 239 -23762745200349314753285826175903786372128250036705500432387
239 203 11884491840104293279695619515683379236352770452683058332
203 239 11884491840104293279695619515683379236352770452683058332
239 227 -243372506260938894569515534948757519449449527333343
227 239 -243372506260938894569515534948757519449449527333343
238 16 22562779229565948494540666529392081884131407774498160640
16 238 22562779229565948494540666529392081884131407774498160640
238 40 -17809961133311640698397195278851636360074088651641233324467200
40 238 -17809961133311640698397195278851636360074088651641233324467200
238 64 7096003856179910411355425954054681239523467065860601489601520929
64 238 7096003856179910411355425954054681239523467065860601489601520929
238 88 14000966126768735162545014236010239460158763791473419273083511090
88 238 14000966126768735162545014236010239460158763791473419273083511090
238 112 746110652627822176569093378802913249902728780150787184434530652
112 238 746110652627822176569093378802913249902728780150787184434530652
238 136 -52967883554360173998714707050781473863946239343780705049093484
136 238 -52967883554360173998714707050781473863946239343780705049093484
238 160 704477476222650497032613707617244237455254109984639846111517
160 238 704477476222650497032613707617244237455254109984639846111517
238 184 -6256976932100711721946479238779812483553751984237977198413
184 238 -6256976932100711721946479238779812483553751984237977198413
238 208 -1452094774229505273613074149293872206861339856115363904
208 238 -1452094774229505273613074149293872206861339856115363904
238 232 710129876741743834361004885815295419136107776699857
232 238 710129876741743834361004885815295419136107776699857
237 21 13781895379450335396304277415545453277103159792712697249792
21 237 13781895379450335396304277415545453277103159792712697249792
237 45 -616364723827495730091014759839140071869553523624850628102949376
45 237 -616364723827495730091014759839140071869553523624850628102949376
237 69 -5063080828265427206777404566909504327084716653179263565561412878
69 237 -5063080828265427206777404566909504327084716653179263565561412878
237 93 -2727108932384165072339225184969875849972197444015662932368393750
93 237 -2727108932384165072339225184969875849972197444015662932368393750
237 117 1353244647247083968210221922212817765783302655672458892296754608
117 237 1353244647247083968210221922212817765783302655672458892296754608
237 141 5974561496689472237516094534538509977402396322116476168609912
141 237 5974561496689472237516094534538509977402396322116476168609912
237 165 509713102346136450407962700797741949682056810160890105470502
165 237 509713102346136450407962700797741949682056810160890105470502
237 189 1609797345471154689560145329239828310010150747502588710693
189 237 1609797345471154689560145329239828310010150747502588710693
237 213 -872075921918729434717029525951812403237626993685472698
213 237 -872075921918729434717029525951812403237626993685472698
237 237 -211520976509311321160971403437473598354992606525554
236 2 25624344833247705755620999168
2 236 25624344833247705755620999168
236 26 288579356375411343396940803923433847542779641340833038860288
26 236 288579356375411343396940803923433847542779641340833038860288
236 50 -1205179775598091595690504224786131844077614118014936489334489360
50 236 -1205179775598091595690504224786131844077614118014936489334489360
236 74 -38757838524769187537932410750684822843351546275118594151909541047
74 236 -38757838524769187537932410750684822843351546275118594151909541047
236 98 -11180632309644873574373032914401436457568188432975314550799222310
98 236 -11180632309644873574373032914401436457568188432975314550799222310
236 122 332538919496297787002504261920180452448307877258980649255968048
122 236 332538919496297787002504261920180452448307877258980649255968048
236 146 18735180879788793514600233812335373339936689609051065499945132
146 236 18735180879788793514600233812335373339936689609051065499945132
236 170 38766693958711657483799479378655071905686640845894158159096
170 236 38766693958711657483799479378655071905686640845894158159096
236 194 1373685000803297059399233188905166110494744812573431455710
194 236 1373685000803297059399233188905166110494744812573431455710
236 218 386907635813530313506364207674263828900537368696006192
218 236 386907635813530313506364207674263828900537368696006192
235 7 -271192344738890276867944013894122986275554197504
7 235 -271192344738890276867944013894122986275554197504
235 31 8478983059508286545971770740272477351736893195879908249501696
31 235 8478983059508286545971770740272477351736893195879908249501696
235 55 1716605106218971132372110687668237309908738522006329123625192240
55 235 1716605106218971132372110687668237309908738522006329123625192240
235 79 26112606461980844562652022391091241790598824635873343676233699884
79 235 26112606461980844562652022391091241790598824635873343676233699884
235 103 -2620090806685495398786263396305211976285422889708802935216969192
103 235 -2620090806685495398786263396305211976285422889708802935216969192
235 127 -686343234866152442024198466905212264991621044240766693945056000
127 235 -686343234866152442024198466905212264991621044240766693945056000
235 151 8640688292849952045051878784988383951504090858177715270294557
151 235 8640688292849952045051878784988383951504090858177715270294557
235 175 -210092868658622435818049606293816211928183536109852637247336
175 235 -210092868658622435818049606293816211928183536109852637247336
235 199 246506518134982806113536872652045296336385869017648917292
199 235 246506518134982806113536872652045296336385869017648917292
235 223 -69634217158706571518590930371001995885343610527916900
223 235 -69634217158706571518590930371001995885343610527916900
234 12 315236940914853914551257408363528011367917471790006272
12 234 315236940914853914551257408363528011367917471790006272
234 36 -62383249350343173631448914955423733937135679692833472462340096
36 234 -62383249350343173631448914955423733937135679692833472462340096
234 60 33147385562041218176433555028991178844394486462882205576148213528
60 234 33147385562041218176433555028991178844394486462882205576148213528
234 84 68735687111397273262957752490197276192844259802829619205107640638
84 234 68735687111397273262957752490197276192844259802829619205107640638
234 108 5744409650293333920371011614880356284390186704506691184157080732
108 234 5744409650293333920371011614880356284390186704506691184157080732
234 132 -654922866288214504106397380064546184487551434971287650409792980
132 234 -654922866288214504106397380064546184487551434971287650409792980
234 156 2103234529334483324283743149609160109713058086987848165596697
156 234 2103234529334483324283743149609160109713058086987848165596697
234 180 -117395805128675966182211827467717212920461979370924043519086
180 234 -117395805128675966182211827467717212920461979370924043519086
234 204 11137113013956254619686201847044140798836778257326496403
204 234 11137113013956254619686201847044140798836778257326496403
234 228 27483388351794093846869597618154530468215595292756247
228 234 27483388351794093846869597618154530468215595292756247
233 17 -1429047738524807715045875415892304755059855638794631905280
17 233 -1429047738524807715045875415892304755059855638794631905280
233 41 -589383534307533747907039687775778449020246997220139125431504896
41 233 -589383534307533747907039687775778449020246997220139125431504896
233 65 -10752683659450713376478960978067522221250431797848838725016508096
65 233 -10752683659450713376478960978067522221250431797848838725016508096
233 89 -51096519290422371774440823452323796763684979299318040772937085878
89 233 -51096519290422371774440823452323796763684979299318040772937085878
233 113 5753021690311397461012675901409649470752545917185784974982001932
113 233 5753021690311397461012675901409649470752545917185784974982001932
233 137 -33659054183263232959053462508658053249981946801388505230400084
137 233 -33659054183263232959053462508658053249981946801388505230400084
233 161 1274276235077742335038238953275560099196056677180745458175113
161 233 1274276235077742335038238953275560099196056677180745458175113
233 185 -16824619872789880696761527346236376181517936497885754459611
185 233 -16824619872789880696761527346236376181517936497885754459611
233 209 -5818891710039280418692132359504641377318157960440348995
209 233 -5818891710039280418692132359504641377318157960440348995
233 233 -6063158405804414421275313290064633249516176306580020
232 22 -956495888985752987799850936169302697319382997695731859456
22 232 -956495888985752987799850936169302697319382997695731859456
232 46 -3510192365302936653032593875524024661314376727706685507114296320
46 232 -3510192365302936653032593875524024661314376727706685507114296320
232 70 -128234222267462289954708717373725516048424221899217732090249115657
70 232 -128234222267462289954708717373725516048424221899217732090249115657
232 94 -28271351482024938457537251377252547709237866292171075774930544142
94 232 -28271351482024938457537251377252547709237866292171075774930544142
232 118 2038533556339442952753490621956667630582559285745124692408399232
118 232 2038533556339442952753490621956667630582559285745124692408399232
232 142 220296877476251728490961431313408903002809637733360016639351932
142 232 220296877476251728490961431313408903002809637733360016639351932
232 166 626779672084162453672618077062335796314431983986839162525746
166 232 626779672084162453672618077062335796314431983986839162525746
232 190 17508843976125550335501669151808960732143757710643613052005
190 232 17508843976125550335501669151808960732143757710643613052005
232 214 18559394613936822276912530350802184406040708391559310543
214 232 18559394613936822276912530350802184406040708391559310543
231 3 209672162936811657726631915863146496
3 231 209672162936811657726631915863146496
231 27 761293028929470702284924636275914528651066181969566533419008
27 231 761293028929470702284924636275914528651066181969566533419008
231 51 9280374939664163445631955824990755715383149507765791886767099072
51 231 9280374939664163445631955824990755715383149507765791886767099072
231 75 156032641605143314928744876021208942652123944037623936708884812527
75 231 156032641605143314928744876021208942652123944037623936708884812527
231 99 30387634056275312309042703949769572426473964229487512244433200978
99 231 30387634056275312309042703949769572426473964229487512244433200978
231 123 -3230390443047604998732577419834648611995513570098948949617008628
123 231 -3230390443047604998732577419834648611995513570098948949617008628
231 147 183273332837525740999161582668315779189005131435167884346970970
147 231 183273332837525740999161582668315779189005131435167884346970970
231 171 -180239750188537511746240015526731796339292404801616570670673
171 231 -180239750188537511746240015526731796339292404801616570670673
231 195 4983136684049288409667844435965785017388184500192085523432
195 231 4983136684049288409667844435965785017388184500192085523432
231 219 -1290776620977871601518586181401942831424487494384218118
219 231 -1290776620977871601518586181401942831424487494384218118
230 8 157692313525734838925690838942637625926982737854464
8 230 157692313525734838925690838942637625926982737854464
230 32 78869340070941565638000377040877678754150229283497254786433024
32 230 78869340070941565638000377040877678754150229283497254786433024
230 56 113536061698878566581686815264874899832375473053769623833624334864
56 230 113536061698878566581686815264874899832375473053769623833624334864
230 80 160575194022566811682522858342472229017333317347408318840739799338
80 230 160575194022566811682522858342472229017333317347408318840739799338
230 104 34188372714290092120374102784799438462321112697416717665296822952
104 230 34188372714290092120374102784799438462321112697416717665296822952
230 128 -4756986630847015042641147675408986677052645625038303392477099636
128 230 -4756986630847015042641147675408986677052645625038303392477099636
230 152 51461573315204378997604987218186821263621321876686429965738586
152 230 51461573315204378997604987218186821263621321876686429965738586
230 176 -687785701324736903370045467266237653655367830236681334384658
176 230 -687785701324736903370045467266237653655367830236681334384658
230 200 1234238051749673189890418765887205811829097173453913960060
200 230 1234238051749673189890418765887205811829097173453913960060
230 224 539271436947766836926881079163222971605238207501615012
224 230 539271436947766836926881079163222971605238207501615012
229 13 759382008169141397870150374046560304754356688722591744
13 229 759382008169141397870150374046560304754356688722591744
229 37 -2345144260261120859918460587008004858818480316027743275822809088
37 229 -2345144260261120859918460587008004858818480316027743275822809088
229 61 43010734637802853505915843912270088885001727191395354900066032384
61 229 43010734637802853505915843912270088885001727191395354900066032384
229 85 -355362035656757387783251625635395553924869947000756464161911648914
85 229 -355362035656757387783251625635395553924869947000756464161911648914
229 109 -5490556681582013332350262848005740567186263416660509163474121984
109 229 -5490556681582013332350262848005740567186263416660509163474121984
229 133 -787840830459784650579939902436600787524307441417607888880055820
133 229 -787840830459784650579939902436600787524307441417607888880055820
229 157 -28481612943246687066194013013756766060336363782292701798480844
157 229 -28481612943246687066194013013756766060336363782292701798480844
229 181 -487569368022365015140493152264467839216851442566194329742805
181 229 -487569368022365015140493152264467839216851442566194329742805
229 205 -274338322401435190440650184509332349032634634320667560988
205 229 -274338322401435190440650184509332349032634634320667560988
229 229 -279229758836584551175203770156677344826050828907421552
228 18 4175379900559624186135208885005579000825526817907581911040
18 228 4175379900559624186135208885005579000825526817907581911040
228 42 -13136993580963853154228159817901351746552299113589664631746871296
42 228 -13136993580963853154228159817901351746552299113589664631746871296
228 66 -379009283804066407507527115220698144997722806810890467066932645832
66 228 -379009283804066407507527115220698144997722806810890467066932645832
228 90 257099371249066199083344955844392644052377934995074985645805683526
90 228 257099371249066199083344955844392644052377934995074985645805683526
228 114 11209276912553684011741297232306707207831559193946621564439602668
114 228 11209276912553684011741297232306707207831559193946621564439602668
228 138 967657254103651860243992496268991048482496536125585572165101188
138 228 967657254103651860243992496268991048482496536125585572165101188
228 162 -24246158455284515468900524155395482166454016823354738875927775
162 228 -24246158455284515468900524155395482166454016823354738875927775
228 186 113665428363047922361412276968268762537828978186211546326470
186 228 113665428363047922361412276968268762537828978186211546326470
228 210 459113008474324480183170506197719603462014428930650092379
210 228 459113008474324480183170506197719603462014428930650092379
227 23 -697511027064424917689716928661956626099339793607190269394944
23 227 -697511027064424917689716928661956626099339793607190269394944
227 47 40254443534698691544420549244224577634463536511796850605696753664
47 227 40254443534698691544420549244224577634463536511796850605696753664
227 71 333745147056030437717735493006445368697970749113941214706118459836
71 227 333745147056030437717735493006445368697970749113941214706118459836
227 95 458931358017653456221261695922531026839958273000802756525921365062
95 227 458931358017653456221261695922531026839958273000802756525921365062
227 119 -10526256118505094665768242439788142407223279077458444641485263416
119 227 -10526256118505094665768242439788142407223279077458444641485263416
227 143 2245144021958835076137747193110360603155015285256693904489181776
143 227 2245144021958835076137747193110360603155015285256693904489181776
227 167 2611416523010347925303938308187916683909107339975351247170988
167 227 2611416523010347925303938308187916683909107339975351247170988
227 191 42816724751011012448904175955736926404623372497624950023119
191 227 42816724751011012448904175955736926404623372497624950023119
227 215 48546526868563746373357985569865477423876585222440732
215 227 48546526868563746373357985569865477423876585222440732
226 4 117134220931676777210204408819249303257088
4 226 117134220931676777210204408819249303257088
226 28 -53180152708161073502283455258468608447747406510329756225896448
28 226 -53180152708161073502283455258468608447747406510329756225896448
226 52 340398635180861202459375165824822703105531892454687906056757325056
52 226 340398635180861202459375165824822703105531892454687906056757325056
226 76 -204479208338223020057696589322327431266237879068980094416563265095
76 226 -204479208338223020057696589322327431266237879068980094416563265095
226 100 169522265323471905401919024905219180328266524790435218042372800520
100 226 169522265323471905401919024905219180328266524790435218042372800520
226 124 -18526016554313453551910374113003861765838957691156536182514872112
124 226 -18526016554313453551910374113003861765838957691156536182514872112
226 148 939217030109949781378907739806129084682241254160903597878941420
148 226 939217030109949781378907739806129084682241254160903597878941420
226 172 2658889996042229888680937692998002771870197725038625320868483
172 226 2658889996042229888680937692998002771870197725038625320868483
226 196 47088914647099230208939191651743976109876403489031510528254
196 226 47088914647099230208939191651743976109876403489031510528254
226 220 23164404341545202005480260467158546327388715696986024919
220 226 23164404341545202005480260467158546327388715696986024919
225 9 -11090603199134330645620493693821772112757445592350720
9 225 -11090603199134330645620493693821772112757445592350720
225 33 -1398598946164426461830870940528749275996048107794369010377687040
33 225 -1398598946164426461830870940528749275996048107794369010377687040
225 57 324037173008987341233753892282208276933421865803472868195930424192
57 225 324037173008987341233753892282208276933421865803472868195930424192
225 81 -1355231261760489120981749823137220562162428797678876179891764254676
81 225 -1355231261760489120981749823137220562162428797678876179891764254676
225 105 -290578028693859886030689034283163311381468715549060074338628951264
105 225 -290578028693859886030689034283163311381468715549060074338628951264
225 129 -3277855308257106736973230422632704138348449403042477183899622680
129 225 -3277855308257106736973230422632704138348449403042477183899622680
225 153 -110192060708432315785990347910488500158087904927952635721791352
153 225 -110192060708432315785990347910488500158087904927952635721791352
225 177 -2515939476657185450514603750449118430936107632150343689179522
177 225 -2515939476657185450514603750449118430936107632150343689179522
225 201 -2566230036891039254923956622538384971748242360243967896744
201 225 -2566230036891039254923956622538384971748242360243967896744
225 225 -6942088039152784332516040259353930712961523300772921504
224 14 592634202844955627274151324161943623910546875432124284928
14 224 592634202844955627274151324161943623910546875432124284928
224 38 8606534749863983199282659491648199818349185928544256090673250304
38 224 8606534749863983199282659491648199818349185928544256090673250304
224 62 -2051747556279396639275339477979608256774787550387483713443985850512
62 224 -2051747556279396639275339477979608256774787550387483713443985850512
224 86 3494777307739278559825406828610514624430384330966881348112159465530
86 224 3494777307739278559825406828610514624430384330966881348112159465530
224 110 137917941138245279134624774637280139370141343838849640033942927608
110 224 137917941138245279134624774637280139370141343838849640033942927608
224 134 -2913545667319514980506352986003230608065260913362494757627810292
134 224 -2913545667319514980506352986003230608065260913362494757627810292
224 158 -377560090649446797744398340558840887911596109001675391637072954
158 224 -377560090649446797744398340558840887911596109001675391637072954
224 182 1258124200015321558683952846305853510454360730749535223556994
182 224 1258124200015321558683952846305853510454360730749535223556994
224 206 8333311843731114319981350897408637459785633076617552290540
206 224 8333311843731114319981350897408637459785633076617552290540
223 19 -599493100769306988605453975566881059221093683802798777434112
19 223 -599493100769306988605453975566881059221093683802798777434112
223 43 135196337735404718070202398282813124457253183429693223779186835456
43 223 135196337735404718070202398282813124457253183429693223779186835456
223 67 -1334980588224121750870941972025781474791882996455764858824473839344
67 223 -1334980588224121750870941972025781474791882996455764858824473839344
223 91 3404082433063131361169546933664835382402699699664678170204234911580
91 223 3404082433063131361169546933664835382402699699664678170204234911580
223 115 -63995817590113194593527749416257103688314012189772703891704569240
115 223 -63995817590113194593527749416257103688314012189772703891704569240
223 139 20848359360155819581902069842909584964100918357271281086958067360
139 223 20848359360155819581902069842909584964100918357271281086958067360
223 163 -143921885174171917499399259554665710302446677642707010467513053
163 223 -143921885174171917499399259554665710302446677642707010467513053
223 187 -146624698639419990698226386255538539148402010287955635609536
187 223 -146624698639419990698226386255538539148402010287955635609536
223 211 -376412724094432711832963297451398290558518626200447923832
211 223 -376412724094432711832963297451398290558518626200447923832
222 24 18703128246970304334300096722288791018769319333162233356091392
24 222 18703128246970304334300096722288791018769319333162233356091392
222 48 868998103450310032823250184694331475641313609474129087713034846208
48 222 868998103450310032823250184694331475641313609474129087713034846208
222 72 -2538323792314993381803183708422870413055163159508163442149572110220
72 222 -2538323792314993381803183708422870413055163159508163442149572110220
222 96 980381528990582454418084744350863309127563274728753152871742008962
96 222 980381528990582454418084744350863309127563274728753152871742008962
222 120 96743594054612947005026938085718457925753080797295312434477143992
120 222 96743594054612947005026938085718457925753080797295312434477143992
222 144 6147426909471961611064015187671854183693798856191358544101621916
144 222 6147426909471961611064015187671854183693798856191358544101621916
222 168 33314797738211525461842564987963039046425073023136315363431653
168 222 33314797738211525461842564987963039046425073023136315363431653
222 192 880941522946544069998301464650964122845576011479184120007766
192 222 880941522946544069998301464650964122845576011479184120007766
222 216 588466412318612222126669379156457420023439144790649203930
216 222 588466412318612222126669379156457420023439144790649203930
221 5 5953184002042799144189192346004449382876839936
5 221 5953184002042799144189192346004449382876839936
221 29 696057634847571510554654026025759175135148785611724576687915008
29 221 696057634847571510554654026025759175135148785611724576687915008
221 53 350202321150452751831907933093425989116073128222805149990815341568
53 221 350202321150452751831907933093425989116073128222805149990815341568
221 77 -2153305740186387716423924481265439601225737430739239899126578364012
77 221 -2153305740186387716423924481265439601225737430739239899126578364012
221 101 -2110537597758305729734088460688826125338404776484724474584695213305
101 221 -2110537597758305729734088460688826125338404776484724474584695213305
221 125 23562925567094611982456816719578610508102941534104682602734690176
125 221 23562925567094611982456816719578610508102941534104682602734690176
221 149 4372189625163538053390043904835338278423767277106711043792886260
149 221 4372189625163538053390043904835338278423767277106711043792886260
221 173 10461344605141206351785101300043832551350849337984399524365599
173 221 10461344605141206351785101300043832551350849337984399524365599
221 197 6202626599838688051025765431120546555861150946565007260939
197 221 6202626599838688051025765431120546555861150946565007260939
221 221 -106519048324407449144174567558292565005687459907420730114
220 10 1507852287494493890239972488384143031251449352646819840
10 220 1507852287494493890239972488384143031251449352646819840
220 34 -5685535042263723058392255881769879836080678112727319884842663936
34 220 -5685535042263723058392255881769879836080678112727319884842663936
220 58 -9922006662340912009710697152175314647897995846430360102888842508032
58 220 -9922006662340912009710697152175314647897995846430360102888842508032
220 82 22759375003740294353245279706204704779268041776872667888271328494315
82 220 22759375003740294353245279706204704779268041776872667888271328494315
220 106 1984023488002324509165644571484050498607507914504215652285044764192
106 220 1984023488002324509165644571484050498607507914504215652285044764192
220 130 -56335624677909107637113481956844013923948666132928860826598156384
130 220 -56335624677909107637113481956844013923948666132928860826598156384
220 154 -1787098686225869644743885884595123163500938024877186783480927616
154 220 -1787098686225869644743885884595123163500938024877186783480927616
220 178 31605668724472020033458793735061292390982405553844076690569440
178 220 31605668724472020033458793735061292390982405553844076690569440
220 202 160839482835587061300774026371901401562866324384834878710400
202 220 160839482835587061300774026371901401562866324384834878710400
219 15 12863373864393928509103782279292252307896495288795485175808
15 219 12863373864393928509103782279292252307896495288795485175808
219 39 89945796695636852688103658727754325954638158223843990855419428864
39 219 89945796695636852688103658727754325954638158223843990855419428864
219 63 -9986089062729172155439672065357372329735932418407931949368628001728
63 219 -9986089062729172155439672065357372329735932418407931949368628001728
219 87 14978384727875216833358119451180619392274243695190052099736251210453
87 219 14978384727875216833358119451180619392274243695190052099736251210453
219 111 -778327343632423800664137444128184903651234176263989938303582941424
111 219 -778327343632423800664137444128184903651234176263989938303582941424
219 135 164074966478209441795687066246145522786124156773233773022104945132
135 219 164074966478209441795687066246145522786124156773233773022104945132
219 159 -2339392286862117068827826522283986629072659488512604505268308474
159 219 -2339392286862117068827826522283986629072659488512604505268308474
219 183 -2253251897120876481211223497529150937504709057096372212207862
183 219 -2253251897120876481211223497529150937504709057096372212207862
219 207 -8387209490600890533199078889065204234481070419747057728036
207 219 -8387209490600890533199078889065204234481070419747057728036
218 20 252337362027270919953751102739248547945618712616097772732416
20 218 252337362027270919953751102739248547945618712616097772732416
218 44 1126624299934234053296623082420442460290556784551020674244095246336
44 218 1126624299934234053296623082420442460290556784551020674244095246336
218 68 -3271667333411568320923145429157238900259806065103681510665012241520
68 218 -3271667333411568320923145429157238900259806065103681510665012241520
218 92 6011157012755702704240827007243504348595649766726957703516336120999
92 218 6011157012755702704240827007243504348595649766726957703516336120999
218 116 2938574254930980389556196953615125519180593057953414519936770426872
116 218 2938574254930980389556196953615125519180593057953414519936770426872
218 140 -20113112830973439859027291921609967714951039061794151994339770864
140 218 -20113112830973439859027291921609967714951039061794151994339770864
218 164 -84365592674715421364344929461310461060669588472624779204093272
164 218 -84365592674715421364344929461310461060669588472624779204093272
218 188 12600796125790989698431509677820103277434634424307184527574669
188 218 12600796125790989698431509677820103277434634424307184527574669
218 212 10925947561891781171443510547008036700127572765970812828148
212 218 10925947561891781171443510547008036700127572765970812828148
217 1 -459235102772516561616896
1 217 -459235102772516561616896
217 25 11469183679254597956650996307250130391104836283576809510928384
25 217 11469183679254597956650996307250130391104836283576809510928384
217 49 -2105192066890444936892011824120860055886085419489916434242347220992
49 217 -2105192066890444936892011824120860055886085419489916434242347220992
217 73 8613222960745550865695697925061758404902949722956959596506313456048
73 217 8613222960745550865695697925061758404902949722956959596506313456048
217 97 -7072379155542259703374892121616974104816021880426580196181116022337
97 217 -7072379155542259703374892121616974104816021880426580196181116022337
217 121 533462362303694484872504862716192705351701632433888946430386620400
121 217 533462362303694484872504862716192705351701632433888946430386620400
217 145 85651373926046026809182934158948751375985496663671454236253256980
145 217 85651373926046026809182934158948751375985496663671454236253256980
217 169 -44839096299724573974147456525675963258806960047266261872893588
169 217 -44839096299724573974147456525675963258806960047266261872893588
217 193 -209730625612298668089435837138214352750579932427825707740494
193 217 -209730625612298668089435837138214352750579932427825707740494
217 217 -1999955711635428995776668700657918533637348674114681224092
216 6 22553273420782304456956328174438584111942909034496
6 216 22553273420782304456956328174438584111942909034496
216 30 11891233051206124486326899407961188292669694006209868819351994368
30 216 11891233051206124486326899407961188292669694006209868819351994368
216 54 -28855727590859879878294822454350121575171766571701381188147060236288
54 216 -28855727590859879878294822454350121575171766571701381188147060236288
216 78 104516395521733300130154813724939634794616128527621912434083943344788
78 216 104516395521733300130154813724939634794616128527621912434083943344788
216 102 21248918202289303670392775533111576170948729634298711818637881511344
102 216 21248918202289303670392775533111576170948729634298711818637881511344
216 126 268010912118802973239792010452156216414928991733656373471170537464
126 216 268010912118802973239792010452156216414928991733656373471170537464
216 150 -2503019990005887549422015766101604291832286066132535675033389244
150 216 -2503019990005887549422015766101604291832286066132535675033389244
216 174 488176545891613311049463045454523770484950911394014024387175105
174 216 488176545891613311049463045454523770484950911394014024387175105
216 198 2613086156613412740522895095695243146496082070772819193287852
198 216 2613086156613412740522895095695243146496082070772819193287852
215 11 -54969915864545571965761954344703724110637889518154285056
11 215 -54969915864545571965761954344703724110637889518154285056
215 35 182169141617940250520013802843099719686920467912566326215995031552
35 215 182169141617940250520013802843099719686920467912566326215995031552
215 59 -26739309017068384832155670928477431593573196427134303924463308681216
59 215 -26739309017068384832155670928477431593573196427134303924463308681216
215 83 27019298576102400901530127502920966528480996812648019217123606005076
83 215 27019298576102400901530127502920966528480996812648019217123606005076
215 107 -5569617089650834448967310898663884609794643821518299636070803942192
107 215 -5569617089650834448967310898663884609794643821518299636070803942192
215 131 1062910569705232739011050474719246738089641014078595695582430467752
131 215 1062910569705232739011050474719246738089641014078595695582430467752
215 155 -7326265081599577383220031758031166922629039331662643635170701276
155 215 -7326265081599577383220031758031166922629039331662643635170701276
215 179 28908153363566579652435074222652720842319483390396285769199744
179 215 28908153363566579652435074222652720842319483390396285769199744
215 203 -77775891393092590522331843062922662674344662861219793526916
203 215 -77775891393092590522331843062922662674344662861219793526916
214 16 99739465266320492291242989959704924067567027230423933517824
16 214 99739465266320492291242989959704924067567027230423933517824
214 40 516039203398325178422690684344880075533856335135727423752161460224
40 214 516039203398325178422690684344880075533856335135727423752161460224
214 64 41107249669777103790725851735672890628437329240936529623229388630528
64 214 41107249669777103790725851735672890628437329240936529623229388630528
214 88 29824123565212342999028161531440351869949835348890756620785311071397
88 214 29824123565212342999028161531440351869949835348890756620785311071397
214 112 35899182328076256700868083277956310074866295134489026591771269296528
112 214 35899182328076256700868083277956310074866295134489026591771269296528
214 136 -668347822658288521362099017221577995083725393679150661535893757136
136 214 -668347822658288521362099017221577995083725393679150661535893757136
214 160 -174249979625235265191043263775913532309622547418142578681589860
160 214 -174249979625235265191043263775913532309622547418142578681589860
214 184 171435656200513381392258113591403125867032890715711643192249755
184 214 171435656200513381392258113591403125867032890715711643192249755
214 208 220393620140387682525399892549410800316539205826758383084116
208 214 220393620140387682525399892549410800316539205826758383084116
213 21 7987556037796783686633020951420237297690201060464173619609600
21 213 7987556037796783686633020951420237297690201060464173619609600
213 45 -5218259486902181784163437394915542919437644372963227146822751354880
45 213 -5218259486902181784163437394915542919437644372963227146822751354880
213 69 86734800752671303742831988680782115978395443051448075513072912299264
69 213 86734800752671303742831988680782115978395443051448075513072912299264
213 93 -7635287522203879957892820827217924754789000009756753642195138837058
93 213 -7635287522203879957892820827217924754789000009756753642195138837058
213 117 5886172459836525237252593582115406781212082714433296750909806057936
117 213 5886172459836525237252593582115406781212082714433296750909806057936
213 141 906097079641012212759259741509671041653339996427908006186400890800
141 213 906097079641012212759259741509671041653339996427908006186400890800
213 165 -3343411990214620698919886018429389283810469338884246288888130048
165 213 -3343411990214620698919886018429389283810469338884246288888130048
213 189 -4348433948391778776350808632366292403632936241645805837269856
189 213 -4348433948391778776350808632366292403632936241645805837269856
213 213 -27298184358548336171275191110173416306515748689041645584976
212 2 2141851004889828886727014414811136
2 212 2141851004889828886727014414811136
212 26 -511141530080708666576490656296822366657765768885705838895824896
26 212 -511141530080708666576490656296822366657765768885705838895824896
212 50 -54458005538178709846157596886452817350172389276387702117994093084672
50 212 -54458005538178709846157596886452817350172389276387702117994093084672
212 74 364150000059844709651924475299275276468288668429962686212341255909040
74 212 364150000059844709651924475299275276468288668429962686212341255909040
212 98 163436385850532596903428914304593849884455298227429035272382628719219
98 212 163436385850532596903428914304593849884455298227429035272382628719219
212 122 14714091812836466442065582522331580188836056732282735735262552744152
122 212 14714091812836466442065582522331580188836056732282735735262552744152
212 146 -129403377540862757348290757546725517224439655660880412559911672832
146 212 -129403377540862757348290757546725517224439655660880412559911672832
212 170 5359760422491765357726923607932875326008321769228517274410534520
170 212 5359760422491765357726923607932875326008321769228517274410534520
212 194 34624237782823466800555565192033340310215093581799940100223294
194 212 34624237782823466800555565192033340310215093581799940100223294
211 7 1630030425762185867772294333378593498172821463891968
7 211 1630030425762185867772294333378593498172821463891968
211 31 -114407694874962988355172975361018111341749313273055236743313227776
31 211 -114407694874962988355172975361018111341749313273055236743313227776
211 55 -28028881233298438636870873335202716394109836689882594291958081617920
55 211 -28028881233298438636870873335202716394109836689882594291958081617920
211 79 -108077194304409603606120510011683866113923987250592076868494424020304
79 211 -108077194304409603606120510011683866113923987250592076868494424020304
211 103 -17479522065131742321047843437745418589418568713350591374246300959712
103 211 -17479522065131742321047843437745418589418568713350591374246300959712
211 127 5770486007297482623658071484121665355432084856417857839888156918728
127 211 5770486007297482623658071484121665355432084856417857839888156918728
211 151 194695871129785528436828829057259397851698955548798188954361335536
151 211 194695871129785528436828829057259397851698955548798188954361335536
211 175 373998967028007994242258902015746486981689320025182959392382277
175 211 373998967028007994242258902015746486981689320025182959392382277
211 199 -1302824516613873966358832186920960901252875235662918867806504
199 211 -1302824516613873966358832186920960901252875235662918867806504
210 12 3422024073591792039126233360376462701331785222493850042368
12 210 3422024073591792039126233360376462701331785222493850042368
210 36 -476588121747670040094698520801743515546123079712457090308232970240
36 210 -476588121747670040094698520801743515546123079712457090308232970240
210 60 281541374408283231285074954199848043285890088152390120264120896053248
60 210 281541374408283231285074954199848043285890088152390120264120896053248
210 84 124764566500740238254379026858450780713746237715654010432770655347848
84 210 124764566500740238254379026858450780713746237715654010432770655347848
210 108 310882756627278831571076899992251596982506125392371841666588722581008
108 210 310882756627278831571076899992251596982506125392371841666588722581008
210 132 -3825946741678455969312360273155163961161359720830696542640426492772
132 210 -3825946741678455969312360273155163961161359720830696542640426492772
210 156 21564395100444237486724785833471233968322659791547191493185409980
156 210 21564395100444237486724785833471233968322659791547191493185409980
210 180 2127660201471123287876945813697552325084190856325362727137629903
180 210 2127660201471123287876945813697552325084190856325362727137629903
210 204 3754079315931347495348401864880300934856975993165820582522932
204 210 3754079315931347495348401864880300934856975993165820582522932
209 17 7994457822290259590035754087270000283660964075398087462354944
17 209 7994457822290259590035754087270000283660964075398087462354944
209 41 -4135237588025546633136662248380078845676849597777549582773772091392
41 209 -4135237588025546633136662248380078845676849597777549582773772091392
209 65 363890724512519565090049664650645047219066825728774619301797528487936
65 209 363890724512519565090049664650645047219066825728774619301797528487936
209 89 6494759865394497434635266792127157833107625748130329259416268903808
89 209 6494759865394497434635266792127157833107625748130329259416268903808
209 113 50355695350287552693668171058818295062507631258191390526319332667536
113 209 50355695350287552693668171058818295062507631258191390526319332667536
209 137 6607808537313818920606092353767554003247699495532298590785292983676
137 209 6607808537313818920606092353767554003247699495532298590785292983676
209 161 -7667168415701877273044107534920235034285211503626309052077685544
161 209 -7667168415701877273044107534920235034285211503626309052077685544
209 185 4865745443790655104558256387309886503560562467240735653816855
185 209 4865745443790655104558256387309886503560562467240735653816855
209 209 -229649290775446891831820430716918710657645357513190475302192
208 22 -64621826554620492688771305672415340017670204797666460386197504
22 208 -64621826554620492688771305672415340017670204797666460386197504
208 46 -72699329488311814412235260141602612968150137762944250934744091459584
46 208 -72699329488311814412235260141602612968150137762944250934744091459584
208 70 894662990781255311315304148124291743854178388727521625116712823175680
70 208 894662990781255311315304148124291743854178388727521625116712823175680
208 94 936025327075324692913314795231309956803150533440093206066622551173443
94 208 936025327075324692913314795231309956803150533440093206066622551173443
208 118 214628378656733433854512064254047398021523443585117218266654939848080
118 208 214628378656733433854512064254047398021523443585117218266654939848080
208 142 -2716620809804128841188969995297004149665590427335861054062462108836
142 208 -2716620809804128841188969995297004149665590427335861054062462108836
208 166 52905674475526133193735331420993030340288693415125382821553234804
166 208 52905674475526133193735331420993030340288693415125382821553234804
208 190 416971943399819904778663653615346473364557040220422236923039254
190 208 416971943399819904778663653615346473364557040220422236923039254
207 3 -33859915589326867567552156151696634937344
3 207 -33859915589326867567552156151696634937344
207 27 2184773519616155236613649288958550102387679875959413457379393536
27 207 2184773519616155236613649288958550102387679875959413457379393536
207 51 55621866716007757965159533819999058428760569821079398865936196304896
51 207 55621866716007757965159533819999058428760569821079398865936196304896
207 75 -958616622584013877334919644875559641105551596492163334383120077468992
75 207 -958616622584013877334919644875559641105551596492163334383120077468992
207 99 -2459767454066762381395874421407898451475497319205025722750290820529
99 207 -2459767454066762381395874421407898451475497319205025722750290820529
207 123 31313283831722403965421491353092797403206332736807755247838747080720
123 207 31313283831722403965421491353092797403206332736807755247838747080720
207 147 3536783077714887206271088448974527622231859046239917140230846297896
147 207 3536783077714887206271088448974527622231859046239917140230846297896
207 171 1035687959656805772630715609393573048557165546793772904395158426
171 207 1035687959656805772630715609393573048557165546793772904395158426
207 195 -19399423682987733380261854577958214823262598971777882641881521
195 207 -19399423682987733380261854577958214823262598971777882641881521
206 8 76333531499575322165698464357881117376800877487063040
8 206 76333531499575322165698464357881117376800877487063040
206 32 -273482839106982390016721165678041063259073050462879592753397760000
32 206 -273482839106982390016721165678041063259073050462879592753397760000
206 56 917567316083915827612550052971167053260964743838002005480800982794240
56 206 917567316083915827612550052971167053260964743838002005480800982794240
206 80 477185977043397487984450584503045629919197365582252105932564977142352
80 206 477185977043397487984450584503045629919197365582252105932564977142352
206 104 2096760295166006756461257478558333437161331618913462438540960949226704
104 206 2096760295166006756461257478558333437161331618913462438540960949226704
206 128 31875520922063216979806464940710683435042560226331893189199775485848
128 206 31875520922063216979806464940710683435042560226331893189199775485848
206 152 -24285287451177954599497253857287161756973342500592261491639076568
152 206 -24285287451177954599497253857287161756973342500592261491639076568
206 176 23105685539373919651086816808063086979847452220639735255023940970
176 206 23105685539373919651086816808063086979847452220639735255023940970
206 200 50694998272771665248403744245058192706908454746920377444841564
200 206 50694998272771665248403744245058192706908454746920377444841564
205 13 -28709301545015800110773114239864178331251597411969289682944
13 205 -28709301545015800110773114239864178331251597411969289682944
205 37 -3547546341931982228165277094570802074903319287663818797004353437696
37 205 -3547546341931982228165277094570802074903319287663818797004353437696
205 61 837165372054280139152438451442873086176214700840026780023801215025152
61 205 837165372054280139152438451442873086176214700840026780023801215025152
205 85 -25979039461577989738541067168508631332430502992521317037665075615232
85 205 -25979039461577989738541067168508631332430502992521317037665075615232
205 109 330423700324533370901895304717020290733704877446224446541116013916592
109 205 330423700324533370901895304717020290733704877446224446541116013916592
205 133 35824934605321377175874971179144144910443766256013090267866968379648
133 205 35824934605321377175874971179144144910443766256013090267866968379648
205 157 654818119622327875605942883928337814882452095852643410766615992728
157 205 654818119622327875605942883928337814882452095852643410766615992728
205 181 413982986352412211876020325094314480792528249334488667228436556
181 205 413982986352412211876020325094314480792528249334488667228436556
205 205 -2245212478427228302215534921874986241222864278768452231861840
204 18 40781532149492981292812583021863000102968882420903468932792320
18 204 40781532149492981292812583021863000102968882420903468932792320
204 42 -48101777168413260542221925216582549592057478781457857512364010635264
42 204 -48101777168413260542221925216582549592057478781457857512364010635264
204 66 1053079024636175151445380939138632270038540021739827141205220079722496
66 204 1053079024636175151445380939138632270038540021739827141205220079722496
204 90 4189396705822218786707723051453780741236989399998653249486465210946856
90 204 4189396705822218786707723051453780741236989399998653249486465210946856
204 114 2016989338769520127750616281887894285177063702157398366897044748393872
114 204 2016989338769520127750616281887894285177063702157398366897044748393872
204 138 -19976953176160295597104968304987029758806635414370085520783679564916
138 204 -19976953176160295597104968304987029758806635414370085520783679564916
204 162 455947456675452749046165828931077507852916883517579804631857770724
162 204 455947456675452749046165828931077507852916883517579804631857770724
204 186 4756916001402507031864228252595964331495252562011387797922533511
186 204 4756916001402507031864228252595964331495252562011387797922533511
203 23 -2404442241420293578124542092272676068072444555337464248038064128
23 203 -2404442241420293578124542092272676068072444555337464248038064128
203 47 191702497191551558158102318675473403384223845208070851215225077628928
47 203 191702497191551558158102318675473403384223845208070851215225077628928
203 71 -3485780411456646513837616060072791431580364492456630446289136549457920
71 203 -3485780411456646513837616060072791431580364492456630446289136549457920
203 95 64403324367765070455159185155330890534042245210687560543119696714556
95 203 64403324367765070455159185155330890534042245210687560543119696714556
203 119 198375343012652840637505806270411267944891606537097571467670223630160
119 203 198375343012652840637505806270411267944891606537097571467670223630160
203 143 33722826360117163392611015655120908371368920740843021817568309439512
143 203 33722826360117163392611015655120908371368920740843021817568309439512
203 167 61991465103831902703316207162228762519752281511540825639186329516
167 203 61991465103831902703316207162228762519752281511540825639186329516
203 191 -148171569478439782587590658921072560788839222835452325979201404
191 203 -148171569478439782587590658921072560788839222835452325979201404
202 4 11147721279890609319384115049110891713840283648
4 202 11147721279890609319384115049110891713840283648
202 28 -140991509572963670414305331142290857068129970944559001440534659072
28 202 -140991509572963670414305331142290857068129970944559001440534659072
202 52 1839583087225913404076301301297728185792926332436505710167308667715584
52 202 1839583087225913404076301301297728185792926332436505710167308667715584
202 76 1538856195265459892285651713854337113240486340282101172100182046975744
76 202 1538856195265459892285651713854337113240486340282101172100182046975744
202 100 11350450695769408904568062038191749373899834540546511676508510984933997
100 202 11350450695769408904568062038191749373899834540546511676508510984933997
202 124 842051070350054011077197206461611214056845811093371701945296200142240
124 202 842051070350054011077197206461611214056845811093371701945296200142240
202 148 -4227680387817671094110267928214215287374709126367250098101065943036
148 202 -4227680387817671094110267928214215287374709126367250098101065943036
202 172 220373668589595187607772039334182285921502314719941351913085338624
172 202 220373668589595187607772039334182285921502314719941351913085338624
202 196 601126398940053982490247948387798119991898237815702965049526711
196 202 601126398940053982490247948387798119991898237815702965049526711
201 9 12007728068952358411241532964918015273283583232224264192
9 201 12007728068952358411241532964918015273283583232224264192
201 33 3753899657596226286851895498295901254971083805354057536927273320448
33 201 3753899657596226286851895498295901254971083805354057536927273320448
201 57 714895243970914568723293846888743134815111726764041943742780211200000
57 201 714895243970914568723293846888743134815111726764041943742780211200000
201 81 488658401421048317305140532941947184306496000624432233100488885571712
81 201 488658401421048317305140532941947184306496000624432233100488885571712
201 105 1430224112692667987692691535165253485457022705464442081438044960771552
105 201 1430224112692667987692691535165253485457022705464442081438044960771552
201 129 161632789388346448589081279111586244422166974561400261722333751217056
129 201 161632789388346448589081279111586244422166974561400261722333751217056
201 153 12337845573244608771135906939498668161612445106940934229730379468336
153 201 12337845573244608771135906939498668161612445106940934229730379468336
201 177 5346426692863910329177165810064345304227307745286695994139651352
177 201 5346426692863910329177165810064345304227307745286695994139651352
201 201 -26458142185662624031713797392668166861908976711881769475788928
200 14 1262685410249727181699136338649887493861123502580690594037760
14 200 1262685410249727181699136338649887493861123502580690594037760
200 38 11802513134276437656704597209441357752390377948382112648800988299264
38 200 11802513134276437656704597209441357752390377948382112648800988299264
200 62 -1852791290725986366753161306259622966672612805323723621985848140890112
62 200 -1852791290725986366753161306259622966672612805323723621985848140890112
200 86 14976405233205195086613036723700959308850408535041491297065960818775088
86 200 14976405233205195086613036723700959308850408535041491297065960818775088
200 110 14136241645184675038550489869028716556736353734212026932418024423410640
110 200 14136241645184675038550489869028716556736353734212026932418024423410640
200 134 51671759448032366528519904677841467023816479451258987710699452694152
134 200 51671759448032366528519904677841467023816479451258987710699452694152
200 158 2733078975630926494022303513980062683757224424258824707609927259816
158 200 2733078975630926494022303513980062683757224424258824707609927259816
200 182 50200421973226337982235515469965750752322501536449512149246428086
182 200 50200421973226337982235515469965750752322501536449512149246428086
199 19 197125797956929078400476255337595620706870661137820525162135552
19 199 197125797956929078400476255337595620706870661137820525162135552
199 43 138079257618318298362875756924333215603926350101057853131649710030848
43 199 138079257618318298362875756924333215603926350101057853131649710030848
199 67 -7519131369761234226729151625994748343745876344845152362920695645175808
67 199 -7519131369761234226729151625994748343745876344845152362920695645175808
199 91 -257613297471060281820636740621323562136168980842750242172478786858224
91 199 -257613297471060281820636740621323562136168980842750242172478786858224
199 115 1202053453378476071569254161640767250860601927937231349838295288011040
115 199 1202053453378476071569254161640767250860601927937231349838295288011040
199 139 225653826232139462538817924316856483754572173470679451610966741720248
139 199 225653826232139462538817924316856483754572173470679451610966741720248
199 163 2071035188267667194422530537831420168458194062796038146315182066000
163 199 2071035188267667194422530537831420168458194062796038146315182066000
199 187 -520765385235882344148835990627071716323740475213085529601188933
187 199 -520765385235882344148835990627071716323740475213085529601188933
198 24 65236585134378555381298082190389698370857247628448316330480762880
24 198 65236585134378555381298082190389698370857247628448316330480762880
198 48 2577558320174126557194063383889894719407245767043806460672815596044288
48 198 2577558320174126557194063383889894719407245767043806460672815596044288
198 72 4015642742745425733296475112861136114186499173288972914162655268708352
72 198 4015642742745425733296475112861136114186499173288972914162655268708352
198 96 50117913642538660332133645484234375781189108385246725605263212783512511
96 198 50117913642538660332133645484234375781189108385246725605263212783512511
198 120 9208243957812407169717703184681544954233541529887903294195103949833264
120 198 9208243957812407169717703184681544954233541529887903294195103949833264
198 144 -32549680141192177005502083371323160666232857153930512129804744380256
144 198 -32549680141192177005502083371323160666232857153930512129804744380256
198 168 1781503577367888486872686799999305392883920064231071130325550652060
168 198 1781503577367888486872686799999305392883920064231071130325550652060
198 192 6713280898817174436013020851991266093988751448125391744746617986
192 198 6713280898817174436013020851991266093988751448125391744746617986
197 5 -97038639145625539718887354240921217985791312003072
5 197 -97038639145625539718887354240921217985791312003072
197 29 1233743706665364192844974269647210349360913474335022528748689817600
29 197 1233743706665364192844974269647210349360913474335022528748689817600
197 53 -1735852920955863782436566333015513498385918425347811977601549667926016
53 197 -1735852920955863782436566333015513498385918425347811977601549667926016
197 77 7242116255275273936255889532535781483331606405556818120889462806873088
77 197 7242116255275273936255889532535781483331606405556818120889462806873088
197 101 2582187233001505124700849815457928023831076304204999383258723942715719
101 197 2582187233001505124700849815457928023831076304204999383258723942715719
197 125 742130196488815282332609398774231033964826811613875936690330672354398
125 197 742130196488815282332609398774231033964826811613875936690330672354398
197 149 128511559968175962074235201846866332913819892980812831023856649006738
149 197 128511559968175962074235201846866332913819892980812831023856649006738
197 173 175455343934530859393308590841460050780703583569918633079295659322
173 197 175455343934530859393308590841460050780703583569918633079295659322
197 197 -216668985240874987194047786078363752573881709203499634133739270
196 10 244233408029561274180866337373550702455901345963472584704
10 196 244233408029561274180866337373550702455901345963472584704
196 34 8793210180323812700694623241320826257215223017143195879342415544320
34 196 8793210180323812700694623241320826257215223017143195879342415544320
196 58 -11723742704718182953121777361251400634931020754295523430418845332930560
58 196 -11723742704718182953121777361251400634931020754295523430418845332930560
196 82 41839714777736344807277802061976025570420556346221833029729952952120064
82 196 41839714777736344807277802061976025570420556346221833029729952952120064
196 106 77966164188082093014214189928884215238086332890510378876828811251576794
106 196 77966164188082093014214189928884215238086332890510378876828811251576794
196 130 2719595528882097384407927315391968810341489748157012229588198852102000
130 196 2719595528882097384407927315391968810341489748157012229588198852102000
196 154 8584981285785275350100642450102973083287800093819770440338855422218
154 196 8584981285785275350100642450102973083287800093819770440338855422218
196 178 470564151398129502953896480026847672914100364694806801973697193334
178 196 470564151398129502953896480026847672914100364694806801973697193334
195 15 -16165025590252559193817820921160974006106771840779577605488640
15 195 -16165025590252559193817820921160974006106771840779577605488640
195 39 25257273307303481936549466567456642247990201152473239558639331573760
39 195 25257273307303481936549466567456642247990201152473239558639331573760
195 63 -7965935942048235469941690584208394794165590878974774409804697037176832
63 195 -7965935942048235469941690584208394794165590878974774409804697037176832
195 87 157425117060272792409335962970105500894431828429121646256018612513856
87 195 157425117060272792409335962970105500894431828429121646256018612513856
195 111 5093066603547020626923986211283288766788123387711581305729089505270334
111 195 5093066603547020626923986211283288766788123387711581305729089505270334
195 135 1176941978672414277643469132328709447192392375609462417865604217168148
135 195 1176941978672414277643469132328709447192392375609462417865604217168148
195 159 33141147617905709564746264944182745337155159163932257209522311019088
159 195 33141147617905709564746264944182745337155159163932257209522311019088
195 183 4648647823583598139054506874706478434194754334677117647557039890
183 195 4648647823583598139054506874706478434194754334677117647557039890
194 20 3415161156123491750399434455102450818085278760439715672413437952
20 194 3415161156123491750399434455102450818085278760439715672413437952
194 44 2221941438953937008725945807112779225385398840867629104728267653382144
44 194 2221941438953937008725945807112779225385398840867629104728267653382144
194 68 11109811180239054792420165216188444201993274968665962449624943854878720
68 194 11109811180239054792420165216188444201993274968665962449624943854878720
194 92 181607211132310542473088992611067989982397352648744186824136175758943952
92 194 181607211132310542473088992611067989982397352648744186824136175758943952
194 116 68717957927832625805224757707362135212131476682241620166059800417821270
116 194 68717957927832625805224757707362135212131476682241620166059800417821270
194 140 273350591659704488225565710280489132910047720820797631701663664308556
140 194 273350591659704488225565710280489132910047720820797631701663664308556
194 164 11222967216397530871249397785837305221851417974758536553126283278712
164 194 11222967216397530871249397785837305221851417974758536553126283278712
194 188 70211799252214476524915757037716841327681597371594355028903168338
188 194 70211799252214476524915757037716841327681597371594355028903168338
193 1 1181794062230638546514870272
1 193 1181794062230638546514870272
193 25 -202065864026590059056207104407585090717229110678794772229344198656
25 193 -202065864026590059056207104407585090717229110678794772229344198656
193 49 -5951507242449364381304774595274085819495865903425434327097570588884992
49 193 -5951507242449364381304774595274085819495865903425434327097570588884992
193 73 34579048001672081075963305339925727237544423857925725791595646374789120
73 193 34579048001672081075963305339925727237544423857925725791595646374789120
193 97 -10328748932006020498803399261831712095324305216819997533034895770862876
97 193 -10328748932006020498803399261831712095324305216819997533034895770862876
193 121 3615143719041162598364626640556556215054915066434615487620367110484110
121 193 3615143719041162598364626640556556215054915066434615487620367110484110
193 145 943388726560827588914864977548574803682543960728750996672963022314140
145 193 943388726560827588914864977548574803682543960728750996672963022314140
193 169 4314243313158847119194703890267666215068780552523691647260935584606
169 193 4314243313158847119194703890267666215068780552523691647260935584606
193 193 -1048378503411058023045519431766788583576512571344012447365214196
192 6 7966605328650126470422392101413186311648715200266240
6 192 7966605328650126470422392101413186311648715200266240
192 30 -1978484265499794387682241478124658812925615466052814893884737847296
30 192 -1978484265499794387682241478124658812925615466052814893884737847296
192 54 -28939604946905203156177702395491479095426049577052065629159545727090688
54 192 -28939604946905203156177702395491479095426049577052065629159545727090688
192 78 87035568956576987833928808583625015996205996582087523609140762670465024
78 192 87035568956576987833928808583625015996205996582087523609140762670465024
192 102 346326564038192031621931590507099988382930363863825611990677983441450383
102 192 346326564038192031621931590507099988382930363863825611990677983441450383
192 126 33161293048016146282144408464383840220889662750744912013912808809336596
126 192 33161293048016146282144408464383840220889662750744912013912808809336596
192 150 37711625858428108718489053475693550324808335474553702908815433274392
150 192 37711625858428108718489053475693550324808335474553702908815433274392
192 174 3727964873063673578221787459109851959256185429652264136400772735892
174 192 3727964873063673578221787459109851959256185429652264136400772735892
191 11 120596795510817028147218397934976366700828008413092217094144
11 191 120596795510817028147218397934976366700828008413092217094144
191 35 -45275775897316939057092964393463568221211899808866183500743556726784
35 191 -45275775897316939057092964393463568221211899808866183500743556726784
191 59 10989457350844200093110819708176535812981854367997190986392274749882368
59 191 10989457350844200093110819708176535812981854367997190986392274749882368
191 83 17899030594694904136752991680251308635564614362471005567228212182745088
83 191 17899030594694904136752991680251308635564614362471005567228212182745088
191 107 9120324786910656423518601413587076484509428078222362975904834202332408
107 191 9120324786910656423518601413587076484509428078222362975904834202332408
191 131 5171915665635523318565491837536168795418392656035695782509953428052988
131 191 5171915665635523318565491837536168795418392656035695782509953428052988
191 155 343308510588271271048350108038432037495485116386366527522884753479108
155 191 343308510588271271048350108038432037495485116386366527522884753479108
191 179 269917218306523557227637141843991523692072575566248309068925917762
179 191 269917218306523557227637141843991523692072575566248309068925917762
190 16 -90842681887241791247972330190020666298533477022376017751179264
16 190 -90842681887241791247972330190020666298533477022376017751179264
190 40 200445613351192073380947744575378121876620086201097017098397168959488
40 190 200445613351192073380947744575378121876620086201097017098397168959488
190 64 35849107107259447635213395201673855985066823067806432142606281423716352
64 190 35849107107259447635213395201673855985066823067806432142606281423716352
190 88 536770635562497729654081914510933359913300894441846384266486003002036224
88 190 536770635562497729654081914510933359913300894441846384266486003002036224
190 112 389660037978422285771737704722193078126798715666408535827027411478595974
112 190 389660037978422285771737704722193078126798715666408535827027411478595974
190 136 8396697247459593450228474634360189899289235256499778507216351935303572
136 190 8396697247459593450228474634360189899289235256499778507216351935303572
190 160 52846819985383107004578954189874173401323190046107325517830873458998
160 190 52846819985383107004578954189874173401323190046107325517830873458998
190 184 655355757582767629276927598949734935712809250735725416113763515692
184 190 655355757582767629276927598949734935712809250735725416113763515692
189 21 35057445910573304909959051676615743567543795898526058866041421824
21 189 35057445910573304909959051676615743567543795898526058866041421824
189 45 -5640450058072452146958340873919596728254991275935998446540670766153728
45 189 -5640450058072452146958340873919596728254991275935998446540670766153728
189 69 76173286753923205963628946203125563098783734968892804127425547800150016
69 189 76173286753923205963628946203125563098783734968892804127425547800150016
189 93 -91534343212330751212332258250576223069249453149724293212034877489379328
93 189 -91534343212330751212332258250576223069249453149724293212034877489379328
189 117 14089549264212717135457807144192529301545927675158422513655583399751324
117 189 14089549264212717135457807144192529301545927675158422513655583399751324
189 141 5311983323707914198482435249285664055155014555801602279109316475621060
141 189 5311983323707914198482435249285664055155014555801602279109316475621060
189 165 64667767321155576292823840485541922059359571119568636244439330510424
165 189 64667767321155576292823840485541922059359571119568636244439330510424
189 189 2927114640473956416353598960161482678724050171779384615066566172
188 2 23352780833909675880056991913972072448
2 188 23352780833909675880056991913972072448
188 26 -1674273853901999783369887949881645411226338321149834215935847694336
26 188 -1674273853901999783369887949881645411226338321149834215935847694336
188 50 -47193524984447375396778295975696184986944516439794953562941236407435264
50 188 -47193524984447375396778295975696184986944516439794953562941236407435264
188 74 130024963309720339032679682636778733476741638684948276988152693666086912
74 188 130024963309720339032679682636778733476741638684948276988152693666086912
188 98 1247458627009313488227427038862147443809381326248166062029260980025228704
98 188 1247458627009313488227427038862147443809381326248166062029260980025228704
188 122 259918313096433373997577055232491626125494995012875236486085307598494014
122 188 259918313096433373997577055232491626125494995012875236486085307598494014
188 146 1245921592659785952964139920980472670106522705376537938541512448347896
146 188 1245921592659785952964139920980472670106522705376537938541512448347896
188 170 23574063662276453149669922800832886118271492987384508083831943070480
170 188 23574063662276453149669922800832886118271492987384508083831943070480
187 7 -2899729823424524077475677187700312924558097042158649344
7 187 -2899729823424524077475677187700312924558097042158649344
187 31 24216245884230331995630157559509385980776105125468381319183793651712
31 187 24216245884230331995630157559509385980776105125468381319183793651712
187 55 76484392934355500121545183299332495440604993240829682630601033075654656
55 187 76484392934355500121545183299332495440604993240829682630601033075654656
187 79 91252606396839271611880421763709085446875444371755821237384051788873728
79 187 91252606396839271611880421763709085446875444371755821237384051788873728
187 103 -36481299147642625694074405654348305938037712312889451903619336809329632
103 187 -36481299147642625694074405654348305938037712312889451903619336809329632
187 127 19844866846580283683620435669262441494902044165464258945535414853728024
127 187 19844866846580283683620435669262441494902044165464258945535414853728024
187 151 2590167826102392807388270291414436797268775441084118754554443992261620
151 187 2590167826102392807388270291414436797268775441084118754554443992261620
187 175 6423442809537369339661855930174335743175442977730372972817847131208
175 187 6423442809537369339661855930174335743175442977730372972817847131208
186 12 -2148970470065478009499575026895003344268823585239094192504832
12 186 -2148970470065478009499575026895003344268823585239094192504832
186 36 -451433477069529353395705160825477327489229171742082488877439015452672
36 186 -451433477069529353395705160825477327489229171742082488877439015452672
186 60 96375201495455726542191262001356551540171590621836931441899121370202112
60 186 96375201495455726542191262001356551540171590621836931441899121370202112
186 84 1273375771145334094115130982368262541240345089607155063466347407691808768
84 186 1273375771145334094115130982368262541240345089607155063466347407691808768
186 108 1744855299596529612584319684720475713629475297652039276344266283979882960
108 186 1744855299596529612584319684720475713629475297652039276344266283979882960
186 132 99035170914135522682817914418984590605643900885192792999823276378034108
132 186 99035170914135522682817914418984590605643900885192792999823276378034108
186 156 278291046188064155466652392992645165210469929747850582747510469839194
156 186 278291046188064155466652392992645165210469929747850582747510469839194
186 180 5165539350971580060972992620003208999601331125265241935759739614684
180 186 5165539350971580060972992620003208999601331125265241935759739614684
185 17 -1187975631861144048552573020315503899890585507257587758289387520
17 185 -1187975631861144048552573020315503899890585507257587758289387520
185 41 -1142191442922643403368416467601865263357440255098754932931056577282048
41 185 -1142191442922643403368416467601865263357440255098754932931056577282048
185 65 23029063851786164847930036864441869683911613393552840226396163733979136
65 185 23029063851786164847930036864441869683911613393552840226396163733979136
185 89 -338353869132322171803540792030228777711313794504933833258102798250590208
89 185 -338353869132322171803540792030228777711313794504933833258102798250590208
185 113 24618802568671116176198650842591971185415309390209766437342794235147264
113 185 24618802568671116176198650842591971185415309390209766437342794235147264
185 137 23970180478020549300265609684652940948722696608535456411908125869961732
137 185 23970180478020549300265609684652940948722696608535456411908125869961732
185 161 664746169064485251640388098691438499211468319279785981457426607542738
161 185 664746169064485251640388098691438499211468319279785981457426607542738
185 185 301787982824160819575231168108348416230092201202268363241329397982
184 22 -576417959719013366054366120524150232875994612529295929142776168448
22 184 -576417959719013366054366120524150232875994612529295929142776168448
184 46 -47070791782881482245629054745926179629006103211805949080837859605217280
46 184 -47070791782881482245629054745926179629006103211805949080837859605217280
184 70 144617443046976681813868307690060659420185329757165600148231739259486208
70 184 144617443046976681813868307690060659420185329757165600148231739259486208
184 94 3618877861167276809868925406471351438524506555958278894699014252393123840
94 184 3618877861167276809868925406471351438524506555958278894699014252393123840
184 118 1510054412416674203892070676555788907566500342277297910060216669432903882
118 184 1510054412416674203892070676555788907566500342277297910060216669432903882
184 142 22245561630893960801113412179144138506230682235050171396516147859762708
142 184 22245561630893960801113412179144138506230682235050171396516147859762708
184 166 117966532483112074538534199559172240812468239629120214416437030411156
166 184 117966532483112074538534199559172240812468239629120214416437030411156
183 3 400167826366480952669196757455744421867814912
3 183 400167826366480952669196757455744421867814912
183 27 13339238966436562223028978081606254687736570035701127730128247324672
27 183 13339238966436562223028978081606254687736570035701127730128247324672
183 51 171913623748560943063837207529248959267754410674972536570470502580092928
51 183 171913623748560943063837207529248959267754410674972536570470502580092928
183 75 204033843169178104801299646153538903382749131902547378386654446596653056
75 183 204033843169178104801299646153538903382749131902547378386654446596653056
183 99 -325956262627009320123135117522130481074439896813541203566661728337301376
99 183 -325956262627009320123135117522130481074439896813541203566661728337301376
183 123 60934667473040181720540308857621459516841225660046440039476687398228682
123 183 60934667473040181720540308857621459516841225660046440039476687398228682
183 147 15059193048129130522515516864864897796469160809844882905074749526780532
147 183 15059193048129130522515516864864897796469160809844882905074749526780532
183 171 94484227111318775337637198061515950361362083478933139345441840714678
171 183 94484227111318775337637198061515950361362083478933139345441840714678
182 8 28931402023728964978216439458103467766507921206476275712
8 182 28931402023728964978216439458103467766507921206476275712
182 32 -63379107902221821419422440947925602862629701370515931167236827381760
32 182 -63379107902221821419422440947925602862629701370515931167236827381760
182 56 200282553264607044254237096645540752366080955744100306612639337715597312
56 182 200282553264607044254237096645540752366080955744100306612639337715597312
182 80 2352688813052805559148090705704144737066437517933872846718321904617259008
80 182 2352688813052805559148090705704144737066437517933872846718321904617259008
182 104 6234560607654756572347803275555089250028779450662536573232438583657535584
104 182 6234560607654756572347803275555089250028779450662536573232438583657535584
182 128 775565353214930074908393010739041264651741703299936245276989753189850020
128 182 775565353214930074908393010739041264651741703299936245276989753189850020
182 152 3393860746586259589105125413996984320837742661315896390029384674654924
152 182 3393860746586259589105125413996984320837742661315896390029384674654924
182 176 32688381081125798663053857199991306528412048066181195623929356597758
176 182 32688381081125798663053857199991306528412048066181195623929356597758
181 13 21806179004167128651848257430788252134324585491681572844208128
13 181 21806179004167128651848257430788252134324585491681572844208128
181 37 -1492087333214332842539031602720327242101582766767091208714240961544192
37 181 -1492087333214332842539031602720327242101582766767091208714240961544192
181 61 -386078750204157689861044969343777574620404581610176106619310570102325248
61 181 -386078750204157689861044969343777574620404581610176106619310570102325248
181 85 -825027712619111263333059314627678946304125030534207742383215946424909824
85 181 -825027712619111263333059314627678946304125030534207742383215946424909824
181 109 -98475210274684464704794603370367884741661237560839065749371176940589056
109 181 -98475210274684464704794603370367884741661237560839065749371176940589056
181 133 87828949968163091896520566373740581918726109942687318857625849037229996
133 181 87828949968163091896520566373740581918726109942687318857625849037229996
181 157 5063422326332870483568956736987337917310938642338819097303105163522304
157 181 5063422326332870483568956736987337917310938642338819097303105163522304
181 181 7282477958883416256865832307527882301566888030854173716001573208162
180 18 -352367647634744100618809749208282610299875982885129287043645440
18 180 -352367647634744100618809749208282610299875982885129287043645440
180 42 -5098993113738005251513612084319242675082045823330138078222740063518720
42 180 -5098993113738005251513612084319242675082045823330138078222740063518720
180 66 188060459965726268260730279786611805074546960213628362456861132915212288
66 180 188060459965726268260730279786611805074546960213628362456861132915212288
180 90 8261588331599954443266524290612814992085252924036703710810295289421299712
90 180 8261588331599954443266524290612814992085252924036703710810295289421299712
180 114 6812793403215458952457843844618851722064279223300889115720969657598906512
114 180 6812793403215458952457843844618851722064279223300889115720969657598906512
180 138 239985493818986420332732407270939621542095004886754100003160672706926764
138 180 239985493818986420332732407270939621542095004886754100003160672706926764
180 162 628473640250761907759611909959155169787282926484082716479268138245490
162 180 628473640250761907759611909959155169787282926484082716479268138245490
179 23 476786457163023502678405994167951889627996041654744731767837556736
23 179 476786457163023502678405994167951889627996041654744731767837556736
179 47 170251128493970772216277957562569002012783210542685820919487713651982336
47 179 170251128493970772216277957562569002012783210542685820919487713651982336
179 71 268417913701482132536411813487604835028310214583612411023792041581608960
71 179 268417913701482132536411813487604835028310214583612411023792041581608960
179 95 -1230902736259559497286916261520145664881256374207724902234414374923304960
95 179 -1230902736259559497286916261520145664881256374207724902234414374923304960
179 119 93935780444429522163274848975413296882233844452528962239642042866556712
119 179 93935780444429522163274848975413296882233844452528962239642042866556712
179 143 69409461810022714992263934592737587217026631559042212012709651228950092
143 179 69409461810022714992263934592737587217026631559042212012709651228950092
179 167 969579383876384288174877697381728553511311144833127975177807706448732
167 179 969579383876384288174877697381728553511311144833127975177807706448732
178 4 33293234620718577153784154730506390354969109725184
4 178 33293234620718577153784154730506390354969109725184
178 28 56295277645730232154650035804120464999791339573264860314227305349120
28 178 56295277645730232154650035804120464999791339573264860314227305349120
178 52 364633453877339756787942125140576607585691077186818481152979466385883136
52 178 364633453877339756787942125140576607585691077186818481152979466385883136
178 76 3081318437938507692959278776833933856400309546336559583657218987127734272
76 178 3081318437938507692959278776833933856400309546336559583657218987127734272
178 100 17591797229525152206137537973084706614305658030653854762511308906962245120
100 178 17591797229525152206137537973084706614305658030653854762511308906962245120
178 124 4521008324393037468925622658187983506799079751944231703954210987111456854
124 178 4521008324393037468925622658187983506799079751944231703954210987111456854
178 148 46151418991450510217046215360083749903870176013590257435151471638130784
148 178 46151418991450510217046215360083749903870176013590257435151471638130784
178 172 166179460862924736266932025633033921820651942347736451847361762084564
172 178 166179460862924736266932025633033921820651942347736451847361762084564
177 9 17690508646913518208054795763329857191839164696071889747968
9 177 17690508646913518208054795763329857191839164696071889747968
177 33 -3582469559514208497927327882766028973195655368804077948915822341652480
33 177 -3582469559514208497927327882766028973195655368804077948915822341652480
177 57 -1453035375853320518707201702201577064011768182245789957579736842074324992
57 177 -1453035375853320518707201702201577064011768182245789957579736842074324992
177 81 -1543024793311386071794343891990061195254060211092402143470500199251574784
81 177 -1543024793311386071794343891990061195254060211092402143470500199251574784
177 105 -901731152909613896669299657228321875298939371210139040873957337584084736
105 177 -901731152909613896669299657228321875298939371210139040873957337584084736
177 129 246787765639636800161948914473717998737028895623879002900144476132145528
129 177 246787765639636800161948914473717998737028895623879002900144476132145528
177 153 29844041439805680368124930493505204357808075437877036550418506628125232
153 177 29844041439805680368124930493505204357808075437877036550418506628125232
177 177 106878311699668038171491590958036211343915826979464708880344758425924
176 14 59176578848365190078102924148174428928760140088606723825205248
14 176 59176578848365190078102924148174428928760140088606723825205248
176 38 28568561847846038241576622782761520068950717348076215603000567203364864
38 176 28568561847846038241576622782761520068950717348076215603000567203364864
176 62 547214684767280059808369710696661687655868847516026846583508386071969792
62 176 547214684767280059808369710696661687655868847516026846583508386071969792
176 86 14065885423647682321089302642953250276738560398794242016323498137883770880
86 176 14065885423647682321089302642953250276738560398794242016323498137883770880
176 110 24160870598666787262273130824892622521064005476436766560963466710926462112
110 176 24160870598666787262273130824892622521064005476436766560963466710926462112
176 134 1830563615478528002724006676043029400077615088881554352548690847523702660
134 176 1830563615478528002724006676043029400077615088881554352548690847523702660
176 158 6181894097307965997651096662583344121008663773721058655372969694923812
158 176 6181894097307965997651096662583344121008663773721058655372969694923812
175 19 -264160120747201401267207971914926978336562632117027826536682618880
19 175 -264160120747201401267207971914926978336562632117027826536682618880
175 43 48351762660365036504635854234192959996920012759637345669284235103436800
43 175 48351762660365036504635854234192959996920012759637345669284235103436800
175 67 706405090285926281232166437410770637618979653243204227096963300588519424
67 175 706405090285926281232166437410770637618979653243204227096963300588519424
175 91 -3250181619919304141004895129934418214009104081503806610926308943956541440
91 175 -3250181619919304141004895129934418214009104081503806610926308943956541440
175 115 -375743121777718088653099395901653187528935377810115848958568171466226848
115 175 -375743121777718088653099395901653187528935377810115848958568171466226848
175 139 254523365654112844807914753837562567836494513685223636871759625304152760
139 175 254523365654112844807914753837562567836494513685223636871759625304152760
175 163 7422190755950510266432133684070767236778267408931280391831208293668684
163 175 7422190755950510266432133684070767236778267408931280391831208293668684
174 24 17623026522523858566724903081912438797868696117253562624013638828032
24 174 17623026522523858566724903081912438797868696117253562624013638828032
174 48 416411335401567949670352419641367627228372833692981257759988637935599616
48 174 416411335401567949670352419641367627228372833692981257759988637935599616
174 72 1623088174070557208299890026082725083807271399201675672500708891816886272
72 174 1623088174070557208299890026082725083807271399201675672500708891816886272
174 96 37716967251199619767163712244455608132540586106420851893023145778517049344
96 174 37716967251199619767163712244455608132540586106420851893023145778517049344
174 120 20428823666535866424220184024524246750526239849366316560152433412239107528
120 174 20428823666535866424220184024524246750526239849366316560152433412239107528
174 144 462764884059862494685289673326337699189282577222238770652109772455362276
144 174 462764884059862494685289673326337699189282577222238770652109772455362276
174 168 887409176322063532475284323862453417076603935808023674626170155178364
168 174 887409176322063532475284323862453417076603935808023674626170155178364
173 5 20529596686674079431969047450502431806922997027045376
5 173 20529596686674079431969047450502431806922997027045376
173 29 -1292166181233992465762173331885163585536219098681175768225206300049408
29 173 -1292166181233992465762173331885163585536219098681175768225206300049408
173 53 -2812776540602673342494863001640328201714395178854024684481259584113082368
53 173 -2812776540602673342494863001640328201714395178854024684481259584113082368
173 77 -2237503320059834992678686635709977928827463563723990143568756323490201600
77 173 -2237503320059834992678686635709977928827463563723990143568756323490201600
173 101 -3701907168298150500725377679929913564216233028029046259323255921135728640
101 173 -3701907168298150500725377679929913564216233028029046259323255921135728640
173 125 356011163275719515645297291524935213232336241127918286937828630138152520
125 173 356011163275719515645297291524935213232336241127918286937828630138152520
173 149 139087600816042701581271041296250962698007145438384302853241695489142066
149 173 139087600816042701581271041296250962698007145438384302853241695489142066
173 173 1096316410090197996061122093168839287196293809113638202136934039977392
172 10 1304657798442112482187647022969372097974487824285605864407040
10 172 1304657798442112482187647022969372097974487824285605864407040
172 34 18588511975690412988140769423993782728120697785910014782802470824312832
34 172 18588511975690412988140769423993782728120697785910014782802470824312832
172 58 1428243783883775788252929675047793205683965463366504010851229498980958208
58 172 1428243783883775788252929675047793205683965463366504010851229498980958208
172 82 15428843536736810635955360258936359028088957024110101906338666506251927552
82 172 15428843536736810635955360258936359028088957024110101906338666506251927552
172 106 66539088152686943743379726139517856288126718723296060540437838745214467584
106 172 66539088152686943743379726139517856288126718723296060540437838745214467584
172 130 10575242085862202897396489388429790200515869712865611601320169379200512402
130 172 10575242085862202897396489388429790200515869712865611601320169379200512402
172 154 74219003003191931039869598132489433776359597176291866093241100559996528
154 172 74219003003191931039869598132489433776359597176291866093241100559996528
171 15 2200634276017541412016501083139494297206128199475770103187898368
15 171 2200634276017541412016501083139494297206128199475770103187898368
171 39 30761376342805018131557737225344306259669921680833264432541450878582784
39 171 30761376342805018131557737225344306259669921680833264432541450878582784
171 63 3468605326550103510170635366994469379043131020574797305644650945652457472
63 171 3468605326550103510170635366994469379043131020574797305644650945652457472
171 87 -8208589476783037865111451429265158282466120888957732191689440514728263680
87 171 -8208589476783037865111451429265158282466120888957732191689440514728263680
171 111 -3899818718274571630114579766887773409077838442242972162526507993486635648
111 171 -3899818718274571630114579766887773409077838442242972162526507993486635648
171 135 703326670664249977764644686001525170179285718327003120461199573232356062
135 171 703326670664249977764644686001525170179285718327003120461199573232356062
171 159 44031558679165798832683965252075894302509902236572473523662049983699528
159 171 44031558679165798832683965252075894302509902236572473523662049983699528
170 20 775214655987574603492756666870232782812481907446511879063131389952
20 170 775214655987574603492756666870232782812481907446511879063131389952
170 44 -151428770474233685510299594903459189470229360189673138996513416367046656
44 170 -151428770474233685510299594903459189470229360189673138996513416367046656
170 68 -4973039701620680671141880946154787162873945830390311957533878922166403072
68 170 -4973039701620680671141880946154787162873945830390311957533878922166403072
170 92 55184658946461139669955196122668152524429447075815207858686931772521840640
92 170 55184658946461139669955196122668152524429447075815207858686931772521840640
170 116 72336133190288599502809962531007736108785276031107707263267375793783309664
116 170 72336133190288599502809962531007736108785276031107707263267375793783309664
170 140 3439596355431328522737957367898133728945495616457318049892839544340062946
140 170 3439596355431328522737957367898133728945495616457318049892839544340062946
170 164 8177760278364375466957164806255212583863104799533994188013146105570740
164 170 8177760278364375466957164806255212583863104799533994188013146105570740
169 1 -1220819697585227327600976723968
1 169 -1220819697585227327600976723968
169 25 -75941416096964772276118854133450595801019937651225730157999518908416
25 169 -75941416096964772276118854133450595801019937651225730157999518908416
169 49 -2521441429397561190822850460472946858031560077689002103371839481504071680
49 169 -2521441429397561190822850460472946858031560077689002103371839481504071680
169 73 -1581281167324275190663464899107127109897251201412182506550088351103320064
73 169 -1581281167324275190663464899107127109897251201412182506550088351103320064
169 97 -12159061139272749585737472389517001260479722481481743346734377735854456832
97 169 -12159061139272749585737472389517001260479722481481743346734377735854456832
169 121 -1424044653102878062581189166099740852929344964511673147751314520552610080
121 169 -1424044653102878062581189166099740852929344964511673147751314520552610080
169 145 512362656562675809853834134903797078985919468145564782066301008966800994
145 169 512362656562675809853834134903797078985919468145564782066301008966800994
169 169 8402523645583669807082571127304388847340725161129138241695173808739704
168 6 4427092233616774534997338528613541171777232246407168000
6 168 4427092233616774534997338528613541171777232246407168000
168 30 1937430064126620260961169200849577398529560089705498189987464140029952
30 168 1937430064126620260961169200849577398529560089705498189987464140029952
168 54 1558449931485515908846574132918395996293184887260057349405396907340070912
54 168 1558449931485515908846574132918395996293184887260057349405396907340070912
168 78 4496476962974175143486210354430082508536009318977767447502497879869620224
78 168 4496476962974175143486210354430082508536009318977767447502497879869620224
168 102 135828656324674135171663497070116209544764058627051159608986864883042697216
102 168 135828656324674135171663497070116209544764058627051159608986864883042697216
168 126 47678418032194271907481795805803524307396255861744892255277770843315059592
126 168 47678418032194271907481795805803524307396255861744892255277770843315059592
168 150 712022746093434154226374180875739624704476842211134936638539569127471864
150 168 712022746093434154226374180875739624704476842211134936638539569127471864
167 11 -31663400896165979743102399233800327891931391930726787558932480
11 167 -31663400896165979743102399233800327891931391930726787558932480
167 35 96316344099087776706506931925102593805070409372054488218199868561162240
35 167 96316344099087776706506931925102593805070409372054488218199868561162240
167 59 11791286990323886703377873823884900040308392396157848401840226963554304000
59 167 11791286990323886703377873823884900040308392396157848401840226963554304000
167 83 -24203172542351860558339543858137437486950215241612846809274256116848525312
83 167 -24203172542351860558339543858137437486950215241612846809274256116848525312
167 107 -20321143650898210492027326125324740090779693225435401160228264810217496576
107 167 -20321143650898210492027326125324740090779693225435401160228264810217496576
167 131 997475053333913771798184444691633854549579212635661331028422370658203512
131 167 997475053333913771798184444691633854549579212635661331028422370658203512
167 155 206288839674125888448757932596953765792395034410703951698645974838967176
155 167 206288839674125888448757932596953765792395034410703951698645974838967176
166 16 -1115827125767959410857915272838431072785448600832033710653046784
16 166 -1115827125767959410857915272838431072785448600832033710653046784
166 40 -865811315434394170423724466630323956189206723475282159360408252252684288
40 166 -865811315434394170423724466630323956189206723475282159360408252252684288
166 64 -20431102006997154387363774729788021202440826629816991818014995365553504256
64 166 -20431102006997154387363774729788021202440826629816991818014995365553504256
166 88 33423906226373359807817543781670645593583187631886191232758343779848552448
88 166 33423906226373359807817543781670645593583187631886191232758343779848552448
166 112 198544730423022099176548610749194563750845876044783678790909376816601605120
112 166 198544730423022099176548610749194563750845876044783678790909376816601605120
166 136 19666806074261222651728575027569533544987315719414756331965297964759421390
136 166 19666806074261222651728575027569533544987315719414756331965297964759421390
166 160 93604198727998054931413755993199352471394199285389261691912809977890248
160 166 93604198727998054931413755993199352471394199285389261691912809977890248
165 21 6841366792974453948605664619242757948716297443560278931711513853952
21 165 6841366792974453948605664619242757948716297443560278931711513853952
165 45 35502345758235847657084609900544874657770664798354958292990718732402688
45 165 35502345758235847657084609900544874657770664798354958292990718732402688
165 69 3519570337496068048720324673169930623562612409594540600918764289334968320
69 165 3519570337496068048720324673169930623562612409594540600918764289334968320
165 93 -42371065941418691418936122831427664457804539379423710208939458879043928064
93 165 -42371065941418691418936122831427664457804539379423710208939458879043928064
165 117 -15794417000936755210364730526317951919169849319928256185609246472457313792
117 165 -15794417000936755210364730526317951919169849319928256185609246472457313792
165 141 1413013714621204172792410658087355525089127442623600945783327889655789764
141 165 1413013714621204172792410658087355525089127442623600945783327889655789764
165 165 49938181250307949527461955868690682784711275389459469429657892241496552
164 2 56412808590619582889306800126084780130304
2 164 56412808590619582889306800126084780130304
164 26 -602747070144078039318098016268807028660567763955753092529201067589632
26 164 -602747070144078039318098016268807028660567763955753092529201067589632
164 50 345816510244226025682384203514738570260362641148726399672152281225101312
50 164 345816510244226025682384203514738570260362641148726399672152281225101312
164 74 -15122479099459384435121640052833195198545509513984515371548413037698351104
74 164 -15122479099459384435121640052833195198545509513984515371548413037698351104
164 98 178231412580817134184557924541528067954539872135217953478292199971356672000
98 164 178231412580817134184557924541528067954539872135217953478292199971356672000
164 122 169203873373795246358343830214876643208253915405849785621122710067208198432
122 164 169203873373795246358343830214876643208253915405849785621122710067208198432
164 146 5198245904067257056297508998591819659978595556059461174844943698422518954
146 164 5198245904067257056297508998591819659978595556059461174844943698422518954
163 7 -492399498775181202018361811351571333861393633445513527296
7 163 -492399498775181202018361811351571333861393633445513527296
163 31 55118997376583567862838364645873445161710474881562890089546654463033344
31 163 55118997376583567862838364645873445161710474881562890089546654463033344
163 55 23174965608186778166145046797508961732387281140942024078073326991260516352
55 163 23174965608186778166145046797508961732387281140942024078073326991260516352
163 79 -71330720866510983970640080805069367528901338622622563845826727049825353728
79 163 -71330720866510983970640080805069367528901338622622563845826727049825353728
163 103 -84736666265772414051377018266192589544134945276488839700643076965220155392
103 163 -84736666265772414051377018266192589544134945276488839700643076965220155392
163 127 -3989900213335655087192737778766535418198316850542645324113689482632814048
127 163 -3989900213335655087192737778766535418198316850542645324113689482632814048
163 151 761839246200276251551956293288414703173547902500348554014327695860956752
151 163 761839246200276251551956293288414703173547902500348554014327695860956752
162 12 129856014669003651812525298474808017857393373879155139337519104
12 162 129856014669003651812525298474808017857393373879155139337519104
162 36 -755322899186403006800429189905336736708576767675509000637786914226700288
36 162 -755322899186403006800429189905336736708576767675509000637786914226700288
162 60 -45005956673767395285917351228116931703289854917112818520299869555686113280
60 162 -45005956673767395285917351228116931703289854917112818520299869555686113280
162 84 -64188734889635658343642839772543187291819742890076295326331645601358282752
84 162 -64188734889635658343642839772543187291819742890076295326331645601358282752
162 108 405648060064299100908822177460160883120717418025749680127276140044427706368
108 162 405648060064299100908822177460160883120717418025749680127276140044427706368
162 132 88415214144060040781503201322078895338042933603512944949882639261829686512
132 162 88415214144060040781503201322078895338042933603512944949882639261829686512
162 156 880644685930587428268997636265007296252489614131739195134545363169030760
156 162 880644685930587428268997636265007296252489614131739195134545363169030760
161 17 130449699204073212069178012714025789996110628381361504677275893760
17 161 130449699204073212069178012714025789996110628381361504677275893760
161 41 964696099321779492717750649741058642517334062630791159835385347939762176
41 161 964696099321779492717750649741058642517334062630791159835385347939762176
161 65 13535002405113022869774517258442524383298981063752247045165767254217850880
65 161 13535002405113022869774517258442524383298981063752247045165767254217850880
161 89 -150260666514837873574281095116569003574453930582660728562875496942631124992
89 161 -150260666514837873574281095116569003574453930582660728562875496942631124992
161 113 -89936844767399006102037059966710355884775536581311814510208869414123515904
113 161 -89936844767399006102037059966710355884775536581311814510208869414123515904
161 137 1996429521147193094101896582450827626147252322891044420999306919050871680
137 161 1996429521147193094101896582450827626147252322891044420999306919050871680
161 161 234366925476279204803562911498396584419537219001543556383648953621081288
160 22 -62869022320926636137153638900974282448150345701031193924895372214272
22 160 -62869022320926636137153638900974282448150345701031193924895372214272
160 46 4224418063726700103054275325671633338661657889543523034718131432040955904
46 160 4224418063726700103054275325671633338661657889543523034718131432040955904
160 70 -12513583356539812823856863595115821211986489456599004376982891744232210432
70 160 -12513583356539812823856863595115821211986489456599004376982891744232210432
160 94 54181766834979986765009287567472294125965388757083344297734389308223127552
94 160 54181766834979986765009287567472294125965388757083344297734389308223127552
160 118 468624285562503168697345709067015526419869462753677914252464856966067880960
118 160 468624285562503168697345709067015526419869462753677914252464856966067880960
160 142 29490277344170228902438797628484469217730652883710795620935145782888911842
142 160 29490277344170228902438797628484469217730652883710795620935145782888911842
159 3 -620520871732192126116826913622647364349704798208
3 159 -620520871732192126116826913622647364349704798208
159 27 8481887012391849830428970137891850239952891252423893132939083114348544
27 159 8481887012391849830428970137891850239952891252423893132939083114348544
159 51 17168589625956094004588019741613715994180429512116818839829486152737357824
51 159 17168589625956094004588019741613715994180429512116818839829486152737357824
159 75 -176174153779051462287722865844345126605806513984153985823156956105453600768
75 159 -176174153779051462287722865844345126605806513984153985823156956105453600768
159 99 -308528278057101368398569572225177209324802506911766916068960951905326989312
99 159 -308528278057101368398569572225177209324802506911766916068960951905326989312
159 123 -45012906922511998576937259904097610891474285972928199709516772686870787968
123 159 -45012906922511998576937259904097610891474285972928199709516772686870787968
159 147 2100639539595025719918664490843722003574252268563343715944201988473979354
147 159 2100639539595025719918664490843722003574252268563343715944201988473979354
158 8 -209597395316565344226881803183543444507083457477839159296
8 158 -209597395316565344226881803183543444507083457477839159296
158 32 -208957622437128277087844193249319314972735769495282100922598860020252672
32 158 -208957622437128277087844193249319314972735769495282100922598860020252672
158 56 -58238803866704175495513398481235722621011929979834017070509718586035011584
56 158 -58238803866704175495513398481235722621011929979834017070509718586035011584
158 80 -179408252541884811411400790805026142149865584231042325522089301064355414016
80 158 -179408252541884811411400790805026142149865584231042325522089301064355414016
158 104 550285950809511916354173313637429405239819321769969484248930840432054894592
104 158 550285950809511916354173313637429405239819321769969484248930840432054894592
158 128 314668897188179562427657200441112536719797051510636101311444767436150742240
128 158 314668897188179562427657200441112536719797051510636101311444767436150742240
158 152 6374367026980059267844807028681787806674428750904221154349343287371604904
152 158 6374367026980059267844807028681787806674428750904221154349343287371604904
157 13 -2678708666425058876906755819237831882654717471481559731041992704
13 157 -2678708666425058876906755819237831882654717471481559731041992704
157 37 -577591565322851212126009673296595044191390783992803929903699289631096832
37 157 -577591565322851212126009673296595044191390783992803929903699289631096832
157 61 9252130363610084871575291429775901155564734342552027990713171569641783296
61 157 9252130363610084871575291429775901155564734342552027990713171569641783296
157 85 -443442524468631999263581049340426669216605423758545633736401880041666904064
85 157 -443442524468631999263581049340426669216605423758545633736401880041666904064
157 109 -392727436951888679735551749073353784503872661234244917852702734253453017088
109 157 -392727436951888679735551749073353784503872661234244917852702734253453017088
157 133 -7985718084588772376407586329803310504589009291564177683997227676203486720
133 157 -7985718084588772376407586329803310504589009291564177683997227676203486720
157 157 866577669229578137044568595402789586833487109421948270264559319770301784
156 18 1041362384702874411081183902408538064453866902937403678602093920256
18 156 1041362384702874411081183902408538064453866902937403678602093920256
156 42 13117429092119061380627070202254101534989150119945740174447241378570174464
42 156 13117429092119061380627070202254101534989150119945740174447241378570174464
156 66 66496900161797544542680165631115497154385168817482761300776920239851962368
66 156 66496900161797544542680165631115497154385168817482761300776920239851962368
156 90 -335157658458327329856479027925921275461926824580136428720660281335381753856
90 156 -335157658458327329856479027925921275461926824580136428720660281335381753856
156 114 982980582682568377682871940181768689836421140016144793612946115407572025344
114 156 982980582682568377682871940181768689836421140016144793612946115407572025344
156 138 132275660971258042534100320868210135206423197338887915255951800151239229104
138 156 132275660971258042534100320868210135206423197338887915255951800151239229104
155 23 98295200976431675079594954487088480330789051771638639155535570534400
23 155 98295200976431675079594954487088480330789051771638639155535570534400
155 47 -18523368323618129335493829681926859884278296518182167067792800948223475712
47 155 -18523368323618129335493829681926859884278296518182167067792800948223475712
155 71 -358172086508498922273383133800018099622987113552184784274032925738260234240
71 155 -358172086508498922273383133800018099622987113552184784274032925738260234240
155 95 -946460745980767476284414175233888417237737085476764706609684248664203067392
95 155 -946460745980767476284414175233888417237737085476764706609684248664203067392
155 119 -260631926429811553083304707929664069464570382013669004156681856311452426240
119 155 -260631926429811553083304707929664069464570382013669004156681856311452426240
155 143 2964586687924204272072937835954370842308648503553990273498709878942901096
143 155 2964586687924204272072937835954370842308648503553990273498709878942901096
154 4 -277999388003555059663630939309920947014718655037440
4 154 -277999388003555059663630939309920947014718655037440
154 28 185982665905468115553076425291220885474910643814075832346019692019712
28 154 185982665905468115553076425291220885474910643814075832346019692019712
154 52 -32089834090353340228745337787015225094263723750628878693502757683037470720
52 154 -32089834090353340228745337787015225094263723750628878693502757683037470720
154 76 -86385161829788900039145069174759807003330563011624405899742492973013663744
76 154 -86385161829788900039145069174759807003330563011624405899742492973013663744
154 100 286628870000166293445610790223074173030286198907388697459203678466008416256
100 154 286628870000166293445610790223074173030286198907388697459203678466008416256
154 124 880536666990420101820917086181922234610046877813073420772566923351056114176
124 154 880536666990420101820917086181922234610046877813073420772566923351056114176
154 148 36019379124765904003708090515434054883207770078520074161893882521718268478
148 154 36019379124765904003708090515434054883207770078520074161893882521718268478
153 9 4611958054340766147981437727077641781325231147627646667456512
9 153 4611958054340766147981437727077641781325231147627646667456512
153 33 -943969783998173804836526383024165031917086866791221480719626083353231360
33 153 -943969783998173804836526383024165031917086866791221480719626083353231360
153 57 -26276399345891425820294727986674936632845303025173449366469584713152462848
57 153 -26276399345891425820294727986674936632845303025173449366469584713152462848
153 81 -972914331014813718534403627738362697904837263456655427066789376482816819200
81 153 -972914331014813718534403627738362697904837263456655427066789376482816819200
153 105 -1392504556410087459646979505988741118074556135716055227854832658185207152640
105 153 -1392504556410087459646979505988741118074556135716055227854832658185207152640
153 129 -90432877735757067058714282117590753605704156327910460530132984937970544896
129 153 -90432877735757067058714282117590753605704156327910460530132984937970544896
153 153 2390746333968317478452651879979848836274611313573518975422431105774428144
152 14 -36247937206371321001700984039043235790094467957914388050405752832
14 152 -36247937206371321001700984039043235790094467957914388050405752832
152 38 13750230406257192516295759466990153396115473138338308189390729236763901952
38 152 13750230406257192516295759466990153396115473138338308189390729236763901952
152 62 242218978347883568776230599446641040556109719085667542952968287891050463232
62 152 242218978347883568776230599446641040556109719085667542952968287891050463232
152 86 -729237345858860596167312742857869164349375013871136727199897668668113289216
86 152 -729237345858860596167312742857869164349375013871136727199897668668113289216
152 110 1457885127042266615061768580572390261144333990956248032642082266137408831488
110 152 1457885127042266615061768580572390261144333990956248032642082266137408831488
152 134 471844437506723662439020762055751507483690446139372729934962332526222589472
134 152 471844437506723662439020762055751507483690446139372729934962332526222589472
151 19 4574819555452623211902054350988755552886315801352288961913115639808
19 151 4574819555452623211902054350988755552886315801352288961913115639808
151 43 -39161152245481787999831546968646777448361915759992150677913311212304596992
43 151 -39161152245481787999831546968646777448361915759992150677913311212304596992
151 67 -617140489543878560657234827873586899796328004387687122231269332078028652544
67 151 -617140489543878560657234827873586899796328004387687122231269332078028652544
151 91 -2263100567896717742180511254501379943450658395824013596504224488886127034368
91 151 -2263100567896717742180511254501379943450658395824013596504224488886127034368
151 115 -1137204622295412162433252304367412628963764331463347601616234925735118307328
115 151 -1137204622295412162433252304367412628963764331463347601616234925735118307328
151 139 -11858346751696817088291751343817483369234594014215961093994839515771604384
139 151 -11858346751696817088291751343817483369234594014215961093994839515771604384
150 24 4013171174545070571294965761004948680321556008205919275462158490533888
24 150 4013171174545070571294965761004948680321556008205919275462158490533888
150 48 -20321123643059023080846972826076858960090268065159194558716870214809550848
48 150 -20321123643059023080846972826076858960090268065159194558716870214809550848
150 72 422447960491718843975798671895966657578330281045505473035626237276429746176
72 150 422447960491718843975798671895966657578330281045505473035626237276429746176
150 96 -546093014459691651131541641170696872300092550768637450992354234292341047296
96 150 -546093014459691651131541641170696872300092550768637450992354234292341047296
150 120 1895484965109196778230946501944679215879301436302290004591041627977163882496
120 150 1895484965109196778230946501944679215879301436302290004591041627977163882496
150 144 161368985840707527307785639201332119294962540016100478720693323965255164284
144 150 161368985840707527307785639201332119294962540016100478720693323965255164284
149 5 -3848918571967612901275819698455252314647479286694412288
5 149 -3848918571967612901275819698455252314647479286694412288
149 29 -318645294946133740893234239769586205299156075380012803970823015419084800
29 149 -318645294946133740893234239769586205299156075380012803970823015419084800
149 53 22563644633741103025171619820767828343059914411716673972842318493112074240
53 149 22563644633741103025171619820767828343059914411716673972842318493112074240
149 77 -1471479399479339230944719738776024611599570831763144028933873585210334904320
77 149 -1471479399479339230944719738776024611599570831763144028933873585210334904320
149 101 -3956859109368985399495973834791897493384908864660443220349395496344286658560
101 149 -3956859109368985399495973834791897493384908864660443220349395496344286658560
149 125 -524659360320180029290326154141488208881581535381058336835892233182004217856
125 149 -524659360320180029290326154141488208881581535381058336835892233182004217856
149 149 3374379152087797479437490272003027547827557365856843556750035247143579452
148 10 -102326609571722753936144967200543146900993712684750062634401792
10 148 -102326609571722753936144967200543146900993712684750062634401792
148 34 5755420028766220917912523754435891235530819633045691985923940491431247872
34 148 5755420028766220917912523754435891235530819633045691985923940491431247872
148 58 329592787613029890181140081614576967184295414093321633448829877184114982912
58 148 329592787613029890181140081614576967184295414093321633448829877184114982912
148 82 -555783274529946446435292485162251288367653012988982638511808275462091702272
82 148 -555783274529946446435292485162251288367653012988982638511808275462091702272
148 106 1306443479944827715415325981782020110529617152312908645444104957038843396096
106 148 1306443479944827715415325981782020110529617152312908645444104957038843396096
148 130 1330750951441217806412162303639505832954520462351222060760305586796164852224
130 148 1330750951441217806412162303639505832954520462351222060760305586796164852224
147 15 43185348538563682472339579183653664146297249648013806939699937280
15 147 43185348538563682472339579183653664146297249648013806939699937280
147 39 -17171665836264771879525012319855975397109180834159457272634048334882930688
39 147 -17171665836264771879525012319855975397109180834159457272634048334882930688
147 63 -806044642064482241689154929643537087505955268905193070120704647998870650880
63 147 -806044642064482241689154929643537087505955268905193070120704647998870650880
147 87 -3797591912957916740815782749667240218633619283220548971760332684966498402304
87 147 -3797591912957916740815782749667240218633619283220548971760332684966498402304
147 111 -3947677102408762791694307653023143767957611691335976984267915139948355780608
111 147 -3947677102408762791694307653023143767957611691335976984267915139948355780608
147 135 -134440930534081646074794527413998208228752145188053997820428927262334678656
135 147 -134440930534081646074794527413998208228752145188053997820428927262334678656
146 20 40049897629259257255871230597632699187168582450657176938354869010432
20 146 40049897629259257255871230597632699187168582450657176938354869010432
146 44 -81387430684809227378520515220976754340924897381853624027385473579853283328
44 146 -81387430684809227378520515220976754340924897381853624027385473579853283328
146 68 1032680045611131288377538182827162060560548029082394847922889821695948881920
68 146 1032680045611131288377538182827162060560548029082394847922889821695948881920
146 92 -1134859312726093385005508685592358146348601087203754403549804370504938684416
92 146 -1134859312726093385005508685592358146348601087203754403549804370504938684416
146 116 3024579395023700637584340769838448633700035855226651111270086845276539060224
116 146 3024579395023700637584340769838448633700035855226651111270086845276539060224
146 140 576310065996254464059329448246944878131324321256321186590302120347492295648
140 146 576310065996254464059329448246944878131324321256321186590302120347492295648
145 1 626675040295258225377225104949248
1 145 626675040295258225377225104949248
145 25 -31155858933488633151677347620209803557188812499523325009125761729167360
25 145 -31155858933488633151677347620209803557188812499523325009125761729167360
145 49 305635648346049807325900209918147683808910985808787096722851543718048038912
49 145 305635648346049807325900209918147683808910985808787096722851543718048038912
145 73 -1201818332927225253821551392209402506939329464594450779853598098185456189440
73 145 -1201818332927225253821551392209402506939329464594450779853598098185456189440
145 97 -8624264800332164966909008064753901561692262918543922886634976613688915525632
97 145 -8624264800332164966909008064753901561692262918543922886634976613688915525632
145 121 -2278811251770043622707544740597775772844149070862488417947511938894103609344
121 145 -2278811251770043622707544740597775772844149070862488417947511938894103609344
145 145 -13497516608351189917749961088012110191310229463427374227000140988574317808
144 6 -767686819092781134264493283467657551856664982132644380672
6 144 -767686819092781134264493283467657551856664982132644380672
144 30 710289439874673104843660334049373772706549598723848306584987179721687040
30 144 710289439874673104843660334049373772706549598723848306584987179721687040
144 54 -13100337990287078476368991893489943396192511320537632510600204347053703168
54 144 -13100337990287078476368991893489943396192511320537632510600204347053703168
144 78 -172006223972952541955538262684844413544846537135291742813147048176290627584
78 144 -172006223972952541955538262684844413544846537135291742813147048176290627584
144 102 632696092738033800441574043797261443606179602857049977301024828178061852672
102 144 632696092738033800441574043797261443606179602857049977301024828178061852672
144 126 2916445167998706295711228644867029502789537145696808700471458075146124754944
126 144 2916445167998706295711228644867029502789537145696808700471458075146124754944
143 11 3229217471661625996118091744355054982135184062328431871803785216
11 143 3229217471661625996118091744355054982135184062328431871803785216
143 35 3751143289719688213079921161250818446066029255757985925573166826608656384
35 143 3751143289719688213079921161250818446066029255757985925573166826608656384
143 59 -608034383998494550731426005071975625713276030911870750587534091908020174848
59 143 -608034383998494550731426005071975625713276030911870750587534091908020174848
143 83 -3344849596674637664521031291003614500646798688477783814652041490776010522624
83 143 -3344849596674637664521031291003614500646798688477783814652041490776010522624
143 107 -10863951273692570561599851636360737916531613907640883628702722654518881812480
107 143 -10863951273692570561599851636360737916531613907640883628702722654518881812480
143 131 -780123388109082881589203244327336656049713052160356919310671560561619714048
131 143 -780123388109082881589203244327336656049713052160356919310671560561619714048
142 16 932461968812734061868623631795592376668061886745135936413441720320
16 142 932461968812734061868623631795592376668061886745135936413441720320
142 40 -118738089941111355765907895115614906610348868819865442013419593969109565440
40 142 -118738089941111355765907895115614906610348868819865442013419593969109565440
142 64 905321571899429303708478187227588254701367181265541372108151305647241035776
64 142 905321571899429303708478187227588254701367181265541372108151305647241035776
142 88 -104304515376768511681013483358858211026862405983850623737270011295199920128
88 142 -104304515376768511681013483358858211026862405983850623737270011295199920128
142 112 3558720926212433734905495986107301831206756848831977373071452064610961588224
112 142 3558720926212433734905495986107301831206756848831977373071452064610961588224
142 136 1631837958906895172568270599342537678508653760231480615513431881567130855424
136 142 1631837958906895172568270599342537678508653760231480615513431881567130855424
141 21 -272263824716800858083935952209614659092244229949892966993089022394368
21 141 -272263824716800858083935952209614659092244229949892966993089022394368
141 45 529808346695931142302752704077364159789543636086643695677153917783550984192
45 141 529808346695931142302752704077364159789543636086643695677153917783550984192
141 69 484629808150080909035902033149143084608592262716122938021985496448639172608
69 141 484629808150080909035902033149143084608592262716122938021985496448639172608
141 93 -13247660810045991820085867269111557597420473590226633780094732678543246884864
93 141 -13247660810045991820085867269111557597420473590226633780094732678543246884864
141 117 -7823436399196420274421741779289428291173240127586837869472909001523260817408
117 141 -7823436399196420274421741779289428291173240127586837869472909001523260817408
141 141 -153007765373972318620969720318710325521575124068705214427035590769563401216
140 2 39185439713510289879093715078712072024883200
2 140 39185439713510289879093715078712072024883200
140 26 -68900576003070293314426664076620683242370474412263262757947180115296256
26 140 -68900576003070293314426664076620683242370474412263262757947180115296256
140 50 -459282529563298975348113433749900269767607426893069086625103609683798654976
50 140 -459282529563298975348113433749900269767607426893069086625103609683798654976
140 74 -1964935785488557003093536811594773552212118958635610022792708390518591062016
74 140 -1964935785488557003093536811594773552212118958635610022792708390518591062016
140 98 2304513366201236706689825601986348826568086597421352859967681449781161361408
98 140 2304513366201236706689825601986348826568086597421352859967681449781161361408
140 122 4864016580817186392628893983210827531967502560545463736286648766299932459008
122 140 4864016580817186392628893983210827531967502560545463736286648766299932459008
139 7 42895540010610559734607467237014364696445276399080881258496
7 139 42895540010610559734607467237014364696445276399080881258496
139 31 4712165244969803667359855270440798800262939033120707817422564853542813696
31 139 4712165244969803667359855270440798800262939033120707817422564853542813696
139 55 -504572605050009997591559637175467057403001675653756316501888344572597108736
55 139 -504572605050009997591559637175467057403001675653756316501888344572597108736
139 79 2013828411347005198614482916660815826010155921240880109949485910899550060544
79 139 2013828411347005198614482916660815826010155921240880109949485910899550060544
139 103 -23039044147110856723890864824736442377527411289596842749685529808902985613312
103 139 -23039044147110856723890864824736442377527411289596842749685529808902985613312
139 127 -3379836349220878556344449967668490498742600243784973544630615651761638211584
127 139 -3379836349220878556344449967668490498742600243784973544630615651761638211584
138 12 -7758589601973691011199324400210395132609383880760955574264266752
12 138 -7758589601973691011199324400210395132609383880760955574264266752
138 36 -69977296948711565655183426808006291294353083761152515747595432781204684800
36 138 -69977296948711565655183426808006291294353083761152515747595432781204684800
138 60 592007890161471227353893401528590522990287678849753482569410539724558303232
60 138 592007890161471227353893401528590522990287678849753482569410539724558303232
138 84 1481893947430890161234243028917808832811361980486869835262091883655232225280
84 138 1481893947430890161234243028917808832811361980486869835262091883655232225280
138 108 4668948992763128958121607994154494348091739472884514762480856614753643003904
108 138 4668948992763128958121607994154494348091739472884514762480856614753643003904
138 132 3607120633571686106189814318141469885450197459483603743271097807540349992960
132 138 3607120633571686106189814318141469885450197459483603743271097807540349992960
137 17 623100785509659371124660240745488598555445016382979441251361751040
17 137 623100785509659371124660240745488598555445016382979441251361751040
137 41 359611616969224377491220982886075846679892563023461325507887566645421408256
41 137 359611616969224377491220982886075846679892563023461325507887566645421408256
137 65 2004215334970569932958096967026011477243780222230626600942888672665236668416
65 137 2004215334970569932958096967026011477243780222230626600942888672665236668416
137 89 -11249689634424456388466723478864539690240935343895042737570039909429335293952
89 137 -11249689634424456388466723478864539690240935343895042737570039909429335293952
137 113 -21237532517027264000715209517772939375928939191316278295094803199782253756416
113 137 -21237532517027264000715209517772939375928939191316278295094803199782253756416
137 137 -887375533291088012333638241692456536917490800048075028750908743444789026816
136 22 -8783529739727102497845728586712536744585450242658801757386201444122624
22 136 -8783529739727102497845728586712536744585450242658801757386201444122624
136 46 -227014068496125589492881980129404890768245246672513348216100555509519613952
46 136 -227014068496125589492881980129404890768245246672513348216100555509519613952
136 70 -6642107357651637849309665033817669538807427183915200578720646097289676324864
70 136 -6642107357651637849309665033817669538807427183915200578720646097289676324864
136 94 11738484817720010258005733087130248022767269305924081158581399905848614977536
94 136 11738484817720010258005733087130248022767269305924081158581399905848614977536
136 118 6482185784978797753952996334064992645030780625193332800616367070824431091712
118 136 6482185784978797753952996334064992645030780625193332800616367070824431091712
135 3 186986047892736334842721943012735318672056397070336
3 135 186986047892736334842721943012735318672056397070336
135 27 1064969550134631173921175519703051706658521390553609753310916254078337024
27 135 1064969550134631173921175519703051706658521390553609753310916254078337024
135 51 -1865447131038509828741604501912427752477154054680035019048332274743201759232
51 135 -1865447131038509828741604501912427752477154054680035019048332274743201759232
135 75 10288756085337541910465429471202445103481195838367461410723476071495338295296
75 135 10288756085337541910465429471202445103481195838367461410723476071495338295296
135 99 -35585036292703331648064900618354039167644475571690936868589636402330847936512
99 135 -35585036292703331648064900618354039167644475571690936868589636402330847936512
135 123 -11542608918391239169195105387040183236037155811904054499386864430926929068032
123 135 -11542608918391239169195105387040183236037155811904054499386864430926929068032
134 8 8144318036687018993494436219103882757274231038641827347431424
8 134 8144318036687018993494436219103882757274231038641827347431424
134 32 -17016302290427833407435427556421507750619603225213568139222288113529257984
32 134 -17016302290427833407435427556421507750619603225213568139222288113529257984
134 56 3172684499407236234418030819008703454788740359917262813410034486029091602432
56 134 3172684499407236234418030819008703454788740359917262813410034486029091602432
134 80 -191589878737677260877163010569894424011179055939873692800649022972215951360
80 134 -191589878737677260877163010569894424011179055939873692800649022972215951360
134 104 14185960220926227663470945655961984319607261523401480950319366647844425433088
104 134 14185960220926227663470945655961984319607261523401480950319366647844425433088
134 128 6134444767838080527985131912770312763565290244367270654241197914711015292928
128 134 6134444767838080527985131912770312763565290244367270654241197914711015292928
133 13 -235849634747038500720673800683317231255493840811699223279951675392
13 133 -235849634747038500720673800683317231255493840811699223279951675392
133 37 80914329514249740770041153212533206681566872023938020776020716141015990272
37 133 80914329514249740770041153212533206681566872023938020776020716141015990272
133 61 -1434707494365799736017921301217752567547056441433451717922035119188724416512
61 133 -1434707494365799736017921301217752567547056441433451717922035119188724416512
133 85 2107535206295276529505926670591333596216859017249150898167194896822526017536
85 133 2107535206295276529505926670591333596216859017249150898167194896822526017536
133 109 -44610360254269547982340581822302324207946534678855735378732963995566978629632
109 133 -44610360254269547982340581822302324207946534678855735378732963995566978629632
133 133 -3839867707003358491501574741989729639129697796121289627789704456127795822592
132 18 -297298098690866328862528798901871319341895644020243136078708801011712
18 132 -297298098690866328862528798901871319341895644020243136078708801011712
132 42 297068159189609720239861889305176626769803506427162875830005516043726880768
42 132 297068159189609720239861889305176626769803506427162875830005516043726880768
132 66 -6824686886524084047979076408094334507487804164940917144206022756469728870400
66 132 -6824686886524084047979076408094334507487804164940917144206022756469728870400
132 90 31332470641847143090345238871227336548311379086627947231422375119728739876864
90 132 31332470641847143090345238871227336548311379086627947231422375119728739876864
132 114 10544038012793326691055085089557297461037919710735576296239441077262446755840
114 132 10544038012793326691055085089557297461037919710735576296239441077262446755840
131 23 56162030881493837068648191657100276883775797394468741792855651554164736
23 131 56162030881493837068648191657100276883775797394468741792855651554164736
131 47 -3514720769943127177602589699377747771535340301766547254091590690830058258432
47 131 -3514720769943127177602589699377747771535340301766547254091590690830058258432
131 71 10127602319388436882088426200005095423371161587864059623307644650915671048192
71 131 10127602319388436882088426200005095423371161587864059623307644650915671048192
131 95 -35580113609899333977027369062188961539051016971721416627168679527022854144000
95 131 -35580113609899333977027369062188961539051016971721416627168679527022854144000
131 119 -31130924376446249012537364039632755304288034106350105072579204270967735975936
119 131 -31130924376446249012537364039632755304288034106350105072579204270967735975936
130 4 -208873439228554775133860984535283128215794717552541696
4 130 -208873439228554775133860984535283128215794717552541696
130 28 -685629841114587367275124782357526473753052749164685414931863616727547904
28 130 -685629841114587367275124782357526473753052749164685414931863616727547904
130 52 7893157036266395066572401999548680514618585011012134237598468942121500934144
52 130 7893157036266395066572401999548680514618585011012134237598468942121500934144
130 76 -1484175202081013353950089922558997821678622123424571465567442995501598769152
76 130 -1484175202081013353950089922558997821678622123424571465567442995501598769152
130 100 48202277158507550027166550149866037904621864772814467992497953240099693002752
100 130 48202277158507550027166550149866037904621864772814467992497953240099693002752
130 124 8575003161646203369640076043883865790336838978276157489690072690794944266240
124 130 8575003161646203369640076043883865790336838978276157489690072690794944266240
129 9 -388840810658930717160050778090330780983004906705787472589094912
9 129 -388840810658930717160050778090330780983004906705787472589094912
129 33 -23256098836173362917054461598325023140235483279774888966482462952476639232
33 129 -23256098836173362917054461598325023140235483279774888966482462952476639232
129 57 -9182174951167678434060955949891887183300496080891191235689250428876612435968
57 129 -9182174951167678434060955949891887183300496080891191235689250428876612435968
129 81 14704481438746693553055306724558725385440079946668624834953100040965028052992
81 129 14704481438746693553055306724558725385440079946668624834953100040965028052992
129 105 -69436486437425182276427828593630829020482582165783349574296796599601516773376
105 129 -69436486437425182276427828593630829020482582165783349574296796599601516773376
129 129 -13090994585680727120926986959242050347915352575694463154168238503754872127488
128 14 3120623502606621940380327729087721431957561103488180219866395967488
14 128 3120623502606621940380327729087721431957561103488180219866395967488
128 38 357002631282000720054329493405609311493230653543031975909721711409063002112
38 128 357002631282000720054329493405609311493230653543031975909721711409063002112
128 62 2822764697641635700355901404407283055109711020991310617599130025855880790016
62 128 2822764697641635700355901404407283055109711020991310617599130025855880790016
128 86 58170404261172913781870919816418885927801776490632722165261144935984376315904
86 128 58170404261172913781870919816418885927801776490632722165261144935984376315904
128 110 31666399939843002027857417430261399445036722390360155635694048153704528347136
110 128 31666399939843002027857417430261399445036722390360155635694048153704528347136
127 19 269660808961839473497435378944735911770550259591367457202529634353152
19 127 269660808961839473497435378944735911770550259591367457202529634353152
127 43 -2897423412585831258434979786746682271563898784838968026188029981381032411136
43 127 -2897423412585831258434979786746682271563898784838968026188029981381032411136
127 67 -2940193619984639802412070572829880137747630774484385674746188524423334592512
67 127 -2940193619984639802412070572829880137747630774484385674746188524423334592512
127 91 -17040084176133329049100614432546144095544742599261010732105189204575968559104
91 127 -17040084176133329049100614432546144095544742599261010732105189204575968559104
127 115 -65067371009764066006864675610223577582507302080290687980802873190219878760448
115 127 -65067371009764066006864675610223577582507302080290687980802873190219878760448
126 24 186511186790828149992398714215431715140384476992597504029904272573333504
24 126 186511186790828149992398714215431715140384476992597504029904272573333504
126 48 8080683373055535189900146968687744112325150674802479414218620286933047181312
48 126 8080683373055535189900146968687744112325150674802479414218620286933047181312
126 72 9377281917483304313741974734376526568565421791561798505980317136730212794368
72 126 9377281917483304313741974734376526568565421791561798505980317136730212794368
126 96 122423993640033388987089841946366551762445884802410718268767902140626800476160
96 126 122423993640033388987089841946366551762445884802410718268767902140626800476160
126 120 14888255431537345450060859762854335268232272777501347722316975946180931354624
120 126 14888255431537345450060859762854335268232272777501347722316975946180931354624
125 5 -39059646426551799796184845547624511463810055414149545984
5 125 -39059646426551799796184845547624511463810055414149545984
125 29 -14141340401283202061199797782149514416374318376699694851990096469095874560
29 125 -14141340401283202061199797782149514416374318376699694851990096469095874560
125 53 -8171775941387429902314937269223459741202832995944781675092580806105659080704
53 125 -8171775941387429902314937269223459741202832995944781675092580806105659080704
125 77 3155270896672959021490111697049355001690087053396987231408122582599238418432
77 125 3155270896672959021490111697049355001690087053396987231408122582599238418432
125 101 -74118135748015739320020268260414396319858059454760263560696345256981644181504
101 125 -74118135748015739320020268260414396319858059454760263560696345256981644181504
125 125 -35242738536766168606525656409537307359956592906224589043695034286692175446016
124 10 7103348240467724589016657608302580985703718171223166904501796864
10 124 7103348240467724589016657608302580985703718171223166904501796864
124 34 149636630743180631746339901595455649631962397681157155546337707836976398336
34 124 149636630743180631746339901595455649631962397681157155546337707836976398336
124 58 2793434695469438065432286849977967128127723590611538765657986468456070905856
58 124 2793434695469438065432286849977967128127723590611538765657986468456070905856
124 82 94289902505972838566882827447345257219895624592102772097696986895479021240320
82 124 94289902505972838566882827447345257219895624592102772097696986895479021240320
124 106 101249832463299355188708511624421967439268450429909802797105821847845423022080
106 124 101249832463299355188708511624421967439268450429909802797105821847845423022080
123 15 3383823680500856250606589434515514696069686463095788024541803970560
15 123 3383823680500856250606589434515514696069686463095788024541803970560
123 39 -1100282382268409799562216118069828176003247670786292352020552510019047784448
39 123 -1100282382268409799562216118069828176003247670786292352020552510019047784448
123 63 3246910687145795296246908186122393869261077053300063501915367182424690655232
63 123 3246910687145795296246908186122393869261077053300063501915367182424690655232
123 87 -4555003817561034933527485877680237195407407114175705375568015462818648162304
87 123 -4555003817561034933527485877680237195407407114175705375568015462818648162304
123 111 -101451666357737672876480780896821400746102382639109934614820888134895819292672
111 123 -101451666357737672876480780896821400746102382639109934614820888134895819292672
122 20 18145448211579750568462413438800261417078218979074804431105307271233536
20 122 18145448211579750568462413438800261417078218979074804431105307271233536
122 44 3604910811200830214218401283892554680733176421903968043420444415704831098880
44 122 3604910811200830214218401283892554680733176421903968043420444415704831098880
122 68 11974575995394926110885384521032778486644576601867022331991965881736330477568
68 122 11974575995394926110885384521032778486644576601867022331991965881736330477568
122 92 242303411069914566823517538397065864431455658217074561409210512344874404020224
92 122 242303411069914566823517538397065864431455658217074561409210512344874404020224
122 116 44608459354573355073493636021807149467395054361400345019468597002133447901184
116 122 44608459354573355073493636021807149467395054361400345019468597002133447901184
121 1 -179541731866303043238630118280658944
1 121 -179541731866303043238630118280658944
121 25 -1630191878787370268600459786355423764814289652612870697842000200590163968
25 121 -1630191878787370268600459786355423764814289652612870697842000200590163968
121 49 3407251461154812328994433456766214149625619012801604530530568278692631412736
49 121 3407251461154812328994433456766214149625619012801604530530568278692631412736
121 73 -11778426916377071384763952346886398063293795802406255726519439288552732491776
73 121 -11778426916377071384763952346886398063293795802406255726519439288552732491776
121 97 -48228797702863488396610227129594626495591754195379421341222312416175842131968
97 121 -48228797702863488396610227129594626495591754195379421341222312416175842131968
121 121 -73572548865711325050738378237862964762313022539849106652412015865813362802688
120 6 69627341731145109628030814591229314559194949629918979293184
6 120 69627341731145109628030814591229314559194949629918979293184
120 30 22039928832755517662435424447302347049756192250328169353649428661966733312
30 120 22039928832755517662435424447302347049756192250328169353649428661966733312
120 54 -22973257257588219317321579074558745419592006920322469944454566792997575327744
54 120 -22973257257588219317321579074558745419592006920322469944454566792997575327744
120 78 137409481885530346726078494709366197419211110783561498945667957902564791418880
78 120 137409481885530346726078494709366197419211110783561498945667957902564791418880
120 102 256183795367124309505309999544636022982509454497090929891120032796553366208512
102 120 256183795367124309505309999544636022982509454497090929891120032796553366208512
119 11 -71862136663936150886692096886752694141424307494977450585985384448
11 119 -71862136663936150886692096886752694141424307494977450585985384448
119 35 -75204803059721166069711772116006266131991826905379700561408856059208007680
35 119 -75204803059721166069711772116006266131991826905379700561408856059208007680
119 59 60555146560266915824034855984202985688304259537050729953703979458128703913984
59 119 60555146560266915824034855984202985688304259537050729953703979458128703913984
119 83 -26317837633504487854851002946723834079039412311501024575599049297838292860928
83 119 -26317837633504487854851002946723834079039412311501024575599049297838292860928
119 107 -110353907178757432814883147675049726381849531118659232896539801574663123894272
107 119 -110353907178757432814883147675049726381849531118659232896539801574663123894272
118 16 83836232842790620847912657478477131167785989057495503641233735024640
16 118 83836232842790620847912657478477131167785989057495503641233735024640
118 40 309201716155436878138378989817888310469505972505828649529941129118076633088
40 118 309201716155436878138378989817888310469505972505828649529941129118076633088
118 64 -49560182851149446001415704529668111554175067720486664622143640495787908005888
64 118 -49560182851149446001415704529668111554175067720486664622143640495787908005888
118 88 406479518692438446967806398658044181230584702388511699429073085084403782123520
88 118 406479518692438446967806398658044181230584702388511699429073085084403782123520
118 112 140395527702620428119696840160616793023841041256628278814954901601692436922368
112 118 140395527702620428119696840160616793023841041256628278814954901601692436922368
117 21 -72081008714648884450879541967152390146244586001098706697931616314982400
21 117 -72081008714648884450879541967152390146244586001098706697931616314982400
117 45 8769227347495678309416466716099753202042715873910827535946242175206235832320
45 117 8769227347495678309416466716099753202042715873910827535946242175206235832320
117 69 45323136358240084456603907956997237916676304700688980719167491802818200731648
69 117 45323136358240084456603907956997237916676304700688980719167491802818200731648
117 93 -23513833263423417797112342266056407795002836291721070017253386458810556612608
93 117 -23513833263423417797112342266056407795002836291721070017253386458810556612608
117 117 -114759713350442099500759005675943709026465671363398847056810378661091004645376
116 2 8819266398056577362143526042974585184774520832
2 116 8819266398056577362143526042974585184774520832
116 26 -517646394013485566064990132856061857199091061529509568716575166481563648
26 116 -517646394013485566064990132856061857199091061529509568716575166481563648
116 50 -42591075143461135474466403100935664919037707110326000401642313957709388447744
50 116 -42591075143461135474466403100935664919037707110326000401642313957709388447744
116 74 142339277890327529034363536519408322477831568401544329527884939439148095242240
74 116 142339277890327529034363536519408322477831568401544329527884939439148095242240
116 98 517390756076789476034488519036115957027780117408222268291936690579588916445184
98 116 517390756076789476034488519036115957027780117408222268291936690579588916445184
115 7 7907438075382316064071894395957567888399412112427044183212032
7 115 7907438075382316064071894395957567888399412112427044183212032
115 31 78953848274626817213501884675761264448260621834025367205278658521917816832
31 115 78953848274626817213501884675761264448260621834025367205278658521917816832
115 55 109586319799903453428072717833237006487830650160330399930107569160034973646848
55 115 109586319799903453428072717833237006487830650160330399930107569160034973646848
115 79 -32547687179031899675240088351441173448800273418254351822640409364810229088256
79 115 -32547687179031899675240088351441173448800273418254351822640409364810229088256
115 103 -74194280016243915631762300900790830614954296736993610807445569704612832739328
103 115 -74194280016243915631762300900790830614954296736993610807445569704612832739328
114 12 -30878850547571627318082495654846369448667782738400525554542444544
12 114 -30878850547571627318082495654846369448667782738400525554542444544
114 36 -422317025650125113875527277808192344084090187940008933344303338220177850368
36 114 -422317025650125113875527277808192344084090187940008933344303338220177850368
114 60 -135348148283485297796871099132222553057165185915073202828005721960593737383936
60 114 -135348148283485297796871099132222553057165185915073202828005721960593737383936
114 84 598883105657274080284867005133297816140864564398631659005115899860526844346368
84 114 598883105657274080284867005133297816140864564398631659005115899860526844346368
114 108 354973161257984034997195027874610209093449507537297495033853032936694741991424
108 114 354973161257984034997195027874610209093449507537297495033853032936694741991424
113 17 -490158698027812314591244392238270119434001024540631226851936153108480
17 113 -490158698027812314591244392238270119434001024540631226851936153108480
113 41 5196283023761216732720317742572531366166329046120350247282143217365721022464
41 113 5196283023761216732720317742572531366166329046120350247282143217365721022464
113 65 140532302345138643866840861554163437887480601946496723091469845652872018001920
65 113 140532302345138643866840861554163437887480601946496723091469845652872018001920
113 89 -29131462860538262007292397206099866591938625405710542284861636103878616285184
89 113 -29131462860538262007292397206099866591938625405710542284861636103878616285184
113 113 -125112018668980421999973940882609876373467974596050060221318195254422361079808
112 22 -275623075645907041718381272306854031182476769128878762267137610560307200
22 112 -275623075645907041718381272306854031182476769128878762267137610560307200
112 46 -32667325174480170361435391789722902979708324200736039215215821716956660105216
46 112 -32667325174480170361435391789722902979708324200736039215215821716956660105216
112 70 90657402853996888793327763611436799861501329435781649544550713501251360784384
70 112 90657402853996888793327763611436799861501329435781649544550713501251360784384
112 94 883135162861186700245172911772487555978496164429661825581744454345465345867776
94 112 883135162861186700245172911772487555978496164429661825581744454345465345867776
111 3 -15946248995357895681995860895473215394756165447450624
3 111 -15946248995357895681995860895473215394756165447450624
111 27 18099341679300171470903332012840740334980778483913354132971075803778383872
27 111 18099341679300171470903332012840740334980778483913354132971075803778383872
111 51 82671585782008840962491080486600412593554081866243030973443062620136130215936
51 111 82671585782008840962491080486600412593554081866243030973443062620136130215936
111 75 40590977616981770038286539617875012178853873304097953139081878675206552158208
75 111 40590977616981770038286539617875012178853873304097953139081878675206552158208
111 99 -20444969341863046685947461005590010341576456153285078032181187197048255938560
99 111 -20444969341863046685947461005590010341576456153285078032181187197048255938560
110 8 -264614521401980810589417020469010836565587534387631694385512448
8 110 -264614521401980810589417020469010836565587534387631694385512448
110 32 -143460181831886712387202017986149721778142369317375797249872263910514491392
32 110 -143460181831886712387202017986149721778142369317375797249872263910514491392
110 56 -115420852141566175489344622198236324692433250208036433449613416005854096785408
56 110 -115420852141566175489344622198236324692433250208036433449613416005854096785408
110 80 772077557382648526526347786810272810114563870745242937198781386864997150228480
80 110 772077557382648526526347786810272810114563870745242937198781386864997150228480
110 104 720571275792202491113435178201322367169325614130228377867419063136031439060992
104 110 720571275792202491113435178201322367169325614130228377867419063136031439060992
109 13 14460025366599060152182520714598253611676585098419178744321910243328
13 109 14460025366599060152182520714598253611676585098419178744321910243328
109 37 1107508886187524050801564659900159692509467788362145594694158608977845288960
37 109 1107508886187524050801564659900159692509467788362145594694158608977845288960
109 61 77589864232700670484171647286361909719641144868286094821005687448949797945344
61 109 77589864232700670484171647286361909719641144868286094821005687448949797945344
109 85 -5478342341883820754729218004819397037330111752349687740399503225277403627520
85 109 -5478342341883820754729218004819397037330111752349687740399503225277403627520
109 109 -82954849059557148078091166634575016466025063374617248072765332473347737387008
108 18 -8457267733130471561366516609436607410354235215041761226889614862581760
18 108 -8457267733130471561366516609436607410354235215041761226889614862581760
108 42 -13265881002380491782148525828539028450549497119270015967596736246779209580544
42 108 -13265881002380491782148525828539028450549497119270015967596736246779209580544
108 66 131047316690106990150854935754426801348800988926573809070351909195382228254720
66 108 131047316690106990150854935754426801348800988926573809070351909195382228254720
108 90 1338952820709317531026514919894475990981319886969184096855702776788356710793216
90 108 1338952820709317531026514919894475990981319886969184096855702776788356710793216
107 23 1563288245728955526622504400436933029894672432708716241085227922261803008
23 107 1563288245728955526622504400436933029894672432708716241085227922261803008
107 47 28407371213382390529408031408491267871099299442143555528084389037930543316992
47 107 28407371213382390529408031408491267871099299442143555528084389037930543316992
107 71 42261692041971401084927127780846807986880012657869664916947242138487209590784
71 107 42261692041971401084927127780846807986880012657869664916947242138487209590784
107 95 36645606170246445692077138513281606514393984031648988870868113652975782592512
95 107 36645606170246445692077138513281606514393984031648988870868113652975782592512
106 4 717816194646550654826614131534398361593336292070916096
4 106 717816194646550654826614131534398361593336292070916096
106 28 746225629591250465318025522890428166775939614526004578857149666644983808
28 106 746225629591250465318025522890428166775939614526004578857149666644983808
106 52 -17649875190081781410943207006908416845060003837095904460644081955977547481088
52 106 -17649875190081781410943207006908416845060003837095904460644081955977547481088
106 76 907983051786942253555808767830201406447195745505081892599577042588428281053184
76 106 907983051786942253555808767830201406447195745505081892599577042588428281053184
106 100 1235179034958145258505309821468981952556292834148504839075234786355169992900608
100 106 1235179034958145258505309821468981952556292834148504839075234786355169992900608
105 9 12717281125519188548777278073175941449460563525285821507941957632
9 105 12717281125519188548777278073175941449460563525285821507941957632
105 33 -195665527989229279324724903395563395921921229590758129385209691768503664640
33 105 -195665527989229279324724903395563395921921229590758129385209691768503664640
105 57 -118782078569773561880085335682147263683097308401040597161707517025778298519552
57 105 -118782078569773561880085335682147263683097308401040597161707517025778298519552
105 81 78334422038489718124733514589584335165725627892668885522511002637715378274304
81 105 78334422038489718124733514589584335165725627892668885522511002637715378274304
105 105 -12873586332137923325919300716332211183606036988370574385885645385482148773888
104 14 -161780096926199375122172496841896886379787033296963358799919459598336
14 104 -161780096926199375122172496841896886379787033296963358799919459598336
104 38 -2056471348574359431500918499156853071248345478945474841934649230644849147904
38 104 -2056471348574359431500918499156853071248345478945474841934649230644849147904
104 62 322981163854099177692830326567183435131326000543536264510278310557493839790080
62 104 322981163854099177692830326567183435131326000543536264510278310557493839790080
104 86 1877874688919380472170224823421407347930255928352592509162610769111796609449984
86 104 1877874688919380472170224823421407347930255928352592509162610769111796609449984
103 19 61120873908300999757606038258461245196864906954044745786646713207881728
19 103 61120873908300999757606038258461245196864906954044745786646713207881728
103 43 368053581037194166561103686516612246864126195434009263910647073745015930880
43 103 368053581037194166561103686516612246864126195434009263910647073745015930880
103 67 -197457290889091367722114846168338833245066219254776959310737841418627580952576
67 103 -197457290889091367722114846168338833245066219254776959310737841418627580952576
103 91 166826356272500740802229603008799648994043212301683688589964399444566627844096
91 103 166826356272500740802229603008799648994043212301683688589964399444566627844096
102 24 2122952914195367901137385503764275630496750314999238892587796186485751808
24 102 2122952914195367901137385503764275630496750314999238892587796186485751808
102 48 40691650876838129776221727797259635217935202672981939684363750833212937469952
48 102 40691650876838129776221727797259635217935202672981939684363750833212937469952
102 72 1015656426106176800017667880599993960520970728334232537876554238573997893615616
72 102 1015656426106176800017667880599993960520970728334232537876554238573997893615616
102 96 1889620584646655953194396496001010522607802755420730035462150819445170887458816
96 102 1889620584646655953194396496001010522607802755420730035462150819445170887458816
101 5 9490090137050139849650953645224521416023530807780907679744
5 101 9490090137050139849650953645224521416023530807780907679744
101 29 -100695837263752940463041375516821418284937741962255621670859908091530444800
29 101 -100695837263752940463041375516821418284937741962255621670859908091530444800
101 53 -199332340588548573329479523342664795975044891680084949340667367544700710944768
53 101 -199332340588548573329479523342664795975044891680084949340667367544700710944768
101 77 60450737110766674309570191750947745690234756643348475164536288295088644161536
77 101 60450737110766674309570191750947745690234756643348475164536288295088644161536
101 101 73773078707894987222858469847381777865232944458226077316718859712183238918144
100 10 -179076647480987547054825690066601514191088734898191872937680699392
10 100 -179076647480987547054825690066601514191088734898191872937680699392
100 34 130261216174411187520969217118963719147623278044342201397406113094365609984
34 100 130261216174411187520969217118963719147623278044342201397406113094365609984
100 58 405440250363390730904417191916896579299166253654982773186548798638308206837760
58 100 405440250363390730904417191916896579299166253654982773186548798638308206837760
100 82 2494939270027379419062622239157666711584581507141404088570728321319738680541184
82 100 2494939270027379419062622239157666711584581507141404088570728321319738680541184
99 15 -1549244723918538100494067687006179644906639419415516675972922343424
15 99 -1549244723918538100494067687006179644906639419415516675972922343424
99 39 -2790766288770184793144344474505471925503803354102063976452082369304287248384
39 99 -2790766288770184793144344474505471925503803354102063976452082369304287248384
99 63 -367690588379883509191295837050271047372295302595780781609183180848389525864448
63 99 -367690588379883509191295837050271047372295302595780781609183180848389525864448
99 87 349468949079623724695099842824297419093386073646035822645900843844316812017664
87 99 349468949079623724695099842824297419093386073646035822645900843844316812017664
98 20 78124277032957892527113268549569016597506231245301332979163651542876160
20 98 78124277032957892527113268549569016597506231245301332979163651542876160
98 44 40342331376858208959997948614974583256384992645871911150726244375007628099584
44 98 40342331376858208959997948614974583256384992645871911150726244375007628099584
98 68 868637157203792626983146913726328092500544790290876733003216920108785639358464
68 98 868637157203792626983146913726328092500544790290876733003216920108785639358464
98 92 2707232626268995237204639431793509768432699799113275497657609217925126245318656
92 98 2707232626268995237204639431793509768432699799113275497657609217925126245318656
97 1 30507365228420734238961610742220980224
1 97 30507365228420734238961610742220980224
97 25 -16505078836347776987191279914753691497996307069693670080928053702617464832
25 97 -16505078836347776987191279914753691497996307069693670080928053702617464832
97 49 -148578299581343994071023294932314644568565347733978734632393403532987624062976
49 97 -148578299581343994071023294932314644568565347733978734632393403532987624062976
97 73 -28604566368001886322178896620684113561785192533505225331420898303899500281856
73 97 -28604566368001886322178896620684113561785192533505225331420898303899500281856
97 97 243947590298387022459136651314535179353235853096154074278101111233816538644480
96 6 1766338272216113283044122420346733087255127694450439038697472
6 96 1766338272216113283044122420346733087255127694450439038697472
96 30 -64863238727044215935057062701266286687697881962068586336044175035157446656
30 96 -64863238727044215935057062701266286687697881962068586336044175035157446656
96 54 322876568418130123170048049000854553821988600555737335108159026216870250283008
54 96 322876568418130123170048049000854553821988600555737335108159026216870250283008
96 78 3012683223350058795544729882789375201691844192178705547141800343210900483735552
78 96 3012683223350058795544729882789375201691844192178705547141800343210900483735552
95 11 334879982106213044307788806828250750468636609231328982321831346176
11 95 334879982106213044307788806828250750468636609231328982321831346176
95 35 243504761272610999261103431917898036007339045352392950119971452317062922240
35 95 243504761272610999261103431917898036007339045352392950119971452317062922240
95 59 -291023529762385292219456308919753416255142373712828862106374741254476092407808
59 95 -291023529762385292219456308919753416255142373712828862106374741254476092407808
95 83 375513600483288919681665346189626603730528068741097201542195360730934176382976
83 95 375513600483288919681665346189626603730528068741097201542195360730934176382976
94 16 5965575925768327732705719615846547854727881237004877047617734920110080
16 94 5965575925768327732705719615846547854727881237004877047617734920110080
94 40 15128266059966593671403375562257211812209575194137727169742141748154248200192
40 94 15128266059966593671403375562257211812209575194137727169742141748154248200192
94 64 364282775466561708791132130055622558306264706093759489546144330820248519311360
64 94 364282775466561708791132130055622558306264706093759489546144330820248519311360
94 88 3652959605292838559183180413045121070335105876584251937747243085860810369531904
88 94 3652959605292838559183180413045121070335105876584251937747243085860810369531904
93 21 -1304898646933223614374544832668166407710004264257189819857122052794220544
21 93 -1304898646933223614374544832668166407710004264257189819857122052794220544
93 45 -61597703416693947233653911588962773724037833216422000666218845451151776677888
45 93 -61597703416693947233653911588962773724037833216422000666218845451151776677888
93 69 189354354899180889569130437647079122284900701142928101380541678294795305353216
69 93 189354354899180889569130437647079122284900701142928101380541678294795305353216
93 93 476627517153063176737147014646511055571444052709009006860433398940927002673152
92 2 654160016996734593680218749186670206069002731520
2 92 654160016996734593680218749186670206069002731520
92 26 -21852729211231920734126750902549207042300482498753400500620939961191890944
26 92 -21852729211231920734126750902549207042300482498753400500620939961191890944
92 50 185799131269761274477570634078807704070464185686821514202303645214143919685632
50 92 185799131269761274477570634078807704070464185686821514202303645214143919685632
92 74 2966964776815874771488136002942873145483206562708844895993984877541328316006400
74 92 2966964776815874771488136002942873145483206562708844895993984877541328316006400
91 7 -145233057689225021061724864281574999131263958046211303981187072
7 91 -145233057689225021061724864281574999131263958046211303981187072
91 31 436006551839909069347933679403959513797565794432470153401765037283597090816
31 91 436006551839909069347933679403959513797565794432470153401765037283597090816
91 55 -224491703726585237657153244620944868647194637892255423953011283774763893260288
55 91 -224491703726585237657153244620944868647194637892255423953011283774763893260288
91 79 358677990908252116695462559750720409269725225944498396266768794299269396824064
79 91 358677990908252116695462559750720409269725225944498396266768794299269396824064
90 12 18805310900980237715995644076715931040188941023258818861624622841856
12 90 18805310900980237715995644076715931040188941023258818861624622841856
90 36 2486896405447193778779286016236575407862496808129809881711179945361172070400
36 90 2486896405447193778779286016236575407862496808129809881711179945361172070400
90 60 52593529213038352057242266639500535496650797962214139719837631688029910335488
60 90 52593529213038352057242266639500535496650797962214139719837631688029910335488
90 84 4328158773337011995620799333211553071923282011220560461353769762992327734853632
84 90 4328158773337011995620799333211553071923282011220560461353769762992327734853632
89 17 -29024255634838035494871594182280695815564214001996020398813681689821184
17 89 -29024255634838035494871594182280695815564214001996020398813681689821184
89 41 -9154481169730489296169674986673656299974087287957465185400534120312285954048
41 89 -9154481169730489296169674986673656299974087287957465185400534120312285954048
89 65 323881524668806075260502872925460096845709770212254633829027440270196093222912
65 89 323881524668806075260502872925460096845709770212254633829027440270196093222912
89 89 647138437197597002938182446388435776193050783498325236134841383528292113448960
88 22 41446573797896435786958064636486053920146914970230317480720858305527808
22 88 41446573797896435786958064636486053920146914970230317480720858305527808
88 46 45344668500076256158216712348323528895007696765572474430587364189585102864384
46 88 45344668500076256158216712348323528895007696765572474430587364189585102864384
88 70 2459559533883528802770444188360472363830812027657545897062133680178194536202240
70 88 2459559533883528802770444188360472363830812027657545897062133680178194536202240
87 3 439361234717078931638312270247704316711606107903098880
3 87 439361234717078931638312270247704316711606107903098880
87 27 108196350348625870278984815534129929469908635252222520167852559696350150656
27 87 108196350348625870278984815534129929469908635252222520167852559696350150656
87 51 -85669910700827344906697395272633069446418528406921517780174585906362987839488
51 87 -85669910700827344906697395272633069446418528406921517780174585906362987839488
87 75 618866827862809938798393267659173955193583553560442982966313008211204929224704
75 87 618866827862809938798393267659173955193583553560442982966313008211204929224704
86 8 4059794335165270621903270236525838310290871722217672621797933056
8 86 4059794335165270621903270236525838310290871722217672621797933056
86 32 755689600116782933432060186206095758577699137468793961088761036094165745664
32 86 755689600116782933432060186206095758577699137468793961088761036094165745664
86 56 -109717179068345285596708534192410350340088394575506275873513492203566157266944
56 86 -109717179068345285596708534192410350340088394575506275873513492203566157266944
86 80 4065544706208090559874328366843072995185966912169335972981713310203349571731456
80 86 4065544706208090559874328366843072995185966912169335972981713310203349571731456
85 13 -187657227059512331350031903447717843277507464263463219908664990105600
13 85 -187657227059512331350031903447717843277507464263463219908664990105600
85 37 -2488116350977139719345514803787763069314835797822729060186396238498054012928
37 85 -2488116350977139719345514803787763069314835797822729060186396238498054012928
85 61 109915756715750128309126580079599521449171658998586717205034465624070375342080
61 85 109915756715750128309126580079599521449171658998586717205034465624070375342080
85 85 1059070423410894137801969469587268188370931785132545276444786300743623605485568
84 18 37354677199136878065222006305371246249364474759996926453342213926551552
18 84 37354677199136878065222006305371246249364474759996926453342213926551552
84 42 2021230641346950082005991599101542351584144778748930045238300582783647481856
42 84 2021230641346950082005991599101542351584144778748930045238300582783647481856
84 66 2168099883068597313174344990457221752308468456363085018186823845029137596022784
66 84 2168099883068597313174344990457221752308468456363085018186823845029137596022784
83 23 14899372369041125194518324177767375428087228737599874491622459101597925376
23 83 14899372369041125194518324177767375428087228737599874491622459101597925376
83 47 16881362518457324287303162050516503616738824836331863880325107502157410598912
47 83 16881362518457324287303162050516503616738824836331863880325107502157410598912
83 71 444389707997302091261836770596637366508672874627113579691502669568949792800768
71 83 444389707997302091261836770596637366508672874627113579691502669568949792800768
82 4 303552940330252434279121677077889152053594444532130250752
4 82 303552940330252434279121677077889152053594444532130250752
82 28 83903956496654710854932936714041372480055694737222305081158759380621983744
28 82 83903956496654710854932936714041372480055694737222305081158759380621983744
82 52 -276515420789184250606105858490071605987789632919639019306428130255888007036928
52 82 -276515420789184250606105858490071605987789632919639019306428130255888007036928
82 76 3224770534991816619849762374154393677484598042721778148654138665885599098994688
76 82 3224770534991816619849762374154393677484598042721778148654138665885599098994688
81 9 -50895111166822323093781459638156975261440910435155675686136446976
9 81 -50895111166822323093781459638156975261440910435155675686136446976
81 33 -1895555149385965562461196898199932507040777527858593927460788207479651565568
33 81 -1895555149385965562461196898199932507040777527858593927460788207479651565568
81 57 263568774667945834368682051683743005669628382170290647587382360516030954995712
57 81 263568774667945834368682051683743005669628382170290647587382360516030954995712
81 81 2014250482156329191907824159231893287549253279965061986226328107853467944484864
80 14 446585462086641107637212359622244103299492082376256811902129663901696
14 80 446585462086641107637212359622244103299492082376256811902129663901696
80 38 3050841835468857103235102142701288422163333100751734674522695336673895514112
38 80 3050841835468857103235102142701288422163333100751734674522695336673895514112
80 62 1402308209075306692499010160052555331127890738218411048091923788573210572750848
62 80 1402308209075306692499010160052555331127890738218411048091923788573210572750848
79 19 347969102908511336900191310231202435765350196561285115354900698304086016
19 79 347969102908511336900191310231202435765350196561285115354900698304086016
79 43 -2588120217544074728514512161862557037710635204483109236710662591975994163200
43 79 -2588120217544074728514512161862557037710635204483109236710662591975994163200
79 67 -917017965375344440346822135046518600789824960045323374227380200299338661888
67 79 -917017965375344440346822135046518600789824960045323374227380200299338661888
78 24 -7485338575553219034702741042591898368871035739715669222003923671335305216
24 78 -7485338575553219034702741042591898368871035739715669222003923671335305216
78 48 -146348530667948577345135632111168518393095688497399462589565524257460436598784
48 78 -146348530667948577345135632111168518393095688497399462589565524257460436598784
78 72 2778954061827963261420260207173708765996141732980715272059330286394277133025280
72 78 2778954061827963261420260207173708765996141732980715272059330286394277133025280
77 5 160053578480131076824605624362130159396824325805866183819264
5 77 160053578480131076824605624362130159396824325805866183819264
77 29 -483230208003437744613034994164085742869752977957509994333387451603406028800
29 77 -483230208003437744613034994164085742869752977957509994333387451603406028800
77 53 271995728343621101822614183224644868879462139858754271641190562164206706098176
53 77 271995728343621101822614183224644868879462139858754271641190562164206706098176
77 77 2361130954962714801393597058070570391202563785241480672158528975270101550891008
76 10 1587658697912039743341763489231520320331190832951464118547636027392
10 76 1587658697912039743341763489231520320331190832951464118547636027392
76 34 -167713433381303824596250039872305677826047852960459582992894950747458764800
34 76 -167713433381303824596250039872305677826047852960459582992894950747458764800
76 58 467742630741030586424595952717528743952325496924719792408096867764116276641792
58 76 467742630741030586424595952717528743952325496924719792408096867764116276641792
75 15 4839506444490295982119697583555341832385889792397866083936870162497536
15 75 4839506444490295982119697583555341832385889792397866083936870162497536
75 39 -4796596006693785997032153794432771751884865654426862656917979739589537955840
39 75 -4796596006693785997032153794432771751884865654426862656917979739589537955840
75 63 390113296113768744006088552222130383016976720128762790487127285834111036424192
63 75 390113296113768744006088552222130383016976720128762790487127285834111036424192
74 20 -1166529268572975385911245570655108880395704318324372404529140994708340736
20 74 -1166529268572975385911245570655108880395704318324372404529140994708340736
74 44 -34398930277095138853225480000246167293662181872835744843497024107356388065280
44 74 -34398930277095138853225480000246167293662181872835744843497024107356388065280
74 68 1750252906530450486437484635386216797334024070452299970237868258908949377449984
68 74 1750252906530450486437484635386216797334024070452299970237868258908949377449984
73 1 -3138530566813103373513915280664050008064
1 73 -3138530566813103373513915280664050008064
73 25 -62915327337315351560736158874710796751031518589235355970485257894669320192
25 73 -62915327337315351560736158874710796751031518589235355970485257894669320192
73 49 44119143393245199033768158147100239895937580386773740154977202564795958558720
49 73 44119143393245199033768158147100239895937580386773740154977202564795958558720
73 73 2012087934377415123569373720950741337001697306663126085955591888656679489765376
72 6 -20225736738777616740206955142638735457531916523076878401011712
6 72 -20225736738777616740206955142638735457531916523076878401011712
72 30 23643798868774994843174230696785855428691553000577191151387888516822204416
30 72 23643798868774994843174230696785855428691553000577191151387888516822204416
72 54 358650786256788429808515623253348389594246397200577581158922517083131931000832
54 72 358650786256788429808515623253348389594246397200577581158922517083131931000832
71 11 -26239784041553880856688517848831476793237093333724570695641291816960
11 71 -26239784041553880856688517848831476793237093333724570695641291816960
71 35 -274302331317138279260141800088116983301561825125800210890587313639784448000
35 71 -274302331317138279260141800088116983301561825125800210890587313639784448000
71 59 336730412207249665509444296487383211011426374331647232750883110783211379097600
59 71 336730412207249665509444296487383211011426374331647232750883110783211379097600
70 16 -39286525316340910922335686067534642809819176278622393001411085881835520
16 70 -39286525316340910922335686067534642809819176278622393001411085881835520
70 40 -22547910605689913940908863161914176323225561479400719095346476831154913673216
40 70 -22547910605689913940908863161914176323225561479400719095346476831154913673216
70 64 651939163906837841786688710125990975543473863868703030951053762912220570714112
64 70 651939163906837841786688710125990975543473863868703030951053762912220570714112
69 21 -1626814360255397742452166328718707814701512840727831139252405224945483776
21 69 -1626814360255397742452166328718707814701512840727831139252405224945483776
69 45 29583201663964942578097055618608388862256239279465548926669329101252676550656
45 69 29583201663964942578097055618608388862256239279465548926669329101252676550656
69 69 2098117368142423426889853439601913723298140731456195249384510690004244078002176
68 2 14523446352558938593642899419428339870504492990464
2 68 14523446352558938593642899419428339870504492990464
68 26 57149115880244392609960309233335223710122567493963623746967724483042869248
26 68 57149115880244392609960309233335223710122567493963623746967724483042869248
68 50 216095303630667556128816789621100257266394709802495887014465622081202754158592
50 68 216095303630667556128816789621100257266394709802495887014465622081202754158592
67 7 519061314812597628054553294794393544375756923605646094242938880
7 67 519061314812597628054553294794393544375756923605646094242938880
67 31 -35441792402366523993377154588195657606223458613289043306402330815508774912
31 67 -35441792402366523993377154588195657606223458613289043306402330815508774912
67 55 18830035622603009503727407663117376695685079542022557444943008010421300887552
55 67 18830035622603009503727407663117376695685079542022557444943008010421300887552
66 12 160889855278360715536815287057995988259219850901433252966115737337856
12 66 160889855278360715536815287057995988259219850901433252966115737337856
66 36 -4054949252437527199681437057157343449902698895994284772022029338986407788544
36 66 -4054949252437527199681437057157343449902698895994284772022029338986407788544
66 60 531606044623677237183715575337990468816218615064047503495503511974518615703552
60 66 531606044623677237183715575337990468816218615064047503495503511974518615703552
65 17 81793073199516918112486161394234929541463851215692569931480884895023104
17 65 81793073199516918112486161394234929541463851215692569931480884895023104
65 41 15388794755882328244249915930016459825426319819985573947878306703986527305728
41 65 15388794755882328244249915930016459825426319819985573947878306703986527305728
65 65 1350272260249252887677460592698836287825456222006576200972464756520341479620608
64 22 7112875473940807539997155662914658331913077276019236716095792761307922432
22 64 7112875473940807539997155662914658331913077276019236716095792761307922432
64 46 45027615670457908612082344195135988150610417790519762094754038172974258847744
46 64 45027615670457908612082344195135988150610417790519762094754038172974258847744
63 3 -2742813854499949481817162658686655563815162089679355904
3 63 -2742813854499949481817162658686655563815162089679355904
63 27 91299428335494076435925006883479118525552200357458591389969966902034825216
27 63 91299428335494076435925006883479118525552200357458591389969966902034825216
63 51 88380375499619152250955861468034944574874940344708777152806866371274617126912
51 63 88380375499619152250955861468034944574874940344708777152806866371274617126912
62 8 3469657985364574183871226826064019031478106441833737681413079040
8 62 3469657985364574183871226826064019031478106441833737681413079040
62 32 61642752635551252966203137407030516316605225506854330910150140460697387008
32 62 61642752635551252966203137407030516316605225506854330910150140460697387008
62 56 219774551877849153668877996369441905166951345329729411886016665381610551508992
56 62 219774551877849153668877996369441905166951345329729411886016665381610551508992
61 13 -481560506640346792155722021952258877462193663224948937254622239653888
13 61 -481560506640346792155722021952258877462193663224948937254622239653888
61 37 1461427582139468112822975061792284465232231572700354893900621650259001475072
37 61 1461427582139468112822975061792284465232231572700354893900621650259001475072
61 61 469114159692187526728195208662556371617800855927577059846295281726651661025280
60 18 87182989503267558630214886514493044702290357531958119734445356594757632
18 60 87182989503267558630214886514493044702290357531958119734445356594757632
60 42 28937392158314228554870341337786140147472766867649864809891307987232547143680
42 60 28937392158314228554870341337786140147472766867649864809891307987232547143680
59 23 -2679576625277575270630343391431550255469711479147632967729914787601055744
23 59 -2679576625277575270630343391431550255469711479147632967729914787601055744
59 47 26205319758514278340403062841470418186659423024803859213833469492251668250624
47 59 26205319758514278340403062841470418186659423024803859213833469492251668250624
58 4 5062207425922928505410074516868412258193822053191542374400
4 58 5062207425922928505410074516868412258193822053191542374400
58 28 30023223771673342470269579844027666538046537739567703030282048537278545920
28 58 30023223771673342470269579844027666538046537739567703030282048537278545920
58 52 49820880682783783068638025079505493889573974367983500486828015185487846178816
52 58 49820880682783783068638025079505493889573974367983500486828015185487846178816
57 9 -182652929853951620032917830332923010595505168695891341246537400320
9 57 -182652929853951620032917830332923010595505168695891341246537400320
57 33 1375551278684139694460741473903466410790912730007321820297646378877026566144
33 57 1375551278684139694460741473903466410790912730007321820297646378877026566144
57 57 261850285969618855204312926697147588041473832735179094216263192389822076420096
56 14 1691105171813535745910432840187535385875104794543402532266748223160320
14 56 1691105171813535745910432840187535385875104794543402532266748223160320
56 38 4434280439070621986049930069230540434527169735842173316908818601296974053376
38 56 4434280439070621986049930069230540434527169735842173316908818601296974053376
55 19 -484588756176347799866702195514385609664887784424180850029396683632148480
19 55 -484588756176347799866702195514385609664887784424180850029396683632148480
55 43 3040965641066899382861241962832766240379169222972696003917893190932410400768
43 55 3040965641066899382861241962832766240379169222972696003917893190932410400768
54 24 -5488597045669344357641680335820348762523275523134577530178042353147707392
24 54 -5488597045669344357641680335820348762523275523134577530178042353147707392
54 48 40970760125750998678520937963701137399315786179556413309882028178147452649472
48 54 40970760125750998678520937963701137399315786179556413309882028178147452649472
53 5 -870546657244261296014842436494194374444086741368216913707008
5 53 -870546657244261296014842436494194374444086741368216913707008
53 29 7098905886801585889266304298268548545310855365075924359546379093525135360
29 53 7098905886801585889266304298268548545310855365075924359546379093525135360
53 53 70412486502799289713087261860175451757107023089963101820838867469291428511744
52 10 1838836275596165970707766358484761849884681667511231696302185119744
10 52 1838836275596165970707766358484761849884681667511231696302185119744
52 34 1165911139714964665968283024191672189207366583405291344742122384134821117952
34 52 1165911139714964665968283024191672189207366583405291344742122384134821117952
51 15 -6277160222245647646262092780099144795375843337293042286470041182404608
15 51 -6277160222245647646262092780099144795375843337293042286470041182404608
51 39 5517885874627937488979216434972279503730935517418625696371718767643285520384
39 51 5517885874627937488979216434972279503730935517418625696371718767643285520384
50 20 586129047257188096824928155301494053659884302329335033081542773756133376
20 50 586129047257188096824928155301494053659884302329335033081542773756133376
50 44 -3977179110207745956316536547120697933790331473363334725280630690994353864704
44 50 -3977179110207745956316536547120697933790331473363334725280630690994353864704
49 1 191616190960370332574321210581773352697856
1 49 191616190960370332574321210581773352697856
49 25 1037351924344373527132236328261519796671183864754926900642788032309624832
25 49 1037351924344373527132236328261519796671183864754926900642788032309624832
49 49 19880682067312329874810053079224199795200457106093390721671689830125776404480
48 6 37916540174767695961244621859766124385991560406566277279121408
6 48 37916540174767695961244621859766124385991560406566277279121408
48 30 -12772365342488321427409494773962840151360222765050142283047711753344385024
30 48 -12772365342488321427409494773962840151360222765050142283047711753344385024
47 11 -7489311003279253044434458751353577284250155340936281339755082285056
11 47 -7489311003279253044434458751353577284250155340936281339755082285056
47 35 -386460254654333706815641708540345905214136550660529663387187926814037114880
35 47 -386460254654333706815641708540345905214136550660529663387187926814037114880
46 16 10197700673655527141301495089155357959575342023578078405043999880511488
16 46 10197700673655527141301495089155357959575342023578078405043999880511488
46 40 3071687603704276473576267112693635317459124702746148878854328166620258631680
40 46 3071687603704276473576267112693635317459124702746148878854328166620258631680
45 21 -268144402425628561271996471410021053960153062559682417163753866995433472
21 45 -268144402425628561271996471410021053960153062559682417163753866995433472
45 45 -1144390528039415277768502436137240316935853919755796778527346175348727349248
44 2 71318792180056372118607997457192999490328125767680
2 44 71318792180056372118607997457192999490328125767680
44 26 2108617286638403579725442160577837164435055897578236279611715266250014720
26 44 2108617286638403579725442160577837164435055897578236279611715266250014720
43 7 -547570670157332345275716556519467072757737700288395256908480512
7 43 -547570670157332345275716556519467072757737700288395256908480512
43 31 49541632742111651573802500350915768468638815522965411050511465725959340032
31 43 49541632742111651573802500350915768468638815522965411050511465725959340032
42 12 14583647348700696661172996136728942072665823767324076966316003557376
12 42 14583647348700696661172996136728942072665823767324076966316003557376
42 36 -664210427413962852763567583284050175154521973239106145571430965840499965952
36 42 -664210427413962852763567583284050175154521973239106145571430965840499965952
41 17 -5413072415709247814650831977890182679290899672685814791089138096406528
17 41 -5413072415709247814650831977890182679290899672685814791089138096406528
41 41 740242022678754071352085035773057654366857534207491679096821490014639620096
40 22 -47965937643252934655355763289867168849461107781322573306734709816950784
22 40 -47965937643252934655355763289867168849461107781322573306734709816950784
39 3 1624980403224691648866143554272500882782650637123321856
3 39 1624980403224691648866143554272500882782650637123321856
39 27 -4402941576806231655180513296521130642668043517886225565079786724433854464
27 39 -4402941576806231655180513296521130642668043517886225565079786724433854464
38 8 3883158488035523521667781413618223991941504680165420959315001344
8 38 3883158488035523521667781413618223991941504680165420959315001344
38 32 37853518927443472095200904099620563230277950275372700158201518883168321536
32 38 37853518927443472095200904099620563230277950275372700158201518883168321536
37 13 -8556353318884573723025777479326347885560924895163109503306102210560
13 37 -8556353318884573723025777479326347885560924895163109503306102210560
37 37 -357565085533024482996284590990781211130230105807361857378485402003631505408
36 18 1839184440440547366636586794122773041939685795418451664474854599426048
18 36 1839184440440547366636586794122773041939685795418451664474854599426048
35 23 230235419009957404449109286458742503650077760760533816172581346384805888
23 35 230235419009957404449109286458742503650077760760533816172581346384805888
34 4 680440165465093686599066484024723363577780899308353093632
4 34 680440165465093686599066484024723363577780899308353093632
34 28 -978457493300297587282485373568222304529988268446410107551924635452833792
28 34 -978457493300297587282485373568222304529988268446410107551924635452833792
33 9 -12289396267129888504793625211243160847905537065027216394948706304
9 33 -12289396267129888504793625211243160847905537065027216394948706304
33 33 32204629741626270613135408465034748485887084992540161919188630614875045888
32 14 -5730698563101365844909954906534198505781428303568362165819662139392
14 32 -5730698563101365844909954906534198505781428303568362165819662139392
31 19 -1739085918141514941529120038594406580097579445470187714952909790642176
19 31 -1739085918141514941529120038594406580097579445470187714952909790642176
30 24 -33734580795871033502423574083741048725580921362718371307647745916928
24 30 -33734580795871033502423574083741048725580921362718371307647745916928
29 5 28347740394296465001834565097724859505777901177688136089600
5 29 28347740394296465001834565097724859505777901177688136089600
29 29 -1295275681762198415617919629889113916695880951301475100875009926518276096
28 10 17639959870378164748294321380889889375212124867839711619445686272
10 28 17639959870378164748294321380889889375212124867839711619445686272
27 15 7661997276836005850083945241020229935328664840518560564649761177600
15 27 7661997276836005850083945241020229935328664840518560564649761177600
26 20 311739253180705399668019772526060978434655459865792441769079578034176
20 26 311739253180705399668019772526060978434655459865792441769079578034176
25 1 -6380974944501438066865200638560517501222912
1 25 -6380974944501438066865200638560517501222912
25 25 17273826882880816813891647639037347280014269445347789581306403947020288
24 6 189937209092309813066943041211389520597861231106888220803072
6 24 189937209092309813066943041211389520597861231106888220803072
23 11 -10896139446479119831163197194444749465526670596841953958916259840
11 23 -10896139446479119831163197194444749465526670596841953958916259840
22 16 -1511806399060645398824062883852651852468654293730795416434614730752
16 22 -1511806399060645398824062883852651852468654293730795416434614730752
21 21 -72508103707044673615191699506102609347326455677338876053412525375488
20 2 28943617394162740962007468341261976786217035890688
2 20 28943617394162740962007468341261976786217035890688
19 7 224861024300827716137959207735011892041879618085809635196928
7 19 224861024300827716137959207735011892041879618085809635196928
18 12 1833084293619853668144657939426710651022317384431932907794202624
12 18 1833084293619853668144657939426710651022317384431932907794202624
17 17 109807041864653628017975039097390161980181078179033144567219093504
15 3 -5673449481882744365343924166303831028607194950008832
3 15 -5673449481882744365343924166303831028607194950008832
14 8 37407908437503328430121944079543216537788986032712316878848
8 14 37407908437503328430121944079543216537788986032712316878848
13 13 -48404609921195172008091439442799650426917700405173982404280320
10 4 15207290589222512995006569529768546421968872836956160
4 10 15207290589222512995006569529768546421968872836956160
9 9 421212396604992204063032594111890302205935948774133202944
5 5 -421187634871118410168948855666126149631440488235008
1 1 89202980794122492566142873090593446023921664
