# Weber-f modular polynomial Phi_283^f(X,Y); r=q^(1/48).
284 0 1
0 284 1
283 19 1104007904
19 283 1104007904
283 43 -129897367617
43 283 -129897367617
283 67 575482275542
67 283 575482275542
283 91 -505880800761
91 283 -505880800761
283 115 157555548804
115 283 157555548804
283 139 -22817046781
139 283 -22817046781
283 163 1772903874
163 283 1772903874
283 187 -79659406
187 283 -79659406
283 211 2130141
211 283 2130141
283 235 -33394
235 283 -33394
283 259 283
259 283 283
283 283 -1
282 14 1559537116380
14 282 1559537116380
282 38 274155478558604176
38 282 274155478558604176
282 62 53422806680539835511
62 282 53422806680539835511
282 86 571820090467282376210
86 282 571820090467282376210
282 110 912171267789259825164
110 282 912171267789259825164
282 134 341424702700582492522
134 282 341424702700582492522
282 158 37316270921154377397
158 282 37316270921154377397
282 182 1295866532622386735
182 282 1295866532622386735
282 206 13908570773402788
206 282 13908570773402788
282 230 38482120455109
230 282 38482120455109
282 254 15775205608
254 282 15775205608
282 278 54336
278 282 54336
281 9 5005001080355
9 281 5005001080355
281 33 -1627450986788480966689
33 281 -1627450986788480966689
281 57 9936153022489665264738813
57 281 9936153022489665264738813
281 81 -636155785973778231887599763
81 281 -636155785973778231887599763
281 105 2376778240802413392314582552
105 281 2376778240802413392314582552
281 129 -1034580296945442996684425829
129 281 -1034580296945442996684425829
281 153 80695415002432256356959728
153 281 80695415002432256356959728
281 177 -1689680595431263997434850
177 281 -1689680595431263997434850
281 201 11023013403837387080146
201 281 11023013403837387080146
281 225 -15028320120397552156
225 281 -15028320120397552156
281 249 1628860216533942
249 281 1628860216533942
281 273 -1103311158
273 281 -1103311158
280 4 24283109320
4 280 24283109320
280 28 330183151172104704222058
28 280 330183151172104704222058
280 52 53894101547898921267620772525
52 280 53894101547898921267620772525
280 76 14337956064048140989193590060587
76 280 14337956064048140989193590060587
280 100 62793614952343166230347816885288
100 280 62793614952343166230347816885288
280 124 7417146257952922389740712002433
124 280 7417146257952922389740712002433
280 148 -183811682078244126840039969876
148 280 -183811682078244126840039969876
280 172 367142699449867863520228556
172 280 367142699449867863520228556
280 196 2939643589408984014480175
196 280 2939643589408984014480175
280 220 102394355340107116266948
220 280 102394355340107116266948
280 244 19211548457357073380
244 280 19211548457357073380
280 268 10341660861486
268 280 10341660861486
279 23 -4077852660898429906235404
23 279 -4077852660898429906235404
279 47 26958219805135072882651891044043
47 279 26958219805135072882651891044043
279 71 -25881215453109267112450142366258755
71 279 -25881215453109267112450142366258755
279 95 76486448479096502073623197339931514
95 279 76486448479096502073623197339931514
279 119 -3946408664066651028815762826288208
119 279 -3946408664066651028815762826288208
279 143 -72263072832744244000173789687955
143 279 -72263072832744244000173789687955
279 167 143178685080076186804319112950
167 279 143178685080076186804319112950
279 191 18563375172931566334908248617
191 279 18563375172931566334908248617
279 215 5593205159399710611411090
215 279 5593205159399710611411090
279 239 37768115546058589290491
239 279 37768115546058589290491
279 263 -44658335625296765
263 279 -44658335625296765
278 18 3625823774342335793692278
18 278 3625823774342335793692278
278 42 2122105460098897929778051679049378
42 278 2122105460098897929778051679049378
278 66 8085746696048119681788410741183975815
66 278 8085746696048119681788410741183975815
278 90 8726942814348094904235089341995674188
90 278 8726942814348094904235089341995674188
278 114 -1309390567807559897541327170738151572
114 278 -1309390567807559897541327170738151572
278 138 32946714835239046213290722702165031
138 278 32946714835239046213290722702165031
278 162 612621373467534657732651628120587
162 278 612621373467534657732651628120587
278 186 -1819823744471816798682602436792
186 278 -1819823744471816798682602436792
278 210 3046433150842871701144638795
210 278 3046433150842871701144638795
278 234 16066984082166833321172707
234 278 16066984082166833321172707
278 258 76668043203104903241
258 278 76668043203104903241
277 13 -161753024487143463502504
13 277 -161753024487143463502504
277 37 34168540153513296266060932226095262
37 277 34168540153513296266060932226095262
277 61 -699603051374974911988632589081819684762
61 277 -699603051374974911988632589081819684762
277 85 121622474870227981073224762627717180497
85 277 121622474870227981073224762627717180497
277 109 -94856489067318727645245969780347693755
109 277 -94856489067318727645245969780347693755
277 133 6769209188279930867735015200814970048
133 277 6769209188279930867735015200814970048
277 157 -100252195701692690704450749248033233
157 277 -100252195701692690704450749248033233
277 181 -412545770262174066611219559456164
181 277 -412545770262174066611219559456164
277 205 127677758239317168370185552745
205 277 127677758239317168370185552745
277 229 3641520778812569077958118183
229 277 3641520778812569077958118183
277 253 -32497849966026610980776
253 277 -32497849966026610980776
277 277 198741240361
276 8 151972234712128677660
8 276 151972234712128677660
276 32 123774990257909719913295840404904736
32 276 123774990257909719913295840404904736
276 56 22106126834722385534341563050729057506288
56 276 22106126834722385534341563050729057506288
276 80 14699729760871705852726564688487457212467
80 276 14699729760871705852726564688487457212467
276 104 876666168881342993801351155451814047960
104 276 876666168881342993801351155451814047960
276 128 535697607575348285558010292002029825585
128 276 535697607575348285558010292002029825585
276 152 -11611613884421345245856014741129376286
152 276 -11611613884421345245856014741129376286
276 176 101957399211737757348749467098904257
176 276 101957399211737757348749467098904257
276 200 -233769185322364339173357293561769
200 276 -233769185322364339173357293561769
276 224 563450003023252879683408185959
224 276 563450003023252879683408185959
276 248 -3869639198966286454856991
248 276 -3869639198966286454856991
276 272 12367247921423386
272 276 12367247921423386
275 3 -40040008642840
3 275 -40040008642840
275 27 96932582178953355207371432382252130
27 275 96932582178953355207371432382252130
275 51 -296824715254303075029866501478594474929869
51 275 -296824715254303075029866501478594474929869
275 75 -510477470533901435962680597943152105979467
75 275 -510477470533901435962680597943152105979467
275 99 3578310744008272934239807996353942540575
99 275 3578310744008272934239807996353942540575
275 123 10356643360386435975650816155356869377510
123 275 10356643360386435975650816155356869377510
275 147 -787366206108457252348702546783671539829
147 275 -787366206108457252348702546783671539829
275 171 11679336975841859038571241758878752140
171 275 11679336975841859038571241758878752140
275 195 -51516450809658471658019884050126437
195 275 -51516450809658471658019884050126437
275 219 60474227764773502844243411791010
219 275 60474227764773502844243411791010
275 243 -797686873446388791761387300
243 275 -797686873446388791761387300
275 267 100658782331497100230
267 275 100658782331497100230
274 22 13589013575649165867050685297515420
22 274 13589013575649165867050685297515420
274 46 1814420494846814391609349476447699129279108
46 274 1814420494846814391609349476447699129279108
274 70 11926429677465671542613041394588697899710535
70 274 11926429677465671542613041394588697899710535
274 94 3266423751146611797554183982664919709522602
94 274 3266423751146611797554183982664919709522602
274 118 394491045957898720456284899831698411674717
118 274 394491045957898720456284899831698411674717
274 142 -26312305286803021671710165756861805824815
142 274 -26312305286803021671710165756861805824815
274 166 520905375143076918007319361151118169650
166 274 520905375143076918007319361151118169650
274 190 -3451452041684552127141337726095565700
190 274 -3451452041684552127141337726095565700
274 214 4952964989538629261055802623364165
214 274 4952964989538629261055802623364165
274 238 35091748148725346034047633367
238 274 35091748148725346034047633367
274 262 140566466821880307903008
262 274 140566466821880307903008
273 17 227718600183209277421067392148788
17 273 227718600183209277421067392148788
273 41 -5077467520440149664957434549027995035935380
41 273 -5077467520440149664957434549027995035935380
273 65 -108731909906694973745413552280449092368423599
65 273 -108731909906694973745413552280449092368423599
273 89 -56624021205926461972837614294597833225056326
89 273 -56624021205926461972837614294597833225056326
273 113 8687026166768775849595732312242767218475809
113 273 8687026166768775849595732312242767218475809
273 137 -461302169360358530256160131397286551454596
137 273 -461302169360358530256160131397286551454596
273 161 10883088804380490529614699794163724497211
161 273 10883088804380490529614699794163724497211
273 185 -103748567549231809555505065863608722591
185 273 -103748567549231809555505065863608722591
273 209 247251052538009597103662164012312136
209 273 247251052538009597103662164012312136
273 233 10989231292450557024480126502966
233 273 10989231292450557024480126502966
273 257 48627718970003380695083135
257 273 48627718970003380695083135
272 12 204447706996537645786305526637
12 272 204447706996537645786305526637
272 36 6157186521433948827379788749755978054220291
36 272 6157186521433948827379788749755978054220291
272 60 383975519125847092048624921668034267590734052
60 272 383975519125847092048624921668034267590734052
272 84 1556892027850209460300320678183199214877901527
84 272 1556892027850209460300320678183199214877901527
272 108 98169410226352169869774154521002672938048897
108 272 98169410226352169869774154521002672938048897
272 132 -4050714448217007014527003118399024337788649
132 272 -4050714448217007014527003118399024337788649
272 156 76208709072266599559704239104257918662529
156 272 76208709072266599559704239104257918662529
272 180 -1398065932609365130332202389417641209854
180 272 -1398065932609365130332202389417641209854
272 204 8169875351124077584112404946564749161
204 272 8169875351124077584112404946564749161
272 228 1733761275975594936923260407726391
228 272 1733761275975594936923260407726391
272 252 10310530302718591316373501106
252 272 10310530302718591316373501106
271 7 1294024195897147708020032
7 271 1294024195897147708020032
271 31 -2834465502895431546059021539921375029122876
31 271 -2834465502895431546059021539921375029122876
271 55 736388815157165680962630812967012782402816371
55 271 736388815157165680962630812967012782402816371
271 79 -16697986260104724730229613557583915406143055649
79 271 -16697986260104724730229613557583915406143055649
271 103 1715084918611801297208091728372693934656427057
103 271 1715084918611801297208091728372693934656427057
271 127 -14428512368558492536562003329163869870672842
127 271 -14428512368558492536562003329163869870672842
271 151 -561449297609459402895776009776683647441188
151 271 -561449297609459402895776009776683647441188
271 175 -7537802360733328654747054557308261698721
175 271 -7537802360733328654747054557308261698721
271 199 207713345622325302450705931483082092622
199 271 207713345622325302450705931483082092622
271 223 122802611026307737910710635496588682
223 271 122802611026307737910710635496588682
271 247 1455842185443704523479220263770
247 271 1455842185443704523479220263770
271 271 -771171477314420692051
270 2 99810375448320
2 270 99810375448320
270 26 386774117599663528549126237995317342953980
26 270 386774117599663528549126237995317342953980
270 50 -6407131824813832440705097177232710654717481120
50 270 -6407131824813832440705097177232710654717481120
270 74 140782202160876165120318977966980179007890690567
74 270 140782202160876165120318977966980179007890690567
270 98 13729479453920483058321180533436738891830849515
98 270 13729479453920483058321180533436738891830849515
270 122 20402355891798548411287704432472060181727289
122 270 20402355891798548411287704432472060181727289
270 146 -8259634583311583340865194456429966884581911
146 270 -8259634583311583340865194456429966884581911
270 170 -125953692967461194019808752717986644037042
170 270 -125953692967461194019808752717986644037042
270 194 4039983325663043236288355063654579647409
194 270 4039983325663043236288355063654579647409
270 218 5470615674772314182154319374654344673
218 270 5470615674772314182154319374654344673
270 242 150284167312917960815317286025270
242 270 150284167312917960815317286025270
270 266 1297678975923977272398212
266 270 1297678975923977272398212
269 21 -10235365689603445749352882748834510649100
21 269 -10235365689603445749352882748834510649100
269 45 15645531655626239820661796965855788663336204959
45 269 15645531655626239820661796965855788663336204959
269 69 -672098671559941291441368900756166219805294006570
69 269 -672098671559941291441368900756166219805294006570
269 93 77060297418414153094031697574299061027532446665
93 269 77060297418414153094031697574299061027532446665
269 117 6416967680045198189268465336665914768261612493
117 269 6416967680045198189268465336665914768261612493
269 141 -17391057829026799664732036643456316652776157
141 269 -17391057829026799664732036643456316652776157
269 165 -3880667656829811262211250663727729498528257
165 269 -3880667656829811262211250663727729498528257
269 189 44377711956154185814863406395496276290167
189 269 44377711956154185814863406395496276290167
269 213 155920288581233133225029825490453941311
213 269 155920288581233133225029825490453941311
269 237 11399112162765020359142937768502785
237 269 11399112162765020359142937768502785
269 261 391999522822469329036102827
261 269 391999522822469329036102827
268 16 26041113588273848986385088246064006958
16 268 26041113588273848986385088246064006958
268 40 -9692050630301426070268350288324039301194663326
40 268 -9692050630301426070268350288324039301194663326
268 64 2972078962715752283597598174910954435834477472314
64 268 2972078962715752283597598174910954435834477472314
268 88 704496714303691890222495357455810433635115782882
88 268 704496714303691890222495357455810433635115782882
268 112 76141230369371647195731576408359358927534459975
112 268 76141230369371647195731576408359358927534459975
268 136 1175673253919039567222405185139873802723706536
136 268 1175673253919039567222405185139873802723706536
268 160 -59557242051999563916728612190806005822102557
160 268 -59557242051999563916728612190806005822102557
268 184 -9790693971488687270884584345171048573435
184 268 -9790693971488687270884584345171048573435
268 208 2596248821536589080287675062304629322650
208 268 2596248821536589080287675062304629322650
268 232 528040072322803660647193098124536328
232 268 528040072322803660647193098124536328
268 256 117890697309557304682817572168
256 268 117890697309557304682817572168
267 11 -1821748801465674219368539137190304
11 267 -1821748801465674219368539137190304
267 35 11960891965446719760811429875686974398805109120
35 267 11960891965446719760811429875686974398805109120
267 59 -6422487147987214733837160386825514199277138568035
59 267 -6422487147987214733837160386825514199277138568035
267 83 7336046056554365811913164137077847660268076233074
83 267 7336046056554365811913164137077847660268076233074
267 107 195457832783662579930158416177617913553331794497
107 267 195457832783662579930158416177617913553331794497
267 131 39335366993105273329743844103851122330871101220
131 267 39335366993105273329743844103851122330871101220
267 155 -656449115212848000564587174544002324057495173
155 267 -656449115212848000564587174544002324057495173
267 179 -7849296518011661476232493173577891204421997
179 267 -7849296518011661476232493173577891204421997
267 203 19729385037809825873937466378143498473774
203 267 19729385037809825873937466378143498473774
267 227 17150949491191475178328217204976862157
227 267 17150949491191475178328217204976862157
267 251 10151953239796151329695219697213
251 267 10151953239796151329695219697213
266 6 232052721557909490796305792
6 266 232052721557909490796305792
266 30 8747363625874212321130554952971283331632608874
30 266 8747363625874212321130554952971283331632608874
266 54 12476180668963047976117387952834255714745008241638
54 266 12476180668963047976117387952834255714745008241638
266 78 -5197713350249288159911498349419002701366057751969
78 266 -5197713350249288159911498349419002701366057751969
266 102 5038992682718054942973633559990806057884199246605
102 266 5038992682718054942973633559990806057884199246605
266 126 367896998576267771673324561870352973114900440929
126 266 367896998576267771673324561870352973114900440929
266 150 -1942916616857286315415591293711508980127588937
150 266 -1942916616857286315415591293711508980127588937
266 174 -136797477061403990028061577059154246217036751
174 266 -136797477061403990028061577059154246217036751
266 198 -64221198824577749220033797645674848430083
198 266 -64221198824577749220033797645674848430083
266 222 445872105557231573874035718774432491376
222 266 445872105557231573874035718774432491376
266 246 -911321672890405492019633283889023
246 266 -911321672890405492019633283889023
265 1 -565252046848
1 265 -565252046848
265 25 2609308591252964205961142002124377791691722578
25 265 2609308591252964205961142002124377791691722578
265 49 -4478103803100832067193395859976077714070105969670
49 265 -4478103803100832067193395859976077714070105969670
265 73 214413244809823929996727508812392880377211884866584
73 265 214413244809823929996727508812392880377211884866584
265 97 28627959396304426942668546436616569797190845982179
97 265 28627959396304426942668546436616569797190845982179
265 121 2962721791633299767519231443226169995300236186942
121 265 2962721791633299767519231443226169995300236186942
265 145 32599279724021594719030813018148860793925647613
145 265 32599279724021594719030813018148860793925647613
265 169 -1137158340736567063596235329597660351581232453
169 265 -1137158340736567063596235329597660351581232453
265 193 -4064269866527763204417177808045009255726285
193 265 -4064269866527763204417177808045009255726285
265 217 8820293260185332142661571244332505320722
217 265 8820293260185332142661571244332505320722
265 241 -198546857927574937504938487199472485
241 265 -198546857927574937504938487199472485
265 265 527057668911624505889018884
264 20 70058684953593121739554050705081766853039428
20 264 70058684953593121739554050705081766853039428
264 44 13425409975767833092574513367524878656611164552890
44 264 13425409975767833092574513367524878656611164552890
264 68 145512161930224378827907535313643550371954429632101
68 264 145512161930224378827907535313643550371954429632101
264 92 188130158854096403412469660353516219139644402285913
92 264 188130158854096403412469660353516219139644402285913
264 116 17759045516798283990232182254832028577575792625385
116 264 17759045516798283990232182254832028577575792625385
264 140 587256663281760614623717036980054000928204026286
140 264 587256663281760614623717036980054000928204026286
264 164 -2251639675762394100659102430939972153507599400
164 264 -2251639675762394100659102430939972153507599400
264 188 -60428843631472512256347111110055814482769081
188 264 -60428843631472512256347111110055814482769081
264 212 103537124340028320063868983566094614571312
212 264 103537124340028320063868983566094614571312
264 236 -9461640211872278532221052896379210975
236 264 -9461640211872278532221052896379210975
264 260 737013578353959112594618156788
260 264 737013578353959112594618156788
263 15 81882925516827565994823061990676085192800
15 263 81882925516827565994823061990676085192800
263 39 -776251120027858745488681443603936032882518965932
39 263 -776251120027858745488681443603936032882518965932
263 63 1376508610896641996365157995606734991013424991093882
63 263 1376508610896641996365157995606734991013424991093882
263 87 288341175012564269889070341862993589815724662555906
87 263 288341175012564269889070341862993589815724662555906
263 111 155351825571354474341002926787839107828672928073558
111 263 155351825571354474341002926787839107828672928073558
263 135 4224871598005589898765906832445862650973462075005
135 263 4224871598005589898765906832445862650973462075005
263 159 69488981084023669618870639567979460416904883245
159 263 69488981084023669618870639567979460416904883245
263 183 -413951625028555083087580285587086057515243712
183 263 -413951625028555083087580285587086057515243712
263 207 321794758422051321853745815031285209060671
207 263 321794758422051321853745815031285209060671
263 231 -143524438467044885115961728155791103554
231 263 -143524438467044885115961728155791103554
263 255 -6964879817430773603477950875316
255 263 -6964879817430773603477950875316
262 10 869696868841546615491243859040986880
10 262 869696868841546615491243859040986880
262 34 -11109335120913985846855363928300494970736965775080
34 262 -11109335120913985846855363928300494970736965775080
262 58 3179370384276308958310476364054951599381739478699040
58 262 3179370384276308958310476364054951599381739478699040
262 82 6279258055827836670689057566434812810063542909725275
82 262 6279258055827836670689057566434812810063542909725275
262 106 639639230043893316736406422990653491398116876332773
106 262 639639230043893316736406422990653491398116876332773
262 130 35421381430172006777504557245042698702217983999927
130 262 35421381430172006777504557245042698702217983999927
262 154 974751195288265500884496475285988349405702014591
154 262 974751195288265500884496475285988349405702014591
262 178 -195760340984727863108187329063569860836017429
178 262 -195760340984727863108187329063569860836017429
262 202 -8763498043053664689943076988716400842142317
202 262 -8763498043053664689943076988716400842142317
262 226 1889982159999778905280764305772213720874
226 262 1889982159999778905280764305772213720874
262 250 -11633984701383088836077160077701551
250 262 -11633984701383088836077160077701551
261 5 2087860562379996111992526848
5 261 2087860562379996111992526848
261 29 -3954856202694680776929067370769696155182660495752
29 261 -3954856202694680776929067370769696155182660495752
261 53 6972322693128231959297263557737406306363253978736438
53 261 6972322693128231959297263557737406306363253978736438
261 77 13236912658975252961195904002105169231751896021617782
77 261 13236912658975252961195904002105169231751896021617782
261 101 3194995984986925022372459564326684056561488442673332
101 261 3194995984986925022372459564326684056561488442673332
261 125 202696444266218740285693968065108933848226242958170
125 261 202696444266218740285693968065108933848226242958170
261 149 8713738309722417932312814705752051802395851409571
149 261 8713738309722417932312814705752051802395851409571
261 173 30891191364453966482794771282431074433323280989
173 261 30891191364453966482794771282431074433323280989
261 197 -177333036673729213998704438343388795629353936
197 261 -177333036673729213998704438343388795629353936
261 221 90519307135380933381032436599318320310273
221 261 90519307135380933381032436599318320310273
261 245 -60768700109437667528766223370188887
245 261 -60768700109437667528766223370188887
260 24 -10138751402067177691936708611455218189184299418
24 260 -10138751402067177691936708611455218189184299418
260 48 9149340850480091637944407787410259230345200475549947
48 260 9149340850480091637944407787410259230345200475549947
260 72 52565471775334570336539890897117023434021268692689367
72 260 52565471775334570336539890897117023434021268692689367
260 96 10610057377499302302548561856157319466172580916115937
96 260 10610057377499302302548561856157319466172580916115937
260 120 939738247041481090389375261145504297746289807562185
120 260 939738247041481090389375261145504297746289807562185
260 144 51435581998681209449560959452080341187962505476088
144 260 51435581998681209449560959452080341187962505476088
260 168 489327546326103980756055451157298232352092820208
168 260 489327546326103980756055451157298232352092820208
260 192 -1473178390385522993942662385977579015935841296
192 260 -1473178390385522993942662385977579015935841296
260 216 1103168374003118951233543260723330935647556
216 260 1103168374003118951233543260723330935647556
260 240 29146587597440350891207715332172346578
240 260 29146587597440350891207715332172346578
259 19 -20874468730023713647689136016995022333533780624
19 259 -20874468730023713647689136016995022333533780624
259 43 4727026930558339750633221362376153296076494964884500
43 259 4727026930558339750633221362376153296076494964884500
259 67 192560948530822378253253050759164779091643691240092874
67 259 192560948530822378253253050759164779091643691240092874
259 91 95065575781036614699099623095913299153480615042339182
91 259 95065575781036614699099623095913299153480615042339182
259 115 995082550485937972797836314084159137806643354723427
115 259 995082550485937972797836314084159137806643354723427
259 139 224816505745409231031716078807802329154396901316569
139 259 224816505745409231031716078807802329154396901316569
259 163 4001199296502458529274604656728928105416088311648
163 259 4001199296502458529274604656728928105416088311648
259 187 -1229185820282428429955107992122698836801367330
187 259 -1229185820282428429955107992122698836801367330
259 211 6082994881887239277728800300249385138105793
211 259 6082994881887239277728800300249385138105793
259 235 1522018948680718123228535951634282025342
235 259 1522018948680718123228535951634282025342
259 259 -32456862251009393844761233226119
258 14 24753543526378465827144079231700309949054720
14 258 24753543526378465827144079231700309949054720
258 38 6158333511525159487460475385086487669236712244380788
38 258 6158333511525159487460475385086487669236712244380788
258 62 423007841982127099781029543663236657590888744039105180
62 258 423007841982127099781029543663236657590888744039105180
258 86 303563814119021956352314266412879170232290647648569579
86 258 303563814119021956352314266412879170232290647648569579
258 110 5301661218584629182506210368657234739562371883405351
110 258 5301661218584629182506210368657234739562371883405351
258 134 114272454494101378938589002625595897772168765703395
134 258 114272454494101378938589002625595897772168765703395
258 158 23331428536408874778085854182910349903248691017095
158 258 23331428536408874778085854182910349903248691017095
258 182 117218250500602721674285526454933780049825858413
182 258 117218250500602721674285526454933780049825858413
258 206 13110242943690258847075132916028124456477030
206 258 13110242943690258847075132916028124456477030
258 230 28441969801141375757534737877159976341910
230 258 28441969801141375757534737877159976341910
258 254 21473195909508478082880663383213065
254 258 21473195909508478082880663383213065
257 9 -49629482075624117866174173379713090560
9 257 -49629482075624117866174173379713090560
257 33 1918001201924913640942964618547263452262899589001166
33 257 1918001201924913640942964618547263452262899589001166
257 57 640035113324193851639370943372574599090066719161419539
57 257 640035113324193851639370943372574599090066719161419539
257 81 1106739249870751132754743935804803003163278227926133027
81 257 1106739249870751132754743935804803003163278227926133027
257 105 30285734656823478056947148885298671190337697497343714
105 257 30285734656823478056947148885298671190337697497343714
257 129 -5078425927843402767932400692011608571009014863186944
129 257 -5078425927843402767932400692011608571009014863186944
257 153 74587125226332404161114410576685211894548097698228
153 257 74587125226332404161114410576685211894548097698228
257 177 1636924854395677310291657982359647829619563923018
177 257 1636924854395677310291657982359647829619563923018
257 201 -167315267484110748494754730494990737304087727
201 257 -167315267484110748494754730494990737304087727
257 225 27482203353178494103678640123465018811707
225 257 27482203353178494103678640123465018811707
257 249 -1176575080358854257855853209435940891
249 257 -1176575080358854257855853209435940891
256 4 1352430187200940868493549568
4 256 1352430187200940868493549568
256 28 -154551246633380491299270139807096267864887373761706
28 256 -154551246633380491299270139807096267864887373761706
256 52 254277850935891624565000264523144132143587741071934106
52 256 254277850935891624565000264523144132143587741071934106
256 76 4524331038737744634250467193710835793715715409630177250
76 256 4524331038737744634250467193710835793715715409630177250
256 100 481510784204694357944230613153336130591230855079293533
100 256 481510784204694357944230613153336130591230855079293533
256 124 -49297550479206066537563222522625386253272091574038408
124 256 -49297550479206066537563222522625386253272091574038408
256 148 -101892714328146424528888444686476418713082941130914
148 256 -101892714328146424528888444686476418713082941130914
256 172 13441704190735120635399737181942746858576066668385
172 256 13441704190735120635399737181942746858576066668385
256 196 4261233091254353882022857500719487012830349162
196 256 4261233091254353882022857500719487012830349162
256 220 -4229366129302878809835535082950532330801288
220 256 -4229366129302878809835535082950532330801288
256 244 -28520808118174456433179377350043099902
244 256 -28520808118174456433179377350043099902
255 23 31638849621557446215432538966157569241461283966016
23 255 31638849621557446215432538966157569241461283966016
255 47 -464751092945303876187128726805753220226074860414526292
47 255 -464751092945303876187128726805753220226074860414526292
255 71 10659946960404387047376734507163334282719414512393347914
71 255 10659946960404387047376734507163334282719414512393347914
255 95 2412930721273638681075515525095150529289201269624541095
95 255 2412930721273638681075515525095150529289201269624541095
255 119 -187244620463697086231390872866691322851595886497780151
119 255 -187244620463697086231390872866691322851595886497780151
255 143 -4442971328389623495870007861011487634796245880069739
143 255 -4442971328389623495870007861011487634796245880069739
255 167 78664472630244806884873203574086390866717990343355
167 255 78664472630244806884873203574086390866717990343355
255 191 118495915265782492824266612869517451953246327109
191 255 118495915265782492824266612869517451953246327109
255 215 -15165899529775916279835408600755074486408816
215 255 -15165899529775916279835408600755074486408816
255 239 -863231872243931333654232732079844380148
239 255 -863231872243931333654232732079844380148
254 18 559831272055949588552355516990162133224486967936
18 254 559831272055949588552355516990162133224486967936
254 42 -725182277548307670625938924745013469068560170549745934
42 254 -725182277548307670625938924745013469068560170549745934
254 66 14303136342083977483943855273679530117234648055817757716
66 254 14303136342083977483943855273679530117234648055817757716
254 90 12103135606136324624759079711923623343515961380589657719
90 254 12103135606136324624759079711923623343515961380589657719
254 114 -381959707598828611343168948845151614539030464958926593
114 254 -381959707598828611343168948845151614539030464958926593
254 138 -31109787124920654485018795567019595135250885425187911
138 254 -31109787124920654485018795567019595135250885425187911
254 162 236919580096373893762946045131133620297490913751665
162 254 236919580096373893762946045131133620297490913751665
254 186 1546168766180743351315314047192458394885823257789
186 254 1546168766180743351315314047192458394885823257789
254 210 465832827722533090025954921734312497851798182
210 254 465832827722533090025954921734312497851798182
254 234 -13099839952510262082996898147438927304590
234 254 -13099839952510262082996898147438927304590
253 13 1451246337482460951582219028439744014910912512
13 253 1451246337482460951582219028439744014910912512
253 37 -242585574839825757801885464721746814125950505800591184
37 253 -242585574839825757801885464721746814125950505800591184
253 61 -3002942423211261000681802212192726144890637725143542998
61 253 -3002942423211261000681802212192726144890637725143542998
253 85 52092709982595338863887347544878792026228451491369997950
85 253 52092709982595338863887347544878792026228451491369997950
253 109 1876128547048938013582879025443140102636382411378335538
109 253 1876128547048938013582879025443140102636382411378335538
253 133 -142418008244291705487208018913065770776387890630616766
133 253 -142418008244291705487208018913065770776387890630616766
253 157 -654527180554561106789322848316998426618587094228346
157 253 -654527180554561106789322848316998426618587094228346
253 181 13949681241617369004728961446690535577367443151820
181 253 13949681241617369004728961446690535577367443151820
253 205 9206893314107067953384426998461497244025724565
205 253 9206893314107067953384426998461497244025724565
253 229 286986881866322586965604601656459249402816
229 253 286986881866322586965604601656459249402816
253 253 5385174931020542741589487659955843069
252 8 506982360096398212764859762298489798656
8 252 506982360096398212764859762298489798656
252 32 86220232078649821334601179078373006233244550116252113
32 252 86220232078649821334601179078373006233244550116252113
252 56 -33754844772682800016633202809421696452677001990657414014
56 252 -33754844772682800016633202809421696452677001990657414014
252 80 118525384485679711897550766248634825509423026586743942956
80 252 118525384485679711897550766248634825509423026586743942956
252 104 17992733934475277356729601696430704203070664315225380994
104 252 17992733934475277356729601696430704203070664315225380994
252 128 -186376962250573506563426710273751518364087277644857582
128 252 -186376962250573506563426710273751518364087277644857582
252 152 -14457495637549933728254963860127457940067996628686428
152 252 -14457495637549933728254963860127457940067996628686428
252 176 81242150802613891813056692966325173271767891832133
176 252 81242150802613891813056692966325173271767891832133
252 200 115473897619698048399206861214762712411109994203
200 252 115473897619698048399206861214762712411109994203
252 224 15527012731470708579128509221955222353958940
224 252 15527012731470708579128509221955222353958940
252 248 500815658731302725618581610365129013
248 252 500815658731302725618581610365129013
251 3 53328313935084944316465152
3 251 53328313935084944316465152
251 27 -15344009615399309127543716948378107618103196712009328
27 251 -15344009615399309127543716948378107618103196712009328
251 51 -22224064200940907234706207002505840822743487120284584230
51 251 -22224064200940907234706207002505840822743487120284584230
251 75 98482169053064441236165339032101623648569535166871151557
75 251 98482169053064441236165339032101623648569535166871151557
251 99 91763094516183461625091106383874446785854574452580317775
99 251 91763094516183461625091106383874446785854574452580317775
251 123 1366897426243638740634080416611587371984985027497061678
123 251 1366897426243638740634080416611587371984985027497061678
251 147 -97386943775690447051124122910544585040754076278596528
147 251 -97386943775690447051124122910544585040754076278596528
251 171 205362346246322835693836135334518326996266906421104
171 251 205362346246322835693836135334518326996266906421104
251 195 1316531084970972065359882789920565219493620679883
195 251 1316531084970972065359882789920565219493620679883
251 219 319397966942563313383651458638336947388949422
219 251 319397966942563313383651458638336947388949422
251 243 9232218057514029165602689222432844564863
243 251 9232218057514029165602689222432844564863
250 22 -710997447738495094198743291411231678127165809605120
22 250 -710997447738495094198743291411231678127165809605120
250 46 5831971828111112481809000695341253139533086214864611292
46 250 5831971828111112481809000695341253139533086214864611292
250 70 -254313729592484840905328782691870376825232668825170809328
70 250 -254313729592484840905328782691870376825232668825170809328
250 94 296152929482871907180793562034686115343978399550226483772
94 250 296152929482871907180793562034686115343978399550226483772
250 118 14906447198324867483432859411709924614811713846276048585
118 250 14906447198324867483432859411709924614811713846276048585
250 142 -435164242625660540179473673882573919183336554629159623
142 250 -435164242625660540179473673882573919183336554629159623
250 166 -1313117071794728526510140879671927677993191996846175
166 250 -1313117071794728526510140879671927677993191996846175
250 190 13855253322478357278071065019466649957186170662452
190 250 13855253322478357278071065019466649957186170662452
250 214 1398916442905136117046860368847923526257193227
214 250 1398916442905136117046860368847923526257193227
250 238 152877158259576909238775331832041683510827
238 250 152877158259576909238775331832041683510827
249 17 -6123976686308720517535452096351730892188215869440
17 249 -6123976686308720517535452096351730892188215869440
249 41 -678546245160896786073927182104309496499401909724861125
41 249 -678546245160896786073927182104309496499401909724861125
249 65 -742674238073144816429899772008585824185164262336708295461
65 249 -742674238073144816429899772008585824185164262336708295461
249 89 375309359892497939337057811300236621219824486674792266177
89 249 375309359892497939337057811300236621219824486674792266177
249 113 64544969656190781139458492180226993092524094933409128610
113 249 64544969656190781139458492180226993092524094933409128610
249 137 -841681490707248663717506984284427125843762978183993556
137 249 -841681490707248663717506984284427125843762978183993556
249 161 -19476697156888714074442419917738901082681313919387905
161 249 -19476697156888714074442419917738901082681313919387905
249 185 100618952115352468651929864865794691433114771417472
185 249 100618952115352468651929864865794691433114771417472
249 209 12443465193894277291360361135784347503620971774
209 249 12443465193894277291360361135784347503620971774
249 233 -13981056492756357590852893021925216534316
233 249 -13981056492756357590852893021925216534316
248 12 25219835991793454396947614719000486110086311936
12 248 25219835991793454396947614719000486110086311936
248 36 -7870965162657637365960232525093184810838274324293936882
36 248 -7870965162657637365960232525093184810838274324293936882
248 60 -87948862353165062991367993313989311592932035902688172934
60 248 -87948862353165062991367993313989311592932035902688172934
248 84 -613636691189505771524284764233531008211363112931255643094
84 248 -613636691189505771524284764233531008211363112931255643094
248 108 165609827938190714817230762182610575552928779985931755128
108 248 165609827938190714817230762182610575552928779985931755128
248 132 2415131520557018874609442957444763605358027399323738651
132 248 2415131520557018874609442957444763605358027399323738651
248 156 -144922158918946749829905120652186315718059768757953512
156 248 -144922158918946749829905120652186315718059768757953512
248 180 584072815094786021010273722080994589436779630194707
180 248 584072815094786021010273722080994589436779630194707
248 204 334073781511901314523831837145811175462725930255
204 248 334073781511901314523831837145811175462725930255
248 228 -2684311381241596162510041808034818940327758
228 248 -2684311381241596162510041808034818940327758
247 7 -1119634723750323692046284627184689545216
7 247 -1119634723750323692046284627184689545216
247 31 1940684598718606062415083717773974513007604046404729472
31 247 1940684598718606062415083717773974513007604046404729472
247 55 1062452847828076733497849289194100717458165875098212667056
55 247 1062452847828076733497849289194100717458165875098212667056
247 79 -2747640410052409766370679817407464847023691568925049384501
79 247 -2747640410052409766370679817407464847023691568925049384501
247 103 58575080618003916448995983827781677141938584164882641288
103 247 58575080618003916448995983827781677141938584164882641288
247 127 34625399145973644363858395964352911210949214426067767957
127 247 34625399145973644363858395964352911210949214426067767957
247 151 -757251201830898990111088685358260176610368675988355017
151 247 -757251201830898990111088685358260176610368675988355017
247 175 2759220892513911431925671230132920389019976123773767
175 247 2759220892513911431925671230132920389019976123773767
247 199 4194136849185419909926122860600427713006333130228
199 247 4194136849185419909926122860600427713006333130228
247 223 255400213588292206257099938305641107686564400
223 247 255400213588292206257099938305641107686564400
247 247 -5188139707156536562032342614710768339728
246 2 71868213771266733113344
2 246 71868213771266733113344
246 26 394133344737610207197470424645535210831149583640370432
26 246 394133344737610207197470424645535210831149583640370432
246 50 724455909600325966521397273718168794127842708418265027906
50 246 724455909600325966521397273718168794127842708418265027906
246 74 -299552351296176718878344591391384828841022049023309047634
74 246 -299552351296176718878344591391384828841022049023309047634
246 98 -1635378715701110944031125669200718373351824230876679299472
98 246 -1635378715701110944031125669200718373351824230876679299472
246 122 164079951739881032961212173210865702130746171877145169987
122 246 164079951739881032961212173210865702130746171877145169987
246 146 -2788381636284599313520718606330665846553739586523110095
146 246 -2788381636284599313520718606330665846553739586523110095
246 170 12059202156441284429949809669876084387993664813307860
170 246 12059202156441284429949809669876084387993664813307860
246 194 33490974844105344748593231290822084798307189415008
194 246 33490974844105344748593231290822084798307189415008
246 218 4852118340789386232296822576495716686179672228
218 246 4852118340789386232296822576495716686179672228
246 242 281908932307898939626066517684205723296560
242 246 281908932307898939626066517684205723296560
245 21 397440573454263677690204899125215248835849710557184
21 245 397440573454263677690204899125215248835849710557184
245 45 273264074683987498221660329907860819806852432121310942508
45 245 273264074683987498221660329907860819806852432121310942508
245 69 15729895049121606186543963094793482701827743058898659893758
69 245 15729895049121606186543963094793482701827743058898659893758
245 93 -4907654181159840290757678515727070566076870484833750554800
93 245 -4907654181159840290757678515727070566076870484833750554800
245 117 533594387875588722755066624008213744813376277661273515204
117 245 533594387875588722755066624008213744813376277661273515204
245 141 -7340191312268527090761373290755173669280990258268360998
141 245 -7340191312268527090761373290755173669280990258268360998
245 165 21062380620644287951006290582142556122334180426894946
165 245 21062380620644287951006290582142556122334180426894946
245 189 320757730353418124119777355619077186767537439079451
189 245 320757730353418124119777355619077186767537439079451
245 213 110250366701168409430835260345601634501765277270
213 245 110250366701168409430835260345601634501765277270
245 237 -9153017514471320045844563001381190111431779
237 245 -9153017514471320045844563001381190111431779
244 16 -39698639381714641183819162780975264977693340983296
16 244 -39698639381714641183819162780975264977693340983296
244 40 351047415511959344693389073628129445775825088399859268772
40 244 351047415511959344693389073628129445775825088399859268772
244 64 23080841170611072832421042824594587456613821670131215905082
64 244 23080841170611072832421042824594587456613821670131215905082
244 88 3333242741028038314796701574807604598337273682240105514201
88 244 3333242741028038314796701574807604598337273682240105514201
244 112 1199974567889798495066878039054353369028532671144356989907
112 244 1199974567889798495066878039054353369028532671144356989907
244 136 -13573938385110676996574421378238306391745357219790363025
136 244 -13573938385110676996574421378238306391745357219790363025
244 160 45000810668216792212577585082708759398383344207433847
160 244 45000810668216792212577585082708759398383344207433847
244 184 2447848386365908443897844519839675351478463931679091
184 244 2447848386365908443897844519839675351478463931679091
244 208 1124940418886179945909609026647870120811629094907
208 244 1124940418886179945909609026647870120811629094907
244 232 225906269147069443174425206448977999519038886
232 244 225906269147069443174425206448977999519038886
243 11 166378455709782824221325215302549341337530531840
11 243 166378455709782824221325215302549341337530531840
243 35 5428369961287174288591417456834475971995215277798889000
35 243 5428369961287174288591417456834475971995215277798889000
243 59 -7794344997527719314730853493024062736389243526013815758806
59 243 -7794344997527719314730853493024062736389243526013815758806
243 83 53495458966637036922269202767700593427214060952421239490219
83 243 53495458966637036922269202767700593427214060952421239490219
243 107 1481139178975347159270942174382063898967070603873036579877
107 243 1481139178975347159270942174382063898967070603873036579877
243 131 -34126280868203722967813026120716871737528832075576802102
131 243 -34126280868203722967813026120716871737528832075576802102
243 155 7466701921653471698446561035693010196654220527915431
155 243 7466701921653471698446561035693010196654220527915431
243 179 14537087051131325566706612322001609705319950718416454
179 243 14537087051131325566706612322001609705319950718416454
243 203 13597956401609761776118581896476241773915376427615
203 243 13597956401609761776118581896476241773915376427615
243 227 -114745973831557410317852481814357588609122858
227 243 -114745973831557410317852481814357588609122858
242 6 556297213732165498903737579352720146432
6 242 556297213732165498903737579352720146432
242 30 -46411665763091690920060091183680862020387850915183739776
30 242 -46411665763091690920060091183680862020387850915183739776
242 54 -20107116196134574566554993332418133796579548991449304484974
54 242 -20107116196134574566554993332418133796579548991449304484974
242 78 118578601824222385037476359308528732408553404362316243094824
78 242 118578601824222385037476359308528732408553404362316243094824
242 102 5062942130180723725332337589587648830243494692807351050100
102 242 5062942130180723725332337589587648830243494692807351050100
242 126 11231024545197741257707300819700395797277291661132517577
126 242 11231024545197741257707300819700395797277291661132517577
242 150 -160111843510170484920530993312921513688974332088843495
150 242 -160111843510170484920530993312921513688974332088843495
242 174 50336137123111153405997707716683031873697184501324612
174 242 50336137123111153405997707716683031873697184501324612
242 198 138197485977088844729987168066323531808717488148274
198 242 138197485977088844729987168066323531808717488148274
242 222 9365052159424632495651176798688865389491101260
222 242 9365052159424632495651176798688865389491101260
241 1 272414524292726784
1 241 272414524292726784
241 25 -2420237788445869952324209337536590487591165422020864000
25 241 -2420237788445869952324209337536590487591165422020864000
241 49 4179355373946350283224007791459502010005976730771645412508
49 241 4179355373946350283224007791459502010005976730771645412508
241 73 -19446568008873412285924362158627955981502839027975603713782
73 241 -19446568008873412285924362158627955981502839027975603713782
241 97 17062235196817679820438905929725245401274835450701805071988
97 241 17062235196817679820438905929725245401274835450701805071988
241 121 718301766136090504212147332511143407981524747144785755709
121 241 718301766136090504212147332511143407981524747144785755709
241 145 -15761089472780420923763187686292544537514132540283081690
145 241 -15761089472780420923763187686292544537514132540283081690
241 169 293379202718810156289009634805791332592808150846358562
169 241 293379202718810156289009634805791332592808150846358562
241 193 913608678255006531750056918668726440626878274952638
193 241 913608678255006531750056918668726440626878274952638
241 217 -42632204886775230824061328524668358134431836562
217 241 -42632204886775230824061328524668358134431836562
241 241 -3476295140986689594714989813332498119637868
240 20 54990479260745044347185206753381902977479330008637440
20 240 54990479260745044347185206753381902977479330008637440
240 44 4719104907171357349701550465565579959567158542641119956701
44 240 4719104907171357349701550465565579959567158542641119956701
240 68 -399057466790071803645705548886580331808812535363941015813477
68 240 -399057466790071803645705548886580331808812535363941015813477
240 92 -29327148752559288298737210830754810028086265855201361987856
92 240 -29327148752559288298737210830754810028086265855201361987856
240 116 5615407225798245342785532010060109375543476268960161208207
116 240 5615407225798245342785532010060109375543476268960161208207
240 140 -125389584159529313722056864077691948717780269594099627714
140 240 -125389584159529313722056864077691948717780269594099627714
240 164 1113661698678964240898098821151446304349230176531165979
164 240 1113661698678964240898098821151446304349230176531165979
240 188 3058064798150481362772107198701928950919587111300817
188 240 3058064798150481362772107198701928950919587111300817
240 212 2032446060790116351692156931572661357337465056964
212 240 2032446060790116351692156931572661357337465056964
240 236 194659425261473922314072817643776938342119357
236 240 194659425261473922314072817643776938342119357
239 15 -512672781291560626443445762977162482920200764096512
15 239 -512672781291560626443445762977162482920200764096512
239 39 -2186112597471899985773282639262886558454819456970487540064
39 239 -2186112597471899985773282639262886558454819456970487540064
239 63 -327045877280111436607847938248733222261969054066170354360404
63 239 -327045877280111436607847938248733222261969054066170354360404
239 87 -431744372936355232395040107713233129868346712116637667031389
87 239 -431744372936355232395040107713233129868346712116637667031389
239 111 38522621791854209613807683674239973302859285712699049534985
111 239 38522621791854209613807683674239973302859285712699049534985
239 135 -535513862731271827516075545143111713517238453941334015483
135 239 -535513862731271827516075545143111713517238453941334015483
239 159 4455617253949012090545504335832455579942762138572391096
159 239 4455617253949012090545504335832455579942762138572391096
239 183 6333662448930383932932230337283415668407607614943327
183 239 6333662448930383932932230337283415668407607614943327
239 207 6273545238474075289905308923645591772491488703372
207 239 6273545238474075289905308923645591772491488703372
239 231 995627268004934416028845222245340903045224504
231 239 995627268004934416028845222245340903045224504
238 10 475639446201123311874041309153905640545742487552
10 238 475639446201123311874041309153905640545742487552
238 34 373246196999111198835776044501840200930117517751335122688
34 238 373246196999111198835776044501840200930117517751335122688
238 58 101878806585112450253487175172936091671060081164367717767036
58 238 101878806585112450253487175172936091671060081164367717767036
238 82 -1362064990395523400640216980670136472033577069139442308983820
82 238 -1362064990395523400640216980670136472033577069139442308983820
238 106 142309080508485553289260685903388858313439611023145719036076
106 238 142309080508485553289260685903388858313439611023145719036076
238 130 -2692200110308217575861166792806194230406620488563559143084
130 238 -2692200110308217575861166792806194230406620488563559143084
238 154 6173111865767533524220138768436789123559392797084007781
154 238 6173111865767533524220138768436789123559392797084007781
238 178 72465964485164783948980840404267694832615274944185556
178 238 72465964485164783948980840404267694832615274944185556
238 202 74704361393969950542728754302533450122582005635096
202 238 74704361393969950542728754302533450122582005635096
238 226 8376656329919994039508884302780138511044577464
226 238 8376656329919994039508884302780138511044577464
237 5 -56535484580778628365999178606796865536
5 237 -56535484580778628365999178606796865536
237 29 237952559587995584607809908124545648755750328532237461504
29 237 237952559587995584607809908124545648755750328532237461504
237 53 -182160623953563012260844308469648883301008886787647007124468
53 237 -182160623953563012260844308469648883301008886787647007124468
237 77 -770406080939230398229752166094430341232593162725408942555281
77 237 -770406080939230398229752166094430341232593162725408942555281
237 101 299369589753641511868026194082131631635844390324030399094152
101 237 299369589753641511868026194082131631635844390324030399094152
237 125 -9692399580053706838362685470946083102440408790973908917211
125 237 -9692399580053706838362685470946083102440408790973908917211
237 149 26535287960557682048672630410333378732463745203506446886
149 237 26535287960557682048672630410333378732463745203506446886
237 173 63034454843641537701868066255040561389005770534772683
173 237 63034454843641537701868066255040561389005770534772683
237 197 -338281765065022257633708694111605164375204597555770
197 237 -338281765065022257633708694111605164375204597555770
237 221 990436582165213362582584246472611426336699665665
221 237 990436582165213362582584246472611426336699665665
236 24 37475700123566455349020294297232421807493941147852582912
24 236 37475700123566455349020294297232421807493941147852582912
236 48 -370796496718065560555072933493938321588276975342176978805847
48 236 -370796496718065560555072933493938321588276975342176978805847
236 72 4781670537033825002595946609929266790313825878386947483828242
72 236 4781670537033825002595946609929266790313825878386947483828242
236 96 404614193055098645744590852883562867071568669568954316434380
96 236 404614193055098645744590852883562867071568669568954316434380
236 120 -18458569022229555470254078082036694935464681381196212376143
120 236 -18458569022229555470254078082036694935464681381196212376143
236 144 106721748733787632187525980266353434588243634891418582267
144 236 106721748733787632187525980266353434588243634891418582267
236 168 -462480766363730039274417400114287570596661966799900959
168 236 -462480766363730039274417400114287570596661966799900959
236 192 4887039284919477344532362450268222787745166541712369
192 236 4887039284919477344532362450268222787745166541712369
236 216 2535437256427292064045879635684119193265282979533
216 236 2535437256427292064045879635684119193265282979533
235 19 146738505420008065177793195539696114534649232414146560
19 235 146738505420008065177793195539696114534649232414146560
235 43 -33434842991570802265792062331676016080047813846173163300064
43 235 -33434842991570802265792062331676016080047813846173163300064
235 67 9869822507647590469755283888696471096049488769291959288677492
67 235 9869822507647590469755283888696471096049488769291959288677492
235 91 979320197642237632413799117765373620412782104306833442159827
91 235 979320197642237632413799117765373620412782104306833442159827
235 115 -56475028758128202865109194515418382817563902051395967296472
115 235 -56475028758128202865109194515418382817563902051395967296472
235 139 -1195675497916314134613413920171078641258890867825576006590
139 235 -1195675497916314134613413920171078641258890867825576006590
235 163 -4671321387434753952910171932137082350794785432936646091
163 235 -4671321387434753952910171932137082350794785432936646091
235 187 23652050453413280193574423297973902891708814803481111
187 235 23652050453413280193574423297973902891708814803481111
235 211 99972220199278259303453384114582081561034988662985
211 235 99972220199278259303453384114582081561034988662985
235 235 -539235096108742183869495155432711823083880297
234 14 -1679591165083997291336196994428491701870259370721280
14 234 -1679591165083997291336196994428491701870259370721280
234 38 46365178214420861857369425517962802824181933338768961785984
38 234 46365178214420861857369425517962802824181933338768961785984
234 62 4718703532917453692047146652947210106357846650757651059850194
62 234 4718703532917453692047146652947210106357846650757651059850194
234 86 4248053523631447013892616782021324184454200994355602643257146
86 234 4248053523631447013892616782021324184454200994355602643257146
234 110 -221530395133835097388004098192075545083536856498696036009728
110 234 -221530395133835097388004098192075545083536856498696036009728
234 134 -3902973095704449023318334515444116609869101768870405948512
134 234 -3902973095704449023318334515444116609869101768870405948512
234 158 5711918100908999923638215056827466666829263022135589509
158 234 5711918100908999923638215056827466666829263022135589509
234 182 110803284668818967258395709932083058392325389118349052
182 234 110803284668818967258395709932083058392325389118349052
234 206 499495273808042932174991546645571493719176682026752
206 234 499495273808042932174991546645571493719176682026752
234 230 2289354498108408548350640783099623867980594379
230 234 2289354498108408548350640783099623867980594379
233 9 622486545244992202405034593308837360288124633088
9 233 622486545244992202405034593308837360288124633088
233 33 11378720870881744504169577985282990501244665405585707125760
33 233 11378720870881744504169577985282990501244665405585707125760
233 57 407754199759236584083708933363665652401753212682949627229823
57 233 407754199759236584083708933363665652401753212682949627229823
233 81 1750420000218922139250523123078430887277476460009234809469160
81 233 1750420000218922139250523123078430887277476460009234809469160
233 105 -186378678036139444383064777853428549642968100001821055167804
105 233 -186378678036139444383064777853428549642968100001821055167804
233 129 -11749994513480322979775955074428941150744916602619954101549
129 233 -11749994513480322979775955074428941150744916602619954101549
233 153 -19599730785270559319420925887236458618160785917717860597
153 233 -19599730785270559319420925887236458618160785917717860597
233 177 72000884425419879508413828784993033867538142664859965
177 233 72000884425419879508413828784993033867538142664859965
233 201 6563435014467065213734427973546989266221770498195890
201 233 6563435014467065213734427973546989266221770498195890
233 225 -546585684526749917270346636738640276335033542112
225 233 -546585684526749917270346636738640276335033542112
232 4 904192982795034548273867506738790400
4 232 904192982795034548273867506738790400
232 28 1041522077433412094218241083486798365260135387430642098176
28 232 1041522077433412094218241083486798365260135387430642098176
232 52 3815273813935971327911592995138770857642683229253916834849092
52 232 3815273813935971327911592995138770857642683229253916834849092
232 76 -39159354488742441001794287564602067074010681884874399366556662
76 232 -39159354488742441001794287564602067074010681884874399366556662
232 100 2884506585957304707776485099708345159291411432197911238401736
100 232 2884506585957304707776485099708345159291411432197911238401736
232 124 -137261379314311613379364295769813281807023828053461348642615
124 232 -137261379314311613379364295769813281807023828053461348642615
232 148 -656555991680355894206692371671904906402794543037324074829
148 232 -656555991680355894206692371671904906402794543037324074829
232 172 2640701015714538017185376967581243406195244006734479947
172 232 2640701015714538017185376967581243406195244006734479947
232 196 7996374362769916066070051353975480176470568325516489
196 232 7996374362769916066070051353975480176470568325516489
232 220 7732879100674266683233260395569285042164126531332
220 232 7732879100674266683233260395569285042164126531332
231 23 -228469070008425904842252732259939329846911106375235600384
23 231 -228469070008425904842252732259939329846911106375235600384
231 47 1457284991628504098086754467757191066408071094301176056995744
47 231 1457284991628504098086754467757191066408071094301176056995744
231 71 -105174647650069483832220811053038581646500411389855672617386972
71 231 -105174647650069483832220811053038581646500411389855672617386972
231 95 14648727220040859914398635982729245685670911421672165965232988
95 231 14648727220040859914398635982729245685670911421672165965232988
231 119 -748401209651660542020216328449178643628635929683666419152977
119 231 -748401209651660542020216328449178643628635929683666419152977
231 143 6767449419877985087811379814012347739942776392238877824301
143 231 6767449419877985087811379814012347739942776392238877824301
231 167 -3253157951414949806541760563963369875512348933124039486
167 231 -3253157951414949806541760563963369875512348933124039486
231 191 139475434527511050859799870492681300907494050542584886
191 231 139475434527511050859799870492681300907494050542584886
231 215 -43919589888326048826815079979095307673855946932758
215 231 -43919589888326048826815079979095307673855946932758
230 18 3270555905284649248651316547507783130086115440495951872
18 230 3270555905284649248651316547507783130086115440495951872
230 42 -1286855436552612772259519573274760562981091135452755487038336
42 230 -1286855436552612772259519573274760562981091135452755487038336
230 66 -77933640351855022437342186979890963309809320923961233406129300
66 230 -77933640351855022437342186979890963309809320923961233406129300
230 90 22915372902426291946624541074567079771674701925382560539184880
90 230 22915372902426291946624541074567079771674701925382560539184880
230 114 -2227430757782651046581298080156734556999035668168754803416892
114 230 -2227430757782651046581298080156734556999035668168754803416892
230 138 31560181081887472671927330839363198999543271997907430463236
138 230 31560181081887472671927330839363198999543271997907430463236
230 162 -105758942377224336551818770855747579234529480640725086239
162 230 -105758942377224336551818770855747579234529480640725086239
230 186 -41695392878435633523787623443286908203522684213051477
186 230 -41695392878435633523787623443286908203522684213051477
230 210 137265638571274586586648175074186659401070508800676
210 230 137265638571274586586648175074186659401070508800676
229 13 -1544319276484480322162143134675396790641631158075392
13 229 -1544319276484480322162143134675396790641631158075392
229 37 -543975858087975287550898836067379567338580928050284885532672
37 229 -543975858087975287550898836067379567338580928050284885532672
229 61 40316491339888296837535963095345110638574371716780600850862992
61 229 40316491339888296837535963095345110638574371716780600850862992
229 85 18634923282308702971311849268825427404737250325913832936956054
85 229 18634923282308702971311849268825427404737250325913832936956054
229 109 -4486012789281964021540600360187810173322416466099113334057856
109 229 -4486012789281964021540600360187810173322416466099113334057856
229 133 26464405019501647122664189560214891870640232442287819680652
133 229 26464405019501647122664189560214891870640232442287819680652
229 157 -192495971649362624681621527077704058362288666269987384740
157 229 -192495971649362624681621527077704058362288666269987384740
229 181 2740245077616282967252159393191430591815937538012783504
181 229 2740245077616282967252159393191430591815937538012783504
229 205 -9294010359749594594266020502059144603844158967354040
205 229 -9294010359749594594266020502059144603844158967354040
229 229 1391715430301998471981490597448833860444326179487
228 8 370879264829533762144923821079700355259415134208
8 228 370879264829533762144923821079700355259415134208
228 32 -138259844188908748868129598707391268670165000153732767801344
32 228 -138259844188908748868129598707391268670165000153732767801344
228 56 49559654515025192613376264677731872310592842964588897954520318
56 228 49559654515025192613376264677731872310592842964588897954520318
228 80 148356757585941082747600660909934127770408951974195268794181763
80 228 148356757585941082747600660909934127770408951974195268794181763
228 104 -16051256003138876502205516278913379623503857265089068374282734
104 228 -16051256003138876502205516278913379623503857265089068374282734
228 128 148599931182834107779833533649297078885976162272374427574496
128 228 148599931182834107779833533649297078885976162272374427574496
228 152 5001083655944536009323816391842669183720241129641790160067
152 228 5001083655944536009323816391842669183720241129641790160067
228 176 -3802156668905968613712982645176607362229936055119484741
176 228 -3802156668905968613712982645176607362229936055119484741
228 200 34440286058896539075905373114323437722543937120954336
200 228 34440286058896539075905373114323437722543937120954336
228 224 6209512964435204278537742902301447472147582931702
224 228 6209512964435204278537742902301447472147582931702
227 3 -1333607883738895775313761994276864
3 227 -1333607883738895775313761994276864
227 27 -20972670593407184130518907072432524462983306253481395453952
27 227 -20972670593407184130518907072432524462983306253481395453952
227 51 -3262033598073892672669671466909325219214025701463597017838584
51 227 -3262033598073892672669671466909325219214025701463597017838584
227 75 490626726026992795859420897248033764078031381075869883640279848
75 227 490626726026992795859420897248033764078031381075869883640279848
227 99 -70918638213776325901163488747702672874293958057267383239701364
99 227 -70918638213776325901163488747702672874293958057267383239701364
227 123 1531543933153832505476077595701986841984341556880285538579299
123 227 1531543933153832505476077595701986841984341556880285538579299
227 147 -2926018084311956970524122781161751080432993490941828053304
147 227 -2926018084311956970524122781161751080432993490941828053304
227 171 44376598162705386802789487057692205615882591135220638915
171 227 44376598162705386802789487057692205615882591135220638915
227 195 -273173594399700456382186044824800755330044892032639995
195 227 -273173594399700456382186044824800755330044892032639995
227 219 146201326379490226914523284558524511773176133546112
219 227 146201326379490226914523284558524511773176133546112
226 22 833452870015728735567341515978821232068326713904081141760
22 226 833452870015728735567341515978821232068326713904081141760
226 46 6520243621447196816223179211067909866947845194519533937090304
46 226 6520243621447196816223179211067909866947845194519533937090304
226 70 436733429946778646566982706717200047210999381818895314801126600
70 226 436733429946778646566982706717200047210999381818895314801126600
226 94 -114524310461598465209502298134454099157181740105135716105421440
94 226 -114524310461598465209502298134454099157181740105135716105421440
226 118 5222388479800604562923574791128451459009337844297676644605976
118 226 5222388479800604562923574791128451459009337844297676644605976
226 142 -68715888572299006389552039570128012857083314260354290843152
142 226 -68715888572299006389552039570128012857083314260354290843152
226 166 453730665130839569885405012959566162222474943280547494441
166 226 453730665130839569885405012959566162222474943280547494441
226 190 1087110600555434875425502069430453013281892258407213457
190 226 1087110600555434875425502069430453013281892258407213457
226 214 397213280978050135507489601573779815117784403112075
214 226 397213280978050135507489601573779815117784403112075
225 17 13468931767375683353496068579551900754042449702231736320
17 225 13468931767375683353496068579551900754042449702231736320
225 41 3990704638734192289142196988428320121031292685319073668508672
41 225 3990704638734192289142196988428320121031292685319073668508672
225 65 -558824541768298674605411065472792937424194091157884588599225410
65 225 -558824541768298674605411065472792937424194091157884588599225410
225 89 119929817997394345249554778316458512940213329021461748759278887
89 225 119929817997394345249554778316458512940213329021461748759278887
225 113 -3717245815065796804781430732885211761063126436797883319407642
113 225 -3717245815065796804781430732885211761063126436797883319407642
225 137 244822694206301217409668633317499639999743799151403943503617
137 225 244822694206301217409668633317499639999743799151403943503617
225 161 1200693633769181025165233450162268980146491800432486681918
161 225 1200693633769181025165233450162268980146491800432486681918
225 185 -4114937627739947087067875727538936841743177672136078583
185 225 -4114937627739947087067875727538936841743177672136078583
225 209 22321206633850373185730439796862998942865214969352342
209 225 22321206633850373185730439796862998942865214969352342
224 12 6442040223086467846271662813807691202771544788959232
12 224 6442040223086467846271662813807691202771544788959232
224 36 -360238540198564098012643300614100220284649619057410756337664
36 224 -360238540198564098012643300614100220284649619057410756337664
224 60 -1188750165674806215931228533968809049880208708291322862089807123
60 224 -1188750165674806215931228533968809049880208708291322862089807123
224 84 283200683253578959233518113547839475739928738010657046876512404
84 224 283200683253578959233518113547839475739928738010657046876512404
224 108 -43884907464362918258525935813020742406016550312228126190027884
108 224 -43884907464362918258525935813020742406016550312228126190027884
224 132 1870594130155284298308535955191182243492505837077285522666032
132 224 1870594130155284298308535955191182243492505837077285522666032
224 156 -14504386072046148217153737611611604574716835709796487825195
156 224 -14504386072046148217153737611611604574716835709796487825195
224 180 36101216602213631628347116427670114046623819453622391616
180 224 36101216602213631628347116427670114046623819453622391616
224 204 -43896302673409443447724704828737986065883798308208369
204 224 -43896302673409443447724704828737986065883798308208369
223 7 93899132057416408744114227933319444194431860736
7 223 93899132057416408744114227933319444194431860736
223 31 98400417323786600470341294889131250315776416977503616958464
31 223 98400417323786600470341294889131250315776416977503616958464
223 55 -322531930719106374700287704762760885108594973734244806806903936
55 223 -322531930719106374700287704762760885108594973734244806806903936
223 79 -636205363270548522954851774168651704763042579409917325469973836
79 223 -636205363270548522954851774168651704763042579409917325469973836
223 103 -4437340107223149994539080166793682674126062599152257249161780
103 223 -4437340107223149994539080166793682674126062599152257249161780
223 127 3511499195066194531602198809232119269215686084218592057675700
127 223 3511499195066194531602198809232119269215686084218592057675700
223 151 -33226911712299415672403920701440573989040780534709558688693
151 223 -33226911712299415672403920701440573989040780534709558688693
223 175 14442304380164248839296757986200481288179242221092066202
175 223 14442304380164248839296757986200481288179242221092066202
223 199 680855205540700210013464660746622431326383767892022624
199 223 680855205540700210013464660746622431326383767892022624
223 223 -87797874012848401802306887761829213576741373273404
222 2 57362301888362228286241112064
2 222 57362301888362228286241112064
222 26 110888967728562726444998208694055510367505938917387188305920
26 222 110888967728562726444998208694055510367505938917387188305920
222 50 301997026106717036291017385788621446806902185648489667830412416
50 222 301997026106717036291017385788621446806902185648489667830412416
222 74 -919450361381105610254996343068708909637650610393927384923661014
74 222 -919450361381105610254996343068708909637650610393927384923661014
222 98 -10238878018844362740536490576013508349197186705957452182142824
98 222 -10238878018844362740536490576013508349197186705957452182142824
222 122 -16168719506690941321544703475644857082079131546229960504088
122 222 -16168719506690941321544703475644857082079131546229960504088
222 146 225530265623421208932778552569659661706489489238042726637451
146 222 225530265623421208932778552569659661706489489238042726637451
222 170 -870854436044787758448420316913607544959007271225958472113
170 222 -870854436044787758448420316913607544959007271225958472113
222 194 -1211360942519360496393977743299589903753826964655146817
194 222 -1211360942519360496393977743299589903753826964655146817
222 218 -117535808584426186375290964223876918041741704333051
218 222 -117535808584426186375290964223876918041741704333051
221 21 -2886747786359114555961183820802655499873786246922516824064
21 221 -2886747786359114555961183820802655499873786246922516824064
221 45 167447489167417055543218144383351409798128155681879221432526848
45 221 167447489167417055543218144383351409798128155681879221432526848
221 69 2983450205300817006726226484000341940724500998656412639357171144
69 221 2983450205300817006726226484000341940724500998656412639357171144
221 93 -1401025040732298162828914704274327017494654332237370277837169740
93 221 -1401025040732298162828914704274327017494654332237370277837169740
221 117 56170859245968488169917344953705326906035050171004427774831136
117 221 56170859245968488169917344953705326906035050171004427774831136
221 141 -352377786596976819829759822824964198335774539934484923720117
141 221 -352377786596976819829759822824964198335774539934484923720117
221 165 -1690986401802434096476972850618952959882063744161763985380
165 221 -1690986401802434096476972850618952959882063744161763985380
221 189 12083158332722003968581434108420605964968313987271003543
189 221 12083158332722003968581434108420605964968313987271003543
221 213 -30559342824153781468966001938618810230350770150325996
213 221 -30559342824153781468966001938618810230350770150325996
220 16 49863210726538122664410161661686863336153168800145997824
16 220 49863210726538122664410161661686863336153168800145997824
220 40 94539125434822954321596591409539430222290213560857460347215872
40 220 94539125434822954321596591409539430222290213560857460347215872
220 64 8377260995115319130635841692074915803818487022011106446850436606
64 220 8377260995115319130635841692074915803818487022011106446850436606
220 88 -3737717791828525995744922275652779621461637399218946769878648590
88 220 -3737717791828525995744922275652779621461637399218946769878648590
220 112 354212191959211072616463687727381501411662706474444770780668296
112 220 354212191959211072616463687727381501411662706474444770780668296
220 136 -6148325264033962726462116093251076896968201939492279470319701
136 220 -6148325264033962726462116093251076896968201939492279470319701
220 160 23524033720047334540850012585095167839680943046954908470972
160 220 23524033720047334540850012585095167839680943046954908470972
220 184 -72875725775750240995222172310063002098871657127471919428
184 220 -72875725775750240995222172310063002098871657127471919428
220 208 47642117585158304516201158788971852216081522170627147
208 220 47642117585158304516201158788971852216081522170627147
219 11 14593749908777291365129057407491095997351954399363072
11 219 14593749908777291365129057407491095997351954399363072
219 35 24335949433180809344774955729177340286899462548249257425666048
35 219 24335949433180809344774955729177340286899462548249257425666048
219 59 4470596334146389396843288523782343499393552729263076708793803280
59 219 4470596334146389396843288523782343499393552729263076708793803280
219 83 -1078602941834855171571112853225682419698006448484625682868478510
83 219 -1078602941834855171571112853225682419698006448484625682868478510
219 107 428128919159633978535969692774714498384629135076661282686815636
107 219 428128919159633978535969692774714498384629135076661282686815636
219 131 -12307690505746241664721834123867036754810648732375093807256343
131 219 -12307690505746241664721834123867036754810648732375093807256343
219 155 129027638426685748080920358231793244605127216860880859639304
155 219 129027638426685748080920358231793244605127216860880859639304
219 179 -118011535586444449250797282845335099769449828843934310503
179 219 -118011535586444449250797282845335099769449828843934310503
219 203 -777302465113797945344686518694396679426877095174691009
203 219 -777302465113797945344686518694396679426877095174691009
218 6 8682004405816681618893787731300074111169986560
6 218 8682004405816681618893787731300074111169986560
218 30 3749481373259262193550977996863446743052359579944290278703104
30 218 3749481373259262193550977996863446743052359579944290278703104
218 54 -4987752982518721435989899966713021651827796539133518937992275200
54 218 -4987752982518721435989899966713021651827796539133518937992275200
218 78 3537167975816167351319366700831987138485873663788827853842500676
78 218 3537167975816167351319366700831987138485873663788827853842500676
218 102 -198035094812213511949813941088219126706255921265830571562224864
102 218 -198035094812213511949813941088219126706255921265830571562224864
218 126 27391144720544450615144269115507019185724771463815939865151016
126 218 27391144720544450615144269115507019185724771463815939865151016
218 150 -659030280596917912650559310158129665330675744441021022377087
150 218 -659030280596917912650559310158129665330675744441021022377087
218 174 2711088858050345905839271366586984608723261488357730610165
174 218 2711088858050345905839271366586984608723261488357730610165
218 198 2010793926686937693001845697399220117030126130613919023
198 218 2010793926686937693001845697399220117030126130613919023
217 1 -4943355105761101348864
1 217 -4943355105761101348864
217 25 -403829578333311212198566141905683934801598750371543250894848
25 217 -403829578333311212198566141905683934801598750371543250894848
217 49 -5053349123915566320514705351012593201177338249877483155802875904
49 217 -5053349123915566320514705351012593201177338249877483155802875904
217 73 -5222948138791584322366332817077491514421140133833314318377247510
73 217 -5222948138791584322366332817077491514421140133833314318377247510
217 97 2592455208817104988453204306425473672894099011051177300479879720
97 217 2592455208817104988453204306425473672894099011051177300479879720
217 121 11138395824607945686036930007388927170523617720174636691827208
121 217 11138395824607945686036930007388927170523617720174636691827208
217 145 -1527787062565138296029791473087497729412555530428273766096041
145 217 -1527787062565138296029791473087497729412555530428273766096041
217 169 1649521039274082673762955477817307375992626991479111550388
169 217 1649521039274082673762955477817307375992626991479111550388
217 193 -15017070710056532304659653630955399951104659868281987877
193 217 -15017070710056532304659653630955399951104659868281987877
217 217 29886937455140998844556523062518705313708095781847612
216 20 2441288971330351332061631547984625591597159808094559010816
20 216 2441288971330351332061631547984625591597159808094559010816
216 44 -1634539383972134107732809928239433039088896144850702400772001792
44 216 -1634539383972134107732809928239433039088896144850702400772001792
216 68 -24879401076482123892713034494268262448378110988991584098433637642
68 216 -24879401076482123892713034494268262448378110988991584098433637642
216 92 9128970086367979642154681100583432489805165743152112270408792720
92 216 9128970086367979642154681100583432489805165743152112270408792720
216 116 -705053435326096407762186701296773210170911866367371385950254554
116 216 -705053435326096407762186701296773210170911866367371385950254554
216 140 9519105884409019000779166400804591358974112622709646505162287
140 216 9519105884409019000779166400804591358974112622709646505162287
216 164 -15748435416744869893927959244936151890086716894395987621077
164 216 -15748435416744869893927959244936151890086716894395987621077
216 188 131558996333940003113408171730120940092626801920110414163
188 216 131558996333940003113408171730120940092626801920110414163
216 212 -45422418754868537458180225728140083376027387802037627
212 216 -45422418754868537458180225728140083376027387802037627
215 15 90207556688593535950646379069350112012615163933842472960
15 215 90207556688593535950646379069350112012615163933842472960
215 39 -515437200969616791520672582690192841173491484553991287398662144
39 215 -515437200969616791520672582690192841173491484553991287398662144
215 63 -23867601642406536053809811872002735525796007989251301114857369152
63 215 -23867601642406536053809811872002735525796007989251301114857369152
215 87 -3296074326521908109561322538880740309223936164247336494591576764
87 215 -3296074326521908109561322538880740309223936164247336494591576764
215 111 -315200190404386647327578587116598351827214087888704355778853512
111 215 -315200190404386647327578587116598351827214087888704355778853512
215 135 13508629807535580197474183460626146822581808512746261562688629
135 215 13508629807535580197474183460626146822581808512746261562688629
215 159 -242274122729800496252750288647398662561938734765361569332487
159 215 -242274122729800496252750288647398662561938734765361569332487
215 183 538536917989782844118026089349340670051496217748368475045
183 215 538536917989782844118026089349340670051496217748368475045
215 207 575036330653764258243254064886514234695047882123715955
207 215 575036330653764258243254064886514234695047882123715955
214 10 12805906355689721859550220793213172212620158922915840
10 214 12805906355689721859550220793213172212620158922915840
214 34 -66666818330292346134286508409977668062473792736505576640479232
34 214 -66666818330292346134286508409977668062473792736505576640479232
214 58 27950939516593833380286893229900803021503960436409300147272102400
58 214 27950939516593833380286893229900803021503960436409300147272102400
214 82 -32156188332286566067898296278347763366648681141735495785537196068
82 214 -32156188332286566067898296278347763366648681141735495785537196068
214 106 6022301620157656391390579401876668286580368286400062513998428368
106 214 6022301620157656391390579401876668286580368286400062513998428368
214 130 -171689708030974854913020410824056331587318643759382193780551920
130 214 -171689708030974854913020410824056331587318643759382193780551920
214 154 1150762537099228259684003276312990884661026746813637896724575
154 214 1150762537099228259684003276312990884661026746813637896724575
214 178 -7159543768370142998164012329629857130109116863426586785729
178 214 -7159543768370142998164012329629857130109116863426586785729
214 202 -1605851398682296235234739990158009473137186890903240466
202 214 -1605851398682296235234739990158009473137186890903240466
213 5 222317947903668247525003431787250813197352960
5 213 222317947903668247525003431787250813197352960
213 29 -22355529087905981105180213525166600817673585583494734364540928
29 213 -22355529087905981105180213525166600817673585583494734364540928
213 53 53849419596835575722097055259155753803008210631606104380102129664
53 213 53849419596835575722097055259155753803008210631606104380102129664
213 77 -7010505469136979167848597048031374096523123222824882383207234380
77 213 -7010505469136979167848597048031374096523123222824882383207234380
213 101 5951467884705887404330262087666504330553538396332202916513737136
101 213 5951467884705887404330262087666504330553538396332202916513737136
213 125 -523349765578851605815082634412432819813032527026887101996185344
125 213 -523349765578851605815082634412432819813032527026887101996185344
213 149 6647743239308490327369518369540903408556820284314433734879372
149 213 6647743239308490327369518369540903408556820284314433734879372
213 173 -83402474565787812595364726424670479771062706543250855359
173 213 -83402474565787812595364726424670479771062706543250855359
213 197 22327155792973867810000688640072365286909858270805405191
197 213 22327155792973867810000688640072365286909858270805405191
212 24 881902274116691558803322442197366079429636573451287131062272
24 212 881902274116691558803322442197366079429636573451287131062272
212 48 19585722519690547210632997314270276773125430797872936893760479232
48 212 19585722519690547210632997314270276773125430797872936893760479232
212 72 44387360220863746711330834875245441247060489981800798825006637612
72 212 44387360220863746711330834875245441247060489981800798825006637612
212 96 -10406993848550929564020304569643523103024521124138416112418365580
96 212 -10406993848550929564020304569643523103024521124138416112418365580
212 120 796476709983540231098955361926537993896168499368186504926511170
120 212 796476709983540231098955361926537993896168499368186504926511170
212 144 -11794451940135320628882149772607765647710460128892424405570667
144 212 -11794451940135320628882149772607765647710460128892424405570667
212 168 36605256875821962355249772684717918829495670510832048866749
168 212 36605256875821962355249772684717918829495670510832048866749
212 192 -115321484138738220639935444573186834684975985313300278508
192 212 -115321484138738220639935444573186834684975985313300278508
211 19 -28778058571482359964191813667899350647605162161390487601152
19 211 -28778058571482359964191813667899350647605162161390487601152
211 43 637225140514763973785169499213920861601885029268704582493208576
43 211 637225140514763973785169499213920861601885029268704582493208576
211 67 41783585110332674578930662536619932115369121070666514547017980080
67 211 41783585110332674578930662536619932115369121070666514547017980080
211 91 23579079673914954858471294194120908918693643162016010573451049968
91 211 23579079673914954858471294194120908918693643162016010573451049968
211 115 -94732301739449349822004969986407664108879104907729861379269384
115 211 -94732301739449349822004969986407664108879104907729861379269384
211 139 -27386371774589705142595196521236058283960528701391702660579816
139 211 -27386371774589705142595196521236058283960528701391702660579816
211 163 267443984214845333489274273803928665299820119489111719533213
163 211 267443984214845333489274273803928665299820119489111719533213
211 187 -1305007584464440284347510354902428272044960147947199323902
187 211 -1305007584464440284347510354902428272044960147947199323902
211 211 -780565980524033020702295513437752766804146918079875380
210 14 151163738534955914974416478864081109179779060482030174208
14 210 151163738534955914974416478864081109179779060482030174208
210 38 -78525851578184949793644764565703184571700884019166326982967296
38 210 -78525851578184949793644764565703184571700884019166326982967296
210 62 -58844823128390759056319765956397370216809639065211352635114304896
62 210 -58844823128390759056319765956397370216809639065211352635114304896
210 86 119114832614707981715661122038653663386982525268952589244695673398
86 210 119114832614707981715661122038653663386982525268952589244695673398
210 110 -21852597032527901168309201780007373903970482293144853725923714248
110 210 -21852597032527901168309201780007373903970482293144853725923714248
210 134 359224860890354778548621062164583086571020059061572791248644140
134 210 359224860890354778548621062164583086571020059061572791248644140
210 158 -1137947967546971947179850740436172492498954249858414376163143
158 210 -1137947967546971947179850740436172492498954249858414376163143
210 182 14649493289524550976321833428639080899313689030718214525610
182 210 14649493289524550976321833428639080899313689030718214525610
210 206 -689512775266136347036257603339283608636273504286166042
206 210 -689512775266136347036257603339283608636273504286166042
209 9 4384968082575820653494302889319126324670673625022464
9 209 4384968082575820653494302889319126324670673625022464
209 33 -206532077793972199067306613081849984237844897814274169230065664
33 209 -206532077793972199067306613081849984237844897814274169230065664
209 57 -251200883725820311480023499390993287207952067110845380423823282176
57 209 -251200883725820311480023499390993287207952067110845380423823282176
209 81 15142437942040068475944443764174227326083720778457474296772120028
81 209 15142437942040068475944443764174227326083720778457474296772120028
209 105 -24522884779148977715021313537967069278439922389446794460026264548
105 209 -24522884779148977715021313537967069278439922389446794460026264548
209 129 1203400931949336477530848288352293300272646184737152305975773154
129 209 1203400931949336477530848288352293300272646184737152305975773154
209 153 -12141162317787161148944789175913626889609937691440013779022122
153 209 -12141162317787161148944789175913626889609937691440013779022122
209 177 11806381719874813887590131456306007743942810328863910971931
177 209 11806381719874813887590131456306007743942810328863910971931
209 201 -26666053837827927507658120711221330002634613609295943242
201 209 -26666053837827927507658120711221330002634613609295943242
208 4 985296838185146350690936939568829177004032
4 208 985296838185146350690936939568829177004032
208 28 75905679092407509081661086209800533651700000021893963841536000
28 208 75905679092407509081661086209800533651700000021893963841536000
208 52 -160396715985889038343349401864610066735147753000445539805416087552
52 208 -160396715985889038343349401864610066735147753000445539805416087552
208 76 -215006786665409908927945951264252565477111662291131460093686352074
76 208 -215006786665409908927945951264252565477111662291131460093686352074
208 100 62011386372048126905176271593527675519725017701015300421341875320
100 208 62011386372048126905176271593527675519725017701015300421341875320
208 124 -1963792277215072161030984580802713254289183970200861207463315528
124 208 -1963792277215072161030984580802713254289183970200861207463315528
208 148 20741152194073577649763666059237652818885860299429434413814425
148 208 20741152194073577649763666059237652818885860299429434413814425
208 172 -201744776139869926377985178146309633231350472913312584675655
172 208 -201744776139869926377985178146309633231350472913312584675655
208 196 78286723275097658191173881852758962976974318667566904553
196 208 78286723275097658191173881852758962976974318667566904553
207 23 -1776628342822097260676986398068663031341244943713777584439296
23 207 -1776628342822097260676986398068663031341244943713777584439296
207 47 25244666460216701689192518978582293421509612756186200229651447808
47 207 25244666460216701689192518978582293421509612756186200229651447808
207 71 56084043753095833342788776384250992772184985782599059065657875040
71 207 56084043753095833342788776384250992772184985782599059065657875040
207 95 28343943133329055873988100341336477596725974204043532705800913744
95 207 28343943133329055873988100341336477596725974204043532705800913744
207 119 -6315985786437467197295096999040680709684159908244343057591210344
119 207 -6315985786437467197295096999040680709684159908244343057591210344
207 143 110759562981193347114406611009249553264119584052477122916999051
143 207 110759562981193347114406611009249553264119584052477122916999051
207 167 -165907439825642456069520296642977096118976922057820664980664
167 207 -165907439825642456069520296642977096118976922057820664980664
207 191 2810673313433811339871536202118564425311920242675765848915
191 207 2810673313433811339871536202118564425311920242675765848915
206 18 -5581002213325821523524975916278149300825718142288533651456
18 206 -5581002213325821523524975916278149300825718142288533651456
206 42 31084668996608952903264202734574956028507823633155029229849542656
42 206 31084668996608952903264202734574956028507823633155029229849542656
206 66 226378750452234710484439468853247176863095914482484982645920043264
66 206 226378750452234710484439468853247176863095914482484982645920043264
206 90 -211216725609284692587881010954739689603269495900335949094937531804
90 206 -211216725609284692587881010954739689603269495900335949094937531804
206 114 33270598335925519773131734033689178940909532878513498852957001800
114 206 33270598335925519773131734033689178940909532878513498852957001800
206 138 -345591710695651898713844428162844529208776282800080824152158640
138 206 -345591710695651898713844428162844529208776282800080824152158640
206 162 1611359168551161224695438193678010296954507569133893517100417
162 206 1611359168551161224695438193678010296954507569133893517100417
206 186 -20019322388885292157566681999267919931527661703119622012860
186 206 -20019322388885292157566681999267919931527661703119622012860
205 13 143434609792414284502837225601082258890029963019926110208
13 205 143434609792414284502837225601082258890029963019926110208
205 37 5762219581222231246363803920435699718865428821154305166805041152
37 205 5762219581222231246363803920435699718865428821154305166805041152
205 61 325737145994520843752884108374349672838677800657877670640626604032
61 205 325737145994520843752884108374349672838677800657877670640626604032
205 85 58931860750924088399069231752724596239900724994835691801084891352
85 205 58931860750924088399069231752724596239900724994835691801084891352
205 109 23936658103327825778969255353459859460843073080130395104571006552
109 205 23936658103327825778969255353459859460843073080130395104571006552
205 133 -1103520983809596873823722015224651854506826788034331394762410096
133 205 -1103520983809596873823722015224651854506826788034331394762410096
205 157 12849600972256479093841254654089445713379108733755407360670974
157 205 12849600972256479093841254654089445713379108733755407360670974
205 181 -67637159780947957966425288122642639446160360525825807190491
181 205 -67637159780947957966425288122642639446160360525825807190491
205 205 12261038668830232611351101116713585988768846478870763698
204 8 1010157737327710033427078204279712902939921415667712
8 204 1010157737327710033427078204279712902939921415667712
204 32 1988525976999297433322979076318856172693900152419545867664490496
32 204 1988525976999297433322979076318856172693900152419545867664490496
204 56 607669279072014674934172307087090187347595067286303820980968501248
56 204 607669279072014674934172307087090187347595067286303820980968501248
204 80 968540896664828851694473426593248540358507455494823749598356747001
80 204 968540896664828851694473426593248540358507455494823749598356747001
204 104 -312256416360361844050032438292165787533336640770964152485177802160
104 204 -312256416360361844050032438292165787533336640770964152485177802160
204 128 5532138134902549099819999766540195985000807860070193745865656420
128 204 5532138134902549099819999766540195985000807860070193745865656420
204 152 -46315515313675795436296477238863531077950320089137393458184172
152 204 -46315515313675795436296477238863531077950320089137393458184172
204 176 553742910747926317782023421419703553681034708419172185072270
176 204 553742910747926317782023421419703553681034708419172185072270
204 200 -67491538305908979055370460031939621058475808540924124150
200 204 -67491538305908979055370460031939621058475808540924124150
203 3 349730341877574786497785002242860908544
3 203 349730341877574786497785002242860908544
203 27 -148544027606076510691768112285498510572152016784111726709702656
27 203 -148544027606076510691768112285498510572152016784111726709702656
203 51 -57357762567173640658961141697034023314308348641582606236685434880
51 203 -57357762567173640658961141697034023314308348641582606236685434880
203 75 -121139503536320547807555550113393818608669766227659794374176960224
75 203 -121139503536320547807555550113393818608669766227659794374176960224
203 99 -272414712391394530790653623777661764047220934334538186448556884248
99 203 -272414712391394530790653623777661764047220934334538186448556884248
203 123 23107976644906600864914595235914507857537010174259094032702533252
123 203 23107976644906600864914595235914507857537010174259094032702533252
203 147 -255974666986376119317038350014252597988049365482385114902915737
147 203 -255974666986376119317038350014252597988049365482385114902915737
203 171 382420068752026332414813001307138461773581866974708240174473
171 203 382420068752026332414813001307138461773581866974708240174473
203 195 -4378620525766786879327656232396790271396244934969426877681
195 203 -4378620525766786879327656232396790271396244934969426877681
202 22 6742301998231275176759756008224717083776194119790684117401600
22 202 6742301998231275176759756008224717083776194119790684117401600
202 46 -357057164842244086337429040180792255324770027212489964646254510080
46 202 -357057164842244086337429040180792255324770027212489964646254510080
202 70 -2057996053266340228345490961814256855465515593071071730274380548352
70 202 -2057996053266340228345490961814256855465515593071071730274380548352
202 94 655716705084298041941270374958752084103917089416322572414140354096
94 202 655716705084298041941270374958752084103917089416322572414140354096
202 118 -22576169352668046939604521957801601079691906810902311039972287248
118 202 -22576169352668046939604521957801601079691906810902311039972287248
202 142 255379487063083861445853077714445869359644633815823129916252244
142 202 255379487063083861445853077714445869359644633815823129916252244
202 166 -6194740426095254008836854154618681330915714342466539155739949
166 202 -6194740426095254008836854154618681330915714342466539155739949
202 190 18446886949764050545976738739794800057503964084844434548758
190 202 18446886949764050545976738739794800057503964084844434548758
201 17 -63016155789701535216375054321258833413843012027775407095808
17 201 -63016155789701535216375054321258833413843012027775407095808
201 41 -112188108762800795255610703122688834907068822354492107239391756288
41 201 -112188108762800795255610703122688834907068822354492107239391756288
201 65 552244706219445847844409780851549398885379301624128349628660997120
65 201 552244706219445847844409780851549398885379301624128349628660997120
201 89 61690129356876087025482223232150628321948786058015453885073079943
89 201 61690129356876087025482223232150628321948786058015453885073079943
201 113 -33032815234790287567778110003122167831262035258422388970546126260
113 201 -33032815234790287567778110003122167831262035258422388970546126260
201 137 441894539830890089447461052041869582516905289113500880849815484
137 201 441894539830890089447461052041869582516905289113500880849815484
201 161 -11263147638673017224665415445224089220151772050432623709488506
161 201 -11263147638673017224665415445224089220151772050432623709488506
201 185 183889402999987976010358799201129526770407631935928871068079
185 201 183889402999987976010358799201129526770407631935928871068079
200 12 106988805488316333099835002417750101192855419065175375872
12 200 106988805488316333099835002417750101192855419065175375872
200 36 -10295115313611635262109574735055024167459812600080069075406946304
36 200 -10295115313611635262109574735055024167459812600080069075406946304
200 60 1159989998606659417020490193091950492630748110891651264006194806784
60 200 1159989998606659417020490193091950492630748110891651264006194806784
200 84 -2177952021390718851918223466233754181584195783714854002802081824348
84 200 -2177952021390718851918223466233754181584195783714854002802081824348
200 108 646156363934525505825218547414901197106825040131719152865572004000
108 200 646156363934525505825218547414901197106825040131719152865572004000
200 132 -8423144785886221523962218294169238524401987961653937988739354530
132 200 -8423144785886221523962218294169238524401987961653937988739354530
200 156 96689314158022786556575104190895839166580993446654541870449282
156 200 96689314158022786556575104190895839166580993446654541870449282
200 180 -903526532509472484970984299576204575372313767095260557088668
180 200 -903526532509472484970984299576204575372313767095260557088668
199 7 -66862662659355010915021739103156264111608835342336
7 199 -66862662659355010915021739103156264111608835342336
199 31 -6991765179226865925701061035420009501144899168129892732213657600
31 199 -6991765179226865925701061035420009501144899168129892732213657600
199 55 -610629166114691578963946676840871605198430218679544477678175977472
55 199 -610629166114691578963946676840871605198430218679544477678175977472
199 79 -471454886007392707192553854021796769919205799958685534408679130816
79 199 -471454886007392707192553854021796769919205799958685534408679130816
199 103 386011739714674500779251071769993853337225044602549806955188628416
103 199 386011739714674500779251071769993853337225044602549806955188628416
199 127 -27973895529784692574656529369297960664383534030173088408565236388
127 199 -27973895529784692574656529369297960664383534030173088408565236388
199 151 340922196155513791075348835533316492826382906640832104975181944
151 199 340922196155513791075348835533316492826382906640832104975181944
199 175 -2183956028781177320316066241609200448940437796971704028448593
175 199 -2183956028781177320316066241609200448940437796971704028448593
199 199 4726481633730193164886322697000286572672974162249750858634
198 2 2514891353858804903750777270435840
2 198 2514891353858804903750777270435840
198 26 325949163472555588509782307039386817336826263704316410746372096
26 198 325949163472555588509782307039386817336826263704316410746372096
198 50 1113601742898842046009866133706198007009562065464355099314001281024
50 198 1113601742898842046009866133706198007009562065464355099314001281024
198 74 7623349287341310829802311810473834456766881617212965711660523097472
74 198 7623349287341310829802311810473834456766881617212965711660523097472
198 98 -3233029871792952430245830060918646927740534383895624066427230104696
98 198 -3233029871792952430245830060918646927740534383895624066427230104696
198 122 19762433260560262096486456143990146372309733993527060129447590416
122 198 19762433260560262096486456143990146372309733993527060129447590416
198 146 -897439928234164300752122151019785188466704708098589473981115484
146 198 -897439928234164300752122151019785188466704708098589473981115484
198 170 16037951530393726597474368224231618986031238755654857149043119
170 198 16037951530393726597474368224231618986031238755654857149043119
198 194 -8253811863401836455840581505152056630995862180787977683136
194 198 -8253811863401836455840581505152056630995862180787977683136
197 21 -2476831833538351856543349332290194361832352184436504083300352
21 197 -2476831833538351856543349332290194361832352184436504083300352
197 45 905433575192223248327723151971022284769663044008830916690211504128
45 197 905433575192223248327723151971022284769663044008830916690211504128
197 69 1687590055179216952095397139906939038322655316094636285230887303168
69 197 1687590055179216952095397139906939038322655316094636285230887303168
197 93 -1027926278548548752975436122342013305201488390056979231400754316752
93 197 -1027926278548548752975436122342013305201488390056979231400754316752
197 117 171244758426152356492768153193815091927480216631114227701735536736
117 197 171244758426152356492768153193815091927480216631114227701735536736
197 141 -1610859527338805927505397320525154324776053381684551111534605048
141 197 -1610859527338805927505397320525154324776053381684551111534605048
197 165 22324681620747384276540042000929626425948273923988489355318764
165 197 22324681620747384276540042000929626425948273923988489355318764
197 189 -306657192174329297366195939472715763337846630793578027715980
189 197 -306657192174329297366195939472715763337846630793578027715980
196 16 48412645569180993289056635580552569242214410954426026033152
16 196 48412645569180993289056635580552569242214410954426026033152
196 40 55922533446659460863620258408087340788897681418057614074541244416
40 196 55922533446659460863620258408087340788897681418057614074541244416
196 64 -15309692075329642478571201641073785329506866787200805969422944624640
64 196 -15309692075329642478571201641073785329506866787200805969422944624640
196 88 6223459023975137270661503258508724394496566877337433945041111822648
88 196 6223459023975137270661503258508724394496566877337433945041111822648
196 112 -372433707699911008455234723198667759348577635012945596579213284552
112 196 -372433707699911008455234723198667759348577635012945596579213284552
196 136 8210170697761764427792726034226976421205177788810063577882220016
136 196 8210170697761764427792726034226976421205177788810063577882220016
196 160 -195313080360324804060720842263477890614775081000431393288864617
160 196 -195313080360324804060720842263477890614775081000431393288864617
196 184 929183530145867271732914983373831834799564222170633966932578
184 196 929183530145867271732914983373831834799564222170633966932578
195 11 31129384863675473350953624795386854806282128374773055488
11 195 31129384863675473350953624795386854806282128374773055488
195 35 -50373169581905397662501725637370485162521431160256892838248185856
35 195 -50373169581905397662501725637370485162521431160256892838248185856
195 59 -3929860276138617905137410975873712552024910365375258583344050569216
59 195 -3929860276138617905137410975873712552024910365375258583344050569216
195 83 -493521034855008696203857785857205026575590288464123631080584639544
83 195 -493521034855008696203857785857205026575590288464123631080584639544
195 107 -6715754327277213625574420060586419094362772236385747138148683576
107 195 -6715754327277213625574420060586419094362772236385747138148683576
195 131 -2068999697541788271551885900040800545293942461433841495027389860
131 195 -2068999697541788271551885900040800545293942461433841495027389860
195 155 -365556568893369027421825583534331887924683304708258935730981403
155 195 -365556568893369027421825583534331887924683304708258935730981403
195 179 6330559507874417370884210539057314933304101341922865656187023
179 195 6330559507874417370884210539057314933304101341922865656187023
194 6 38381500397247761585760215674377809931193708183552
6 194 38381500397247761585760215674377809931193708183552
194 30 12995642901852162795244929810442265877555806945907897274734739456
30 194 12995642901852162795244929810442265877555806945907897274734739456
194 54 6007127514133637876055943695451312559665893061527485949984081182720
54 194 6007127514133637876055943695451312559665893061527485949984081182720
194 78 -13517870438994220325624384701103340134609247737621500742076002035456
78 194 -13517870438994220325624384701103340134609247737621500742076002035456
194 102 7687171931129597741369965837655351579159417296208508233439609614184
102 194 7687171931129597741369965837655351579159417296208508233439609614184
194 126 -93111212868773378903173387983532294602332062964571787807093246200
126 194 -93111212868773378903173387983532294602332062964571787807093246200
194 150 2761004662262647461316003731365973378918636052403418290782027960
150 194 2761004662262647461316003731365973378918636052403418290782027960
194 174 -25237552138409355556337473132332866540836544451964474626329791
174 194 -25237552138409355556337473132332866540836544451964474626329791
193 1 17799098326571310385201152
1 193 17799098326571310385201152
193 25 -816607077909923834222371523685747782231327452353624884058783744
25 193 -816607077909923834222371523685747782231327452353624884058783744
193 49 -2053783311125813935291863647419888818795906815611284366892365512704
49 193 -2053783311125813935291863647419888818795906815611284366892365512704
193 73 -12072488793044456887537302627389905366371145298952197413606937583616
73 193 -12072488793044456887537302627389905366371145298952197413606937583616
193 97 1729781598157315546205120144087798171360594094617573895835457759312
97 193 1729781598157315546205120144087798171360594094617573895835457759312
193 121 -331729338798550096075869818537092698300960202200456974413335518328
121 193 -331729338798550096075869818537092698300960202200456974413335518328
193 145 5943242605293112529116551787921248366455044363210272444598724684
145 193 5943242605293112529116551787921248366455044363210272444598724684
193 169 -69839021581742360933380136906353702478201084802735785029432951
169 193 -69839021581742360933380136906353702478201084802735785029432951
193 193 354955961215702584666981466162386026618185042735974922911968
192 20 12928206074714062212604479836969279356965471438199423624019968
20 192 12928206074714062212604479836969279356965471438199423624019968
192 44 -492027909285817732594186713345112890880169348886137973564449488896
44 192 -492027909285817732594186713345112890880169348886137973564449488896
192 68 37392261473763244614265573787989739478241958883951051859594414981120
68 192 37392261473763244614265573787989739478241958883951051859594414981120
192 92 -28289400724058942735881900193624915203577831133749851158098885147299
92 192 -28289400724058942735881900193624915203577831133749851158098885147299
192 116 -587196776496764940482270074331351160977792167470104743040695089484
116 192 -587196776496764940482270074331351160977792167470104743040695089484
192 140 -14997139015440417932386427910147213218828888418231110923292918964
140 192 -14997139015440417932386427910147213218828888418231110923292918964
192 164 346605723807902477687636761993254470874243453117806229056930731
164 192 346605723807902477687636761993254470874243453117806229056930731
192 188 -410852088029356607985756057729466141127761876851987007497155
188 192 -410852088029356607985756057729466141127761876851987007497155
191 15 -42364346525711618012467629295229055646305281792645026283520
15 191 -42364346525711618012467629295229055646305281792645026283520
191 39 658694194004974168668355008935299679474511429824644457183995494400
39 191 658694194004974168668355008935299679474511429824644457183995494400
191 63 45908788534715946199577877029661147709264833158754149264168378040320
63 191 45908788534715946199577877029661147709264833158754149264168378040320
191 87 8223410228388390023803488978736106441611907120455833851206034534016
87 191 8223410228388390023803488978736106441611907120455833851206034534016
191 111 132490899802921204213804828560279265530378460240687582498900813136
111 191 132490899802921204213804828560279265530378460240687582498900813136
191 135 21681624033628562102798350539131859128717454417809720149078254252
135 191 21681624033628562102798350539131859128717454417809720149078254252
191 159 652348431273514653524895238149028515025130962922625161767062981
159 191 652348431273514653524895238149028515025130962922625161767062981
191 183 -10997840839113380379269122755103125540669639203001743920448076
183 191 -10997840839113380379269122755103125540669639203001743920448076
190 10 14365883582517596335823864825357169744758164851531972608
10 190 14365883582517596335823864825357169744758164851531972608
190 34 317991786685882258374663977066581020756917754149660964298453680128
34 190 317991786685882258374663977066581020756917754149660964298453680128
190 58 -30021860841645268063879770442158335369460250078120697162739597967360
58 190 -30021860841645268063879770442158335369460250078120697162739597967360
190 82 41965869125395074684241303997360133382650693722644644634504982662144
82 190 41965869125395074684241303997360133382650693722644644634504982662144
190 106 -4402390989758315911434016429546336558891172525982984695642004801552
106 190 -4402390989758315911434016429546336558891172525982984695642004801552
190 130 253497646991045209552680622259417172555689155963012402498846368160
130 190 253497646991045209552680622259417172555689155963012402498846368160
190 154 -5046053584100117847078031357675228525064729623385599696479734076
154 190 -5046053584100117847078031357675228525064729623385599696479734076
190 178 24806622381536792010010438465897972715995695694703563854643506
178 190 24806622381536792010010438465897972715995695694703563854643506
189 5 -2691127663041809744152230435241656709200004251648
5 189 -2691127663041809744152230435241656709200004251648
189 29 -20726917070767939204279826573247877622988419157998164404066058240
29 189 -20726917070767939204279826573247877622988419157998164404066058240
189 53 -30720607586963129451200928248452603048196123229782626198320291250176
53 189 -30720607586963129451200928248452603048196123229782626198320291250176
189 77 -14512098884264476607481907374764276529523698792470288745370067836928
77 189 -14512098884264476607481907374764276529523698792470288745370067836928
189 101 254410063070317563819119080075568694593043763094588640104984099696
101 189 254410063070317563819119080075568694593043763094588640104984099696
189 125 129594727381527097777809675885906609178412400273495906953904012436
125 189 129594727381527097777809675885906609178412400273495906953904012436
189 149 -11320104721485001253600289294345663342254681009214822674527363552
149 189 -11320104721485001253600289294345663342254681009214822674527363552
189 173 163397662351019995392211141185294012573781956160901901947983063
173 189 163397662351019995392211141185294012573781956160901901947983063
188 24 729117591120688474436217129984459893411766613226106700150341632
24 188 729117591120688474436217129984459893411766613226106700150341632
188 48 6788299713551089880964481570451757070438995028190973460951943086080
48 188 6788299713551089880964481570451757070438995028190973460951943086080
188 72 -42627046803664607494227167517259870629988438524470952396465625415680
72 188 -42627046803664607494227167517259870629988438524470952396465625415680
188 96 68896170607289710048291825216976096353645013799957179736849888481730
96 188 68896170607289710048291825216976096353645013799957179736849888481730
188 120 -43453951571281610264337813294068391684689285878991708214304739808
120 188 -43453951571281610264337813294068391684689285878991708214304739808
188 144 42700208327950434173117064369116613279931590111220991846118267576
144 188 42700208327950434173117064369116613279931590111220991846118267576
188 168 -469829571208161675638949497142333776570330225418551122338037737
168 188 -469829571208161675638949497142333776570330225418551122338037737
187 19 -15738387117867957373284182260880064533841412628996070888701952
19 187 -15738387117867957373284182260880064533841412628996070888701952
187 43 -2290054442718501815730757916693450102001556717767052282261105803264
43 187 -2290054442718501815730757916693450102001556717767052282261105803264
187 67 -84949572282518896261634598712949921313393836394124977782124698664960
67 187 -84949572282518896261634598712949921313393836394124977782124698664960
187 91 -13838252785258524369640961152702385370884752756940591166683662074496
91 187 -13838252785258524369640961152702385370884752756940591166683662074496
187 115 -1545044217174315395377691407977222565341992598564066611437827494512
115 187 -1545044217174315395377691407977222565341992598564066611437827494512
187 139 51114558290639111024830423839688044645641670069118661049635687022
139 187 51114558290639111024830423839688044645641670069118661049635687022
187 163 -1573158200075741837291022920434559206880331891520376207449948804
163 187 -1573158200075741837291022920434559206880331891520376207449948804
187 187 13030692906963659316556142466446609365730847873354898873664750
186 14 60382889211589031649291807800547971097912094956362200514560
14 186 60382889211589031649291807800547971097912094956362200514560
186 38 -1755974525127688303870342788820799968313100743388922750078107516928
38 186 -1755974525127688303870342788820799968313100743388922750078107516928
186 62 -2684060439371936626255197785558485132691947311846510344835648454656
62 186 -2684060439371936626255197785558485132691947311846510344835648454656
186 86 -206913911794748955535733123898793403375394200569319940251342726700544
86 186 -206913911794748955535733123898793403375394200569319940251342726700544
186 110 -12322712188169460140276400935482158084169154898797679092891688551280
110 186 -12322712188169460140276400935482158084169154898797679092891688551280
186 134 -415403059540385699421110588454744705539940971437334731569462555760
134 186 -415403059540385699421110588454744705539940971437334731569462555760
186 158 6457303614424735448660855734827074824979843445966827183626299394
158 186 6457303614424735448660855734827074824979843445966827183626299394
186 182 -10525295094761345974187925063416673272340280231893958426887778
182 186 -10525295094761345974187925063416673272340280231893958426887778
185 9 -125900616666652346007567843046682381946329317664358400
9 185 -125900616666652346007567843046682381946329317664358400
185 33 -788238979853529820831674629878395141430675425371659135313824972800
33 185 -788238979853529820831674629878395141430675425371659135313824972800
185 57 148727163967297449416276812754222155823671322727714407295906194915328
57 185 148727163967297449416276812754222155823671322727714407295906194915328
185 81 139476332744393999764814655374162823192177118379283551461661124734976
81 185 139476332744393999764814655374162823192177118379283551461661124734976
185 105 -1856515217733156550114730385454567071228624536431455443298644056426
105 185 -1856515217733156550114730385454567071228624536431455443298644056426
185 129 224747656729425979470648687443088984243274558754157540601532138578
129 185 224747656729425979470648687443088984243274558754157540601532138578
185 153 16790704870502936991172851543300821997236852866104775966448794498
153 185 16790704870502936991172851543300821997236852866104775966448794498
185 177 -265672356848540835504452956233909687116637958363406408175502043
177 185 -265672356848540835504452956233909687116637958363406408175502043
184 4 17674831306288693086023547370032892709519228928
4 184 17674831306288693086023547370032892709519228928
184 28 33089169133287610192739012406009697826952346671226899376308748288
28 184 33089169133287610192739012406009697826952346671226899376308748288
184 52 48393990046028267860182970238588443739986416542853711595493419646976
52 184 48393990046028267860182970238588443739986416542853711595493419646976
184 76 253998638579909127803602008447089358928793672503358670525816321310720
76 184 253998638579909127803602008447089358928793672503358670525816321310720
184 100 -39063437097141424601752107660276583315282116380017730498579102389600
100 184 -39063437097141424601752107660276583315282116380017730498579102389600
184 124 4505020825586032501771880225339390330055119865917082549211495124964
124 184 4505020825586032501771880225339390330055119865917082549211495124964
184 148 -81666886206464670361993392512487514458418975989214359131073990718
148 184 -81666886206464670361993392512487514458418975989214359131073990718
184 172 431455362754534069708646527829332828584445959188609063674379551
172 184 431455362754534069708646527829332828584445959188609063674379551
183 23 -1756467618095379194712804116462786084231194505518583264172834816
23 183 -1756467618095379194712804116462786084231194505518583264172834816
183 47 -40180706169025843449411511614190752995095957430836543969350339526656
47 183 -40180706169025843449411511614190752995095957430836543969350339526656
183 71 -195017699646042518465094028088656013903578346171013625168322138472448
71 183 -195017699646042518465094028088656013903578346171013625168322138472448
183 95 -2035280504562540510552952640604549556744350104756709120839872797568
95 183 -2035280504562540510552952640604549556744350104756709120839872797568
183 119 1883874331789744909112374804873765594244865169179676163481841774280
119 183 1883874331789744909112374804873765594244865169179676163481841774280
183 143 -191750509121550244259467163911868864106301052971485722597859791606
143 183 -191750509121550244259467163911868864106301052971485722597859791606
183 167 3044817043305327674643558205028689970052094318406125416726303261
167 183 3044817043305327674643558205028689970052094318406125416726303261
182 18 22161724187706726777654170757579331665194310368579905566801920
18 182 22161724187706726777654170757579331665194310368579905566801920
182 42 5436292717666695742478419169627605462857116355589284797142689382400
42 182 5436292717666695742478419169627605462857116355589284797142689382400
182 66 -51913711894452898876572025772630114751284752224309889351607874748416
66 182 -51913711894452898876572025772630114751284752224309889351607874748416
182 90 491979003592294255447677813609942501066202706957344526940135015307776
90 182 491979003592294255447677813609942501066202706957344526940135015307776
182 114 10305653786933783474779364097203793347371588547101785667383081526884
114 182 10305653786933783474779364097203793347371588547101785667383081526884
182 138 521403359575930170373528125117655394513683885501926982732349730068
138 182 521403359575930170373528125117655394513683885501926982732349730068
182 162 -6343562281524571900879349340990070288646949721922687663978638754
162 182 -6343562281524571900879349340990070288646949721922687663978638754
181 13 -60344185940381763921175593614777022453898569367752932327424
13 181 -60344185940381763921175593614777022453898569367752932327424
181 37 -503156111229780579896708405151334399105313938057428832020118634496
37 181 -503156111229780579896708405151334399105313938057428832020118634496
181 61 9305776680543243457347621049951705207408820431937354594594125250560
61 181 9305776680543243457347621049951705207408820431937354594594125250560
181 85 -197638010733913344398976548746236852908659222836505501161056577748992
85 181 -197638010733913344398976548746236852908659222836505501161056577748992
181 109 -2930301203639074166490008996700839673727805073227275323855791175408
109 181 -2930301203639074166490008996700839673727805073227275323855791175408
181 133 309553388010990018999778302383313747034289548543631840495074854732
133 181 309553388010990018999778302383313747034289548543631840495074854732
181 157 -26126923018103111346645848882140201035115706192949643124673524468
157 181 -26126923018103111346645848882140201035115706192949643124673524468
181 181 310982150957758977166022331517266687220494644641479607538080230
180 8 246759589468896038940543151851264635034768213027061760
8 180 246759589468896038940543151851264635034768213027061760
180 32 1236451261027211570682927436820415911719011936174195939813919555584
32 180 1236451261027211570682927436820415911719011936174195939813919555584
180 56 -269295389035957609074826423002846015233522890169568559354110273388544
56 180 -269295389035957609074826423002846015233522890169568559354110273388544
180 80 -1279002281412042113228932867244711065736546880597869168579288277647360
80 180 -1279002281412042113228932867244711065736546880597869168579288277647360
180 104 -125896208752907689837599663926462934079915011668361044623793849204368
104 180 -125896208752907689837599663926462934079915011668361044623793849204368
180 128 -9183636766446196505364070152169703671506877922997629261431786422092
128 180 -9183636766446196505364070152169703671506877922997629261431786422092
180 152 99473223838015359952635224563268663749260069787943765162522919990
152 180 99473223838015359952635224563268663749260069787943765162522919990
180 176 -177269339922788332873963328675980860313291654318069439390315946
176 180 -177269339922788332873963328675980860313291654318069439390315946
179 3 -5352028799810025982716044800023445840592896
3 179 -5352028799810025982716044800023445840592896
179 27 -16649758705457999551943888648038482938208998649220134208150700032
27 179 -16649758705457999551943888648038482938208998649220134208150700032
179 51 25015322713654138116277316160311896943414389558721217887185311629312
51 179 25015322713654138116277316160311896943414389558721217887185311629312
179 75 803565888443153701765818402012104926115919376857392560866140636708864
75 179 803565888443153701765818402012104926115919376857392560866140636708864
179 99 14852121741865252400917843083636536569828996291451643546389152451408
99 179 14852121741865252400917843083636536569828996291451643546389152451408
179 123 168098553435538783329580799149317931990435638245973494809547685852
123 179 168098553435538783329580799149317931990435638245973494809547685852
179 147 279755468205616617312191627984385517237585533287939651965732480058
147 179 279755468205616617312191627984385517237585533287939651965732480058
179 171 -4425580560121857755642098606723335497127600346055078025614990643
171 179 -4425580560121857755642098606723335497127600346055078025614990643
178 22 2813163084059793858453335080252620041444484403030974922743611392
22 178 2813163084059793858453335080252620041444484403030974922743611392
178 46 152803211676944125466459968493395840506750211653842990575587766042624
46 178 152803211676944125466459968493395840506750211653842990575587766042624
178 70 1578710235914608677064692046725557331317324064070057987669604006100992
70 178 1578710235914608677064692046725557331317324064070057987669604006100992
178 94 -281753023344532218331777051490965539769035041662911020521088307299328
94 178 -281753023344532218331777051490965539769035041662911020521088307299328
178 118 53397173887813663383852413153345908115219484299736583361751010729128
118 178 53397173887813663383852413153345908115219484299736583361751010729128
178 142 -654531962373074689275718211784970270341569593471011289752727246744
142 178 -654531962373074689275718211784970270341569593471011289752727246744
178 166 4660297175420637916846395698835624719970286547530563897218430006
166 178 4660297175420637916846395698835624719970286547530563897218430006
177 17 -6877061116337089936580742034079959170214422193779570852757504
17 177 -6877061116337089936580742034079959170214422193779570852757504
177 41 -12722888669046813678630399684156186910091632849115326093566813405184
41 177 -12722888669046813678630399684156186910091632849115326093566813405184
177 65 -897851419073464717354665913141878059716321759884290362309220784668672
65 177 -897851419073464717354665913141878059716321759884290362309220784668672
177 89 3438466215565933376294103071020246576313739385029502534732125990912
89 177 3438466215565933376294103071020246576313739385029502534732125990912
177 113 8529473397799754541238663204798056140859740366955475759561134588512
113 177 8529473397799754541238663204798056140859740366955475759561134588512
177 137 -1897408135274471811167746776668817773635052774881790090413349705644
137 177 -1897408135274471811167746776668817773635052774881790090413349705644
177 161 41548735094412403175875977246834464849738305159250105206371384324
161 177 41548735094412403175875977246834464849738305159250105206371384324
176 12 27632232457161311975461130900193740416450838309363548946432
12 176 27632232457161311975461130900193740416450838309363548946432
176 36 11380620718251459672813899853751456030457059632908099653802244702208
36 176 11380620718251459672813899853751456030457059632908099653802244702208
176 60 -736266571669628982013633466737184607826099364163118714365354855890944
60 176 -736266571669628982013633466737184607826099364163118714365354855890944
176 84 2646656466675816471860095170211435303349555364379521650137382928384000
84 176 2646656466675816471860095170211435303349555364379521650137382928384000
176 108 122766202079658485317982518804212876130484209108878831456195388984954
108 176 122766202079658485317982518804212876130484209108878831456195388984954
176 132 6915547008374864960697473913540714940668409791649869073681043251602
132 176 6915547008374864960697473913540714940668409791649869073681043251602
176 156 -77920525375776239931116608302263215571148492360347088570380046024
156 176 -77920525375776239931116608302263215571148492360347088570380046024
175 7 213597824408625074743364828571840098172533964265226240
7 175 213597824408625074743364828571840098172533964265226240
175 31 -1031412576341399818223317657574737746991276267087304885583944351744
31 175 -1031412576341399818223317657574737746991276267087304885583944351744
175 55 602102444356367962348922440100389534758620949549612014511750452871168
55 175 602102444356367962348922440100389534758620949549612014511750452871168
175 79 -784356412729846195125264559422172674812905818689712786786582742695936
79 175 -784356412729846195125264559422172674812905818689712786786582742695936
175 103 23442409629112593331920071973606717389822440585818202590846329403264
103 175 23442409629112593331920071973606717389822440585818202590846329403264
175 127 737997933867042364859956670490182302863855805536086940280615588488
127 175 737997933867042364859956670490182302863855805536086940280615588488
175 151 -302388008523461339335083876714587413670817706177545817186738169446
151 175 -302388008523461339335083876714587413670817706177545817186738169446
175 175 4989232085442709764661472301862999503664478345148685289304136410
174 2 16432216726855133876982100888047845376
2 174 16432216726855133876982100888047845376
174 26 23316952625451509501083022182685620879580635741609889440154517504
26 174 23316952625451509501083022182685620879580635741609889440154517504
174 50 -237866450542444821584613156112234298123791096668136135326655024463872
50 174 -237866450542444821584613156112234298123791096668136135326655024463872
174 74 -5728527196494994123865247391418253024682438110254164535128546147827712
74 174 -5728527196494994123865247391418253024682438110254164535128546147827712
174 98 -788653580042845448977689659870858117386825913523051461945068067281920
98 174 -788653580042845448977689659870858117386825913523051461945068067281920
174 122 -126834123932011413485278386602443114096457006280988501227611539989936
122 174 -126834123932011413485278386602443114096457006280988501227611539989936
174 146 880163403206411580557899799982224723759193850976769683115184844504
146 174 880163403206411580557899799982224723759193850976769683115184844504
174 170 -1718395572505277442626385321803577748128380717526191009421898166
170 174 -1718395572505277442626385321803577748128380717526191009421898166
173 21 -5465956435581861738232862493852068238409464194305981582206304256
21 173 -5465956435581861738232862493852068238409464194305981582206304256
173 45 -330906801504381498982465582828747605983387470851924939286089165701120
45 173 -330906801504381498982465582828747605983387470851924939286089165701120
173 69 661022709706940266216326089128748466731145678843972117130334200397824
69 173 661022709706940266216326089128748466731145678843972117130334200397824
173 93 -67835340699095656557468072222862983951553771643232042239437216325632
93 173 -67835340699095656557468072222862983951553771643232042239437216325632
173 117 -4449628383050269484494107969515799623944444005650539104297944083912
117 173 -4449628383050269484494107969515799623944444005650539104297944083912
173 141 3089354192709431320262793698475626716567790419402276266294102325802
141 173 3089354192709431320262793698475626716567790419402276266294102325802
173 165 -57427013138987025211495066987536710370848007784685322604309245548
165 173 -57427013138987025211495066987536710370848007784685322604309245548
172 16 21431851044939577738875190081514935917562176438642014787993600
16 172 21431851044939577738875190081514935917562176438642014787993600
172 40 82461624401894660293476136168944935782479473814920578665593073303552
40 172 82461624401894660293476136168944935782479473814920578665593073303552
172 64 5942694454333147354878096445158828563587770145666358399457760626343936
64 172 5942694454333147354878096445158828563587770145666358399457760626343936
172 88 -1525488466738835490632641426221743142291773993013025163588457613524992
88 172 -1525488466738835490632641426221743142291773993013025163588457613524992
172 112 483955753690549704764973610685542505607518444582243735801311615701084
112 172 483955753690549704764973610685542505607518444582243735801311615701084
172 136 289734084710797785123337247843435611161650059593973832738598073940
136 172 289734084710797785123337247843435611161650059593973832738598073940
172 160 36765631155008424134687658350070772452822028153593070094990815396
160 172 36765631155008424134687658350070772452822028153593070094990815396
171 11 -19561443903808803579084556259690097208666088602149828165632
11 171 -19561443903808803579084556259690097208666088602149828165632
171 35 -35483972325715426423125483400133974168167537898366912661479416135680
35 171 -35483972325715426423125483400133974168167537898366912661479416135680
171 59 498920287715639417647423169557228007368771694923747494339992015077376
59 171 498920287715639417647423169557228007368771694923747494339992015077376
171 83 1082419289613608143020953108582307195494794371347984841786855465287680
83 171 1082419289613608143020953108582307195494794371347984841786855465287680
171 107 -68235787182398036329909305638384449126877922935643806076489076708096
107 171 -68235787182398036329909305638384449126877922935643806076489076708096
171 131 -9154778015044652663227549850262352212632819869074707536312554996408
131 171 -9154778015044652663227549850262352212632819869074707536312554996408
171 155 384408288241561853549685400415739537326646251594932179924843270278
155 171 384408288241561853549685400415739537326646251594932179924843270278
170 6 -23587883493042275720630835900083105143113863395278848
6 170 -23587883493042275720630835900083105143113863395278848
170 30 -1679876559387332171395077394731646108269295577647374029004495388672
30 170 -1679876559387332171395077394731646108269295577647374029004495388672
170 54 -2391685564695245930311711964875190369115976524580577522429615048491008
54 170 -2391685564695245930311711964875190369115976524580577522429615048491008
170 78 8721687730172859455407845286527416124285788586905042643309560279859200
78 170 8721687730172859455407845286527416124285788586905042643309560279859200
170 102 659561842363762142385879302221042774231781667014514282712517217720576
102 170 659561842363762142385879302221042774231781667014514282712517217720576
170 126 80163382564428178004531438713555610116764432031320681619480121718236
126 170 80163382564428178004531438713555610116764432031320681619480121718236
170 150 -1014314649625215203085136417994721536347325847321785809192258086084
150 170 -1014314649625215203085136417994721536347325847321785809192258086084
169 1 -22706147548283148694965977088
1 169 -22706147548283148694965977088
169 25 -35011354715401195528611795669423289864512228393556755169635467264
25 169 -35011354715401195528611795669423289864512228393556755169635467264
169 49 485116803113640250961794979825249043917290587401785981369265552359424
49 169 485116803113640250961794979825249043917290587401785981369265552359424
169 73 198668036057489682877917366816934805601264032615455494251257547194368
73 169 198668036057489682877917366816934805601264032615455494251257547194368
169 97 791062639193249482433378000884337953455100210464802105056167677190144
97 169 791062639193249482433378000884337953455100210464802105056167677190144
169 121 981585149508982053977990124461284039830721161422990084638722724292
121 169 981585149508982053977990124461284039830721161422990084638722724292
169 145 -3103307705865534607326666786543101261978720996699699573337670615732
145 169 -3103307705865534607326666786543101261978720996699699573337670615732
169 169 64215130247615477379943836590264792318104745249969349933520029248
168 20 4998726923244276833777589041968912840394370468236922349745602560
20 168 4998726923244276833777589041968912840394370468236922349745602560
168 44 385887846216408819863170712402709004194275404821375877058190588772352
44 168 385887846216408819863170712402709004194275404821375877058190588772352
168 68 -11828833776007949869850282919983444250050785299008525094306785907441664
68 168 -11828833776007949869850282919983444250050785299008525094306785907441664
168 92 -2405157996530749196215378224461214355365036717957549027494687086526464
92 168 -2405157996530749196215378224461214355365036717957549027494687086526464
168 116 -1201926937769274835294410671771145091561001807781565451907276265595840
116 168 -1201926937769274835294410671771145091561001807781565451907276265595840
168 140 318042137097403772973588975506341234871585778490909391794504593412
140 168 318042137097403772973588975506341234871585778490909391794504593412
168 164 -8105058118464495581516945777830421549439631067736680314815079268
164 168 -8105058118464495581516945777830421549439631067736680314815079268
167 15 -14449726626350035382958280820701126253665082109937597246603264
15 167 -14449726626350035382958280820701126253665082109937597246603264
167 39 -293346616992613437565366037557300028076946014194865294529553762353152
39 167 -293346616992613437565366037557300028076946014194865294529553762353152
167 63 -7539125107801683641761183987478594158825293922318225773877930657579008
63 167 -7539125107801683641761183987478594158825293922318225773877930657579008
167 87 -5611348244108160417555026843854932932279671738568351013330470067765248
87 167 -5611348244108160417555026843854932932279671738568351013330470067765248
167 111 35597027064402155875952863756126396991555552045204312834383552671296
111 167 35597027064402155875952863756126396991555552045204312834383552671296
167 135 19374554205590972629422138163803924244530645737121756433372436954248
135 167 19374554205590972629422138163803924244530645737121756433372436954248
167 159 -554533482611709016015520056103304332507094878291468151685778259028
159 167 -554533482611709016015520056103304332507094878291468151685778259028
166 10 7106518910307959558855678356087764239371171445049579798528
10 166 7106518910307959558855678356087764239371171445049579798528
166 34 65559248093548678988675023856701363875063509163485184062138445987840
34 166 65559248093548678988675023856701363875063509163485184062138445987840
166 58 5607496931937688299696281968826682487892147649968415319341420431540224
58 166 5607496931937688299696281968826682487892147649968415319341420431540224
166 82 -5918207338785812496935687804105942913434755219037175425262495268339712
82 166 -5918207338785812496935687804105942913434755219037175425262495268339712
166 106 3417419128820074456566554441814138119374046995183141335152064686664192
106 166 3417419128820074456566554441814138119374046995183141335152064686664192
166 130 67947533576533188457395841555458120628753474544842799622231543281152
130 166 67947533576533188457395841555458120628753474544842799622231543281152
166 154 808880975973583982937171147529963500326276487537348529089142862352
154 166 808880975973583982937171147529963500326276487537348529089142862352
165 5 568737426846152528029307956984453254636380541157376
5 165 568737426846152528029307956984453254636380541157376
165 29 6588084398026844902312474112453287930876574055760639796370978373632
29 165 6588084398026844902312474112453287930876574055760639796370978373632
165 53 6428717439481443160140925803068833344893260174163805791270928472080384
53 165 6428717439481443160140925803068833344893260174163805791270928472080384
165 77 13245582223998907207741807261732161631675555319894440531913521955340288
77 165 13245582223998907207741807261732161631675555319894440531913521955340288
165 101 -964543657876349393465535900095367984253370966619994195702702988431360
101 165 -964543657876349393465535900095367984253370966619994195702702988431360
165 125 -19907778984967289839077487798114370762355523808745518397521602173984
125 165 -19907778984967289839077487798114370762355523808745518397521602173984
165 149 3167430069175089301165550751037537966999022832391048772466072520764
149 165 3167430069175089301165550751037537966999022832391048772466072520764
164 24 264512801200113584611314018057676420300653279891797970865472143360
24 164 264512801200113584611314018057676420300653279891797970865472143360
164 48 -1268463204502954203989746658767648157115994193524765464233674169909248
48 164 -1268463204502954203989746658767648157115994193524765464233674169909248
164 72 13362661802363210901837091481399704055802700486295928521437142025502720
72 164 13362661802363210901837091481399704055802700486295928521437142025502720
164 96 -177987385635969475642727683252504132340487314960350036845792214253568
96 164 -177987385635969475642727683252504132340487314960350036845792214253568
164 120 727535396965988881167568621310541937882605662974083648532029769659636
120 164 727535396965988881167568621310541937882605662974083648532029769659636
164 144 -12682276924547463528827393568722871397829831416500863244520641163582
144 164 -12682276924547463528827393568722871397829831416500863244520641163582
163 19 -6671456378401088563345884236853428020131129261551324888475631616
19 163 -6671456378401088563345884236853428020131129261551324888475631616
163 43 -394890572059334272113577349000831807084369172633795097305190437486592
43 163 -394890572059334272113577349000831807084369172633795097305190437486592
163 67 -1494970181143564960727278069686765017185148540742379500002484026343424
67 163 -1494970181143564960727278069686765017185148540742379500002484026343424
163 91 10870106973750889548214102213823453537925863905704574137576178264571904
91 163 10870106973750889548214102213823453537925863905704574137576178264571904
163 115 -7852681196071856431823920995690272318645769291383920677109781794336
115 163 -7852681196071856431823920995690272318645769291383920677109781794336
163 139 -23182136281400464754316942368440443279440076703565542897149812819176
139 163 -23182136281400464754316942368440443279440076703565542897149812819176
163 163 649451697775249898381760833685678324793621567104198423751754079868
162 14 367536169567136744930818173055823465055046957460841746661376
14 162 367536169567136744930818173055823465055046957460841746661376
162 38 721631259291696471551082824148741634559623500072482237377050363035648
38 162 721631259291696471551082824148741634559623500072482237377050363035648
162 62 -17361030374858711538872380407478048419530964418784898115107408576512
62 162 -17361030374858711538872380407478048419530964418784898115107408576512
162 86 5180603304656309347021345559410152930622762907999157650573909142011904
86 162 5180603304656309347021345559410152930622762907999157650573909142011904
162 110 -8117383931648730463057816742556359302173248401983264078567138559355904
110 162 -8117383931648730463057816742556359302173248401983264078567138559355904
162 134 -84604499121420276319202496354824127615787650473595121774332476545264
134 162 -84604499121420276319202496354824127615787650473595121774332476545264
162 158 -301410138937367372328954084873422835689254048027579181636620237616
158 162 -301410138937367372328954084873422835689254048027579181636620237616
161 9 -1492549605716655186376004150487855864407579419701118238720
9 161 -1492549605716655186376004150487855864407579419701118238720
161 33 -48093427652222980252155917863983701174862621050057036948315198980096
33 161 -48093427652222980252155917863983701174862621050057036948315198980096
161 57 -13155862210565841496162988367796687297090133461789100350679671015211008
57 161 -13155862210565841496162988367796687297090133461789100350679671015211008
161 81 -48460939436819167817057373228188581982449455960967807568870183014498304
81 161 -48460939436819167817057373228188581982449455960967807568870183014498304
161 105 -86066459358995857064745369164450781179103046781938429342488415156224
105 161 -86066459358995857064745369164450781179103046781938429342488415156224
161 129 57043859639845136591676411079643552180269077924318103647892618376452
129 161 57043859639845136591676411079643552180269077924318103647892618376452
161 153 -4161205396805385343586754453568844174066893373920311351712963897942
153 161 -4161205396805385343586754453568844174066893373920311351712963897942
160 4 8551387423608128019963582754452750521995370692608
4 160 8551387423608128019963582754452750521995370692608
160 28 -13876026873026916111065677579357169517669358390477594624518046875648
28 160 -13876026873026916111065677579357169517669358390477594624518046875648
160 52 -9432530162541108547477851065622707030201585993317501312321366670704640
52 160 -9432530162541108547477851065622707030201585993317501312321366670704640
160 76 -32946967213969144101203611004796573653272565931797411863632856689410048
76 160 -32946967213969144101203611004796573653272565931797411863632856689410048
160 100 18452565301600389127257621402990142791905770970796370121570284031852544
100 160 18452565301600389127257621402990142791905770970796370121570284031852544
160 124 789484987315287446512874209917920952377909835630559155184004767843308
124 160 789484987315287446512874209917920952377909835630559155184004767843308
160 148 21169459677064043360015356400267133215740060386234340147888449774460
148 160 21169459677064043360015356400267133215740060386234340147888449774460
159 23 -456431815433333614632959103207531489292744990976529109356810076160
23 159 -456431815433333614632959103207531489292744990976529109356810076160
159 47 5328453019660135013675429412409316493347811013901291364954114116026368
47 159 5328453019660135013675429412409316493347811013901291364954114116026368
159 71 70242816485326067381651979323091348027938610567647381742432261538578432
71 159 70242816485326067381651979323091348027938610567647381742432261538578432
159 95 -4246560026837879939983267459429387769558217532161913879065526679502848
95 159 -4246560026837879939983267459429387769558217532161913879065526679502848
159 119 159262231879738318712619902384914966098844190469964147180172817391872
119 159 159262231879738318712619902384914966098844190469964147180172817391872
159 143 21683757710990199625140303489356626697043822975490153093598518422792
143 159 21683757710990199625140303489356626697043822975490153093598518422792
158 18 6627443142795213735778474268092560515813299796148632348981723136
18 158 6627443142795213735778474268092560515813299796148632348981723136
158 42 49394568317130314296240911320112325086783297052690101570928805675008
42 158 49394568317130314296240911320112325086783297052690101570928805675008
158 66 29411017693685368676582929543231373465283110873540877271081565955293184
66 158 29411017693685368676582929543231373465283110873540877271081565955293184
158 90 -24408545786271728639193484619555089836233736313784706742902651931852800
90 158 -24408545786271728639193484619555089836233736313784706742902651931852800
158 114 5130456484123403392290012077667559047472923650004523623646727789967104
114 158 5130456484123403392290012077667559047472923650004523623646727789967104
158 138 -135195865471290531605147906516633386143886315199466421452899333620884
138 158 -135195865471290531605147906516633386143886315199466421452899333620884
157 13 2079367773649619828283019817805479633820180691258711656628224
13 157 2079367773649619828283019817805479633820180691258711656628224
157 37 -1218272927276262462428827935063360597634405442165575460905219967156224
37 157 -1218272927276262462428827935063360597634405442165575460905219967156224
157 61 -30163548405479260136810964734684190268105582603842309205764954547814400
61 157 -30163548405479260136810964734684190268105582603842309205764954547814400
157 85 58665510958079027602326089879881956803233257158445552702199402621566976
85 157 58665510958079027602326089879881956803233257158445552702199402621566976
157 109 -377854942139925690808297815290973339066294172434476513423675181305856
109 157 -377854942139925690808297815290973339066294172434476513423675181305856
157 133 -81772445042719502827345515335518718935474857359220607185243875804032
133 157 -81772445042719502827345515335518718935474857359220607185243875804032
157 157 4856281715764389167768626223446398364981794840582832436564812667900
156 8 617617291740058811916897504340122415844624665358064680960
8 156 617617291740058811916897504340122415844624665358064680960
156 32 -52460451108882990231319941632401734277798184771540432798851941793792
32 156 -52460451108882990231319941632401734277798184771540432798851941793792
156 56 10211709513889969432123587125565543795257595679926995371186894778925056
56 156 10211709513889969432123587125565543795257595679926995371186894778925056
156 80 92813876431097205198285697203194440722691313642895415636237224740126720
80 156 92813876431097205198285697203194440722691313642895415636237224740126720
156 104 -37616176195363620885971231343287106238492171972598289454824597184888832
104 156 -37616176195363620885971231343287106238492171972598289454824597184888832
156 128 -1006490155209336914856213694192818200438337787926280659482606546307998
128 156 -1006490155209336914856213694192818200438337787926280659482606546307998
156 152 -10725038364064309165242739109887338978025516317519052956867536745580
152 156 -10725038364064309165242739109887338978025516317519052956867536745580
155 3 9542318980727509362513594877323589252999544832
3 155 9542318980727509362513594877323589252999544832
155 27 11435598558132107056316698334832952483426867640305366500210599002112
27 155 11435598558132107056316698334832952483426867640305366500210599002112
155 51 6459627796937909547219839545835206159149826924352016740246274296512512
51 155 6459627796937909547219839545835206159149826924352016740246274296512512
155 75 -161517738959322553121713507175333670352216351463288859698029095773274112
75 155 -161517738959322553121713507175333670352216351463288859698029095773274112
155 99 -7364531215709830495294216190135139835683620741256234290431005116923904
99 155 -7364531215709830495294216190135139835683620741256234290431005116923904
155 123 -456350877118761092733411288637148417442152623394544829183140947011616
123 155 -456350877118761092733411288637148417442152623394544829183140947011616
155 147 -20573235741726135751254915109053395642078890206918645932419512992436
147 155 -20573235741726135751254915109053395642078890206918645932419512992436
154 22 638094880839483425613456015290451095661766546052560637709063815168
22 154 638094880839483425613456015290451095661766546052560637709063815168
154 46 -11840421302334860255617137061379903780680011550990365221793346130804736
46 154 -11840421302334860255617137061379903780680011550990365221793346130804736
154 70 -184350420263206389212441897267451588557316335819405253863051274307502080
70 154 -184350420263206389212441897267451588557316335819405253863051274307502080
154 94 66452887172820555412977909041572655282438578100767923240657582334935040
94 154 66452887172820555412977909041572655282438578100767923240657582334935040
154 118 4348642148898124061273333859549319720240222370869939175822818769993728
118 154 4348642148898124061273333859549319720240222370869939175822818769993728
154 142 322471169738341877615669397238161533420609630811199433648422759767688
142 154 322471169738341877615669397238161533420609630811199433648422759767688
153 17 -5668823812244179733409438581095258849854172398674229262643363840
17 153 -5668823812244179733409438581095258849854172398674229262643363840
153 41 1200711764074868542768750656153786058245021938660787530664788428324864
41 153 1200711764074868542768750656153786058245021938660787530664788428324864
153 65 105722256422939616049785748998291471828683413956189768614196241347117056
65 153 105722256422939616049785748998291471828683413956189768614196241347117056
153 89 4339006853699156357261580619042364945164282020880903558979680699678720
89 153 4339006853699156357261580619042364945164282020880903558979680699678720
153 113 4687246343702862163572505523334324332868003772966250258592028158160896
113 153 4687246343702862163572505523334324332868003772966250258592028158160896
153 137 76019241013650071562682711596590266596064945505063135061984877841158
137 153 76019241013650071562682711596590266596064945505063135061984877841158
152 12 -4670155796371045659107021582413793124398911119945540172775424
12 152 -4670155796371045659107021582413793124398911119945540172775424
152 36 679799088501958100235208771174582151509690158361306072514308190765056
36 152 679799088501958100235208771174582151509690158361306072514308190765056
152 60 128546249809704215405079520722979986614019542261376728708877986721431552
60 152 128546249809704215405079520722979986614019542261376728708877986721431552
152 84 -141316919472086889931363312160428855279413422862067834887685718650388480
84 152 -141316919472086889931363312160428855279413422862067834887685718650388480
152 108 28326080546303446879016853149862768396977806506597863725797553158561792
108 152 28326080546303446879016853149862768396977806506597863725797553158561792
152 132 -1196724439636819354743255107847344794809063958834913767517062090589756
132 152 -1196724439636819354743255107847344794809063958834913767517062090589756
151 7 -62434934738801529558913355898884057899069676009274998784
7 151 -62434934738801529558913355898884057899069676009274998784
151 31 320696844429920176046930493482240286435111610230465535032313635667968
31 151 320696844429920176046930493482240286435111610230465535032313635667968
151 55 -14548960520557800526076824902587850664521735797947442297285824506494976
55 151 -14548960520557800526076824902587850664521735797947442297285824506494976
151 79 148112079247248877000522641387034181502892851979505545804081782889381888
79 151 148112079247248877000522641387034181502892851979505545804081782889381888
151 103 -10143445418344120942584735412496424862819599926677728149342612839858176
103 151 -10143445418344120942584735412496424862819599926677728149342612839858176
151 127 654179560341756022618764122684149751483798858873764857481951006432256
127 151 654179560341756022618764122684149751483798858873764857481951006432256
151 151 20687956316286945024518666337654882042109329044671730621227514433312
150 2 25192696444640062548485152775265172062208
2 150 25192696444640062548485152775265172062208
150 26 2058549533913387724753046690488668707904968647775430214606840135680
26 150 2058549533913387724753046690488668707904968647775430214606840135680
150 50 -17165457206495730316135821456404979461118139328710803876969369460277248
50 150 -17165457206495730316135821456404979461118139328710803876969369460277248
150 74 385714757358555803925912451973416831574316983757360897184090396410511360
74 150 385714757358555803925912451973416831574316983757360897184090396410511360
150 98 -108895419640154868789047614099880596089062286016468675872545192217149440
98 150 -108895419640154868789047614099880596089062286016468675872545192217149440
150 122 -5414687943770897684428959766708744167410409630310087793557278498896896
122 150 -5414687943770897684428959766708744167410409630310087793557278498896896
150 146 -175891646376871948543982489696081682871075131112526226682748666011076
146 150 -175891646376871948543982489696081682871075131112526226682748666011076
149 21 -608868164942917332466297113793699582413157674132039290498433679360
21 149 -608868164942917332466297113793699582413157674132039290498433679360
149 45 18841719005064771466589776942326058592100845911340088517524214939385856
45 149 18841719005064771466589776942326058592100845911340088517524214939385856
149 69 -116038246474272182609073679535386808570966363693559185116019030772154368
69 149 -116038246474272182609073679535386808570966363693559185116019030772154368
149 93 -45469661205372206271007766429841456635508066967218490230079759061090304
93 149 -45469661205372206271007766429841456635508066967218490230079759061090304
149 117 -9919771753262577986264134739867609213199690617406339293886687720574976
117 149 -9919771753262577986264134739867609213199690617406339293886687720574976
149 141 -53466978352833476213335192333209491611496515643986247174627018419928
141 149 -53466978352833476213335192333209491611496515643986247174627018419928
148 16 1355458976834366750982413798742127061055267590144252018883035136
16 148 1355458976834366750982413798742127061055267590144252018883035136
148 40 -3820723990820907321963750611331106212870492888684107737880502625894400
40 148 -3820723990820907321963750611331106212870492888684107737880502625894400
148 64 -422509694947142959095004518455498585428153422112689778712245095351975936
64 148 -422509694947142959095004518455498585428153422112689778712245095351975936
148 88 137743807193219838346194967905049376445466248081268819619862827767955456
88 148 137743807193219838346194967905049376445466248081268819619862827767955456
148 112 1186750810975427727865189367166712263318118644096916818897297710858240
112 148 1186750810975427727865189367166712263318118644096916818897297710858240
148 136 3141107123309383515337738608080162020553037614112139499782884576230008
136 148 3141107123309383515337738608080162020553037614112139499782884576230008
147 11 4254761529418776809445880578537220108257697651104591871213568
11 147 4254761529418776809445880578537220108257697651104591871213568
147 35 1895298223956904336847742844352961166754048060621226662268630244261888
35 147 1895298223956904336847742844352961166754048060621226662268630244261888
147 59 -134592699511638067955137614629846648101206152413961278698683734106832896
59 147 -134592699511638067955137614629846648101206152413961278698683734106832896
147 83 -59310081151707572023354997773549496237727549495997222353660943481700352
83 147 -59310081151707572023354997773549496237727549495997222353660943481700352
147 107 62174269776673892308344726377883820806473409327326497682664643154542592
107 147 62174269776673892308344726377883820806473409327326497682664643154542592
147 131 -608153928109200572501461692772722132768519564040505080495879022729264
131 147 -608153928109200572501461692772722132768519564040505080495879022729264
146 6 2431038466540577768105715087275953771352961389778960384
6 146 2431038466540577768105715087275953771352961389778960384
146 30 -560424102813472454535844510430800903340821576286103697723998469095424
30 146 -560424102813472454535844510430800903340821576286103697723998469095424
146 54 138803144297005663311894142201484461229033750699873274137592576337772544
54 146 138803144297005663311894142201484461229033750699873274137592576337772544
146 78 -371076273801629578594066570347809653821052722701698611472562071650959360
78 146 -371076273801629578594066570347809653821052722701698611472562071650959360
146 102 136682762292672638582398156830842655739395148481017146961389087638945792
102 146 136682762292672638582398156830842655739395148481017146961389087638945792
146 126 -8652535390162594022729466017064536713208724172765850972985557351736576
126 146 -8652535390162594022729466017064536713208724172765850972985557351736576
145 1 13468807119582891245721796739072
1 145 13468807119582891245721796739072
145 25 -32399473008056383550382223876769531347310356541492588533438289543168
25 145 -32399473008056383550382223876769531347310356541492588533438289543168
145 49 42069091616187067211998448763256319911944622461287690900818579297402880
49 145 42069091616187067211998448763256319911944622461287690900818579297402880
145 73 235247142255920534811458771250803679651120704254693425225892996235395072
73 145 235247142255920534811458771250803679651120704254693425225892996235395072
145 97 -107194998148330392963945173016249462204696719668792338257565580309561344
97 145 -107194998148330392963945173016249462204696719668792338257565580309561344
145 121 11869253776077037954210274492641506959073319272225557963340704163418112
121 145 11869253776077037954210274492641506959073319272225557963340704163418112
145 145 41693860600243882570007374166064642560522732196126046890096900819496
144 20 677060835821203953828326905285771538522388324784492460606683611136
20 144 677060835821203953828326905285771538522388324784492460606683611136
144 44 -35294030281062354071686890459365646198726681665255577721071549896720384
44 144 -35294030281062354071686890459365646198726681665255577721071549896720384
144 68 654147975371166286332625891353563967575008157202539498294283485401055232
68 144 654147975371166286332625891353563967575008157202539498294283485401055232
144 92 -251610240644071226781920496516968387970347528032561685880044732729524224
92 144 -251610240644071226781920496516968387970347528032561685880044732729524224
144 116 1302700593550965854099820443673973698034015348698764868790290814615552
116 144 1302700593550965854099820443673973698034015348698764868790290814615552
144 140 -1739618905409924961422983972197730088430577989553271675138361435421606
140 144 -1739618905409924961422983972197730088430577989553271675138361435421606
143 15 160404196471570108630044750747657749128172709220926247042809856
15 143 160404196471570108630044750747657749128172709220926247042809856
143 39 16528641429380345325111278055635744222012858954550977011610771211157504
39 143 16528641429380345325111278055635744222012858954550977011610771211157504
143 63 193721736866672969425779549000700872220545187308551517437818518053584896
63 143 193721736866672969425779549000700872220545187308551517437818518053584896
143 87 216205905886568417822707136098173980320815993696417262890049282919890944
87 143 216205905886568417822707136098173980320815993696417262890049282919890944
143 111 -101231958186702645502371223911649336248493356462973788693925145011879936
111 143 -101231958186702645502371223911649336248493356462973788693925145011879936
143 135 427735826822667809706681538665675932891972125151889977397016147359424
135 143 427735826822667809706681538665675932891972125151889977397016147359424
142 10 -1941505446459880575512185917800332181101568539932682784604160
10 142 -1941505446459880575512185917800332181101568539932682784604160
142 34 -7839222083735555682466931512992855290051203035220391446440582978732032
34 142 -7839222083735555682466931512992855290051203035220391446440582978732032
142 58 -302215673992810868711855151148848858884751725256204399149680748090359808
58 142 -302215673992810868711855151148848858884751725256204399149680748090359808
142 82 274211636251300068453833560901122858915490541105214007577665651716653056
82 142 274211636251300068453833560901122858915490541105214007577665651716653056
142 106 -171581626744327291345493874910159246548420419510864783540938931370459136
106 142 -171581626744327291345493874910159246548420419510864783540938931370459136
142 130 20638154863253880167402841423242338138919016371916763753499056625132032
130 142 20638154863253880167402841423242338138919016371916763753499056625132032
141 5 42656589136814930670101473342120129039828723391528960
5 141 42656589136814930670101473342120129039828723391528960
141 29 640299648606505791742516652482056255592217513255162662655029472657408
29 141 640299648606505791742516652482056255592217513255162662655029472657408
141 53 -238108458481337288806609424529961747113850777731947302708121018860306432
53 141 -238108458481337288806609424529961747113850777731947302708121018860306432
141 77 -951417401446955377818304729461840769544007327477024781433366093016072192
77 141 -951417401446955377818304729461840769544007327477024781433366093016072192
141 101 402129963705277337849230081732103612098257465841257226117546857686106112
101 141 402129963705277337849230081732103612098257465841257226117546857686106112
141 125 -11102083948026982208071835386550592868886437363450958383922441432469504
125 141 -11102083948026982208071835386550592868886437363450958383922441432469504
140 24 59301188588248393409826561453664175662412450468062907045899443109888
24 140 59301188588248393409826561453664175662412450468062907045899443109888
140 48 30039501739363355227239286334706769640409113423957676646953814591537152
48 140 30039501739363355227239286334706769640409113423957676646953814591537152
140 72 -810508565713999230648367780984387041480778936491278520385252079710502912
72 140 -810508565713999230648367780984387041480778936491278520385252079710502912
140 96 716390618363023271416166382206573150185880752519418603936564936668348416
96 140 716390618363023271416166382206573150185880752519418603936564936668348416
140 120 -51946606282946410614077004057488881245510989481987535849556546206031872
120 140 -51946606282946410614077004057488881245510989481987535849556546206031872
139 19 -300675285028147649857952653449347059306435688006341666998325346304
19 139 -300675285028147649857952653449347059306435688006341666998325346304
139 43 35490818338283475465235071165444331288525088698309142611569625131909120
43 139 35490818338283475465235071165444331288525088698309142611569625131909120
139 67 839909820028054380949135490382139762470551461756591193487007960329617408
67 139 839909820028054380949135490382139762470551461756591193487007960329617408
139 91 -797688519435242337706357428169127798669307468569289553775046698783997952
91 139 -797688519435242337706357428169127798669307468569289553775046698783997952
139 115 101689186905801838012880217261444342152518729619855755619128790736306176
115 139 101689186905801838012880217261444342152518729619855755619128790736306176
139 139 -333550884801951060560058993328517140484181857569008375120775206555968
138 14 -609453461202837647086035140488686103729847065664180333737672704
14 138 -609453461202837647086035140488686103729847065664180333737672704
138 38 -50231017992552221507733053118019674823888588843221548610281603051028480
38 138 -50231017992552221507733053118019674823888588843221548610281603051028480
138 62 991892597873446035455044552393630729092911009019020769237524576053755904
62 138 991892597873446035455044552393630729092911009019020769237524576053755904
138 86 -963618785472580675405268210306787608352423276543167033619683481344802816
86 138 -963618785472580675405268210306787608352423276543167033619683481344802816
138 110 230729555170141557373770085166540317985130112870454311810547015877656576
110 138 230729555170141557373770085166540317985130112870454311810547015877656576
138 134 -11257065368119804706814879340549227703748808391201678507695914624708864
134 138 -11257065368119804706814879340549227703748808391201678507695914624708864
137 9 464778972683851429723690846361364476098977885664508010037248
9 137 464778972683851429723690846361364476098977885664508010037248
137 33 14034937718366430148096769847721088979144798857800835002534718567612416
33 137 14034937718366430148096769847721088979144798857800835002534718567612416
137 57 102950109017083296564513532511668517081517036035899586374828234719100928
57 137 102950109017083296564513532511668517081517036035899586374828234719100928
137 81 2198805646621952620044147137778032084483414847160790665170450610917474304
81 137 2198805646621952620044147137778032084483414847160790665170450610917474304
137 105 -586689739658345300229497297010710056245836976305869216999239802018594816
105 137 -586689739658345300229497297010710056245836976305869216999239802018594816
137 129 10533496699763781504642516535835338568744391785942346717398790652127232
129 137 10533496699763781504642516535835338568744391785942346717398790652127232
136 4 -868026126606191115543517156360975585043995422621696
4 136 -868026126606191115543517156360975585043995422621696
136 28 -117474301511682210866536086506721378422552811756741024237137181016064
28 136 -117474301511682210866536086506721378422552811756741024237137181016064
136 52 -184804082467469829816882272709083687486878093498946119843447556825677824
52 136 -184804082467469829816882272709083687486878093498946119843447556825677824
136 76 1425321125678474576375223805655854680782671698285987012273758175808716800
76 136 1425321125678474576375223805655854680782671698285987012273758175808716800
136 100 -1370142989933278371031961336754785727372018178669862973443600654257881088
100 136 -1370142989933278371031961336754785727372018178669862973443600654257881088
136 124 86710106837254321602622899815494177651671287342015857245751090276188160
124 136 86710106837254321602622899815494177651671287342015857245751090276188160
135 23 -80370050262363949183592490005289418442704786020499114381019990458368
23 135 -80370050262363949183592490005289418442704786020499114381019990458368
135 47 -59752156485668192817310716564695638140840165588198780515401618033737728
47 135 -59752156485668192817310716564695638140840165588198780515401618033737728
135 71 -3654635495044488654231605133369526102277948118896629078024452767362318336
71 135 -3654635495044488654231605133369526102277948118896629078024452767362318336
135 95 1519358736439789654335382649229798180450309682421560563297946209779449856
95 135 1519358736439789654335382649229798180450309682421560563297946209779449856
135 119 -103790348506729326220592767009998044102623980171789886176168264360394752
119 135 -103790348506729326220592767009998044102623980171789886176168264360394752
134 18 -143361942350895831404003630302163995860413631368132652069728288768
18 134 -143361942350895831404003630302163995860413631368132652069728288768
134 42 -2884318555080027856670626520428519496913617460574399716339858098094080
42 134 -2884318555080027856670626520428519496913617460574399716339858098094080
134 66 -2898445826291164972268274599155187201149621604305550430165066593020674048
66 134 -2898445826291164972268274599155187201149621604305550430165066593020674048
134 90 2964606182130399052182415286907706267415539422499805939379257088189399040
90 134 2964606182130399052182415286907706267415539422499805939379257088189399040
134 114 -265896499511352414197550001158808282424233386920322219164895303718404096
114 134 -265896499511352414197550001158808282424233386920322219164895303718404096
133 13 331421168107701938096724224041431106378970689159724582731513856
13 133 331421168107701938096724224041431106378970689159724582731513856
133 37 109131399372527902406800526213874521802300942589026389244280327660109824
37 133 109131399372527902406800526213874521802300942589026389244280327660109824
133 61 1169068025048312637627471373228971174874303814098050641318126223229976576
61 133 1169068025048312637627471373228971174874303814098050641318126223229976576
133 85 -2928499365936857325491199840814554110213466379991590218190490682259406848
85 133 -2928499365936857325491199840814554110213466379991590218190490682259406848
133 109 634153616850993994709249822219750423754582694145652565604802325530017792
109 133 634153616850993994709249822219750423754582694145652565604802325530017792
133 133 -10592233633938915852553557164879299605559976470871926078068487389855744
132 8 -54834296219815167192253534843243520996568428412621664813056
8 132 -54834296219815167192253534843243520996568428412621664813056
132 32 -16668357623290995977260409561075725015467571360909539102644265684041728
32 132 -16668357623290995977260409561075725015467571360909539102644265684041728
132 56 1407679905585030637154477177364347966024938374106027454128611011384573952
56 132 1407679905585030637154477177364347966024938374106027454128611011384573952
132 80 -3182777977113995567130870737614835938990020023929230556057365796557422592
80 132 -3182777977113995567130870737614835938990020023929230556057365796557422592
132 104 1668883762546732705243110931706464037752706031007406743984922133622947840
104 132 1668883762546732705243110931706464037752706031007406743984922133622947840
132 128 -43929757139207410340834259394098540453992514836558040911329430509895680
128 132 -43929757139207410340834259394098540453992514836558040911329430509895680
131 3 -3048586585029939338558525206962788744907408277504
3 131 -3048586585029939338558525206962788744907408277504
131 27 -687944805121939737612008156753020149444039353125645662957073778868224
27 131 -687944805121939737612008156753020149444039353125645662957073778868224
131 51 44134670130553264951022528413680467225533704928627554107628996899373056
51 131 44134670130553264951022528413680467225533704928627554107628996899373056
131 75 6674674571561397276595155765780968756687473226410572585816241260866830336
75 131 6674674571561397276595155765780968756687473226410572585816241260866830336
131 99 -2253610259237438420282376189423129949001552669558871240165761425860460544
99 131 -2253610259237438420282376189423129949001552669558871240165761425860460544
131 123 136354378442518866938650769934543885895823962076620762372930401007763456
123 131 136354378442518866938650769934543885895823962076620762372930401007763456
130 22 71923943340100453762824727940243361870928655222154709092841998516224
22 130 71923943340100453762824727940243361870928655222154709092841998516224
130 46 111204897193548205208828882096038509612361979745665139695700536935317504
46 130 111204897193548205208828882096038509612361979745665139695700536935317504
130 70 5061107161398448212154152310908054844994783153506147300575513747967180800
70 130 5061107161398448212154152310908054844994783153506147300575513747967180800
130 94 -5418158779393397935736518460319396276119832503880886873431996045799194624
94 130 -5418158779393397935736518460319396276119832503880886873431996045799194624
130 118 212043294565619199623081793298094751829531423548990692809544266508402688
118 130 212043294565619199623081793298094751829531423548990692809544266508402688
129 17 387499162423823440588343859151179618914444649789011552189259186176
17 129 387499162423823440588343859151179618914444649789011552189259186176
129 41 -1076065151745444529905405229125357807540456375146088967291353360760832
41 129 -1076065151745444529905405229125357807540456375146088967291353360760832
129 65 -4539756440147789264296736359924993007720446610120565341414826280566652928
65 129 -4539756440147789264296736359924993007720446610120565341414826280566652928
129 89 3140107016469981768072136155792143103692904209758349900128661959738392576
89 129 3140107016469981768072136155792143103692904209758349900128661959738392576
129 113 -806162610502367924295429836852669002183650839824815210993744913950048256
113 129 -806162610502367924295429836852669002183650839824815210993744913950048256
128 12 359885453425635644615510837460443551101388676251753218712797184
12 128 359885453425635644615510837460443551101388676251753218712797184
128 36 -167083873511704674805160220118926544840578722040397814275145412705779712
36 128 -167083873511704674805160220118926544840578722040397814275145412705779712
128 60 -4082621731831552828731818589948280275107367998860876973662187672221777920
60 128 -4082621731831552828731818589948280275107367998860876973662187672221777920
128 84 6644439074902042308532456420283042722607060207817145247095077360266903552
84 128 6644439074902042308532456420283042722607060207817145247095077360266903552
128 108 -1307289485062879144992168458674463256491721624403892939916397234234589184
108 128 -1307289485062879144992168458674463256491721624403892939916397234234589184
127 7 3787420870526095003212663513162337188395275825759958073344
7 127 3787420870526095003212663513162337188395275825759958073344
127 31 6036947694488335884230336960684090674972898012983854986219862588653568
31 127 6036947694488335884230336960684090674972898012983854986219862588653568
127 55 433462393095195539408046979048180223276485255543418584454067369038315520
55 127 433462393095195539408046979048180223276485255543418584454067369038315520
127 79 -7064142840638896772115955680630011135709524692621753072286657273147686912
79 127 -7064142840638896772115955680630011135709524692621753072286657273147686912
127 103 3506696247120702474677826257592197560396478302333230718604501195847368704
103 127 3506696247120702474677826257592197560396478302333230718604501195847368704
127 127 -159130639262167504249442344089891581623723453336218253281355781501747200
126 2 11278150852079527229871125545754873422675968
2 126 11278150852079527229871125545754873422675968
126 26 1721555564340713313355407411477104856761333251286324341155997763502080
26 126 1721555564340713313355407411477104856761333251286324341155997763502080
126 50 102896768923298252903017898594328907239126205237473233155226642054905856
50 126 102896768923298252903017898594328907239126205237473233155226642054905856
126 74 -5004748088487847789534103920982779525834561348958312833061827733065039872
74 126 -5004748088487847789534103920982779525834561348958312833061827733065039872
126 98 6933476961074208151362565594114083647158337864906866463639685645683654656
98 126 6933476961074208151362565594114083647158337864906866463639685645683654656
126 122 -79012859461597232451801339625058555838923813166141716990950175569608704
122 126 -79012859461597232451801339625058555838923813166141716990950175569608704
125 21 -41019054399994520363391186110869253069814132223938676816312994365440
21 125 -41019054399994520363391186110869253069814132223938676816312994365440
125 45 -642122118546890351939786135580181659479451958757466126519559609712115712
45 125 -642122118546890351939786135580181659479451958757466126519559609712115712
125 69 8524262881620651016275009862001765017007443477895955856574613220107485184
69 125 8524262881620651016275009862001765017007443477895955856574613220107485184
125 93 -5603630355833298135732392339352418092408764207739327296512490146734538752
93 125 -5603630355833298135732392339352418092408764207739327296512490146734538752
125 117 1162941002126110786354979916697156887525919038198709017244133247477088256
117 125 1162941002126110786354979916697156887525919038198709017244133247477088256
124 16 -281251123678517312210431395606701135156504969602937072342293020672
16 124 -281251123678517312210431395606701135156504969602937072342293020672
124 40 51882402344128354947336336776867603952382780901804830584794234771996672
40 124 51882402344128354947336336776867603952382780901804830584794234771996672
124 64 6621426843491009916103686887451666869063556888075299996925827831019077632
64 124 6621426843491009916103686887451666869063556888075299996925827831019077632
124 88 -13421812682057838870054464251315394486552388916681660737078198575785050112
88 124 -13421812682057838870054464251315394486552388916681660737078198575785050112
124 112 616824935263905813527267936673340964727844975890912113086801427914817536
112 124 616824935263905813527267936673340964727844975890912113086801427914817536
123 11 -411151470399202474725831228079769212839599426285522642008014848
11 123 -411151470399202474725831228079769212839599426285522642008014848
123 35 179640823927136279707662691500504892230033517409800956125571023361802240
35 123 179640823927136279707662691500504892230033517409800956125571023361802240
123 59 -2703721700814505228783284736309168000406365442927330042730703515144945664
59 123 -2703721700814505228783284736309168000406365442927330042730703515144945664
123 83 6191980897039389928650578416574815051768064654471037629917099284211171328
83 123 6191980897039389928650578416574815051768064654471037629917099284211171328
123 107 -5576576825645898249286058075849817064227736713045227304560138328182095872
107 123 -5576576825645898249286058075849817064227736713045227304560138328182095872
122 6 185153449008169793798011351523941551804069389086205411328
6 122 185153449008169793798011351523941551804069389086205411328
122 30 17481579440354162257931920628404961220949511208855582444917422093762560
30 122 17481579440354162257931920628404961220949511208855582444917422093762560
122 54 -1905183733924661122020342361570583663895003878600597815419877257616818176
54 122 -1905183733924661122020342361570583663895003878600597815419877257616818176
122 78 7086832569381876902799579752690041016085359011035680461918932749273530368
78 122 7086832569381876902799579752690041016085359011035680461918932749273530368
122 102 -6811348134821795333669339765327876037619982286453559439302722672757047296
102 122 -6811348134821795333669339765327876037619982286453559439302722672757047296
121 1 -4286618537946802501820004484251648
1 121 -4286618537946802501820004484251648
121 25 -2361891181135601725811071777227274660421455439132259989639441600741376
25 121 -2361891181135601725811071777227274660421455439132259989639441600741376
121 49 673208360312927560893505679315706894338455657342674485562236917988196352
49 121 673208360312927560893505679315706894338455657342674485562236917988196352
121 73 -9409848653534830141723824724066493511922953813102977544073004816810377216
73 121 -9409848653534830141723824724066493511922953813102977544073004816810377216
121 97 13513326041519071828207793355305683803453447319411671057228083340108627968
97 121 13513326041519071828207793355305683803453447319411671057228083340108627968
121 121 -1361998926892760874891106495885587670197593056695703932767838572103335936
120 20 -10633067736319805364021858797463899119739991304428716396172961382400
20 120 -10633067736319805364021858797463899119739991304428716396172961382400
120 44 1283964521263968499908807048023699278750476224189203363938196660110229504
44 120 1283964521263968499908807048023699278750476224189203363938196660110229504
120 68 -4432790492157532371038737133536649279963859233370371031442820647996096512
68 120 -4432790492157532371038737133536649279963859233370371031442820647996096512
120 92 23818563973781595648412313540613819600170562558129391825033638588517974016
92 120 23818563973781595648412313540613819600170562558129391825033638588517974016
120 116 -135980310746032430702155406974948993706003369383728916764600584936357888
116 120 -135980310746032430702155406974948993706003369383728916764600584936357888
119 15 146607478990155065094075521173737068246123458739122903810075262976
15 119 146607478990155065094075521173737068246123458739122903810075262976
119 39 -194266172446042463203857921329329879549731368577054933166546968398266368
39 119 -194266172446042463203857921329329879549731368577054933166546968398266368
119 63 3807762864523009011253985783572487901259163919010804400588179181393674240
63 119 3807762864523009011253985783572487901259163919010804400588179181393674240
119 87 -12273123514204453189796364854842770828408985893271059412676891524498194432
87 119 -12273123514204453189796364854842770828408985893271059412676891524498194432
119 111 7707723229340986745365587374274981582569257038186777194897429946846674944
111 119 7707723229340986745365587374274981582569257038186777194897429946846674944
118 10 157433989396627536526548694701128556639790850079655848417689600
10 118 157433989396627536526548694701128556639790850079655848417689600
118 34 -96890938248864993037336409170998829520257779343713641569324981498675200
34 118 -96890938248864993037336409170998829520257779343713641569324981498675200
118 58 8173685017639265558564263945571581399793708281655591715623767592029650944
58 118 8173685017639265558564263945571581399793708281655591715623767592029650944
118 82 -27244756518183138251537595999855578794935036757372855959763488394964893696
82 118 -27244756518183138251537595999855578794935036757372855959763488394964893696
118 106 5003955989518203724078209245493518363000384703348130374747865561058770944
106 118 5003955989518203724078209245493518363000384703348130374747865561058770944
117 5 -346184818423551963522182356056296986735196114413158400
5 117 -346184818423551963522182356056296986735196114413158400
117 29 -46435308617710579699812554706802248149173804662138959099178077923573760
29 117 -46435308617710579699812554706802248149173804662138959099178077923573760
117 53 468829470008631490538644104938023626717651960784291052934707067372961792
53 117 468829470008631490538644104938023626717651960784291052934707067372961792
117 77 5837349095130909007935130636204484328718781687538325726207380294570344448
77 117 5837349095130909007935130636204484328718781687538325726207380294570344448
117 101 -26154779246599596210315621895341372326193929027723439021827687777946304512
101 117 -26154779246599596210315621895341372326193929027723439021827687777946304512
116 24 2310784003915237038961273317126329396605085468486950289598613467168768
24 116 2310784003915237038961273317126329396605085468486950289598613467168768
116 48 -533204021007799302456232468077575631201947158753510710948054630068649984
48 116 -533204021007799302456232468077575631201947158753510710948054630068649984
116 72 10303463826609567264560965719968814226333139272834433917344862492472377344
72 116 10303463826609567264560965719968814226333139272834433917344862492472377344
116 96 -32286442288524121682397567904351504439771829793487759714335474195661586432
96 116 -32286442288524121682397567904351504439771829793487759714335474195661586432
115 19 42960627472080190408864517983510376683172881331602621872737882210304
19 115 42960627472080190408864517983510376683172881331602621872737882210304
115 43 -2705945534551422211763207747942852559998587282625587615308654255691268096
43 115 -2705945534551422211763207747942852559998587282625587615308654255691268096
115 67 -3714391168907276013646449755307056112687072393575611643226916709124276224
67 115 -3714391168907276013646449755307056112687072393575611643226916709124276224
115 91 38394408150812368756057052511845346144305639953852519427878518012130623488
91 115 38394408150812368756057052511845346144305639953852519427878518012130623488
115 115 -8618808885059026791571454514748607343327872173469678217714009368160108544
114 14 -38067167876044344672725239061349787285675329478573521550702542848
14 114 -38067167876044344672725239061349787285675329478573521550702542848
114 38 889812063651994834833829733566605090315291883814754775381434841474007040
38 114 889812063651994834833829733566605090315291883814754775381434841474007040
114 62 -15687918854660998357517286093381802657747979271842587062742917647739912192
62 114 -15687918854660998357517286093381802657747979271842587062742917647739912192
114 86 70535656773503186677470994146648471832716135720863074835140601650008293376
86 114 70535656773503186677470994146648471832716135720863074835140601650008293376
114 110 -1845113196375340850871710325960200541001180097803001102229070122303094784
110 114 -1845113196375340850871710325960200541001180097803001102229070122303094784
113 9 -28238904052150127798528596553906146126767084948553788062433280
9 113 -28238904052150127798528596553906146126767084948553788062433280
113 33 -121224532594638232064782543175664503420610068116843630833120227830530048
33 113 -121224532594638232064782543175664503420610068116843630833120227830530048
113 57 -6395341790384966957722340846765767631661531971975526798896972497294458880
57 113 -6395341790384966957722340846765767631661531971975526798896972497294458880
113 81 -13455209993208009780858442109499514426665208016363473720861285327134785536
81 113 -13455209993208009780858442109499514426665208016363473720861285327134785536
113 105 38015447543073481670493545993367783360397890850529685469489270198062022656
105 113 38015447543073481670493545993367783360397890850529685469489270198062022656
112 4 7101572621567343531363878918732480992876058636189696
4 112 7101572621567343531363878918732480992876058636189696
112 28 63476653342975982342228524267920107151923248406442349259668816092200960
28 112 63476653342975982342228524267920107151923248406442349259668816092200960
112 52 3044520988254434231345038535236708434257431233260826240222023078769590272
52 112 3044520988254434231345038535236708434257431233260826240222023078769590272
112 76 -56786106165466395802820547347161663263106995524521911530761027084542279680
76 112 -56786106165466395802820547347161663263106995524521911530761027084542279680
112 100 29649386763432644881862737367215013892309909903910825987370268234178625536
100 112 29649386763432644881862737367215013892309909903910825987370268234178625536
111 23 -1167036213723277074126128456714348334067153773669437739977046073802752
23 111 -1167036213723277074126128456714348334067153773669437739977046073802752
111 47 -581390228163228438318262836309613097403646971727116139824415500207652864
47 111 -581390228163228438318262836309613097403646971727116139824415500207652864
111 71 187805676688129631491178302635217632988151882327527330042835810000044032
71 111 187805676688129631491178302635217632988151882327527330042835810000044032
111 95 -89828814853181613113807045698262586899072804959485360989540601439604178944
95 111 -89828814853181613113807045698262586899072804959485360989540601439604178944
110 18 -41344500519417813090669987965308851636580135422017325242833954668544
18 110 -41344500519417813090669987965308851636580135422017325242833954668544
110 42 3714151356676728111404732349284634636153846952889434368870358834340691968
42 110 3714151356676728111404732349284634636153846952889434368870358834340691968
110 66 48838635083535365385243762420971003324543331339139495627584648674394767360
66 110 48838635083535365385243762420971003324543331339139495627584648674394767360
110 90 -110995928131136560716703060626071902186317421468505765349282071404047499264
90 110 -110995928131136560716703060626071902186317421468505765349282071404047499264
109 13 18225287794085252057224084227525010254357169455642888199620001792
13 109 18225287794085252057224084227525010254357169455642888199620001792
109 37 -1628756532705170413443392860800153670449939852692919152481218668584239104
37 109 -1628756532705170413443392860800153670449939852692919152481218668584239104
109 61 -2081355411996127784800812663901627210352635145324740396989831450034438144
61 109 -2081355411996127784800812663901627210352635145324740396989831450034438144
109 85 76841121542284831384653175939736783592715863571789878391424291243741413376
85 109 76841121542284831384653175939736783592715863571789878391424291243741413376
109 109 -42857177278260632241681760095422845481406333298627607149915128956945694720
108 8 1972142918525216237580139446207661125212186983408472489459712
8 108 1972142918525216237580139446207661125212186983408472489459712
108 32 383655209946505088281414952691083065609101884713617265542172715744493568
32 108 383655209946505088281414952691083065609101884713617265542172715744493568
108 56 -4383588187466026645502587257185548155845515834200756559021399097753993216
56 108 -4383588187466026645502587257185548155845515834200756559021399097753993216
108 80 155864772906463424327941741065250580271924804852202890479419984870239109120
80 108 155864772906463424327941741065250580271924804852202890479419984870239109120
108 104 -12181856280830128877184546985066188412280511510493526784615378674836832256
104 108 -12181856280830128877184546985066188412280511510493526784615378674836832256
107 3 261465407835990460952460516361054497147705937100800
3 107 261465407835990460952460516361054497147705937100800
107 27 -61841272538995366084915694236401564688598204933067517991130565626036224
27 107 -61841272538995366084915694236401564688598204933067517991130565626036224
107 51 -664090944038230258377846428377263678326718312016944201904113689789726720
51 107 -664090944038230258377846428377263678326718312016944201904113689789726720
107 75 -26585608157111023756266037500798648308757751375751546121276211314596773888
75 107 -26585608157111023756266037500798648308757751375751546121276211314596773888
107 99 146054922766812737767954062002580663345094728786309146402637862792471773184
99 107 146054922766812737767954062002580663345094728786309146402637862792471773184
106 22 -59164932668250353804957035016450032808198456849457800720402272485376
22 106 -59164932668250353804957035016450032808198456849457800720402272485376
106 46 5347044403649441267778540530381096961683219145323989315192563036254633984
46 106 5347044403649441267778540530381096961683219145323989315192563036254633984
106 70 -128974874589498130929896688451168798125205010890817174206097400083393806336
70 106 -128974874589498130929896688451168798125205010890817174206097400083393806336
106 94 109100679017392287645438912337563856986011452503572282542429753352990490624
94 106 109100679017392287645438912337563856986011452503572282542429753352990490624
105 17 18978434452871005485189368555374724500951068279641682125428772306944
17 105 18978434452871005485189368555374724500951068279641682125428772306944
105 41 -8581181581102612526442927157275864124769018624147579827183036732694069248
41 105 -8581181581102612526442927157275864124769018624147579827183036732694069248
105 65 17007254646160999993303884644623617411736553865630031544997608597923823616
65 105 17007254646160999993303884644623617411736553865630031544997608597923823616
105 89 -222736761255546692263952276422899288540066090895183230959000320774961627136
89 105 -222736761255546692263952276422899288540066090895183230959000320774961627136
104 12 -27042528055281082521622622055157020210511397325061070073693732864
12 104 -27042528055281082521622622055157020210511397325061070073693732864
104 36 2758205885558937286678193886537545175230179237202807476393509823103107072
36 104 2758205885558937286678193886537545175230179237202807476393509823103107072
104 60 41621868963161824031230263765492938584936591481463573834996431062057353216
60 104 41621868963161824031230263765492938584936591481463573834996431062057353216
104 84 -254320109695563538966919844699128811423639447373395067489128941630372446208
84 104 -254320109695563538966919844699128811423639447373395067489128941630372446208
103 7 63838365880671653696421490223423763062111558674822664814592
7 103 63838365880671653696421490223423763062111558674822664814592
103 31 -527004057137034243050521332058435356392446939698844849104941085370613760
31 103 -527004057137034243050521332058435356392446939698844849104941085370613760
103 55 -25274299823014969058754151695066171800450043530025180577648101877960671232
55 103 -25274299823014969058754151695066171800450043530025180577648101877960671232
103 79 152305343792937961177103350373614812406154946795269629031722771903852576768
79 103 152305343792937961177103350373614812406154946795269629031722771903852576768
103 103 -170964245504423665200445014562858301558052561878821959606652116796692234240
102 2 1604205066303166954311334320519939548134768640
2 102 1604205066303166954311334320519939548134768640
102 26 35427042390058515464850483474927156095928235018968882126922241563164672
26 102 35427042390058515464850483474927156095928235018968882126922241563164672
102 50 8175839339248354807514642578831704621968472258939283649491688724394672128
50 102 8175839339248354807514642578831704621968472258939283649491688724394672128
102 74 263901810079477397800404731598793719414996077566434668043072614225401610240
74 102 263901810079477397800404731598793719414996077566434668043072614225401610240
102 98 -46290737369855182729296279864804697831238456298966883925469812297838886912
98 102 -46290737369855182729296279864804697831238456298966883925469812297838886912
101 21 1000873615136907195735694570738815325697254027732913893734277263130624
21 101 1000873615136907195735694570738815325697254027732913893734277263130624
101 45 -3738734407829865133768611868034116433814305336210682294336890061480525824
45 101 -3738734407829865133768611868034116433814305336210682294336890061480525824
101 69 -77611349221889324177551488786697968266861496253915589976387850711848714240
69 101 -77611349221889324177551488786697968266861496253915589976387850711848714240
101 93 386952124257117522861825708980447979966942562852962264426834428609515487232
93 101 386952124257117522861825708980447979966942562852962264426834428609515487232
100 16 -189379563745247521018973527961897442229419099619275884641344552960
16 100 -189379563745247521018973527961897442229419099619275884641344552960
100 40 11559637174920911456000547614080978718233224198503029994034753436790030336
40 100 11559637174920911456000547614080978718233224198503029994034753436790030336
100 64 -84019991410693948387393291593086796429098934831559163204611760541797449728
64 100 -84019991410693948387393291593086796429098934831559163204611760541797449728
100 88 261541912507733117609549175215816145152757140637256975618026238572566151168
88 100 261541912507733117609549175215816145152757140637256975618026238572566151168
99 11 16054313223462244433596580811146729649037087775436956559158018048
11 99 16054313223462244433596580811146729649037087775436956559158018048
99 35 -3801276536088050285536420858401495739930337345545399022829965042144772096
35 99 -3801276536088050285536420858401495739930337345545399022829965042144772096
99 59 37953600649098154978602518704531474993154865025321476412328380644735320064
59 99 37953600649098154978602518704531474993154865025321476412328380644735320064
99 83 -414082123414064409009310190689154364205358005487465748821232789510885998592
83 99 -414082123414064409009310190689154364205358005487465748821232789510885998592
98 6 -2252832677723908722627316684574624006318427779289116049408
6 98 -2252832677723908722627316684574624006318427779289116049408
98 30 467300835729398772682951864273930829723927557070008956725683315294601216
30 98 467300835729398772682951864273930829723927557070008956725683315294601216
98 54 -3076576965925095862454313370327983632787243451182444720278696739186147328
54 98 -3076576965925095862454313370327983632787243451182444720278696739186147328
98 78 -360636051403174518297583117930961775562778440197211947935425170721986314240
78 98 -360636051403174518297583117930961775562778440197211947935425170721986314240
97 1 788908545544720457460647564832407552
1 97 788908545544720457460647564832407552
97 25 2971988950487230134546172042103136602003183147798634895771055591260160
25 97 2971988950487230134546172042103136602003183147798634895771055591260160
97 49 -13961706289042583668839686762672151390196882324499485012862715127536812032
49 97 -13961706289042583668839686762672151390196882324499485012862715127536812032
97 73 188071413475511179179678682889818521082427747667342119865393438248396652544
73 97 188071413475511179179678682889818521082427747667342119865393438248396652544
97 97 -458476747813913292186372859832770269641943406628130328279263944032387072000
96 20 -1168863829048674741522439663026087338132666856327979381375248520708096
20 96 -1168863829048674741522439663026087338132666856327979381375248520708096
96 44 14441302705229360194604472109954117650331440188016055049135080336504389632
44 96 14441302705229360194604472109954117650331440188016055049135080336504389632
96 68 151677195997892773726121808971783650421597772389931521184638859572924121088
68 96 151677195997892773726121808971783650421597772389931521184638859572924121088
96 92 -115644581909587539998822544295981553528540877209918742843699202493178183680
92 96 -115644581909587539998822544295981553528540877209918742843699202493178183680
95 15 -6867118310299600339388335681559849528733132366440973560005500338176
15 95 -6867118310299600339388335681559849528733132366440973560005500338176
95 39 -12117884439538569507459156701058461575113335155597519496362493971338887168
39 95 -12117884439538569507459156701058461575113335155597519496362493971338887168
95 63 -111447464682916906592739405726006611137287525923818444315030397316438687744
63 95 -111447464682916906592739405726006611137287525923818444315030397316438687744
95 87 690530608203396002832696211387611709618114830439391772469790337448059863040
87 95 690530608203396002832696211387611709618114830439391772469790337448059863040
94 10 -4272690676074580418427961629418632301488256410948601859853516800
10 94 -4272690676074580418427961629418632301488256410948601859853516800
94 34 4187493369711365524276637188953288544522949924624477271709951707093925888
34 94 4187493369711365524276637188953288544522949924624477271709951707093925888
94 58 80214604113051199518350851863025469157753833724736341495405273021885186048
58 94 80214604113051199518350851863025469157753833724736341495405273021885186048
94 82 332309572772412174416839074441194037566613781782527121857563862943370575872
82 94 332309572772412174416839074441194037566613781782527121857563862943370575872
93 5 -183842763126785248662993539483511425633267873655673585664
5 93 -183842763126785248662993539483511425633267873655673585664
93 29 -286505542967343498838597987049212917627620093182685120142148312517050368
29 93 -286505542967343498838597987049212917627620093182685120142148312517050368
93 53 -82331764649549729691241999282318898078013380203554715199768238741711224832
53 93 -82331764649549729691241999282318898078013380203554715199768238741711224832
93 77 -405060713185302721899769409086566657035211296284438200362986652757267578880
77 93 -405060713185302721899769409086566657035211296284438200362986652757267578880
92 24 -28495414288566056471569470821476983982434769862164851774609250672705536
24 92 -28495414288566056471569470821476983982434769862164851774609250672705536
92 48 23078390519570978204052540304860524162807609612857128457574420436771405824
48 92 23078390519570978204052540304860524162807609612857128457574420436771405824
92 72 -132956619006728707919903468871192812892455920502881657621058922624537591808
72 92 -132956619006728707919903468871192812892455920502881657621058922624537591808
91 19 628915299779470803454110756214153018822888842610663523303725444628480
19 91 628915299779470803454110756214153018822888842610663523303725444628480
91 43 -34515160005202244067705062863992382901914887449771558738416661742311440384
43 91 -34515160005202244067705062863992382901914887449771558738416661742311440384
91 67 138508030062606312787910187923593457469614522943572176478688717331408879616
67 91 138508030062606312787910187923593457469614522943572176478688717331408879616
91 91 -799289767331987195327863297516806398097484801600323403950600301837564248064
90 14 5001257116883588996855089865851938357623350976928298339588810735616
14 90 5001257116883588996855089865851938357623350976928298339588810735616
90 38 10122026053275745362752047674859386847883118559423939568622322008931172352
38 90 10122026053275745362752047674859386847883118559423939568622322008931172352
90 62 -89382661150168920155719368642434138403311220798662889697579999790878425088
62 90 -89382661150168920155719368642434138403311220798662889697579999790878425088
90 86 -148687456129610759575126286550436051627874631717990343257555345479852621824
86 90 -148687456129610759575126286550436051627874631717990343257555345479852621824
89 9 510194217113215750999176602155554345735419815590749182156079104
9 89 510194217113215750999176602155554345735419815590749182156079104
89 33 -3183176841893338819144105723036808388105026522456660880727867567758114816
33 89 -3183176841893338819144105723036808388105026522456660880727867567758114816
89 57 161253228274771556867146286524707944912272466679983382937705755782351421440
57 89 161253228274771556867146286524707944912272466679983382937705755782351421440
89 81 631025720583683413409376578900793257783534037335045545796939488174729592832
81 89 631025720583683413409376578900793257783534037335045545796939488174729592832
88 4 232902560035710333023164705376302379501813895056588800
4 88 232902560035710333023164705376302379501813895056588800
88 28 82424235318618394915977969130218174208385431928872688741506189405192192
28 88 82424235318618394915977969130218174208385431928872688741506189405192192
88 52 37761810275222768999866767461789998499853757517120892174420053965976633344
52 88 37761810275222768999866767461789998499853757517120892174420053965976633344
88 76 90258446789065459109087941369196670237421602787059334530942533017668681728
76 88 90258446789065459109087941369196670237421602787059334530942533017668681728
87 23 27440958298309015525955104879234131254466613349091728637399489165918208
23 87 27440958298309015525955104879234131254466613349091728637399489165918208
87 47 12779923752872358223222607351995983680378133067490555058129994247422607360
47 87 12779923752872358223222607351995983680378133067490555058129994247422607360
87 71 -205931664403415290270802031323764852116535780844259415362911811908904419328
71 87 -205931664403415290270802031323764852116535780844259415362911811908904419328
86 18 -79501993395851996402890170603019542403368774515062981433757995630592
18 86 -79501993395851996402890170603019542403368774515062981433757995630592
86 42 41767627250883338400882504608108445041518342167008445256221829764067885056
42 86 41767627250883338400882504608108445041518342167008445256221829764067885056
86 66 148370403802253705980103171450881546856880436774092678821952535975451164672
66 86 148370403802253705980103171450881546856880436774092678821952535975451164672
85 13 -2057093337918393246883437539402642707538430040895064752680415002624
13 85 -2057093337918393246883437539402642707538430040895064752680415002624
85 37 -10140800655954804235371880608874810579683651996293755571985660752487776256
37 85 -10140800655954804235371880608874810579683651996293755571985660752487776256
85 61 -401905975291590728662052814995497802292175264370401941414331555787768332288
61 85 -401905975291590728662052814995497802292175264370401941414331555787768332288
85 85 -681157789582105315052495809357755124528989856131765173856124666356430798848
84 8 -18521103005547459326637811618687707456644144076362991884304384
8 84 -18521103005547459326637811618687707456644144076362991884304384
84 32 2233590021183827841405012262191692342114930582422134153868203033412763648
32 84 2233590021183827841405012262191692342114930582422134153868203033412763648
84 56 162639652544975723967299238165405498974636323468993405933267472530177785856
56 84 162639652544975723967299238165405498974636323468993405933267472530177785856
84 80 -77812445891879228146151236928194616178039423584540250347115498585876070400
80 84 -77812445891879228146151236928194616178039423584540250347115498585876070400
83 3 -6986664778849140893213634516447751536961483805032448
3 83 -6986664778849140893213634516447751536961483805032448
83 27 25890783600290496112668986057023128033090405373467701552127865945849856
27 83 25890783600290496112668986057023128033090405373467701552127865945849856
83 51 -247959564198498509631869187928588234336536443959180497964720105132151275520
51 83 -247959564198498509631869187928588234336536443959180497964720105132151275520
83 75 245950935301086083269369954116515142871723648509481876523159716907802689536
75 83 245950935301086083269369954116515142871723648509481876523159716907802689536
82 22 -10848685111695206825965647638597809028605543832806658835719015270187008
22 82 -10848685111695206825965647638597809028605543832806658835719015270187008
82 46 22578007831748146027946380046171593680453800727907421372037717575518388224
46 82 22578007831748146027946380046171593680453800727907421372037717575518388224
82 70 -118490919087603370169350148965779461925710778850681792923254671961147572224
70 82 -118490919087603370169350148965779461925710778850681792923254671961147572224
81 17 -195390365510261517141169541533077481684478012197796556479625856811008
17 81 -195390365510261517141169541533077481684478012197796556479625856811008
81 41 -32877841175800149788802043741943651699335041931799334324451086208314900480
41 81 -32877841175800149788802043741943651699335041931799334324451086208314900480
81 65 458838388538168887649566493977141364508212782923058011730935278871571857408
65 81 458838388538168887649566493977141364508212782923058011730935278871571857408
80 12 647284212040140836602272298505061020695937381098319466824881668096
12 80 647284212040140836602272298505061020695937381098319466824881668096
80 36 6461926722016541560472500185408316572490280975503478604633251294300078080
36 80 6461926722016541560472500185408316572490280975503478604633251294300078080
80 60 -207294428466809957918691116790576793693479061811789693352333888329900621824
60 80 -207294428466809957918691116790576793693479061811789693352333888329900621824
79 7 -80925393433932585211083430903682661800412150772663907778560
7 79 -80925393433932585211083430903682661800412150772663907778560
79 31 -1424697733870251087166893958104856446115447343203250884727624880692920320
31 79 -1424697733870251087166893958104856446115447343203250884727624880692920320
79 55 351117784114597912403580149107430050196556533407627756892266230427911454720
55 79 351117784114597912403580149107430050196556533407627756892266230427911454720
79 79 -113088121200883871533979608712900048658820546449321036424301861095535017984
78 2 70524832356883412132644226889272416665339953152
2 78 70524832356883412132644226889272416665339953152
78 26 16229694664752798576332914732104245327146117022720330460211551372574720
26 78 16229694664752798576332914732104245327146117022720330460211551372574720
78 50 150963183320505479619271485820623956052716483677860147173171135067442905088
50 78 150963183320505479619271485820623956052716483677860147173171135067442905088
78 74 -50877062803550506244974751742464113234875622235151811809366404430181695488
74 78 -50877062803550506244974751742464113234875622235151811809366404430181695488
77 21 -3186900927062589347641679383056756206356761200586419375385660654354432
21 77 -3186900927062589347641679383056756206356761200586419375385660654354432
77 45 -15168501638623451425043238042278469306356450451170464401965625802640850944
45 77 -15168501638623451425043238042278469306356450451170464401965625802640850944
77 69 -339441536788960384113986466547136195818553616443255502002881436249447464960
69 77 -339441536788960384113986466547136195818553616443255502002881436249447464960
76 16 205696023560168149015996012645224006789496083716805945435860919910400
16 76 205696023560168149015996012645224006789496083716805945435860919910400
76 40 21759512286713589762300519966835582313632257816007869351429280072688730112
40 76 21759512286713589762300519966835582313632257816007869351429280072688730112
76 64 224983539257086097439532531443581184775839056666692670427918861027153805312
64 76 224983539257086097439532531443581184775839056666692670427918861027153805312
75 11 -156713972578434674157197727407472592071507339018719303540112621568
11 75 -156713972578434674157197727407472592071507339018719303540112621568
75 35 -1925532973871967963709336599282319843190799168148736022943741189052956672
35 75 -1925532973871967963709336599282319843190799168148736022943741189052956672
75 59 -843271344519220635588258961601748892550264878088780792604385916394464608256
59 75 -843271344519220635588258961601748892550264878088780792604385916394464608256
74 6 15447251248884569729582425678897922466493903250696888647680
6 74 15447251248884569729582425678897922466493903250696888647680
74 30 576673109051252395078014015769438695788937972347124133376361575395360768
30 74 576673109051252395078014015769438695788937972347124133376361575395360768
74 54 41485993653675896403432199595266985676795202799823020245693397036112543744
54 74 41485993653675896403432199595266985676795202799823020245693397036112543744
73 1 -86408784551064345777074843603290816512
1 73 -86408784551064345777074843603290816512
73 25 -60243063384450049093414951280548626768475084992022251728830287688237056
25 73 -60243063384450049093414951280548626768475084992022251728830287688237056
73 49 -241717996486213312063896492804655251323249650565227075610380558156924190720
49 73 -241717996486213312063896492804655251323249650565227075610380558156924190720
73 73 460764828011871725170297862933729054142497776128176361850195773854643650560
72 20 8203056113471357491673122542829288299887574660095166984735871658360832
20 72 8203056113471357491673122542829288299887574660095166984735871658360832
72 44 39313224317811453480847687750511547381316585403622176758572607868841754624
44 72 39313224317811453480847687750511547381316585403622176758572607868841754624
72 68 -214501307898860744673538622191968897002267038478526735836269889876647739392
68 72 -214501307898860744673538622191968897002267038478526735836269889876647739392
71 15 -98826223703879462108338539129810208442841364738904534324733141843968
15 71 -98826223703879462108338539129810208442841364738904534324733141843968
71 39 -17060417910659000259160607775528584695335277148938535409441237941941698560
39 71 -17060417910659000259160607775528584695335277148938535409441237941941698560
71 63 1154499330330454590746546481507407314836768652469154011008676006683872329728
63 71 1154499330330454590746546481507407314836768652469154011008676006683872329728
70 10 25114516167592197364605884152079758809573421727378141696135004160
10 70 25114516167592197364605884152079758809573421727378141696135004160
70 34 1731774676286948637074471652097202734919540288493982865149546682644430848
34 70 1731774676286948637074471652097202734919540288493982865149546682644430848
70 58 120050347817051313040331050010519347259488613925593373319974801332030668800
58 70 120050347817051313040331050010519347259488613925593373319974801332030668800
69 5 -226887356080405525195510511634211651588856933293888634880
5 69 -226887356080405525195510511634211651588856933293888634880
69 29 150195794077511424300961043434495180316274024149459306782000873862070272
29 69 150195794077511424300961043434495180316274024149459306782000873862070272
69 53 106191052405765896806973923334731710446587075351761106257927560526158626816
53 69 106191052405765896806973923334731710446587075351761106257927560526158626816
68 24 87402003216115849884462183274402865985860672804528288314857390463778816
24 68 87402003216115849884462183274402865985860672804528288314857390463778816
68 48 49042489012925292494657010312334702723447451401307968936590898705547132928
48 68 49042489012925292494657010312334702723447451401307968936590898705547132928
67 19 -5590525022731471326820864911708463777604236310207119606936596157300736
19 67 -5590525022731471326820864911708463777604236310207119606936596157300736
67 43 6597014174044613772589523207179301841910426167261211829420236339712884736
43 67 6597014174044613772589523207179301841910426167261211829420236339712884736
67 67 -1129096573710234109099436264151068568452361908022237396919288693883578351616
66 14 27739316974972337110672802664354750444130815348963054896495242248192
14 66 27739316974972337110672802664354750444130815348963054896495242248192
66 38 6006631569414126949133149157106307317582112123423255670441979788574851072
38 66 6006631569414126949133149157106307317582112123423255670441979788574851072
66 62 -35523018431748898759366053411595247109787739815677859168597336707242655744
62 66 -35523018431748898759366053411595247109787739815677859168597336707242655744
65 9 -2453126115979321169706765943396341308116022559717599360655032320
9 65 -2453126115979321169706765943396341308116022559717599360655032320
65 33 -3163164253956379348307334547834671517195757540996417864752956825847988224
33 65 -3163164253956379348307334547834671517195757540996417864752956825847988224
65 57 -353493116644142255897420522692786408601050739609575903619245877509094375424
57 65 -353493116644142255897420522692786408601050739609575903619245877509094375424
64 4 33228868097758564463610827596821310832417019618486386688
4 64 33228868097758564463610827596821310832417019618486386688
64 28 -335084907024733600338532890043817196571607171972021454163938007756832768
28 64 -335084907024733600338532890043817196571607171972021454163938007756832768
64 52 149575635276215590432035902369967861222356960282361519315637863954526502912
52 64 149575635276215590432035902369967861222356960282361519315637863954526502912
63 23 -57373427011204544360215021604760052044048090142824323805572940980813824
23 63 -57373427011204544360215021604760052044048090142824323805572940980813824
63 47 -153262637679410249825907888605234893233004211264053339217088042727762821120
47 63 -153262637679410249825907888605234893233004211264053339217088042727762821120
62 18 2260840168938596251023070162669688717042885147192235466231122707349504
18 62 2260840168938596251023070162669688717042885147192235466231122707349504
62 42 11593373038147764928928323696085222791502183043367366648907189415302922240
42 62 11593373038147764928928323696085222791502183043367366648907189415302922240
61 13 -4981465714466969157245495817726963039893333067821089467610980941824
13 61 -4981465714466969157245495817726963039893333067821089467610980941824
61 37 -2529361203543879735363457708149649016357748917510194322894626011008204800
37 61 -2529361203543879735363457708149649016357748917510194322894626011008204800
61 61 212282233602809411034337520885359371344195302155148568422605785402030686208
60 8 182849980039942191064502480217158103378147966619912390787989504
8 60 182849980039942191064502480217158103378147966619912390787989504
60 32 1230176688050012714718290803375787103361649511012462101996822096343203840
32 60 1230176688050012714718290803375787103361649511012462101996822096343203840
60 56 120109448798999920536346479519810048553889070002629524599004643176409464832
56 60 120109448798999920536346479519810048553889070002629524599004643176409464832
59 3 39015749675097976290639645871407589276281527481663488
3 59 39015749675097976290639645871407589276281527481663488
59 27 -17418915788125488390365654005688963263355274742199729816545002747068416
27 59 -17418915788125488390365654005688963263355274742199729816545002747068416
59 51 84580037971983907754383696274682857296047305825625604961249462031677915136
51 59 84580037971983907754383696274682857296047305825625604961249462031677915136
58 22 9583348078177460905450799749322964138507982913085120602189774240874496
22 58 9583348078177460905450799749322964138507982913085120602189774240874496
58 46 10369798266141286774317452694057547327407671986405507720246016277726887936
46 58 10369798266141286774317452694057547327407671986405507720246016277726887936
57 17 -695725165343773413189366024978948527743029579636839584329485227393024
17 57 -695725165343773413189366024978948527743029579636839584329485227393024
57 41 1136389082823019180121910976121401244943788787338964808259135368159297536
41 57 1136389082823019180121910976121401244943788787338964808259135368159297536
56 12 562637701668588494208461751300376176518499832236093974038599172096
12 56 562637701668588494208461751300376176518499832236093974038599172096
56 36 -212673058351898556270944387482747957594491819192995249443096941914226688
36 56 -212673058351898556270944387482747957594491819192995249443096941914226688
55 7 -9453928450058900658383373239836414738703393819805960093302784
7 55 -9453928450058900658383373239836414738703393819805960093302784
55 31 -181899546527735895723128361436183892655685484733146625873158860500369408
31 55 -181899546527735895723128361436183892655685484733146625873158860500369408
55 55 -215357531807765737782955520058089032637610636478927058914662788846516699136
54 2 799242372595285167885411402373971578314194681856
2 54 799242372595285167885411402373971578314194681856
54 26 144217920360360157635864671454867837641240856459766433937892095704432640
26 54 144217920360360157635864671454867837641240856459766433937892095704432640
54 50 2834083597326485320584849836510219330680509459530884256551810214077136896
50 54 2834083597326485320584849836510219330680509459530884256551810214077136896
53 21 5822042898245408817141248488967261338572004303397765804362756656201728
21 53 5822042898245408817141248488967261338572004303397765804362756656201728
53 45 -9860214874140994772892024730303036091959162763579351491272246520518279168
45 53 -9860214874140994772892024730303036091959162763579351491272246520518279168
52 16 171358800543887289286174738880833265676764495881692368934747366227968
16 52 171358800543887289286174738880833265676764495881692368934747366227968
52 40 17898138604975157530219676595697262490366339116451128250493630438436765696
40 52 17898138604975157530219676595697262490366339116451128250493630438436765696
51 11 -28529675558751825435036221253534982618792154393393524267305402368
11 51 -28529675558751825435036221253534982618792154393393524267305402368
51 35 8861547327433690254746302128688246044572885563847657361936815549841408
35 51 8861547327433690254746302128688246044572885563847657361936815549841408
50 6 333698203903855717918549088296463941736538345540597724479488
6 50 333698203903855717918549088296463941736538345540597724479488
50 30 -66424079914773495470929143162478695216905144699629726751915603509903360
30 50 -66424079914773495470929143162478695216905144699629726751915603509903360
49 1 5548529961405185082468716621375228346368
1 49 5548529961405185082468716621375228346368
49 25 -61740423483323232354098216453689083985779437820072763770168085204434944
25 49 -61740423483323232354098216453689083985779437820072763770168085204434944
49 49 5340325728487296858424932153576443836248039301395402154295844295592116224
48 20 -3070477796793202044792291142654011197282853596133908185777218099609600
20 48 -3070477796793202044792291142654011197282853596133908185777218099609600
48 44 15422508579549348664306638617544362458275451881577247933268334808192253952
44 48 15422508579549348664306638617544362458275451881577247933268334808192253952
47 15 -29593787136405479964224330133526830110070503803188041649936326983680
15 47 -29593787136405479964224330133526830110070503803188041649936326983680
47 39 5801414073059532624061759569740818379587755206032305208558089125025021952
39 47 5801414073059532624061759569740818379587755206032305208558089125025021952
46 10 728827094692487869443681997501975437518180382996164630626172928
10 46 728827094692487869443681997501975437518180382996164630626172928
46 34 775179285715754748299116430829558734214431178202403095547592384402423808
34 46 775179285715754748299116430829558734214431178202403095547592384402423808
45 5 -6275304566482572772111780969449024885827120044032605028352
5 45 -6275304566482572772111780969449024885827120044032605028352
45 29 35016844831557049440662378478463266340739731108747227460184686760820736
29 45 35016844831557049440662378478463266340739731108747227460184686760820736
44 24 9458608451199981443708169975810205824121576435090709734543407309651968
24 44 9458608451199981443708169975810205824121576435090709734543407309651968
43 19 515457113344654042372012372747935556989478091139518082653831330529280
19 43 515457113344654042372012372747935556989478091139518082653831330529280
43 43 2203363811021127208103751660200333344360937401018408333525344883975389184
42 14 3121280039305545422251149233371806145334193443479267238475391303680
14 42 3121280039305545422251149233371806145334193443479267238475391303680
42 38 1429448108999229529814213558572582118614716734004323221802263477737226240
38 42 1429448108999229529814213558572582118614716734004323221802263477737226240
41 9 132538465506884900279817786380959892290641350211479551973785600
9 41 132538465506884900279817786380959892290641350211479551973785600
41 33 -374503256385457829822311394620478945479165798567448034474625025353711616
33 41 -374503256385457829822311394620478945479165798567448034474625025353711616
40 4 25536528051897534975205488302107972628363285617316986880
4 40 25536528051897534975205488302107972628363285617316986880
40 28 -9255531399679489937716983762653380235957812711260897073939146617126912
28 40 -9255531399679489937716983762653380235957812711260897073939146617126912
39 23 157764565337739118512436473349677059272916555307830289644490458136576
23 39 157764565337739118512436473349677059272916555307830289644490458136576
38 18 -18927410637054224894799624998845226919985166906113355008589621624832
18 38 -18927410637054224894799624998845226919985166906113355008589621624832
37 13 -241893273792058398614305733023673966180335413954306533232151101440
13 37 -241893273792058398614305733023673966180335413954306533232151101440
37 37 210455949243036604384891318726850204379245411869918897549269610367287296
36 8 -5143632756852704246664627618742215486450454970637886282530816
8 36 -5143632756852704246664627618742215486450454970637886282530816
36 32 162523973220974591222899899786303803682063745070007987070176044515328
32 36 162523973220974591222899899786303803682063745070007987070176044515328
35 3 -17321012808297566502442506131524573087983969276788736
3 35 -17321012808297566502442506131524573087983969276788736
35 27 3054563546788820667780636304486204916928521944093706609660250992672768
27 35 3054563546788820667780636304486204916928521944093706609660250992672768
34 22 -241628408868934627464396428867246843261662410862729176750272318275584
22 34 -241628408868934627464396428867246843261662410862729176750272318275584
33 17 -1686782557279552709947573634520788187499240430785426787377753358336
17 33 -1686782557279552709947573634520788187499240430785426787377753358336
32 12 13705045529762275077347076702793098239352813458426619385197101056
12 32 13705045529762275077347076702793098239352813458426619385197101056
31 7 345576415821283588033620800004214211188865741909460734967808
7 31 345576415821283588033620800004214211188865741909460734967808
31 31 -13980713438499235574094699364744950315218973769591882629105117468557312
30 2 1342006075738675535362582552440607091679205261312
2 30 1342006075738675535362582552440607091679205261312
30 26 445980830654575126077425222636752513170417584938275094781320191016960
26 30 445980830654575126077425222636752513170417584938275094781320191016960
29 21 1157239155075789746227338210538908779860677700776849849306161610752
21 29 1157239155075789746227338210538908779860677700776849849306161610752
28 16 156703615306469030027115382712472796233662416242505212834787360768
16 28 156703615306469030027115382712472796233662416242505212834787360768
27 11 -517098603408717818777666264208087767788762553435702134130606080
11 27 -517098603408717818777666264208087767788762553435702134130606080
26 6 6522195802087326231314899761582709547926835676327626932224
6 26 6522195802087326231314899761582709547926835676327626932224
25 1 -192599819677251170320270027806380807684096
1 25 -192599819677251170320270027806380807684096
25 25 5392821244922038708988372225217827947518118594283440793769180397568
24 20 979659081621702127741779757491248957146519992586855810326633381888
20 24 979659081621702127741779757491248957146519992586855810326633381888
23 15 -4168453920559634358541828754353146249364242890001514845821730816
15 23 -4168453920559634358541828754353146249364242890001514845821730816
22 10 11958072509965749427865484417187599810667937797011086520614912
10 22 11958072509965749427865484417187599810667937797011086520614912
21 5 30392888298651303275876950833800464879565013226545479680
5 21 30392888298651303275876950833800464879565013226545479680
19 19 -5604638471283747235361117968081059806155291563257500336727785472
18 14 110394318357737626134510798415041411045339696233013327763079168
14 18 110394318357737626134510798415041411045339696233013327763079168
17 9 -68504817406282747845733527804380842890650352542314932469760
9 17 -68504817406282747845733527804380842890650352542314932469760
16 4 56305357373441401908995772446424913594405221990137856
4 16 56305357373441401908995772446424913594405221990137856
13 13 524832111204935748790389826203981381421457698641236052672512
12 8 67333702320000098781400680411146094144403375983224160256
8 12 67333702320000098781400680411146094144403375983224160256
11 3 48055978533698753353026115675307467695245852934144
3 11 48055978533698753353026115675307467695245852934144
7 7 -8656401878380061011310662320099976066587644131278848
6 2 18933332673552499047163824813478458918577373184
2 6 18933332673552499047163824813478458918577373184
1 1 2787593149816327892691964784081045188247552
