# Weber-f modular polynomial Phi_313^f(X,Y); r=q^(1/48).
314 0 1
0 314 1
313 1 5634
1 313 5634
313 25 -31293742191
25 313 -31293742191
313 49 2263475141236
49 313 2263475141236
313 73 -10100986636713
73 313 -10100986636713
313 97 10121808146348
97 313 10121808146348
313 121 -3771965747827
121 313 -3771965747827
313 145 671746433933
145 313 671746433933
313 169 -65686930574
169 313 -65686930574
313 193 3815831515
193 313 3815831515
313 217 -137047676
217 313 -137047676
313 241 3068026
241 313 3068026
313 265 -41629
265 313 -41629
313 289 313
289 313 313
313 313 -1
312 2 14842773
2 312 14842773
312 26 24823495252597485
26 312 24823495252597485
312 50 168146770266187077239
50 312 168146770266187077239
312 74 13869553317914617386814
74 312 13869553317914617386814
312 98 106576392230945691977731
98 312 106576392230945691977731
312 122 155637977784416652596455
122 312 155637977784416652596455
312 146 61401894389517612544209
146 312 61401894389517612544209
312 170 7854076080193466930497
170 312 7854076080193466930497
312 194 353150647061662411737
194 312 353150647061662411737
312 218 5574187212794741581
218 312 5574187212794741581
312 242 27969307975548927
242 312 27969307975548927
312 266 33753220338893
266 312 33753220338893
312 290 4276596624
290 312 4276596624
311 3 24292465856
3 311 24292465856
311 27 -1418013011270049066151
27 311 -1418013011270049066151
311 51 127901284657711191874784444
51 311 127901284657711191874784444
311 75 -55366289230692300224929082991
75 311 -55366289230692300224929082991
311 99 1006379577485426961287614208824
99 311 1006379577485426961287614208824
311 123 -1856126756285139907251408469515
123 311 -1856126756285139907251408469515
311 147 548081147969593160716721631098
147 311 548081147969593160716721631098
311 171 -36387006324516546561308642003
171 311 -36387006324516546561308642003
311 195 749689693152762604077493185
195 311 749689693152762604077493185
311 219 -5324677195888623054068164
219 311 -5324677195888623054068164
311 243 9849845346009752661964
243 311 9849845346009752661964
311 267 -2383449545946293064
267 311 -2383449545946293064
311 291 13119572440326
291 311 13119572440326
310 4 27676715876818
4 310 27676715876818
310 28 19148187443560080565143145
28 310 19148187443560080565143145
310 52 8514179523135828676895079239526
52 310 8514179523135828676895079239526
310 76 7423867778637525891259361141329347
76 310 7423867778637525891259361141329347
310 100 119098490432555920156490330088516116
100 310 119098490432555920156490330088516116
310 124 76435715429274714853782426645464068
124 310 76435715429274714853782426645464068
310 148 -107516999819377141700750618915229
148 310 -107516999819377141700750618915229
310 172 -32746482324348549299159777861894
172 310 -32746482324348549299159777861894
310 196 151907374780831660374015068095
196 310 151907374780831660374015068095
310 220 271910866370334250797670843
220 310 271910866370334250797670843
310 244 24060695358018795501971473
244 310 24060695358018795501971473
310 268 4697779369757283968448
268 310 4697779369757283968448
310 292 4216355456330264
292 310 4216355456330264
309 5 23310873916974996
5 309 23310873916974996
309 29 -93827278184741920964001599567
29 309 -93827278184741920964001599567
309 53 99056235353506810416162365970486428
53 309 99056235353506810416162365970486428
309 77 -80473997521532202583904789004381671500
77 309 -80473997521532202583904789004381671500
309 101 417355081693976343517965085745117243147
101 309 417355081693976343517965085745117243147
309 125 -39336410054455655342382944222405317002
125 309 -39336410054455655342382944222405317002
309 149 1557422438016904633662037845915240052
149 309 1557422438016904633662037845915240052
309 173 7710450984327763079265329245820904
173 309 7710450984327763079265329245820904
309 197 -172375235793745552670143066729534
197 309 -172375235793745552670143066729534
309 221 -2337579358700537207875057142748
221 309 -2337579358700537207875057142748
309 245 2135436616055726629198679971
245 309 2135436616055726629198679971
309 269 -1284746143737400039758435
269 309 -1284746143737400039758435
309 293 374349682920479498
293 309 374349682920479498
308 6 15045106386189393666
6 308 15045106386189393666
308 30 205670596203715776204870262725596
30 308 205670596203715776204870262725596
308 54 276063954790248574904848485331729752501
54 308 276063954790248574904848485331729752501
308 78 100860708757830764731423166102400852697642
78 308 100860708757830764731423166102400852697642
308 102 9919364614044863784367119220032566239701
102 308 9919364614044863784367119220032566239701
308 126 4562583624369581618862961630298876065712
126 308 4562583624369581618862961630298876065712
308 150 -273347369161586791344180743436503055187
150 308 -273347369161586791344180743436503055187
308 174 4172799962544775107877355228759603751
174 308 4172799962544775107877355228759603751
308 198 69188826992484502518516272978977174
198 308 69188826992484502518516272978977174
308 222 -125604087170711860861426257330642
222 308 -125604087170711860861426257330642
308 246 80851761200309310702615083963
246 308 80851761200309310702615083963
308 270 90947967385188560679150649
270 308 90947967385188560679150649
308 294 13549597468961643780
294 308 13549597468961643780
307 7 7611263552971037299864
7 307 7611263552971037299864
307 31 -227091096185681609677331954345059722
31 307 -227091096185681609677331954345059722
307 55 209681965249709683104756499978731418236994
55 307 209681965249709683104756499978731418236994
307 79 -18582622387597387713142738595844444233553376
79 307 -18582622387597387713142738595844444233553376
307 103 68822069825351623434123234552413427842894
103 307 68822069825351623434123234552413427842894
307 127 305071256846463227516236807153594180243226
127 307 305071256846463227516236807153594180243226
307 151 5591789282213827656943292991123982330513
151 307 5591789282213827656943292991123982330513
307 175 -774718434868371887287917624301920297268
175 307 -774718434868371887287917624301920297268
307 199 2240902351636457677885170752305417701
199 307 2240902351636457677885170752305417701
307 223 7516235287342114680668252282577635
223 307 7516235287342114680668252282577635
307 247 -10574511916335377888706451371468
247 307 -10574511916335377888706451371468
307 271 -2447124656643287966455361654
271 307 -2447124656643287966455361654
307 295 244816024571106602482
295 307 244816024571106602482
306 8 3061793410021808224707753
8 306 3061793410021808224707753
306 32 135934716997875592099749649249853476666
32 306 135934716997875592099749649249853476666
306 56 41345395422633144648507816326256984199071502
56 306 41345395422633144648507816326256984199071502
306 80 1039832529781748080582569458269471134161141417
80 306 1039832529781748080582569458269471134161141417
306 104 -102198181149323503250271497164001992639998905
104 306 -102198181149323503250271497164001992639998905
306 128 -5759157583289235073533653078395985613509782
128 306 -5759157583289235073533653078395985613509782
306 152 1138759871218824438811775312189761423937369
152 306 1138759871218824438811775312189761423937369
306 176 12744958789822633532471161095137814822418
176 306 12744958789822633532471161095137814822418
306 200 -182858615650105117754279852487396781939
200 306 -182858615650105117754279852487396781939
306 224 190591554222076443758067868809790621
224 306 190591554222076443758067868809790621
306 248 419614083817025263800553932137970
248 306 419614083817025263800553932137970
306 272 33248844515697308450872655530
272 306 33248844515697308450872655530
306 296 2489867829281751357020
296 306 2489867829281751357020
305 9 987822588847982826752256866
9 305 987822588847982826752256866
305 33 -46326055726432028012527526778539453597524
33 305 -46326055726432028012527526778539453597524
305 57 937692840089155895682473670094843388755975816
57 305 937692840089155895682473670094843388755975816
305 81 -34115137631196559708080645661865902894547672010
81 305 -34115137631196559708080645661865902894547672010
305 105 -68618011800616698790390747569581319714387265
105 305 -68618011800616698790390747569581319714387265
305 129 -819885039224503937995222926287406055909804455
129 305 -819885039224503937995222926287406055909804455
305 153 -28735067204264983058419460800147940929959174
153 305 -28735067204264983058419460800147940929959174
305 177 -150340345449220698696361085592553963380807
177 305 -150340345449220698696361085592553963380807
305 201 6596704346275171133809534306678235978063
201 305 6596704346275171133809534306678235978063
305 225 -14432298455846845840561470469455666423
225 305 -14432298455846845840561470469455666423
305 249 -6724356110630300661225871124150233
249 305 -6724356110630300661225871124150233
305 273 -280152646364259623556818445909
273 305 -280152646364259623556818445909
305 297 15388860447839059269610
297 305 15388860447839059269610
304 10 256661333096683682962890840597
10 304 256661333096683682962890840597
304 34 9322127285740442159411086282654061214770836
34 304 9322127285740442159411086282654061214770836
304 58 -65351403478084693916525962256484225275234273534
58 304 -65351403478084693916525962256484225275234273534
304 82 855599887559536364220288242408839604651810569684
82 304 855599887559536364220288242408839604651810569684
304 106 279449422639503140529403122235228440064660127621
106 304 279449422639503140529403122235228440064660127621
304 130 33898390341338592429974739436012865735107865239
130 304 33898390341338592429974739436012865735107865239
304 154 395125894590927229038751286087506732580823136
154 304 395125894590927229038751286087506732580823136
304 178 -2572200913077466423967781440423277087987412
178 304 -2572200913077466423967781440423277087987412
304 202 -115773954580756753094988107826060900496109
202 304 -115773954580756753094988107826060900496109
304 226 459223552211361487958487389577551069120
226 304 459223552211361487958487389577551069120
304 250 8798006515976992086799702569442859
250 304 8798006515976992086799702569442859
304 274 1695517170857632424988404872537
274 304 1695517170857632424988404872537
304 298 60806129752172145464960
298 304 60806129752172145464960
303 11 53723378332978824103565597158496
11 303 53723378332978824103565597158496
303 35 -1145086221526260176314076525467856163146236004
35 303 -1145086221526260176314076525467856163146236004
303 59 1447341508664627679355709566687673407437103323518
59 303 1447341508664627679355709566687673407437103323518
303 83 -16202535929774838298089239044133597332104600918421
83 303 -16202535929774838298089239044133597332104600918421
303 107 -11356709564398972755039768680775232125328642681792
107 303 -11356709564398972755039768680775232125328642681792
303 131 -707498452718692768290097856087050065515540579851
131 303 -707498452718692768290097856087050065515540579851
303 155 -4714198134837691516426475926924337500719460742
155 303 -4714198134837691516426475926924337500719460742
303 179 157057496435185270866478117211306521471788041
179 303 157057496435185270866478117211306521471788041
303 203 1167961972516995398360112565855381575869664
203 303 1167961972516995398360112565855381575869664
303 227 -10169316906866356297302567590289973765193
227 303 -10169316906866356297302567590289973765193
303 251 1243915826003643341711123748016603518
251 303 1243915826003643341711123748016603518
303 275 -7900935377872013625596521719962
275 303 -7900935377872013625596521719962
303 299 158866816866517528905718
299 303 158866816866517528905718
302 12 9029334546176777744768321327364188
12 302 9029334546176777744768321327364188
302 36 89246479402240287597371304466679811050112408782
36 302 89246479402240287597371304466679811050112408782
302 60 -14153957559219215290602798054495292947087771381791
60 302 -14153957559219215290602798054495292947087771381791
302 84 210911879841469223872568838552633754409095707216345
84 302 210911879841469223872568838552633754409095707216345
302 108 228835112198908209199810767987516409865660925699510
108 302 228835112198908209199810767987516409865660925699510
302 132 11710394643367949598072199471384366607410050779223
132 302 11710394643367949598072199471384366607410050779223
302 156 25919420864936919270071707175038077428430498342
156 302 25919420864936919270071707175038077428430498342
302 180 -3436852025623472531662775833254225271525170592
180 302 -3436852025623472531662775833254225271525170592
302 204 -2253811607178044598557310217640631015304410
204 302 -2253811607178044598557310217640631015304410
302 228 165721836789230649047925469063653772146339
228 302 165721836789230649047925469063653772146339
302 252 -20761742209284147773451277545896095199
252 302 -20761742209284147773451277545896095199
302 276 29591908351184657232994726264891
276 302 29591908351184657232994726264891
302 300 280423619836502156022032
300 302 280423619836502156022032
301 13 1209828807982554557926452096074779904
13 301 1209828807982554557926452096074779904
301 37 -4642243848349952950448001407369589153618817031949
37 301 -4642243848349952950448001407369589153618817031949
301 61 -97289163387738131156560608214593140634541167529592
61 301 -97289163387738131156560608214593140634541167529592
301 85 -2445386059992298836418922510382787478483103031517703
85 301 -2445386059992298836418922510382787478483103031517703
301 109 -2670558393192157583184387243610748207887496386002873
109 301 -2670558393192157583184387243610748207887496386002873
301 133 -185963673562032446670679161671921825022501561309018
133 301 -185963673562032446670679161671921825022501561309018
301 157 804442168691200171797090986680854250161990360751
157 301 804442168691200171797090986680854250161990360751
301 181 48151668017910841420183071772059038199858378396
181 301 48151668017910841420183071772059038199858378396
301 205 -183216789365904166517450241567541644844870241
205 301 -183216789365904166517450241567541644844870241
301 229 -2071606144332846635646659825578871960924215
229 301 -2071606144332846635646659825578871960924215
301 253 177534627486960202001822335980746542125
253 301 177534627486960202001822335980746542125
301 277 -98344852899373352962492813547369
277 301 -98344852899373352962492813547369
301 301 338465698305886228901754
300 14 127714146796527882006220836832225493276
14 300 127714146796527882006220836832225493276
300 38 171393410531951705179033186652657187953824637698169
38 300 171393410531951705179033186652657187953824637698169
300 62 6638513438994647298211969684241321371370557222374734
62 300 6638513438994647298211969684241321371370557222374734
300 86 38908944976567020489664530325937218505808520908161379
86 300 38908944976567020489664530325937218505808520908161379
300 110 15172142676404392870346095067975094371613029107865845
110 300 15172142676404392870346095067975094371613029107865845
300 134 2760685933383506891536381078724336336863516869685814
134 300 2760685933383506891536381078724336336863516869685814
300 158 -28970356162049850313860459701708852085681557955819
158 300 -28970356162049850313860459701708852085681557955819
300 182 -476939631479363592717197470086201686123902391219
182 300 -476939631479363592717197470086201686123902391219
300 206 4529389720080265898239093997723687992403700619
206 300 4529389720080265898239093997723687992403700619
300 230 20729118758358229296256728794475197594828104
230 300 20729118758358229296256728794475197594828104
300 254 -939529908353482462186358111228992884110
254 300 -939529908353482462186358111228992884110
300 278 271705088692472159954117426986866
278 300 271705088692472159954117426986866
299 15 10431873896067257957945864902797814398824
15 299 10431873896067257957945864902797814398824
299 39 -4780216067146657384525801870362522005864319643532439
39 299 -4780216067146657384525801870362522005864319643532439
299 63 -150174011866542797163038899459909950505276745268061484
63 299 -150174011866542797163038899459909950505276745268061484
299 87 -636244041160171430134517190866671207292653461161392785
87 299 -636244041160171430134517190866671207292653461161392785
299 111 61673010433148083335812589678003655201489852712961670
111 299 61673010433148083335812589678003655201489852712961670
299 135 -35544649660462869376132481931951092099613329764638543
135 299 -35544649660462869376132481931951092099613329764638543
299 159 549668474951181131918492287842604912440936333905015
159 299 549668474951181131918492287842604912440936333905015
299 183 3011626213439096430879807916731575317700218177433
183 299 3011626213439096430879807916731575317700218177433
299 207 -68495748826910521870415251461421560557509800597
207 299 -68495748826910521870415251461421560557509800597
299 231 -171888380659375252615731675880660929650603706
231 299 -171888380659375252615731675880660929650603706
299 255 2979227954872236133113889701911831058164
255 299 2979227954872236133113889701911831058164
299 279 -618971942897631671450348401710110
279 299 -618971942897631671450348401710110
298 16 641414203209812313461830712989320810443814
16 298 641414203209812313461830712989320810443814
298 40 106093165926725203679480756622354522322194386135393817
40 298 106093165926725203679480756622354522322194386135393817
298 64 2417574491839516182899967138192372879611055559724836961
64 298 2417574491839516182899967138192372879611055559724836961
298 88 7544109762256972513495688929481236207216628288979601506
88 298 7544109762256972513495688929481236207216628288979601506
298 112 -2394529866511087211386549524385256109131709027732226511
112 298 -2394529866511087211386549524385256109131709027732226511
298 136 387489280398464040021631344985746935822717266428385487
136 298 387489280398464040021631344985746935822717266428385487
298 160 -7744337985943218096394526737316711638025551477074958
160 298 -7744337985943218096394526737316711638025551477074958
298 184 -372443571744803533027807553442877423086893118866
184 298 -372443571744803533027807553442877423086893118866
298 208 788361703793438500767972073090870422232395609823
208 298 788361703793438500767972073090870422232395609823
298 232 1212338965792052334798416045344096823874206854
232 298 1212338965792052334798416045344096823874206854
298 256 -2589701850810099395512574764549086514862
256 298 -2589701850810099395512574764549086514862
298 280 1518229777891025382225197140098814
280 298 1518229777891025382225197140098814
297 17 28405297634108117708676851487637482299626604
17 297 28405297634108117708676851487637482299626604
297 41 -1948336102433960374488253787219217506559881244408924432
41 297 -1948336102433960374488253787219217506559881244408924432
297 65 -31712852797410318144578913031920086715183179674500995176
65 297 -31712852797410318144578913031920086715183179674500995176
297 89 -58242724739838753510658524797767546107465133098296560737
89 297 -58242724739838753510658524797767546107465133098296560737
297 113 29753932475044699257895423626202840957072551311099895348
113 297 29753932475044699257895423626202840957072551311099895348
297 137 -3613784979744764266995827682320203044444223791270762221
137 297 -3613784979744764266995827682320203044444223791270762221
297 161 89453316779610660351039879312589394170040114956626920
161 297 89453316779610660351039879312589394170040114956626920
297 185 -310632706730981754320259816953379863857845222540201
185 297 -310632706730981754320259816953379863857845222540201
297 209 -7410532545273493485099191043474138285212739541607
209 297 -7410532545273493485099191043474138285212739541607
297 233 -7415641013251719914947104348445216686781042630
233 297 -7415641013251719914947104348445216686781042630
297 257 -30313439980368760374979116420713050673329
257 297 -30313439980368760374979116420713050673329
297 281 -3097845545835719460489527950557749
281 297 -3097845545835719460489527950557749
296 18 836787623220275683692991768376034813707530814
18 296 836787623220275683692991768376034813707530814
296 42 30466496645296181981335461259279878668217738463586122731
42 296 30466496645296181981335461259279878668217738463586122731
296 66 355960386954615794602684631594146246498158825896700440185
66 296 355960386954615794602684631594146246498158825896700440185
296 90 230847319959909583809505975780285339441774124916264372741
90 296 230847319959909583809505975780285339441774124916264372741
296 114 -249307232655002353379086799911692600161044419882499584721
114 296 -249307232655002353379086799911692600161044419882499584721
296 138 29382361682764666248827517647682131021858010760338026268
138 296 29382361682764666248827517647682131021858010760338026268
296 162 -884033818454417745920920748247221071131653949589725645
162 296 -884033818454417745920920748247221071131653949589725645
296 186 5360043596804431300542557608255370593088161923149969
186 296 5360043596804431300542557608255370593088161923149969
296 210 58986080527225319629025758862904077433738981974914
210 296 58986080527225319629025758862904077433738981974914
296 234 39922557241367047896746148372415611552028505257
234 296 39922557241367047896746148372415611552028505257
296 258 213515999024126139826253513526110663892241
258 296 213515999024126139826253513526110663892241
296 282 4312799659380531779317672020971586
282 296 4312799659380531779317672020971586
295 19 13634597373609577127509626453336663388773495064
19 295 13634597373609577127509626453336663388773495064
295 43 -414405789571407889621705076836775030975110773652351617101
43 295 -414405789571407889621705076836775030975110773652351617101
295 67 -3466837361814766904545317221733222690728927925030707094232
67 295 -3466837361814766904545317221733222690728927925030707094232
295 91 705904912255423732567728568582962914486351602680265667556
91 295 705904912255423732567728568582962914486351602680265667556
295 115 1582800123831850858275559101295911432234219444460968956142
115 295 1582800123831850858275559101295911432234219444460968956142
295 139 -211490109306410201219619454040026073789725344874683175592
139 295 -211490109306410201219619454040026073789725344874683175592
295 163 7628957413547230415674220191775480932688646087308327199
163 295 7628957413547230415674220191775480932688646087308327199
295 187 -61829127370964750822927691670398743683915256760545730
187 295 -61829127370964750822927691670398743683915256760545730
295 211 -406895017393468940266253301974487959704464387654202
211 295 -406895017393468940266253301974487959704464387654202
295 235 -191357372496663381470883816285164502188714580304
235 295 -191357372496663381470883816285164502188714580304
295 259 -855008469070604509181488638450111665046150
259 295 -855008469070604509181488638450111665046150
295 283 -8457388430705737655168363913549886
283 295 -8457388430705737655168363913549886
294 20 45003354444472928205078499016878082954318194744
20 294 45003354444472928205078499016878082954318194744
294 44 4983299388225576423593172395257627669893411949184553527507
44 294 4983299388225576423593172395257627669893411949184553527507
294 68 29145003513492194368248717207507910284607353302882176495580
68 294 29145003513492194368248717207507910284607353302882176495580
294 92 -19998864293439557618186521272646867451167427761462234050966
92 294 -19998864293439557618186521272646867451167427761462234050966
294 116 -7742099043347359816808251361068150339032520328830790449501
116 294 -7742099043347359816808251361068150339032520328830790449501
294 140 1357762659238133694053552912347733028823673250727626611367
140 294 1357762659238133694053552912347733028823673250727626611367
294 164 -58099183998133333886228266406692794846254814404286550078
164 294 -58099183998133333886228266406692794846254814404286550078
294 188 570452568821501982133377991622414785494495640177743702
188 294 570452568821501982133377991622414785494495640177743702
294 212 2473306891465987778742499360028322812901626151917683
212 294 2473306891465987778742499360028322812901626151917683
294 236 824360714059392595583144729212331205820069389848
236 294 824360714059392595583144729212331205820069389848
294 260 2495034135070099472479358937530787893810152
260 294 2495034135070099472479358937530787893810152
294 284 16336905357316620559225150822094093
284 294 16336905357316620559225150822094093
293 21 -1280203906745271250687155456768745188378549566776
21 293 -1280203906745271250687155456768745188378549566776
293 45 -53650772667235980169091224501306062382737036190759268806483
45 293 -53650772667235980169091224501306062382737036190759268806483
293 69 -208141457738337270505583205720871632698057283574872440632368
69 293 -208141457738337270505583205720871632698057283574872440632368
293 93 186448455418940405170082051908994896057638451552429840274934
93 293 186448455418940405170082051908994896057638451552429840274934
293 117 26911662655891291825425719962463275959842325615306960678207
117 293 26911662655891291825425719962463275959842325615306960678207
293 141 -7765498569186857063337832385573765907658250491714850200791
141 293 -7765498569186857063337832385573765907658250491714850200791
293 165 392892308608986371016617241923866525811454171320944509687
165 293 392892308608986371016617241923866525811454171320944509687
293 189 -4472452544278128598541829952561335407437472925533019587
189 293 -4472452544278128598541829952561335407437472925533019587
293 213 -13418014881514005466848744555279943068140371061604511
213 293 -13418014881514005466848744555279943068140371061604511
293 237 -3217441779032273790478585651752222651644973987957
237 293 -3217441779032273790478585651752222651644973987957
293 261 -5571681914109140341030449157799758522326277
261 293 -5571681914109140341030449157799758522326277
293 285 -14980539884482159971643277280695691
285 293 -14980539884482159971643277280695691
292 22 12215237687656805839727231549529985886191072809272
22 292 12215237687656805839727231549529985886191072809272
292 46 522350891502132524086726630547960757167989316806644135611814
46 292 522350891502132524086726630547960757167989316806644135611814
292 70 1230139919210282843723163677917608776931904670472587940831239
70 292 1230139919210282843723163677917608776931904670472587940831239
292 94 -1169615598684439080101175314265453078240155196906650235761211
94 292 -1169615598684439080101175314265453078240155196906650235761211
292 118 -34568162838615528169832211430457439511038206262954389795098
118 292 -34568162838615528169832211430457439511038206262954389795098
292 142 39165123343503015452528763634658135657683506086145150498439
142 292 39165123343503015452528763634658135657683506086145150498439
292 166 -2368763397054845112103514068374795494703574902414416588912
166 292 -2368763397054845112103514068374795494703574902414416588912
292 190 30722268951465791789381882501695312513832996482089502982
190 292 30722268951465791789381882501695312513832996482089502982
292 214 65637256882844737737714872890243586064193075256221271
214 292 65637256882844737737714872890243586064193075256221271
292 238 11457594394297322126188315017658919200081935366795
238 292 11457594394297322126188315017658919200081935366795
292 262 9187114398691499817050079399377214914557406
262 292 9187114398691499817050079399377214914557406
292 286 17313777373304735758641124529883649
286 292 17313777373304735758641124529883649
291 23 253413287293203761981272319249187390314289987756848
23 291 253413287293203761981272319249187390314289987756848
291 47 -4636794327651225380507007045312494209601117668503066504648872
47 291 -4636794327651225380507007045312494209601117668503066504648872
291 71 -5716438520897076917208522287160205394687690464251609542563346
71 291 -5716438520897076917208522287160205394687690464251609542563346
291 95 5394019580288495227471031699383485042235291046146805699359579
95 291 5394019580288495227471031699383485042235291046146805699359579
291 119 -383597775342056544747323962991800692717031777892668626167864
119 291 -383597775342056544747323962991800692717031777892668626167864
291 143 -170288819532374377523855310699403884165318361852631356614369
143 291 -170288819532374377523855310699403884165318361852631356614369
291 167 12762095143539941707278272152332101962807797847083114637010
167 291 12762095143539941707278272152332101962807797847083114637010
291 191 -188475731540519731808825092195235838446932993850885573040
191 291 -188475731540519731808825092195235838446932993850885573040
291 215 -291945962367439922768203657708054625812597017726240566
215 291 -291945962367439922768203657708054625812597017726240566
291 239 -37467625229674750573006057977932738375290201873290
239 291 -37467625229674750573006057977932738375290201873290
291 263 -8604942968650274735928831830834696937146730
263 291 -8604942968650274735928831830834696937146730
291 287 -38129273322854572518505989197971632
287 291 -38129273322854572518505989197971632
290 24 -5782897686519702251150491651592652287600966440438848
24 290 -5782897686519702251150491651592652287600966440438848
290 48 37781402783579972887464221294930542160405748692449737662365496
48 290 37781402783579972887464221294930542160405748692449737662365496
290 72 17942744060259318814840727124955042838311185859920275706287936
72 290 17942744060259318814840727124955042838311185859920275706287936
290 96 -17129687475899064816313843874281781718550849763960535603950296
96 290 -17129687475899064816313843874281781718550849763960535603950296
290 120 4146000125578636380019954863942019859390820834678116259895554
120 290 4146000125578636380019954863942019859390820834678116259895554
290 144 606908865945057639123665423484069919192930112954307749585255
144 290 606908865945057639123665423484069919192930112954307749585255
290 168 -61449467983094785957685380203111274010869662360781940972955
168 290 -61449467983094785957685380203111274010869662360781940972955
290 192 1046795726802206901212519983920646854374429059216100735901
192 290 1046795726802206901212519983920646854374429059216100735901
290 216 1188981848627928119678417480840593595977293808915151648
216 290 1188981848627928119678417480840593595977293808915151648
290 240 113186735428659860671844395668563463265327879544372
240 290 113186735428659860671844395668563463265327879544372
290 264 -7936193450777299738340822082486430997008242
264 290 -7936193450777299738340822082486430997008242
290 288 34642455893410206162037487601059708
288 290 34642455893410206162037487601059708
289 1 -128179168014336
1 289 -128179168014336
289 25 32607213972495011075531113542837748855765406651843752
25 289 32607213972495011075531113542837748855765406651843752
289 49 -284200003928847968097089803539547014330055216328781402261264368
49 289 -284200003928847968097089803539547014330055216328781402261264368
289 73 -6948959275366180812467149255526135137538289194500804314399044
73 289 -6948959275366180812467149255526135137538289194500804314399044
289 97 17361475246434909287479157984467701322873590200490099113538155
97 289 17361475246434909287479157984467701322873590200490099113538155
289 121 -26010499454082790578445245695143838842382627215171833191646915
121 289 -26010499454082790578445245695143838842382627215171833191646915
289 145 -1521194684288009129327017920729677110086053006461552889623739
145 289 -1521194684288009129327017920729677110086053006461552889623739
289 169 263479716068966443805497110640475565159483973997815978551261
169 289 263479716068966443805497110640475565159483973997815978551261
289 193 -5318782617656798518621118778838480944597997962358332803301
193 289 -5318782617656798518621118778838480944597997962358332803301
289 217 -4459800395105674900192893437201601081657793330431397480
217 289 -4459800395105674900192893437201601081657793330431397480
289 241 -317662682433906313532911461693417711778773160260477
241 289 -317662682433906313532911461693417711778773160260477
289 265 60727761064748153979575207015629207550477342
265 289 60727761064748153979575207015629207550477342
289 289 -18068826891956437003739610878330812
288 2 101677036554639298560
2 288 101677036554639298560
288 26 568824300692848348151858478434570600131836596659062496
26 288 568824300692848348151858478434570600131836596659062496
288 50 1983322847647734051307140573702133196246540429105818050995584078
50 288 1983322847647734051307140573702133196246540429105818050995584078
288 74 -379660919191921542207016614661472948305037932068944285211773297
74 288 -379660919191921542207016614661472948305037932068944285211773297
288 98 239240708936974507041205119543148606077308703644859888295121936
98 288 239240708936974507041205119543148606077308703644859888295121936
288 122 122361578516196449622963019212073716916258398756986219053573835
122 288 122361578516196449622963019212073716916258398756986219053573835
288 146 480309930420603737715209524140108008861883128637102028434092
146 288 480309930420603737715209524140108008861883128637102028434092
288 170 -995359442383774750515170935705138530394079868545825417335005
170 288 -995359442383774750515170935705138530394079868545825417335005
288 194 24932397502989086950385187193047719676285107887036012655321
194 288 24932397502989086950385187193047719676285107887036012655321
288 218 15483405527978501069773234032954229550886535117138036531
218 288 15483405527978501069773234032954229550886535117138036531
288 242 832738362037857626790019022087035245407008444974302
242 288 832738362037857626790019022087035245407008444974302
288 266 -174441011925515521812176966277225792157374881
266 288 -174441011925515521812176966277225792157374881
287 3 -5808181294162120974954496
3 287 -5808181294162120974954496
287 27 -15258155923849353398847298616690225383738340581696557144
27 287 -15258155923849353398847298616690225383738340581696557144
287 51 -12896259525875174203568965119480739668280138748220613698821943910
51 287 -12896259525875174203568965119480739668280138748220613698821943910
287 75 3211231070249327705606726060751841751486208315061530358942504362
75 287 3211231070249327705606726060751841751486208315061530358942504362
287 99 -2367900810818045369864962679945840528453781990493457430948823499
99 287 -2367900810818045369864962679945840528453781990493457430948823499
287 123 -436151858328768429550525365985182298885555522856133763635260382
123 287 -436151858328768429550525365985182298885555522856133763635260382
287 147 23209311129945484109520879614547355945049932125671899375600296
147 287 23209311129945484109520879614547355945049932125671899375600296
287 171 3226186429220274251532559635206434477027605775283670126038777
171 287 3226186429220274251532559635206434477027605775283670126038777
287 195 -108581057046879637305758156419343920760439592623581389365966
195 287 -108581057046879637305758156419343920760439592623581389365966
287 219 -49959816546445060806587774493720465239555143228362864527
219 287 -49959816546445060806587774493720465239555143228362864527
287 243 -2049529467516414835114253771934598959865625064705398
243 287 -2049529467516414835114253771934598959865625064705398
287 267 364917126514634816156016846181983995588074486
267 287 364917126514634816156016846181983995588074486
286 4 78430975768822089994826321920
4 286 78430975768822089994826321920
286 28 178275805509127393988367012451258192105815996175642091396
28 286 178275805509127393988367012451258192105815996175642091396
286 52 78436273914940846573078926225074054913839249097542793666321765012
52 286 78436273914940846573078926225074054913839249097542793666321765012
286 76 -16913012074047001249845908169413934581831227062910570536560124209
76 286 -16913012074047001249845908169413934581831227062910570536560124209
286 100 14759684473616877226005910493724565265940858965241141721876417833
100 286 14759684473616877226005910493724565265940858965241141721876417833
286 124 976541066349435780716909467275787345528997544509695532334870311
124 286 976541066349435780716909467275787345528997544509695532334870311
286 148 -176688367189436658886782392984933971827270456850940414762138912
148 286 -176688367189436658886782392984933971827270456850940414762138912
286 172 -8338748545481361917563055732886761053698190808605762906899315
172 286 -8338748545481361917563055732886761053698190808605762906899315
286 196 441927858331172828925843811135247008139317843308072587523342
196 286 441927858331172828925843811135247008139317843308072587523342
286 220 150331893912905932621712108711017846016782487704177462150
220 286 150331893912905932621712108711017846016782487704177462150
286 244 4758921224946259690139319960712681080385064193505269
244 286 4758921224946259690139319960712681080385064193505269
286 268 -617975813527035335396337518703802213218425331
268 286 -617975813527035335396337518703802213218425331
285 5 -384316531444702908268550551826432
5 285 -384316531444702908268550551826432
285 29 -1046740587286383671743370809789635693289737848549946151496
29 285 -1046740587286383671743370809789635693289737848549946151496
285 53 -447804959923432042436093529443955395445737483390548245717116033157
53 285 -447804959923432042436093529443955395445737483390548245717116033157
285 77 63857855307133059287008372520888917482650102431237208309039229168
77 285 63857855307133059287008372520888917482650102431237208309039229168
285 101 -75204615913186642233995207263537811316462854991912522668932339790
101 285 -75204615913186642233995207263537811316462854991912522668932339790
285 125 790608544534766608628965072764180522594372604644312071882417252
125 285 790608544534766608628965072764180522594372604644312071882417252
285 149 881012716735295091191549856175919468989826765863577809373990233
149 285 881012716735295091191549856175919468989826765863577809373990233
285 173 12562687963266742782309865446591559024129462740290074733747310
173 285 12562687963266742782309865446591559024129462740290074733747310
285 197 -1689488730263052865820467263123869905161663178432288173276519
197 285 -1689488730263052865820467263123869905161663178432288173276519
285 221 -422983720857601252997230360295043996114171533498252161989
221 285 -422983720857601252997230360295043996114171533498252161989
285 245 -10471608022625981863598623095113775386108172404443681
245 285 -10471608022625981863598623095113775386108172404443681
285 269 869037694349589951149758867378605951189462162
269 285 869037694349589951149758867378605951189462162
284 6 842426762050419819335148596124041216
6 284 842426762050419819335148596124041216
284 30 -3113215720772776326844162371700899944538256331968266583420
30 284 -3113215720772776326844162371700899944538256331968266583420
284 54 2407736029325457711439151922822258867488015565699954075255795633075
54 284 2407736029325457711439151922822258867488015565699954075255795633075
284 78 -153327141670696196621398155908069715322451226342001386828979654285
78 284 -153327141670696196621398155908069715322451226342001386828979654285
284 102 335237370615940965200586012487965188575587892933467258457259523858
102 284 335237370615940965200586012487965188575587892933467258457259523858
284 126 -23483472955882154434717624239241156795630929214153405839341051827
126 284 -23483472955882154434717624239241156795630929214153405839341051827
284 150 -3407119622007079508647079914888255721708639708664760091185130319
150 284 -3407119622007079508647079914888255721708639708664760091185130319
284 174 27289952362860311176685249804803659618713739215802250678923470
174 284 27289952362860311176685249804803659618713739215802250678923470
284 198 6093441577450539873304583523017313366119066672293881796947293
198 284 6093441577450539873304583523017313366119066672293881796947293
284 222 1115046916653341788240585242609939297488432207424839031293
222 284 1115046916653341788240585242609939297488432207424839031293
284 246 21922721345375007385804589356880957075104786488670284
246 284 21922721345375007385804589356880957075104786488670284
284 270 -998902048267980618293913392661568981295609783
270 284 -998902048267980618293913392661568981295609783
283 7 -930165129976551873238351684997364621312
7 283 -930165129976551873238351684997364621312
283 31 159299152725293667331281796035118892561149862486464548293272
31 283 159299152725293667331281796035118892561149862486464548293272
283 55 -12230104896827851708446571633849035883044634313290950015656159709445
55 283 -12230104896827851708446571633849035883044634313290950015656159709445
283 79 -32207843339575027829765119201583634012509431084106822643873779078
79 283 -32207843339575027829765119201583634012509431084106822643873779078
283 103 -1332280557552057730209010307080907860624154297030206669317287944638
103 283 -1332280557552057730209010307080907860624154297030206669317287944638
283 127 158394303662223960247175484791592596396612514616870637876683528982
127 283 158394303662223960247175484791592596396612514616870637876683528982
283 151 10266586588086281410593604946993238102054115271181769275511415312
151 283 10266586588086281410593604946993238102054115271181769275511415312
283 175 -347791911043860815183090372084320383439347909445016534157533325
175 283 -347791911043860815183090372084320383439347909445016534157533325
283 199 -20812164063550213970161063889092165620041306081094452945668719
199 283 -20812164063550213970161063889092165620041306081094452945668719
283 223 -2757236664049825982983608188408322592883425900679504452187
223 283 -2757236664049825982983608188408322592883425900679504452187
283 247 -43813346671163451945703089192475135085283543919201642
247 283 -43813346671163451945703089192475135085283543919201642
283 271 859817658605756345682918265470912051076815794
271 283 859817658605756345682918265470912051076815794
282 8 556788600823298425240574563327399840423936
8 282 556788600823298425240574563327399840423936
282 32 -2264899130269336774261940201879261552745563157238104105855215
32 282 -2264899130269336774261940201879261552745563157238104105855215
282 56 58864495125701837668873407102411810815366729108244191163982336880335
56 282 58864495125701837668873407102411810815366729108244191163982336880335
282 80 2888780090272029127026828974074865315651177016736643967900753309511
80 282 2888780090272029127026828974074865315651177016736643967900753309511
282 104 4685114719716325161466094513884543389437549060494057046774516172065
104 282 4685114719716325161466094513884543389437549060494057046774516172065
282 128 -754904325154842107903055974100733576775866919738361197267404106377
128 282 -754904325154842107903055974100733576775866919738361197267404106377
282 152 -20708309891729995460184197045087416148516835108823142368604588302
152 282 -20708309891729995460184197045087416148516835108823142368604588302
282 176 1962245079670895534733686833481806117960224767064312582489955302
176 282 1962245079670895534733686833481806117960224767064312582489955302
282 200 67538044150161023879461260516749622411803915162096219915709952
200 282 67538044150161023879461260516749622411803915162096219915709952
282 224 6396999127375149103036340349884191295274859964424920005125
224 282 6396999127375149103036340349884191295274859964424920005125
282 248 83808971073627543227623381688677923384463683923953199
248 282 83808971073627543227623381688677923384463683923953199
282 272 -333197625901814176624723547743536537568844847
272 282 -333197625901814176624723547743536537568844847
281 9 -189751524255465586739312749684897601935458304
9 281 -189751524255465586739312749684897601935458304
281 33 22147836444900954965482659316381143310900026971361664081266234
33 281 22147836444900954965482659316381143310900026971361664081266234
281 57 -269242001008628743675001843484738959676970034028047851224963212555576
57 281 -269242001008628743675001843484738959676970034028047851224963212555576
281 81 -20321912157121234995564293758520934678186078644430410695035149820288
81 281 -20321912157121234995564293758520934678186078644430410695035149820288
281 105 -14059749988498692263837139084526726612991710385321590332292704966537
105 281 -14059749988498692263837139084526726612991710385321590332292704966537
281 129 2869127051239347068469675751705183187614405581622504338029026328643
129 281 2869127051239347068469675751705183187614405581622504338029026328643
281 153 -2853694340291142143655056841167512968558219820060795578780434749
153 281 -2853694340291142143655056841167512968558219820060795578780434749
281 177 -8617397890408483841821536905850491197598423157649906589997910290
177 281 -8617397890408483841821536905850491197598423157649906589997910290
281 201 -208834902955024245510886525348645980100128848298932855477843610
201 281 -208834902955024245510886525348645980100128848298932855477843610
281 225 -13911711444168655170433858245181636833763052945800403611912
225 281 -13911711444168655170433858245181636833763052945800403611912
281 249 -153730239078012366049792612477090390483742620673383564
249 281 -153730239078012366049792612477090390483742620673383564
281 273 -600178486534305433813378065129110521413720678
273 281 -600178486534305433813378065129110521413720678
280 10 38183433362392851084947809413751034735701344256
10 280 38183433362392851084947809413751034735701344256
280 34 -167741074992492490595615462640486370034621960524120074497983771
34 280 -167741074992492490595615462640486370034621960524120074497983771
280 58 1173642353276295197281954672769440840070666620057850770391739552692585
58 280 1173642353276295197281954672769440840070666620057850770391739552692585
280 82 100228306069209578226656024581991545282639738939258055355202377125003
82 280 100228306069209578226656024581991545282639738939258055355202377125003
280 106 32368068113275488296702033406133210592308033338786291829203246831782
106 280 32368068113275488296702033406133210592308033338786291829203246831782
280 130 -8769676343246139815446552569819220543866649616999932470341448717037
130 280 -8769676343246139815446552569819220543866649616999932470341448717037
280 154 292067144342393268686508499929511512783212441345226512385998339985
154 280 292067144342393268686508499929511512783212441345226512385998339985
280 178 32736055206874244635876343318057036660623500008135744667686581762
178 280 32736055206874244635876343318057036660623500008135744667686581762
280 202 616839248440906430861838630225402028284352500885128514552342570
202 280 616839248440906430861838630225402028284352500885128514552342570
280 226 28281336454242275248842898956514969930274679771156830924598
226 280 28281336454242275248842898956514969930274679771156830924598
280 250 270717702308880114618394178901840135900913056948159542
250 280 270717702308880114618394178901840135900913056948159542
280 274 1812873960099753856553481757656941729641986183
274 280 1812873960099753856553481757656941729641986183
279 11 -4690273163371561682182457448316338844246982672384
11 279 -4690273163371561682182457448316338844246982672384
279 35 996725730176730095755328478916920816209994918899150900156733296
35 279 996725730176730095755328478916920816209994918899150900156733296
279 59 -4889290528795835303410422687036594440276952859394083795177393467485971
59 279 -4889290528795835303410422687036594440276952859394083795177393467485971
279 83 -409620329082376894623021503401790177487986913048974078466309765637518
83 279 -409620329082376894623021503401790177487986913048974078466309765637518
279 107 -32160724620973320437341028502317126598959012955889862637130750979655
107 279 -32160724620973320437341028502317126598959012955889862637130750979655
279 131 19707859986423110582784020190887611684340732342475424912928490316672
131 279 19707859986423110582784020190887611684340732342475424912928490316672
279 155 -1865987635739721498196702248644196145007286843252708620210224320279
155 279 -1865987635739721498196702248644196145007286843252708620210224320279
279 179 -111948955975635276090050976830474155011200395907557167521719329842
179 279 -111948955975635276090050976830474155011200395907557167521719329842
279 203 -1744269996084115010643054891655367662842010626186373208793268507
203 279 -1744269996084115010643054891655367662842010626186373208793268507
279 227 -53444825581966005313047128764630991279603436089330891545037
227 279 -53444825581966005313047128764630991279603436089330891545037
279 251 -457942457070118671477608786495639923216434245136230992
251 279 -457942457070118671477608786495639923216434245136230992
279 275 -3040395029627956071250135285484459300074732298
275 279 -3040395029627956071250135285484459300074732298
278 12 365553579631576217998832863095520506061260426371072
12 278 365553579631576217998832863095520506061260426371072
278 36 -4283687463825134270445904074431520656926456888995378749499591358
36 278 -4283687463825134270445904074431520656926456888995378749499591358
278 60 19519062376322676440903843691031659440065817735345393438625284358460341
60 278 19519062376322676440903843691031659440065817735345393438625284358460341
278 84 1475095031693437541116943976336080224427227016403816390830073313395221
84 278 1475095031693437541116943976336080224427227016403816390830073313395221
278 108 -190580965419774428717798779332385336487311725762113849418268683557061
108 278 -190580965419774428717798779332385336487311725762113849418268683557061
278 132 -16542762744539751721092922582589361914366609072227997278434579628738
132 278 -16542762744539751721092922582589361914366609072227997278434579628738
278 156 8461596794103832378220945195452114302079466285109063909409061671724
156 278 8461596794103832378220945195452114302079466285109063909409061671724
278 180 351467163610146878085809010328139740870573450071855031094883584810
180 278 351467163610146878085809010328139740870573450071855031094883584810
278 204 4731235520716556982035846259604489321581893268235666969046181663
204 278 4731235520716556982035846259604489321581893268235666969046181663
278 228 92875537382224536481281268615789851135313185505240766695677
228 278 92875537382224536481281268615789851135313185505240766695677
278 252 744236477132974358798747049149270074870902124664570638
252 278 744236477132974358798747049149270074870902124664570638
278 276 3957904847132989773727503321319501936846801345
276 278 3957904847132989773727503321319501936846801345
277 13 -19014630802841407285035013764585837173222674562863104
13 277 -19014630802841407285035013764585837173222674562863104
277 37 7263654403651291688528120177135870705835860008301681433848715036
37 277 7263654403651291688528120177135870705835860008301681433848715036
277 61 -74872747800719194705049841467900833419822855705598415057984643473367715
61 277 -74872747800719194705049841467900833419822855705598415057984643473367715
277 85 -4874663228861707521957470018416797500430652163274151520575603270895252
85 277 -4874663228861707521957470018416797500430652163274151520575603270895252
277 109 1536929360487297250485361551861752324675044742252714306473587779457061
109 277 1536929360487297250485361551861752324675044742252714306473587779457061
277 133 -132454604418894297754846452658325658755158357501236896974591851136836
133 277 -132454604418894297754846452658325658755158357501236896974591851136836
277 157 -32094940000439685755741736255284832292459871016462973244533446550782
157 277 -32094940000439685755741736255284832292459871016462973244533446550782
277 181 -1024303431132769811636401241003052511555865745981228602126285633153
181 277 -1024303431132769811636401241003052511555865745981228602126285633153
277 205 -12331230477148730448721448463847448842216101097667856056654949057
205 277 -12331230477148730448721448463847448842216101097667856056654949057
277 229 -145204692516626946122254832913622042695305249484415431059918
229 277 -145204692516626946122254832913622042695305249484415431059918
277 253 -1161957711069257354161422235183958809795252599985410461
253 277 -1161957711069257354161422235183958809795252599985410461
277 277 -4298172331057176597230943480233419714268553290
276 14 702027409538874184413319932529283841858865716011700224
14 276 702027409538874184413319932529283841858865716011700224
276 38 89446711542783506557888588841406976651204994930637409301042336498
38 276 89446711542783506557888588841406976651204994930637409301042336498
276 62 276654334954513939292884419963064269691058073860103846717035366140651916
62 276 276654334954513939292884419963064269691058073860103846717035366140651916
276 86 15465014743283063408338744865676757365351625354770272202760636947416941
86 276 15465014743283063408338744865676757365351625354770272202760636947416941
276 110 -6955324604555051508923246066408916009588992709808936344266956085210211
110 276 -6955324604555051508923246066408916009588992709808936344266956085210211
276 134 1016988470037900682907505846521879305784409031291488927443117321333410
134 276 1016988470037900682907505846521879305784409031291488927443117321333410
276 158 107387327722540294327253678699096616016407064163850371896508946935920
158 276 107387327722540294327253678699096616016407064163850371896508946935920
276 182 2789456073298812807616191250876348460278079855326249504542019316041
182 276 2789456073298812807616191250876348460278079855326249504542019316041
276 206 30930128078606443553833161573743455708356531992450393005542405350
206 276 30930128078606443553833161573743455708356531992450393005542405350
276 230 194076874293675776414256544825840687333917117556805663817259
230 276 194076874293675776414256544825840687333917117556805663817259
276 254 1742632793787002358366129852333861950890534798829669911
254 276 1742632793787002358366129852333861950890534798829669911
275 15 -19579765011032708647017684461004890136020253259908870144
15 275 -19579765011032708647017684461004890136020253259908870144
275 39 -1269039170086860982073030720742661965230653006691323939734669256064
39 275 -1269039170086860982073030720742661965230653006691323939734669256064
275 63 -987027258396862903868364373637691225266478614202626562902925813432811770
63 275 -987027258396862903868364373637691225266478614202626562902925813432811770
275 87 -50050803708815098544049093308232394807700308948871837484010082858513598
87 275 -50050803708815098544049093308232394807700308948871837484010082858513598
275 111 23265509341910723146556763431017670366101601255582849749806588279368433
111 275 23265509341910723146556763431017670366101601255582849749806588279368433
275 135 -4792878116709807384376782605364888838047553187226302209578995440171144
135 275 -4792878116709807384376782605364888838047553187226302209578995440171144
275 159 -324544039928403242528368147753757148748218490102295561585472271262026
159 275 -324544039928403242528368147753757148748218490102295561585472271262026
275 183 -7125368927943842155387335834311813677109019708919817362733690818740
183 275 -7125368927943842155387335834311813677109019708919817362733690818740
275 207 -74766379436567935147671814034727891744318618000299276151307761363
207 275 -74766379436567935147671814034727891744318618000299276151307761363
275 231 -188064319596270474903155505780748681475612652429099786253323
231 275 -188064319596270474903155505780748681475612652429099786253323
275 255 -2510511353612653879636563687976345669929432301559162901
255 275 -2510511353612653879636563687976345669929432301559162901
274 16 434557607635866434271153179125164123431708205610573074432
16 274 434557607635866434271153179125164123431708205610573074432
274 40 10655581324173934108786445243460146349830835941797421516288113732795
40 274 10655581324173934108786445243460146349830835941797421516288113732795
274 64 3407561441806723652362466444915739521245934988183779179668598445542992706
64 274 3407561441806723652362466444915739521245934988183779179668598445542992706
274 88 175908491345511391784566730114208152398275341445043168658787793914045107
88 274 175908491345511391784566730114208152398275341445043168658787793914045107
274 112 -55929992527257217302084643704983784265368694044031028408776024280674380
112 274 -55929992527257217302084643704983784265368694044031028408776024280674380
274 136 18328229297497279165021584410061163649735712278546478262134411878346586
136 274 18328229297497279165021584410061163649735712278546478262134411878346586
274 160 896303769255816780486206728841952117002771540266292420307320636612688
160 274 896303769255816780486206728841952117002771540266292420307320636612688
274 184 17100342540789625524679049482125333181773789054894333649550830509587
184 274 17100342540789625524679049482125333181773789054894333649550830509587
274 208 174393464488148748142929045483706642791440245060138500216242454312
208 274 174393464488148748142929045483706642791440245060138500216242454312
274 232 5270335737910503779028536118819850656395483751650932888502
232 274 5270335737910503779028536118819850656395483751650932888502
274 256 3475024937004096109436423058450528009606948172030712612
256 274 3475024937004096109436423058450528009606948172030712612
273 17 -7980384675569501693903887512449914906869273577098954473472
17 273 -7980384675569501693903887512449914906869273577098954473472
273 41 -71516134732143443376169137352091118512230816616682423982612549688074
41 273 -71516134732143443376169137352091118512230816616682423982612549688074
273 65 -11405897840934409395499495571034151281554976865183897087290434309025114452
65 273 -11405897840934409395499495571034151281554976865183897087290434309025114452
273 89 -685933471491921640739915161660514543649450738198798256418895904482143424
89 273 -685933471491921640739915161660514543649450738198798256418895904482143424
273 113 55444565006066728204955538257849462983499842753042089297346916138937518
113 273 55444565006066728204955538257849462983499842753042089297346916138937518
273 137 -61226949120147648765269484115693321707461270204650646071218032340111921
137 273 -61226949120147648765269484115693321707461270204650646071218032340111921
273 161 -2273406296870237015033042842418723514796434465216043851802806234359681
161 273 -2273406296870237015033042842418723514796434465216043851802806234359681
273 185 -38540060691147746647140744583997873326998902773099932490615044581774
185 273 -38540060691147746647140744583997873326998902773099932490615044581774
273 209 -392966796957543151598011258641364898770727257915888382762927366000
209 273 -392966796957543151598011258641364898770727257915888382762927366000
273 233 603096967160034238057815753328758741216534870548650578685444
233 273 603096967160034238057815753328758741216534870548650578685444
273 257 -4623963094444237995543362144532901292563822840636732567
257 273 -4623963094444237995543362144532901292563822840636732567
272 18 124790770259133161395550049318010383025019856746848758706176
18 272 124790770259133161395550049318010383025019856746848758706176
272 42 415246113404804310483504156089054441997564170534164786498173594578399
42 272 415246113404804310483504156089054441997564170534164786498173594578399
272 66 37079334064300933464140320254527245740032393697222686107438821069345384740
66 272 37079334064300933464140320254527245740032393697222686107438821069345384740
272 90 2860763752968877842348324294572625123451053334790141299452850124537201231
90 272 2860763752968877842348324294572625123451053334790141299452850124537201231
272 114 349911166870775368737208034117263166760835222677520990534851872759607489
114 272 349911166870775368737208034117263166760835222677520990534851872759607489
272 138 184329209621614300953127645349452948987896228879248250822449912733326694
138 272 184329209621614300953127645349452948987896228879248250822449912733326694
272 162 5295570484170957905129340049740098430066306320672403310266428298691751
162 272 5295570484170957905129340049740098430066306320672403310266428298691751
272 186 81320434877991908086994150543494598390031390472046204840738592505685
186 272 81320434877991908086994150543494598390031390472046204840738592505685
272 210 856338558932593464592186277813006643747312337727741607189182259771
210 272 856338558932593464592186277813006643747312337727741607189182259771
272 234 -2094434208284478503995345715745420058155253834964885743214349
234 272 -2094434208284478503995345715745420058155253834964885743214349
272 258 5919529984773234791833552681891075680966354011259513195
258 272 5919529984773234791833552681891075680966354011259513195
271 19 -1697406114084486715890503994723430526874053728880032223645696
19 271 -1697406114084486715890503994723430526874053728880032223645696
271 43 -2159330210590792583904294397585968177407821429540478008833381128723144
43 271 -2159330210590792583904294397585968177407821429540478008833381128723144
271 67 -117245023298087864469654305178372053315317741591993615841226373808823332428
67 271 -117245023298087864469654305178372053315317741591993615841226373808823332428
271 91 -12065489388272238042382042837708147982920373841024320111966900896930070710
91 271 -12065489388272238042382042837708147982920373841024320111966900896930070710
271 115 -2884332921585637554333894179438327028875195906021895487631693778215710814
115 271 -2884332921585637554333894179438327028875195906021895487631693778215710814
271 139 -508341681172628752884475995221652399028444722822629658593543323773082030
139 271 -508341681172628752884475995221652399028444722822629658593543323773082030
271 163 -11263439550620959293619686304431866909550143038729016103905139377599141
163 271 -11263439550620959293619686304431866909550143038729016103905139377599141
271 187 -159512758259397585207372393586271286356943679530176288665318017988463
187 271 -159512758259397585207372393586271286356943679530176288665318017988463
271 211 -1806452023772313253093040639986420650414345129569132423852852450007
211 271 -1806452023772313253093040639986420650414345129569132423852852450007
271 235 5241664783023318475717155769999529277407925280444011391765851
235 271 5241664783023318475717155769999529277407925280444011391765851
271 259 -7298994257820880193387947286813823376255277431871084265
259 271 -7298994257820880193387947286813823376255277431871084265
270 20 20411594294171961031037634130975242935883415343859931248668672
20 270 20411594294171961031037634130975242935883415343859931248668672
270 44 10253492597956343547859283574933094438019187376804955413180965982239000
44 270 10253492597956343547859283574933094438019187376804955413180965982239000
270 68 361048723156031611196461079315309845837792002114439834851189853770091018342
68 270 361048723156031611196461079315309845837792002114439834851189853770091018342
270 92 49436007081328566862174947318774155816277138010496002684612459624396576827
92 270 49436007081328566862174947318774155816277138010496002684612459624396576827
270 116 14002527040035442785585375326312321254723649852529795301602457668842589966
116 270 14002527040035442785585375326312321254723649852529795301602457668842589966
270 140 1296776817710959397645268735500975175733505946545553204541845526207249077
140 270 1296776817710959397645268735500975175733505946545553204541845526207249077
270 164 21553630096258993658970010281171744544442881286607432887019791618749137
164 270 21553630096258993658970010281171744544442881286607432887019791618749137
270 188 286671210878150615777096669361808045769447823580608093552997461805983
188 270 286671210878150615777096669361808045769447823580608093552997461805983
270 212 3692286018661323791665255803644481770739736674910231360936249735520
212 270 3692286018661323791665255803644481770739736674910231360936249735520
270 236 -11257406707192612273144640031882116395215517165187246934795797
236 270 -11257406707192612273144640031882116395215517165187246934795797
270 260 8680398171089810260002786625294328879250018970847930510
260 270 8680398171089810260002786625294328879250018970847930510
269 21 -219753564844998574772597655557349631519690900237349965031354368
21 269 -219753564844998574772597655557349631519690900237349965031354368
269 45 -45028488459206482593991233462243497182277793635537282144109636700142736
45 269 -45028488459206482593991233462243497182277793635537282144109636700142736
269 69 -1083958525873579340725879659624997515384582051718579723121743788162127050745
69 269 -1083958525873579340725879659624997515384582051718579723121743788162127050745
269 93 -192885936570624717072727771328278097416704293245461019440111196182648357296
93 269 -192885936570624717072727771328278097416704293245461019440111196182648357296
269 117 -54642161238866246890060644729408390144361486710436394692827296618041762992
117 269 -54642161238866246890060644729408390144361486710436394692827296618041762992
269 141 -3080255216374173818236570049184743760570342576171713030041215732896825096
141 269 -3080255216374173818236570049184743760570342576171713030041215732896825096
269 165 -35845608644930219896635928775335701242450261095884277938835928486532804
165 269 -35845608644930219896635928775335701242450261095884277938835928486532804
269 189 -457349558447501021104078348765307689319131703054687747464128520439350
189 269 -457349558447501021104078348765307689319131703054687747464128520439350
269 213 -7318491917254490805850681471740473635240460019633372576762440736914
213 269 -7318491917254490805850681471740473635240460019633372576762440736914
269 237 21916140742938306956025055696120199022535697080537393684486813
237 269 21916140742938306956025055696120199022535697080537393684486813
269 261 -9972190370345340258872251381280513698550006561393965614
261 269 -9972190370345340258872251381280513698550006561393965614
268 22 2139549251592734818659232278724447261360084241640014379465990144
22 268 2139549251592734818659232278724447261360084241640014379465990144
268 46 184584840003708734502306970208764627498431669457170233771010889261813400
46 268 184584840003708734502306970208764627498431669457170233771010889261813400
268 70 3175654644451888039007435511240165987237764436763329362110640649920735983141
70 268 3175654644451888039007435511240165987237764436763329362110640649920735983141
268 94 711266195777923165574232792906051890070052973956433013327181014163129645127
94 268 711266195777923165574232792906051890070052973956433013327181014163129645127
268 118 185355275551166059709738407089742279850548187832100926046507475419378433771
118 268 185355275551166059709738407089742279850548187832100926046507475419378433771
268 142 6848756440014347045348441481168552534383828756843209791157417347560195955
142 268 6848756440014347045348441481168552534383828756843209791157417347560195955
268 166 47067967913436855605828233611960615380725287706833428401651413149950286
166 268 47067967913436855605828233611960615380725287706833428401651413149950286
268 190 595873162835871933296584533834727164927047448364006261618295494174228
190 268 595873162835871933296584533834727164927047448364006261618295494174228
268 214 14078289295722909484464156043900947113340630426577754926550727882498
214 268 14078289295722909484464156043900947113340630426577754926550727882498
268 238 -39642124263663799653272200448515019108124903991921293851170146
238 268 -39642124263663799653272200448515019108124903991921293851170146
268 262 11084406878610809720479855807227602476555446388833636389
262 268 11084406878610809720479855807227602476555446388833636389
267 23 -18992309566059419158556700857599976282526177970188560403041779712
23 267 -18992309566059419158556700857599976282526177970188560403041779712
267 47 -711464980470279086558879778975440281889528368321607823932808182947731032
47 267 -711464980470279086558879778975440281889528368321607823932808182947731032
267 71 -9085959559933289568838881155222086737960242087653311958114988794691751777971
71 267 -9085959559933289568838881155222086737960242087653311958114988794691751777971
267 95 -2474653517837429375170112914288810742229766201005558661779874829392696540902
95 267 -2474653517837429375170112914288810742229766201005558661779874829392696540902
267 119 -564228197102846292745675246461088454839807494748550541527373611699123400681
119 267 -564228197102846292745675246461088454839807494748550541527373611699123400681
267 143 -14331481490701351861346077908540824329676972557057002186332982868202752522
143 267 -14331481490701351861346077908540824329676972557057002186332982868202752522
267 167 -29867075924428305462171835146658263994923881850519015445258565669516615
167 267 -29867075924428305462171835146658263994923881850519015445258565669516615
267 191 -435523721848191949302781953097837964422078191974035670645690807733037
191 267 -435523721848191949302781953097837964422078191974035670645690807733037
267 215 -26302811391464807227884888882075822626513317369558215610531972596577
215 267 -26302811391464807227884888882075822626513317369558215610531972596577
267 239 67519453925786014020541506850412105097756480638705294656088407
239 267 67519453925786014020541506850412105097756480638705294656088407
267 263 -11938758868706991989079870629849300807574466867951208788
263 267 -11938758868706991989079870629849300807574466867951208788
266 24 154752625801543568947053450424035500689021946644274125465049071616
24 266 154752625801543568947053450424035500689021946644274125465049071616
266 48 2593726956026929399447352281278187702650253934171351054912902767694471067
48 266 2593726956026929399447352281278187702650253934171351054912902767694471067
266 72 25405261546142733381510717915624351882076239323232353960657918162767320714917
72 266 25405261546142733381510717915624351882076239323232353960657918162767320714917
266 96 8129340124440707406827583325278112182829162368293564963590384538914353621223
96 266 8129340124440707406827583325278112182829162368293564963590384538914353621223
266 120 1565192295179241287970916164651220081438330046780980392288737900999689229482
120 266 1565192295179241287970916164651220081438330046780980392288737900999689229482
266 144 28426926421321317872143141776706559348129938606944524881193681508001831998
144 266 28426926421321317872143141776706559348129938606944524881193681508001831998
266 168 -81606682106255174290080434149654564133079676705902995418317958282530747
168 266 -81606682106255174290080434149654564133079676705902995418317958282530747
266 192 -738018980041694873117682802295239158872454766422152346640267959193540
192 266 -738018980041694873117682802295239158872454766422152346640267959193540
266 216 47761652973072568004003450710838190139223969305386625790973987568713
216 266 47761652973072568004003450710838190139223969305386625790973987568713
266 240 -109175837862894755562608100703111570432051508782202984334751923
240 266 -109175837862894755562608100703111570432051508782202984334751923
266 264 12475819139793120649235887017271324920022154838777702033
264 266 12475819139793120649235887017271324920022154838777702033
265 1 37974811355146878976
1 265 37974811355146878976
265 25 -1164083216092561277325679835297984570695906166082688623662138851328
25 265 -1164083216092561277325679835297984570695906166082688623662138851328
265 49 -8986683539701091201606634207143891862960506522253018902661950507886448354
49 265 -8986683539701091201606634207143891862960506522253018902661950507886448354
265 73 -69462801872885628827616887883061662160918127460107864780218689017789462837574
73 265 -69462801872885628827616887883061662160918127460107864780218689017789462837574
265 97 -25251091459622559545540565118246489126326138386131020581166931998703975002644
97 265 -25251091459622559545540565118246489126326138386131020581166931998703975002644
265 121 -3986532243675238354052556546044253135879616874341790716228041771815845109957
121 265 -3986532243675238354052556546044253135879616874341790716228041771815845109957
265 145 -54030696851954427379446529555519071680815808767834381938678689779735580039
145 265 -54030696851954427379446529555519071680815808767834381938678689779735580039
265 169 429564352889566830053630061646281561114779026793748340512410396478016412
169 265 429564352889566830053630061646281561114779026793748340512410396478016412
265 193 4589519697326816937791584656706184868691321281198519140036402683220239
193 265 4589519697326816937791584656706184868691321281198519140036402683220239
265 217 -84345628017540679808341361662522672995292603076654771854849575820648
217 265 -84345628017540679808341361662522672995292603076654771854849575820648
265 241 168498474595102730774707471702076735998385921597389377222260301
241 265 168498474595102730774707471702076735998385921597389377222260301
265 265 -12658947126703958407934054729386459711060769623718560486
264 2 2821034684458198091247386624
2 264 2821034684458198091247386624
264 26 8123690383965118674154047789883937571825829597617430736877912383488
26 264 8123690383965118674154047789883937571825829597617430736877912383488
264 50 29704798249000694751386687458123839977345668946878120134025948052219779271
50 264 29704798249000694751386687458123839977345668946878120134025948052219779271
264 74 185815861144128908665636878388136870084811900036782989573233716494225300790305
74 264 185815861144128908665636878388136870084811900036782989573233716494225300790305
264 98 74269757459141906127917212266729689621722932852679833860099158851681658299116
98 264 74269757459141906127917212266729689621722932852679833860099158851681658299116
264 122 9345481755302703183827191448911696045018953210905038106843462665843301570324
122 264 9345481755302703183827191448911696045018953210905038106843462665843301570324
264 146 100038222145016457972320722434234173575977949390312278531870920198621740094
146 264 100038222145016457972320722434234173575977949390312278531870920198621740094
264 170 -1277209766799103424235609664027870197483815902928232016626755846018860477
170 264 -1277209766799103424235609664027870197483815902928232016626755846018860477
264 194 -14655424916536241382119750275379179832105732502533820990745279699754586
194 264 -14655424916536241382119750275379179832105732502533820990745279699754586
264 218 144948732601611199600664836866479891837142665234026948830409044955630
218 264 144948732601611199600664836866479891837142665234026948830409044955630
264 242 -249162675052027548818171374117426481440405196992107207295071257
242 264 -249162675052027548818171374117426481440405196992107207295071257
263 3 2145827479379906731700703570427904
3 263 2145827479379906731700703570427904
263 27 -52823079017984713537818481129393109681275448312711633710374682255360
27 263 -52823079017984713537818481129393109681275448312711633710374682255360
263 51 -93927183955085509592565175918408437345134715981337828243164632192584224256
51 263 -93927183955085509592565175918408437345134715981337828243164632192584224256
263 75 -486528858320894351364763284601004474607708355571039213405535218589387159363655
75 263 -486528858320894351364763284601004474607708355571039213405535218589387159363655
263 99 -207073468322562996603945169826365720349069738912502049827923601134758588758098
99 263 -207073468322562996603945169826365720349069738912502049827923601134758588758098
263 123 -20125612037505341373071769406730309400678870962486981383099515181235803694026
123 263 -20125612037505341373071769406730309400678870962486981383099515181235803694026
263 147 -184438581541798080814278709513624430124261249977545179393756959531332330632
147 263 -184438581541798080814278709513624430124261249977545179393756959531332330632
263 171 3034570654877079382637764906152571901504100345830188411403034448055473147
171 263 3034570654877079382637764906152571901504100345830188411403034448055473147
263 195 37932374439789753509169910407531259756766287682499373334330938353402376
195 263 37932374439789753509169910407531259756766287682499373334330938353402376
263 219 -242538057926749657210189091663210993268298287342566521800347525992636
219 263 -242538057926749657210189091663210993268298287342566521800347525992636
263 243 353991703393326504098807612726820825140132654447002830312072173
243 263 353991703393326504098807612726820825140132654447002830312072173
262 4 142844228922426795051262953738643439616
4 262 142844228922426795051262953738643439616
262 28 321274977955597707563331281817903328927085564303535282857253949489152
28 262 321274977955597707563331281817903328927085564303535282857253949489152
262 52 284560626460661258792703839663649348511264835470039886303703590877055070850
52 262 284560626460661258792703839663649348511264835470039886303703590877055070850
262 76 1247359553221825159395271224663731490934317144338164794764390428245929117149297
76 262 1247359553221825159395271224663731490934317144338164794764390428245929117149297
262 100 547596740907541841201168576916373250777894130216613848219144527336719835388663
100 262 547596740907541841201168576916373250777894130216613848219144527336719835388663
262 124 39526495155414145220250859576354667525822764187734448190849957804676666531748
124 262 39526495155414145220250859576354667525822764187734448190849957804676666531748
262 148 346202283867592740026736648600345695253812402653014510482323327600057738510
148 262 346202283867592740026736648600345695253812402653014510482323327600057738510
262 172 -6187199981441022718996050677830450122563555616997338107680356423333502134
172 262 -6187199981441022718996050677830450122563555616997338107680356423333502134
262 196 -87464064986445729250142964355952562502972791553837381662083941602351005
196 262 -87464064986445729250142964355952562502972791553837381662083941602351005
262 220 395355142820829694865433630059605929989629458902348155082349467048932
220 262 395355142820829694865433630059605929989629458902348155082349467048932
262 244 -484214830919810838807376964158571552819053309295317822922959834
244 262 -484214830919810838807376964158571552819053309295317822922959834
261 5 1661887856672620115823005904957900427624448
5 261 1661887856672620115823005904957900427624448
261 29 -1834209115846377645818239096602441299745740731967685614457307271811072
29 261 -1834209115846377645818239096602441299745740731967685614457307271811072
261 53 -826217909458927543339606457633934634583792353157397724391427023196435189684
53 261 -826217909458927543339606457633934634583792353157397724391427023196435189684
261 77 -3132301991321404662870128512608574681567862464942324714390329199559196325195853
77 261 -3132301991321404662870128512608574681567862464942324714390329199559196325195853
261 101 -1373304373684973456088667959253545414306640706272406594114246667635670015486880
101 261 -1373304373684973456088667959253545414306640706272406594114246667635670015486880
261 125 -69674407595618581637571909604807143193092750740237265084093735606080560747676
125 261 -69674407595618581637571909604807143193092750740237265084093735606080560747676
261 149 -669048547443499876885381532879403201554089832295663010294761360212929543080
149 261 -669048547443499876885381532879403201554089832295663010294761360212929543080
261 173 10952138710638282822745023324355005228710168169834601528102608914003196176
173 261 10952138710638282822745023324355005228710168169834601528102608914003196176
261 197 186323146526368816293456142269450233431300500242844924535871341080300615
197 261 186323146526368816293456142269450233431300500242844924535871341080300615
261 221 -628130080793953433377996868162650168167551322027313707568604835167202
221 261 -628130080793953433377996868162650168167551322027313707568604835167202
261 245 638739486465661886204291761469430504248700796007954855454462469
245 261 638739486465661886204291761469430504248700796007954855454462469
260 6 4631584599330235034870822485683261711335817216
6 260 4631584599330235034870822485683261711335817216
260 30 9862086776117074786054766275879972321230911757107011892247738913075200
30 260 9862086776117074786054766275879972321230911757107011892247738913075200
260 54 2296211845539548870785293120383940790524446893725345164134791141669571088530
54 260 2296211845539548870785293120383940790524446893725345164134791141669571088530
260 78 7705984897962590309167132157057120081270267089474946700401611946961515827377398
78 260 7705984897962590309167132157057120081270267089474946700401611946961515827377398
260 102 3262886759817619753372972082380650840924397473840781842569668666266098510702864
102 260 3262886759817619753372972082380650840924397473840781842569668666266098510702864
260 126 106459523368330579827934370764506984511868387849984691119629717610674721764124
126 260 106459523368330579827934370764506984511868387849984691119629717610674721764124
260 150 1319138105407072920376897536782091392823427152092310447925725896797976945358
150 260 1319138105407072920376897536782091392823427152092310447925725896797976945358
260 174 -16320503166505437190578421819944300583185647436708072372011237810295372143
174 260 -16320503166505437190578421819944300583185647436708072372011237810295372143
260 198 -373395373096593440178453081352490316940730024235710094371657289450485485
198 260 -373395373096593440178453081352490316940730024235710094371657289450485485
260 222 973115327816477283225285432295348011121010827465158661263807056116589
222 260 973115327816477283225285432295348011121010827465158661263807056116589
260 246 -813588587329691906494559853131118351903819851028568178438265937
246 260 -813588587329691906494559853131118351903819851028568178438265937
259 7 3517879622298873290740050427547172409748387528704
7 259 3517879622298873290740050427547172409748387528704
259 31 -50094509657406880597797157412245650976950822147239731264127630169886720
31 259 -50094509657406880597797157412245650976950822147239731264127630169886720
259 55 -6089117990241888995845337521064424520484105263201782056858972308106750736928
55 259 -6089117990241888995845337521064424520484105263201782056858972308106750736928
259 79 -18576486836022612435226529307023947656425987116912077910830966512050965212800292
79 259 -18576486836022612435226529307023947656425987116912077910830966512050965212800292
259 103 -7328156944792489925437749069066195177314510997749844724574713480652971783977328
103 259 -7328156944792489925437749069066195177314510997749844724574713480652971783977328
259 127 -128744764139135131906619234268635986676116562053274317530764849082947105913298
127 259 -128744764139135131906619234268635986676116562053274317530764849082947105913298
259 151 -2581069962722272213504751195795230397355264427008824191168922878098126773424
151 259 -2581069962722272213504751195795230397355264427008824191168922878098126773424
259 175 17895735662813141277977848236694191696662933440772669986219149202049855535
175 259 17895735662813141277977848236694191696662933440772669986219149202049855535
259 199 711271773029760778658562140379441514122678414509503015055666084403576011
199 259 711271773029760778658562140379441514122678414509503015055666084403576011
259 223 -1470670349629665609872952592065289898577573084821960294145437243602241
223 259 -1470670349629665609872952592065289898577573084821960294145437243602241
259 247 1001661377465010263870263785072253378349602464494033751235048277
247 259 1001661377465010263870263785072253378349602464494033751235048277
258 8 693660629610927556527259712193939895416409588498432
8 258 693660629610927556527259712193939895416409588498432
258 32 241108972034874727091705475491478777099742122427368207007671651861852160
32 258 241108972034874727091705475491478777099742122427368207007671651861852160
258 56 15315513815855881259892644927876911069074777506270695843306184588166187711237
56 258 15315513815855881259892644927876911069074777506270695843306184588166187711237
258 80 43885974177857043642875442326446983743449652308326974091018817046525075247979356
80 258 43885974177857043642875442326446983743449652308326974091018817046525075247979356
258 104 15494463883512766645269706928525531177920689613059360239887582712198512410085993
104 258 15494463883512766645269706928525531177920689613059360239887582712198512410085993
258 128 81345949701066947659329280656957812042292761109011022378660521137943614084300
128 258 81345949701066947659329280656957812042292761109011022378660521137943614084300
258 152 4823641468545483257508151859255577063113017494876980835964208679799404378413
152 258 4823641468545483257508151859255577063113017494876980835964208679799404378413
258 176 -3598898194150065274494030850493654851067851132873694456466021422657303549
176 258 -3598898194150065274494030850493654851067851132873694456466021422657303549
258 200 -1296268695793930680280606129024979209295221512945046300729935583643895174
200 258 -1296268695793930680280606129024979209295221512945046300729935583643895174
258 224 2169068100542256760982918624054979695078229247778652245303411721390903
224 258 2169068100542256760982918624054979695078229247778652245303411721390903
258 248 -1192945572407173698166578600380400769095749884868102559398092967
248 258 -1192945572407173698166578600380400769095749884868102559398092967
257 9 15731875319829227719538328177493928019330977555808256
9 257 15731875319829227719538328177493928019330977555808256
257 33 -1102815236131343334092807550913490778836869259378883998617449318627639296
33 257 -1102815236131343334092807550913490778836869259378883998617449318627639296
257 57 -36145186032802044425031402584240917758701327796167541016906892557444512917574
57 257 -36145186032802044425031402584240917758701327796167541016906892557444512917574
257 81 -101613188718382194835683754549264155582530868576603502487144824737180378909117508
81 257 -101613188718382194835683754549264155582530868576603502487144824737180378909117508
257 105 -30623756560000631131296497547825893799200145917613412572107862625864432051619656
105 257 -30623756560000631131296497547825893799200145917613412572107862625864432051619656
257 129 141425362336986379779740450625529220447995365022681978782387763513252326963632
129 257 141425362336986379779740450625529220447995365022681978782387763513252326963632
257 153 -8204306073901954946450997713893681983629276747360785914501825946387179204407
153 257 -8204306073901954946450997713893681983629276747360785914501825946387179204407
257 177 -54082002223804024121269382566260673262869453913531148666841757797234520187
177 257 -54082002223804024121269382566260673262869453913531148666841757797234520187
257 201 2270048545671059252733289226134623888458895327104184857629437751583170072
201 257 2270048545671059252733289226134623888458895327104184857629437751583170072
257 225 -3123171817683093334461481433900551877927428780393394013006244741022537
225 257 -3123171817683093334461481433900551877927428780393394013006244741022537
257 249 1375239327011484358922758906093330788105232730642859542601397276
249 257 1375239327011484358922758906093330788105232730642859542601397276
256 10 -1096414612054978176131442038384883248035264857683001344
10 256 -1096414612054978176131442038384883248035264857683001344
256 34 4807239079019705128066886339663629680929450475756956755524565207828828160
34 256 4807239079019705128066886339663629680929450475756956755524565207828828160
256 58 78393836586480187295406475990432779581459479801900209260034287285070573957265
58 256 78393836586480187295406475990432779581459479801900209260034287285070573957265
256 82 230596518818617383227914865485769510433046582483765813337301968463200402407579762
82 256 230596518818617383227914865485769510433046582483765813337301968463200402407579762
256 106 55858628631906227164632732922473784090412158185441898380780616928746860335944481
106 256 55858628631906227164632732922473784090412158185441898380780616928746860335944481
256 130 -685456442193877928325091695028172238787342175545602495870694901578568891620568
130 256 -685456442193877928325091695028172238787342175545602495870694901578568891620568
256 154 11683222558917629743936831398010893728640875445873925756289462436256091123905
154 256 11683222558917629743936831398010893728640875445873925756289462436256091123905
256 178 210989271198984588009459614451860736509761602690954165502549584080482404010
178 256 210989271198984588009459614451860736509761602690954165502549584080482404010
256 202 -3831447495210546380361364179433237494233171002054108876049500747542587295
202 256 -3831447495210546380361364179433237494233171002054108876049500747542587295
256 226 4391668939316223914254769931114168750188383291331531444798845388392332
226 256 4391668939316223914254769931114168750188383291331531444798845388392332
256 250 -1535343734143669827961580514817519869771590074214423822698149694
250 256 -1535343734143669827961580514817519869771590074214423822698149694
255 11 24282361116632330136129480233585501294028288872979365888
11 255 24282361116632330136129480233585501294028288872979365888
255 35 -20026534005947741402769091326101890827374398912078167225046603642822537216
35 255 -20026534005947741402769091326101890827374398912078167225046603642822537216
255 59 -149175180994079412923450982221811143547621663956242913436065578499637541734904
59 255 -149175180994079412923450982221811143547621663956242913436065578499637541734904
255 83 -512897480781550109377010856749051296449798570819101993664075129726063013048411402
83 255 -512897480781550109377010856749051296449798570819101993664075129726063013048411402
255 107 -91702039274242304865408980482415565703770104161030828975016682791777860529270644
107 255 -91702039274242304865408980482415565703770104161030828975016682791777860529270644
255 131 1633717485878571551689668064068862390295987791891606799910733298634417648966414
131 255 1633717485878571551689668064068862390295987791891606799910733298634417648966414
255 155 -10522071392883900334357937945017446349457060846732816434171567858681053454990
155 255 -10522071392883900334357937945017446349457060846732816434171567858681053454990
255 179 -571215636589996440137116696924703634673187860029205376458819623695728828884
179 255 -571215636589996440137116696924703634673187860029205376458819623695728828884
255 203 6245925409139050036188718393842056046382298188488028663069734712688481921
203 255 6245925409139050036188718393842056046382298188488028663069734712688481921
255 227 -6032666779510566085967904716084554666359020295467557909658486507931254
227 255 -6032666779510566085967904716084554666359020295467557909658486507931254
255 251 1660580784436044586272013258388565737721484084217564112400655693
251 255 1660580784436044586272013258388565737721484084217564112400655693
254 12 -237464003225853566280945913164647300756568111430926073856
12 254 -237464003225853566280945913164647300756568111430926073856
254 36 79950079493417682701942143758465677066509589443974731524609164732253556736
36 254 79950079493417682701942143758465677066509589443974731524609164732253556736
254 60 216484820009522545325952285323745289670595707584906119118796951995450533654324
60 254 216484820009522545325952285323745289670595707584906119118796951995450533654324
254 84 1118047531958797277409699968295801614123440938128217186644321243826403981976916532
84 254 1118047531958797277409699968295801614123440938128217186644321243826403981976916532
254 108 127780678589953680841726314707200392158890724652707833899555295378312664287684226
108 254 127780678589953680841726314707200392158890724652707833899555295378312664287684226
254 132 -2676624213765242924010219723692984817846745566648904387309013361706084953600432
132 254 -2676624213765242924010219723692984817846745566648904387309013361706084953600432
254 156 -9111461051673555630197237918645875986310245964363607868112937455792588466621
156 254 -9111461051673555630197237918645875986310245964363607868112937455792588466621
254 180 1315690061882330552042197532475372174119373639645772401334058268767207215050
180 254 1315690061882330552042197532475372174119373639645772401334058268767207215050
254 204 -9848629854448885901370325963412113589260849001905464065787899644502395130
204 254 -9848629854448885901370325963412113589260849001905464065787899644502395130
254 228 8097659110455001795765566336425994479651395147769351030173364335033634
228 254 8097659110455001795765566336425994479651395147769351030173364335033634
254 252 -1740404315046297605572636175363207134468286745887798957268584249
252 254 -1740404315046297605572636175363207134468286745887798957268584249
253 13 -1632241308615374377849947141107603472544074228536151375872
13 253 -1632241308615374377849947141107603472544074228536151375872
253 37 -306678774991745821511884150652521813687594416970131108077505099666914160640
37 253 -306678774991745821511884150652521813687594416970131108077505099666914160640
253 61 -67547947455132846520255020209325620905083638016113601952846121676456800330712
61 253 -67547947455132846520255020209325620905083638016113601952846121676456800330712
253 85 -2388348307159702270273679949956637126619666720532367937407180654956509256414938911
85 253 -2388348307159702270273679949956637126619666720532367937407180654956509256414938911
253 109 -123762238844859852142724834366842708833377812835239095115331321536810117270766584
109 253 -123762238844859852142724834366842708833377812835239095115331321536810117270766584
253 133 2328081145167528937457389054827094426884014993670929858187174364480146568973680
133 253 2328081145167528937457389054827094426884014993670929858187174364480146568973680
253 157 80419959744262503528491392148006380213869562520763296546045157635057224555888
157 253 80419959744262503528491392148006380213869562520763296546045157635057224555888
253 181 -2740106413410849357424764761869088330462459031660406484961366865121608945114
181 253 -2740106413410849357424764761869088330462459031660406484961366865121608945114
253 205 15035643859211382792157185856737136751977767451712198204890101997940448085
205 253 15035643859211382792157185856737136751977767451712198204890101997940448085
253 229 -10624153247726816342947794107093626027729790695647197340256779211989899
229 253 -10624153247726816342947794107093626027729790695647197340256779211989899
253 253 1767827370895455947427518837243824511293914759511225208448550110
252 14 111375773884916020565918629177968444772900054560140945260544
14 252 111375773884916020565918629177968444772900054560140945260544
252 38 1133176155973689095343654584168711248654573870530985356152976859712110247936
38 252 1133176155973689095343654584168711248654573870530985356152976859712110247936
252 62 -1161815869232741731513905854439283541184141743837156325904371449111964941831500
62 252 -1161815869232741731513905854439283541184141743837156325904371449111964941831500
252 86 4998935457744264736612921526242529122551973917493659098517026752099548195499309633
86 252 4998935457744264736612921526242529122551973917493659098517026752099548195499309633
252 110 -29413426822874297181301924804564792043397249330235476918451209891948800060103551
110 252 -29413426822874297181301924804564792043397249330235476918451209891948800060103551
252 134 3637927227387030746890404624866033784403287606157286625880759919076021899982964
134 252 3637927227387030746890404624866033784403287606157286625880759919076021899982964
252 158 -273483714471087069609467470954036985172530910987225538860368938010982167178115
158 252 -273483714471087069609467470954036985172530910987225538860368938010982167178115
252 182 5300814332837403997663877359845272101648167030621057456582115936124550269444
182 252 5300814332837403997663877359845272101648167030621057456582115936124550269444
252 206 -22236967605383150638662453421840357183010367100337241115060387854865199637
206 252 -22236967605383150638662453421840357183010367100337241115060387854865199637
252 230 13627570962132688994650950506596606782776862988060830132773595138753132
230 252 13627570962132688994650950506596606782776862988060830132773595138753132
251 15 -2519501834671551681248490832641192580176337095139245418348544
15 251 -2519501834671551681248490832641192580176337095139245418348544
251 39 -4042863650393550454244820474419983258691496403773958401650384131820797009920
39 251 -4042863650393550454244820474419983258691496403773958401650384131820797009920
251 63 6411511222837089503691810638628602561551205320519687106335439253833103026405480
63 251 6411511222837089503691810638628602561551205320519687106335439253833103026405480
251 87 -10249786807273848824798372858386688839391670767625462688569579663227862451907631143
87 251 -10249786807273848824798372858386688839391670767625462688569579663227862451907631143
251 111 580193058695100169233160662811523456258501009127103910246490881366118651203136414
111 251 580193058695100169233160662811523456258501009127103910246490881366118651203136414
251 135 -24895216891534586280127629103532005525503920298202641336508884504099387625034918
135 251 -24895216891534586280127629103532005525503920298202641336508884504099387625034918
251 159 721912847733868033753434420236126138470163417524051365310268275134236092164822
159 251 721912847733868033753434420236126138470163417524051365310268275134236092164822
251 183 -9663795219444145470165602937948384548301406352813761944294141542881176191453
183 251 -9663795219444145470165602937948384548301406352813761944294141542881176191453
251 207 31864724897435052700159542386424831784079514074549565294310326368627960174
207 251 31864724897435052700159542386424831784079514074549565294310326368627960174
251 231 -17093349825608359294596442757459704995503033117055838005415686909952766
231 251 -17093349825608359294596442757459704995503033117055838005415686909952766
250 16 40560169445681800336008255070355289353776675113504490259480576
16 250 40560169445681800336008255070355289353776675113504490259480576
250 40 13957371665640340080076662558374869079023349711600759519922579232944098123776
40 250 13957371665640340080076662558374869079023349711600759519922579232944098123776
250 64 -24731264962493645479056871220719876407559461493073956310198589489388537978995075
64 250 -24731264962493645479056871220719876407559461493073956310198589489388537978995075
250 88 20582950473998544927462060934270284005473144827401880480960580364725872227756937973
88 250 20582950473998544927462060934270284005473144827401880480960580364725872227756937973
250 112 -2032564458066714431482397574956535206198719881772504595855911052747290913648319898
112 250 -2032564458066714431482397574956535206198719881772504595855911052747290913648319898
250 136 80657191996559199833966074485675117225290552023350070892331907614626251603122284
136 250 80657191996559199833966074485675117225290552023350070892331907614626251603122284
250 160 -1658513869060092112419082665985225196851333748887695273203253476156028634156067
160 250 -1658513869060092112419082665985225196851333748887695273203253476156028634156067
250 184 16746675558592189339748335821163960923370307818164193419148603077225465896223
184 250 16746675558592189339748335821163960923370307818164193419148603077225465896223
250 208 -44231624559065171566743233271185883237727862248950486979147213637258791655
208 250 -44231624559065171566743233271185883237727862248950486979147213637258791655
250 232 20970406407104185368309782011556095762481504653950080542913240289501320
232 250 20970406407104185368309782011556095762481504653950080542913240289501320
249 17 -532053381358357148140319652981738189559358684965912888282710016
17 249 -532053381358357148140319652981738189559358684965912888282710016
249 41 -46718557556467340883965933858955883649249185239793242469541618929766868795392
41 249 -46718557556467340883965933858955883649249185239793242469541618929766868795392
249 65 82122840578904108205077471157596412128422287178870642012244960351751853678398066
65 249 82122840578904108205077471157596412128422287178870642012244960351751853678398066
249 89 -40470785263817184347764912324735005222635266610371468603812421858115202135285483256
89 249 -40470785263817184347764912324735005222635266610371468603812421858115202135285483256
249 113 5317093490802577966496934936697872260457869606320985759174889173588014847689669608
113 249 5317093490802577966496934936697872260457869606320985759174889173588014847689669608
249 137 -204957799896781595358241737006856486024328980636150716976449986540166643574092900
137 249 -204957799896781595358241737006856486024328980636150716976449986540166643574092900
249 161 3455325336904300171677851675017374372489113174485943119266769473842761536839655
161 249 3455325336904300171677851675017374372489113174485943119266769473842761536839655
249 185 -27736906180409305372284316137632109626761679741471491812905696559096613667859
185 249 -27736906180409305372284316137632109626761679741471491812905696559096613667859
249 209 59438413297929657351016187879225302131269961692576112963583004231748920774
209 249 59438413297929657351016187879225302131269961692576112963583004231748920774
249 233 -25167209381579990379280226692104931718282839520908664110592505464445469
233 249 -25167209381579990379280226692104931718282839520908664110592505464445469
248 18 5972024299381171383060874244135415913088854224375336972278824960
18 248 5972024299381171383060874244135415913088854224375336972278824960
248 42 151876952327376623469118751762543598551172684583824122296069411100038695895040
42 248 151876952327376623469118751762543598551172684583824122296069411100038695895040
248 66 -249413952218117029016567067948225266941983576737212902867838830349444065589786975
66 248 -249413952218117029016567067948225266941983576737212902867838830349444065589786975
248 90 77892574723639999309173611404748660191520571130229850554644331263002106516112190451
90 248 77892574723639999309173611404748660191520571130229850554644331263002106516112190451
248 114 -12011345758692675387452918600148716152363364742683245134840848374990226011724303502
114 248 -12011345758692675387452918600148716152363364742683245134840848374990226011724303502
248 138 452060699680018727153479217069424012688041003587253180417033509409734464512782872
138 248 452060699680018727153479217069424012688041003587253180417033509409734464512782872
248 162 -6655925534328540395343919443551702992829860073542146519568928243400245465006319
162 248 -6655925534328540395343919443551702992829860073542146519568928243400245465006319
248 186 44061243224239431715954178183740701906704092070381569526555737557625699692446
186 248 44061243224239431715954178183740701906704092070381569526555737557625699692446
248 210 -77235207006408749050414753143163163984263364960906103141061358224917255490
210 248 -77235207006408749050414753143163163984263364960906103141061358224917255490
248 234 29551594292918599337558526536105676320980569256901197985673205065543915
234 248 29551594292918599337558526536105676320980569256901197985673205065543915
247 19 -58163879256036496347208168817538171458460421246671979552662618112
19 247 -58163879256036496347208168817538171458460421246671979552662618112
247 43 -480235615428967892867704034010611930379541469560805850485663227120940369625088
43 247 -480235615428967892867704034010611930379541469560805850485663227120940369625088
247 67 711151745711065172799328299204920577824531007171873447295892125657313759089825504
67 247 711151745711065172799328299204920577824531007171873447295892125657313759089825504
247 91 -146706789730527631630941938400820926494840937619430196957259811460593218236764059937
91 247 -146706789730527631630941938400820926494840937619430196957259811460593218236764059937
247 115 24573950202013003760710575547744961211433079035137603445561880790670947345100911314
115 247 24573950202013003760710575547744961211433079035137603445561880790670947345100911314
247 139 -899645235194028288660741076983438086244643636865510389581614010598886414527413342
139 247 -899645235194028288660741076983438086244643636865510389581614010598886414527413342
247 163 11978194591033747831280670283983980183114301064123952740413580052482568413949088
163 247 11978194591033747831280670283983980183114301064123952740413580052482568413949088
247 187 -67273719679484839361218889915562249688472560480302397019832202841577726369612
187 247 -67273719679484839361218889915562249688472560480302397019832202841577726369612
247 211 96869913363254712981424315180438131084301594771665348166908742489385353989
211 247 96869913363254712981424315180438131084301594771665348166908742489385353989
247 235 -33955109244827979021486707071779192486062072460878096657523103585959555
235 247 -33955109244827979021486707071779192486062072460878096657523103585959555
246 20 488972019266617459230092270313277032553479041550767697616468705280
20 246 488972019266617459230092270313277032553479041550767697616468705280
246 44 1478855570047105479460704580875509128551596040660745563550473641042292811128832
44 246 1478855570047105479460704580875509128551596040660745563550473641042292811128832
246 68 -1929861187897978900580692189149992209878503368353891325346742373657533545994228134
68 246 -1929861187897978900580692189149992209878503368353891325346742373657533545994228134
246 92 270327416961061385970898615467667449991364244758212652550301136940446388928539650103
92 246 270327416961061385970898615467667449991364244758212652550301136940446388928539650103
246 116 -46510629827306933391891774589186463481300431863162424561435389767167236092936958675
116 246 -46510629827306933391891774589186463481300431863162424561435389767167236092936958675
246 140 1645999436719985896789405334671210356624969138005149406271827364133428013243848472
140 246 1645999436719985896789405334671210356624969138005149406271827364133428013243848472
246 164 -20256379553414794467328382777773470406745316731192351508607985310836860266900990
164 246 -20256379553414794467328382777773470406745316731192351508607985310836860266900990
246 188 98823642741078377706512300338639227115761381778823354363175448715188724764175
188 246 98823642741078377706512300338639227115761381778823354363175448715188724764175
246 212 -116946430896621309860085718146773242930968743089160757557931664270090661886
212 246 -116946430896621309860085718146773242930968743089160757557931664270090661886
246 236 38182133028092558123894951459562818281643241503871765219835920269635929
236 246 38182133028092558123894951459562818281643241503871765219835920269635929
245 21 -3492034195030955868122598648351499090047969826908887108936414527488
21 245 -3492034195030955868122598648351499090047969826908887108936414527488
245 45 -4439894121978180979613203085823989823015248083839302545906662556312072399851520
45 245 -4439894121978180979613203085823989823015248083839302545906662556312072399851520
245 69 5024713467967402877689239479299767725025944020014073132237496914834444671527041852
69 245 5024713467967402877689239479299767725025944020014073132237496914834444671527041852
245 93 -487208083743508688869685348491502431879226740634271997986396064370613927410767441033
93 245 -487208083743508688869685348491502431879226740634271997986396064370613927410767441033
245 117 82339353557857540832122452899803261012151922620941159311829640596357226422771709148
117 245 82339353557857540832122452899803261012151922620941159311829640596357226422771709148
245 141 -2796633255903513346710349424256109426010393682534435530061561828680518310595543012
141 245 -2796633255903513346710349424256109426010393682534435530061561828680518310595543012
245 165 32287575716057436471895543948327966813755362746897708015577003971848469997876928
165 245 32287575716057436471895543948327966813755362746897708015577003971848469997876928
245 189 -139665305807758291315031816123369695804829653647771994274336158041247603031273
189 245 -139665305807758291315031816123369695804829653647771994274336158041247603031273
245 213 135324059684406183705859196098213158713956964204612292982581859726809016070
213 245 135324059684406183705859196098213158713956964204612292982581859726809016070
245 237 -42023322720326359030012479359278081072354569125366457303708805648351466
237 245 -42023322720326359030012479359278081072354569125366457303708805648351466
244 22 20638323134813464690237761227778152654082381947927429962320916250624
22 244 20638323134813464690237761227778152654082381947927429962320916250624
244 46 13007481423674933407774455854039719883725883132982597067205184102075334586945536
46 244 13007481423674933407774455854039719883725883132982597067205184102075334586945536
244 70 -12616917458385079155115030757480075554043014055581405222634348516927649324515641974
70 244 -12616917458385079155115030757480075554043014055581405222634348516927649324515641974
244 94 858697252991701589427120861707039813025700800082972475123896350895753535726149760476
94 244 858697252991701589427120861707039813025700800082972475123896350895753535726149760476
244 118 -137193712489764874385421253377232252643826366819341642343820233158138390378140591374
118 244 -137193712489764874385421253377232252643826366819341642343820233158138390378140591374
244 142 4436685896884405996204140645178770986446242533781344510353581747737645244367537280
142 244 4436685896884405996204140645178770986446242533781344510353581747737645244367537280
244 166 -48557023087659873691742820708386419341696351682325679349945647884075977362629622
166 244 -48557023087659873691742820708386419341696351682325679349945647884075977362629622
244 190 189681814663749048642583182678607724814838155966689639668936115695071513458074
190 244 189681814663749048642583182678607724814838155966689639668936115695071513458074
244 214 -149095031558356997979825980270350949189711973184988786832081920233578375298
214 244 -149095031558356997979825980270350949189711973184988786832081920233578375298
244 238 45272235410354079804130931901963643607691705689411047814581746718149900
238 244 45272235410354079804130931901963643607691705689411047814581746718149900
243 23 -95905923815810773208621495452500792511040635459889531643246449524736
23 243 -95905923815810773208621495452500792511040635459889531643246449524736
243 47 -37216090357486754073964057211789667278685151591027965780438994103057415282569216
47 243 -37216090357486754073964057211789667278685151591027965780438994103057415282569216
243 71 30659278246981068368651063663221450653599834434786984817049852539356742295401030208
71 243 30659278246981068368651063663221450653599834434786984817049852539356742295401030208
243 95 -1479808183144040802089396396174623779116902192573568693850930319485215928163138857062
95 243 -1479808183144040802089396396174623779116902192573568693850930319485215928163138857062
243 119 215948318069003857234328172610999789033499523051121496173998978825848266045586806260
119 243 215948318069003857234328172610999789033499523051121496173998978825848266045586806260
243 143 -6589591493645569757020325552707278930946566896973548872790202914595051074466272262
143 243 -6589591493645569757020325552707278930946566896973548872790202914595051074466272262
243 167 68846608091891120164560443596591279401744826207435933376398449873647958531736328
167 243 68846608091891120164560443596591279401744826207435933376398449873647958531736328
243 191 -246922094966333197366296351758378568959134038471672137815052068865468662669638
191 243 -246922094966333197366296351758378568959134038471672137815052068865468662669638
243 215 154676465585282023180305580491998886099225544962218375150366114676241763884
215 243 154676465585282023180305580491998886099225544962218375150366114676241763884
243 239 -47743358739436017586685620451822288553974450837015016304714258945681106
239 243 -47743358739436017586685620451822288553974450837015016304714258945681106
242 24 301029292731687607769446884572429743987599840388028208303945260466176
24 242 301029292731687607769446884572429743987599840388028208303945260466176
242 48 104059951293000635930667900582397345308984276267959721822854832794694945648300032
48 242 104059951293000635930667900582397345308984276267959721822854832794694945648300032
242 72 -72276127711587892171133104706466857522026726420433220291399573304334353110395996821
72 242 -72276127711587892171133104706466857522026726420433220291399573304334353110395996821
242 96 2493296268455735452369451811928490808136912642462250142806086807821650475533544706606
96 242 2493296268455735452369451811928490808136912642462250142806086807821650475533544706606
242 120 -321930382141704855945653780745966087680749159658237357164928608953559900501093868193
120 242 -321930382141704855945653780745966087680749159658237357164928608953559900501093868193
242 144 9170537225905264856449141804608334484365010749986217740445794031223676337752928720
144 242 9170537225905264856449141804608334484365010749986217740445794031223676337752928720
242 168 -91785706870475574160122314378706344924386310528512278957144854586630770742315252
168 242 -91785706870475574160122314378706344924386310528512278957144854586630770742315252
242 192 306697376290650626546947071532904998402780341604452337033531548264557939406630
192 242 306697376290650626546947071532904998402780341604452337033531548264557939406630
242 216 -148044052317366028000288390286308760727242488634157774210983860282337139832
216 242 -148044052317366028000288390286308760727242488634157774210983860282337139832
242 240 49289402817082219719246873781079044698899949702623033118963602954380242
240 242 49289402817082219719246873781079044698899949702623033118963602954380242
241 1 -694134516192245887008768
1 241 -694134516192245887008768
241 25 -116584190738021894585816855964201162847669586086606006156404671381504
25 241 -116584190738021894585816855964201162847669586086606006156404671381504
241 49 -284519636471339535677918772769020568211120650076601814139775750216865639782703104
49 241 -284519636471339535677918772769020568211120650076601814139775750216865639782703104
241 73 165579564403858510934262211676711848596546709024888047455949641362661834355072972582
73 241 165579564403858510934262211676711848596546709024888047455949641362661834355072972582
241 97 -4107104574971893541330904742953849026846786285208238510604158341023604417904498230128
97 241 -4107104574971893541330904742953849026846786285208238510604158341023604417904498230128
241 121 455646101952123192891312110417881187566643449833982780822360983738294308349898164612
121 241 455646101952123192891312110417881187566643449833982780822360983738294308349898164612
241 145 -11954594871979314224875361843725214653629326466431824492620572977368093527069788220
145 241 -11954594871979314224875361843725214653629326466431824492620572977368093527069788220
241 169 114478064007056104475353160353634878310303475738841688950443098980743703106480655
169 241 114478064007056104475353160353634878310303475738841688950443098980743703106480655
241 193 -360652590411177301782266401651436048453580272890983052545702671307224200225005
193 241 -360652590411177301782266401651436048453580272890983052545702671307224200225005
241 217 125116373996086856313045869790244258221495411822334454711292855897426688519
217 241 125116373996086856313045869790244258221495411822334454711292855897426688519
241 241 -49815643830645566734460460662498917541404206789980975844108788523250410
240 2 953108446569145161547505786159104
2 240 953108446569145161547505786159104
240 26 -6369653248041413168660234459764298531870455274514005164963526346801152
26 240 -6369653248041413168660234459764298531870455274514005164963526346801152
240 50 761101767246352009894448653877808619867389542550663125291965302760346832037089280
50 240 761101767246352009894448653877808619867389542550663125291965302760346832037089280
240 74 -369094362136514214063935194251480343021086964967095576829307204537309654212909506769
74 240 -369094362136514214063935194251480343021086964967095576829307204537309654212909506769
240 98 6614702496984042840475495753458701795200177619073961595251405974551208164845714803360
98 240 6614702496984042840475495753458701795200177619073961595251405974551208164845714803360
240 122 -614481315707723404255439700701864731179778182953900565711986828346265341326072766948
122 240 -614481315707723404255439700701864731179778182953900565711986828346265341326072766948
240 146 14590678209364437274094760626834905849508788354073195249034936650130708314998781504
146 240 14590678209364437274094760626834905849508788354073195249034936650130708314998781504
240 170 -132413781344159354114758733457424531806128072749893372184489713951229209248899212
170 240 -132413781344159354114758733457424531806128072749893372184489713951229209248899212
240 194 396014063609461311130797121774795979470081589870952160041818073699803596736511
194 240 396014063609461311130797121774795979470081589870952160041818073699803596736511
240 218 -82272093102107366703699600637081153604099480874384808430160945464267891203
218 240 -82272093102107366703699600637081153604099480874384808430160945464267891203
239 3 -3804742424747206862481341685849837797376
3 239 -3804742424747206862481341685849837797376
239 27 53875517291484144771748454174062771462502437922783348122535927262216192
27 239 53875517291484144771748454174062771462502437922783348122535927262216192
239 51 -1992822203682383263190070413725714327993173424418976618109072255342129804753530880
51 239 -1992822203682383263190070413725714327993173424418976618109072255342129804753530880
239 75 801251570277790598283186441189446259673705352409155378238559492028953015962219152776
75 239 801251570277790598283186441189446259673705352409155378238559492028953015962219152776
239 99 -10417139792511010785559988527371880563925962271176481654959310609985290622402694451664
99 239 -10417139792511010785559988527371880563925962271176481654959310609985290622402694451664
239 123 794882646160515854683463777706273103904340260909556601115847127737167667433730775688
123 239 794882646160515854683463777706273103904340260909556601115847127737167667433730775688
239 147 -16697193648999065640663089494738949309343302493260865984520488648371220647224348250
147 239 -16697193648999065640663089494738949309343302493260865984520488648371220647224348250
239 171 139916965281936541517940017003538734125114015448113546340812465071779764386138242
171 239 139916965281936541517940017003538734125114015448113546340812465071779764386138242
239 195 -395302903779870032773336228472343411202760169679748776622919664553497442798841
195 239 -395302903779870032773336228472343411202760169679748776622919664553497442798841
239 219 16950926675083884928716591585138348618346936773150211218329222283967400372
219 239 16950926675083884928716591585138348618346936773150211218329222283967400372
238 4 510164309105221458260995333693804469280571392
4 238 510164309105221458260995333693804469280571392
238 28 -283753256776894534120934768074422173889252171979496230575105100841222144
28 238 -283753256776894534120934768074422173889252171979496230575105100841222144
238 52 5109184729996595852883030936222644186866963023209122999354943194095325663843520512
52 238 5109184729996595852883030936222644186866963023209122999354943194095325663843520512
238 76 -1694982953034667148563765514122716424694521707250138237447896536753247280943759953080
76 238 -1694982953034667148563765514122716424694521707250138237447896536753247280943759953080
238 100 16044913048435086766280216941027533628346648849838715402400417010480002313212980259222
100 238 16044913048435086766280216941027533628346648849838715402400417010480002313212980259222
238 124 -998753761147930770444459989340318301750227260625116898287523699260627766207044369060
124 238 -998753761147930770444459989340318301750227260625116898287523699260627766207044369060
238 148 18064822571317318459947764718158381345849340380913399613709717861406162668253647992
148 238 18064822571317318459947764718158381345849340380913399613709717861406162668253647992
238 172 -131341888930670155720102474539581031174523748333414494665162889699911310899515715
172 238 -131341888930670155720102474539581031174523748333414494665162889699911310899515715
238 196 336867686052276406578471008570655721109203185556694242118496484652570218539847
196 238 336867686052276406578471008570655721109203185556694242118496484652570218539847
238 220 71740676685328030672954932518905163146384885026874530732880064755202444235
220 238 71740676685328030672954932518905163146384885026874530732880064755202444235
237 5 -5530131000533853854539484236025594876709044224000
5 237 -5530131000533853854539484236025594876709044224000
237 29 1071357031784517676398945459591417880612597020910991791037745900225036288
29 237 1071357031784517676398945459591417880612597020910991791037745900225036288
237 53 -12829908956452473499116046387644721895701964656403762030142788401394468148002213888
53 237 -12829908956452473499116046387644721895701964656403762030142788401394468148002213888
237 77 3495453137668305803759727581575148380343308117137358906959784028601309115793501369360
77 237 3495453137668305803759727581575148380343308117137358906959784028601309115793501369360
237 101 -24177297509278827899112058716768013934377944296427058221098629447703411340179610140719
101 237 -24177297509278827899112058716768013934377944296427058221098629447703411340179610140719
237 125 1245211912489277571273983467971396301573336188022873787658668965743842930276945239328
125 237 1245211912489277571273983467971396301573336188022873787658668965743842930276945239328
237 149 -18958823328716672428020455387233556282324762689618134663688483990442214592186668956
149 237 -18958823328716672428020455387233556282324762689618134663688483990442214592186668956
237 173 103072437463462588156278648373211630115822505099504214005664011175527786859810128
173 237 103072437463462588156278648373211630115822505099504214005664011175527786859810128
237 197 -196595200494592082899931359156292901071444994232285954636663374272898145864569
197 237 -196595200494592082899931359156292901071444994232285954636663374272898145864569
237 221 -182519608887326987664812031634680461740448038001719332540094693868952752112
221 237 -182519608887326987664812031634680461740448038001719332540094693868952752112
236 6 6931095129060222694786123551145399190702172261056512
6 236 6931095129060222694786123551145399190702172261056512
236 30 -2572402574471870961095667083671361757023273873804647139129346719544770560
30 236 -2572402574471870961095667083671361757023273873804647139129346719544770560
236 54 31563714142054769906348573315305963852883013998489381684845002534754368828937822208
54 236 31563714142054769906348573315305963852883013998489381684845002534754368828937822208
236 78 -7029048400049396520774800421249965609797339846955169268782890952998160376769251728696
78 236 -7029048400049396520774800421249965609797339846955169268782890952998160376769251728696
236 102 35657143422614440888082186608273907374348808974320533328572590268562502272411345938519
102 236 35657143422614440888082186608273907374348808974320533328572590268562502272411345938519
236 126 -1586929473521542870901224449092028547484957140122095685229434273613052624101016762628
126 236 -1586929473521542870901224449092028547484957140122095685229434273613052624101016762628
236 150 20456500886093015720590465454502994747326507247267363152384579044249818123862624520
150 236 20456500886093015720590465454502994747326507247267363152384579044249818123862624520
236 174 -56086913093408480159799746519652907394452315889815276885388879854127364233150493
174 236 -56086913093408480159799746519652907394452315889815276885388879854127364233150493
236 198 -48933598544210385616306857208736141456568869580817898468322019325272610302991
198 236 -48933598544210385616306857208736141456568869580817898468322019325272610302991
236 222 311618047887511108717033138283907560755589004597727447179884161279015918159
222 236 311618047887511108717033138283907560755589004597727447179884161279015918159
235 7 -1276988086858371459887684666384461591782520572646260736
7 235 -1276988086858371459887684666384461591782520572646260736
235 31 -540357944602211590105980634110716169892817427335174330569961468327886848
31 235 -540357944602211590105980634110716169892817427335174330569961468327886848
235 55 -76089290080348620534687864041570089600720843230871871122763638833360753511629996032
55 235 -76089290080348620534687864041570089600720843230871871122763638833360753511629996032
235 79 13785180068663953181142176766513518804916681982015184692649111560339955630379856525912
79 235 13785180068663953181142176766513518804916681982015184692649111560339955630379856525912
235 103 -51501003745985348533638510894369451857079574113470024912991439460652550295929518954185
103 235 -51501003745985348533638510894369451857079574113470024912991439460652550295929518954185
235 127 2126829775993265241036313371212614759295376253136017144328660716699636463101651691624
127 235 2126829775993265241036313371212614759295376253136017144328660716699636463101651691624
235 151 -24686271161331884430979718515075117668532946975931606355718564534563895802988374714
151 235 -24686271161331884430979718515075117668532946975931606355718564534563895802988374714
235 175 -1538840191100125324444850207737760505769459768803976503072155617548553882341674
175 235 -1538840191100125324444850207737760505769459768803976503072155617548553882341674
235 199 417791890225285571269569579213290240239899793445249211976148218060972691704124
199 235 417791890225285571269569579213290240239899793445249211976148218060972691704124
235 223 -452768519483660083228508112892769862943533649402123053411205960769904274308
223 235 -452768519483660083228508112892769862943533649402123053411205960769904274308
234 8 71456747339672864381006535214653044423010092480737574912
8 234 71456747339672864381006535214653044423010092480737574912
234 32 48465687550993331422420547493112415571587977464026290964568004836380901376
32 234 48465687550993331422420547493112415571587977464026290964568004836380901376
234 56 179756950232502450761217811769126845413169775854907285876813074622566708215723442176
56 234 179756950232502450761217811769126845413169775854907285876813074622566708215723442176
234 80 -26368598317545062976478816490116422592550676344985194591006410445330072700066130176757
80 234 -26368598317545062976478816490116422592550676344985194591006410445330072700066130176757
234 104 72908749773390486235828452436482886897396786874057013701680496080910180312879321447743
104 234 72908749773390486235828452436482886897396786874057013701680496080910180312879321447743
234 128 -3026472056323340186736253508180297519241923612519368695911571986707704917779566698548
128 234 -3026472056323340186736253508180297519241923612519368695911571986707704917779566698548
234 152 34779877286196028274544947647532231501137618608451197083171627789981865871625676192
152 234 34779877286196028274544947647532231501137618608451197083171627789981865871625676192
234 176 53195643366366008404987701054798843538096791050294899621890041894497557698786156
176 234 53195643366366008404987701054798843538096791050294899621890041894497557698786156
234 200 -916853662228969391061350149139644191775406868128832729271511846070230920329604
200 234 -916853662228969391061350149139644191775406868128832729271511846070230920329604
234 224 597537003621218941955856605646296537349824093862004354028434381716813868481
224 234 597537003621218941955856605646296537349824093862004354028434381716813868481
233 9 -2344374406792450132702682880772453236313503807934153359360
9 233 -2344374406792450132702682880772453236313503807934153359360
233 33 -340945109793048897707341198274157561617818329610596197199314836127332958208
33 233 -340945109793048897707341198274157561617818329610596197199314836127332958208
233 57 -416207620990493470046960658633785981266046437689767946187345202123490832011745312768
57 233 -416207620990493470046960658633785981266046437689767946187345202123490832011745312768
233 81 49196270239495712107642574147111106098512411915201471803591962407419289728964628101742
81 233 49196270239495712107642574147111106098512411915201471803591962407419289728964628101742
233 105 -101284434701677218041245644918547944975162574157267777580598706163714949585684116695984
105 233 -101284434701677218041245644918547944975162574157267777580598706163714949585684116695984
233 129 4493766910984533377669850643026154422553484909984410019089966653886484894951161418816
129 233 4493766910984533377669850643026154422553484909984410019089966653886484894951161418816
233 153 -54348151486389449275051656067580955446372099684298837696662665555290568961174443284
153 233 -54348151486389449275051656067580955446372099684298837696662665555290568961174443284
233 177 -74577198321149802871907756113966643079262084595460843754388166613906394305761455
177 233 -74577198321149802871907756113966643079262084595460843754388166613906394305761455
233 201 1535469201291182548506525176628304851012807561208838191559566905116793965096045
201 233 1535469201291182548506525176628304851012807561208838191559566905116793965096045
233 225 -736005388851047071370752475068915549791041138327523491928289764371677170464
225 233 -736005388851047071370752475068915549791041138327523491928289764371677170464
232 10 58796376568471774995982120653428581812625533823678544871424
10 232 58796376568471774995982120653428581812625533823678544871424
232 34 1681551940237240043177505082113381865380627950367543274434187004739634331648
34 232 1681551940237240043177505082113381865380627950367543274434187004739634331648
232 58 944523341081056801701539289029711914733758801853504771429588862825268848261446705152
58 232 944523341081056801701539289029711914733758801853504771429588862825268848261446705152
232 82 -89523995764168387538105251768181841899541175448180529190621183617589025501768527567273
82 232 -89523995764168387538105251768181841899541175448180529190621183617589025501768527567273
232 106 138291586440924065152070802341878009290173476386264778061975346488917201529477734362597
106 232 138291586440924065152070802341878009290173476386264778061975346488917201529477734362597
232 130 -6737638834181871548504687358862006550082490528369780285841444856079938470427394713252
130 232 -6737638834181871548504687358862006550082490528369780285841444856079938470427394713252
232 154 86382637044642021765908806170601695435612938042233580311826344051575894968403964772
154 232 86382637044642021765908806170601695435612938042233580311826344051575894968403964772
232 178 37821476045577363661531070418316659892405085342336366204220358865831133697541096
178 232 37821476045577363661531070418316659892405085342336366204220358865831133697541096
232 202 -2239844375515691905264668526877184562149104335051695021248274372669587609251575
202 232 -2239844375515691905264668526877184562149104335051695021248274372669587609251575
232 226 857742588107678463962167268009128798926441419089746733373679276298016562655
226 232 857742588107678463962167268009128798926441419089746733373679276298016562655
231 11 -1113429790890366130143705295745281619139553788731996143353856
11 231 -1113429790890366130143705295745281619139553788731996143353856
231 35 -6872288739006118954499670335216568594394293845395856692830227661010017189888
35 231 -6872288739006118954499670335216568594394293845395856692830227661010017189888
231 59 -2100828081281229248008236469244114110258374946075041766048051731357954101446293102592
59 231 -2100828081281229248008236469244114110258374946075041766048051731357954101446293102592
231 83 158884201786915280216002399091055561577177230084535480235306060968770887243748670063808
83 231 158884201786915280216002399091055561577177230084535480235306060968770887243748670063808
231 107 -185980803203868102136584945433538276681386434677839431584679192666921736893490702465467
107 231 -185980803203868102136584945433538276681386434677839431584679192666921736893490702465467
231 131 9884341158668579726173813006126424003665583381912671897072874752753888350666753311240
131 231 9884341158668579726173813006126424003665583381912671897072874752753888350666753311240
231 155 -131688426364671518448242624911046995683122030627266849514504354499115764915609820762
155 231 -131688426364671518448242624911046995683122030627266849514504354499115764915609820762
231 179 80690564809662537166143514252975264380358313745069230159902313215302425963550024
179 231 80690564809662537166143514252975264380358313745069230159902313215302425963550024
231 203 2969627337220590070509017891799377472004958544993101978695143808422209191803387
203 231 2969627337220590070509017891799377472004958544993101978695143808422209191803387
231 227 -952945503379973610027764903328736680029467683669024099652553214904441018874
227 231 -952945503379973610027764903328736680029467683669024099652553214904441018874
230 12 14493754020111871697970970129476255197644189878851087546449920
12 230 14493754020111871697970970129476255197644189878851087546449920
230 36 24747987967247647409827850350889306518544063935242370813296559274667316084736
36 230 24747987967247647409827850350889306518544063935242370813296559274667316084736
230 60 4579522690903233648270131070139603411449614082573177596495139814712950710177450115072
60 230 4579522690903233648270131070139603411449614082573177596495139814712950710177450115072
230 84 -274983533239142608202254837302892627582582476873717649006570699899462810676307829793846
84 230 -274983533239142608202254837302892627582582476873717649006570699899462810676307829793846
230 108 247042880825896001616840172128741637001197187260105472228519588115527954262064241124693
108 230 247042880825896001616840172128741637001197187260105472228519588115527954262064241124693
230 132 -13866642330504221151381805078940939700492777694879149789711923248939608885867065135804
132 230 -13866642330504221151381805078940939700492777694879149789711923248939608885867065135804
230 156 187240326206394085282036974369072264327337144550454479652737953773190432642069348932
156 230 187240326206394085282036974369072264327337144550454479652737953773190432642069348932
230 180 -289713615364769453792349640073443104559479777793942167464154483625996109605339930
180 230 -289713615364769453792349640073443104559479777793942167464154483625996109605339930
230 204 -3638277716558820193929895454559572662420689006388397629899877739482298051116334
204 230 -3638277716558820193929895454559572662420689006388397629899877739482298051116334
230 228 1013589635650438573347682222791112885716946144595418371037086484622293543841
228 230 1013589635650438573347682222791112885716946144595418371037086484622293543841
229 13 -168045650460179480228450015002436682582451699343471866080657408
13 229 -168045650460179480228450015002436682582451699343471866080657408
229 37 -81783277917870301224705217312502589692985144364117707277425340406116156178432
37 229 -81783277917870301224705217312502589692985144364117707277425340406116156178432
229 61 -9782674666126140499040993075022385670634154887300579071619811962701861914275589779456
61 229 -9782674666126140499040993075022385670634154887300579071619811962701861914275589779456
229 85 464029787799664017409629327040349359572205470281075090208926376980081865512332998322668
85 229 464029787799664017409629327040349359572205470281075090208926376980081865512332998322668
229 109 -325250732505044532195765277857510730583927298331543646419707356430993904360254329904657
109 229 -325250732505044532195765277857510730583927298331543646419707356430993904360254329904657
229 133 18321804183987333509425546935173363163804181015687827714690898375914676890828430100176
133 229 18321804183987333509425546935173363163804181015687827714690898375914676890828430100176
229 157 -245137023638937177869710210666299586238638009917263748587356544352654207301877975272
157 229 -245137023638937177869710210666299586238638009917263748587356544352654207301877975272
229 181 572002034038971410321849528795051135325995354252097419153961190650212505621669748
181 229 572002034038971410321849528795051135325995354252097419153961190650212505621669748
229 205 4138488325260592106968598452129356315371701807248781137692301074422227046433458
205 229 4138488325260592106968598452129356315371701807248781137692301074422227046433458
229 229 -1034414844897479196524412775763094447390933336369086876640877862821480461318
228 14 2673802339139501429684337020177609184506457333418965476724178944
14 228 2673802339139501429684337020177609184506457333418965476724178944
228 38 259459892791244503943395323780349944498095134528057487124511002364394661216256
38 228 259459892791244503943395323780349944498095134528057487124511002364394661216256
228 62 20475639634920508361166526571489399285972885166054027667525741576599749408765172256768
62 228 20475639634920508361166526571489399285972885166054027667525741576599749408765172256768
228 86 -763318444242147767825819377383249339012444413562819965033671442424059904450575071257254
86 228 -763318444242147767825819377383249339012444413562819965033671442424059904450575071257254
228 110 426147378808291211767548196436512505623885752268543649439261298902511937619183144105182
110 228 426147378808291211767548196436512505623885752268543649439261298902511937619183144105182
228 134 -22560066941702489524916389932952229060176615905234288633775021827196156236449352674476
134 228 -22560066941702489524916389932952229060176615905234288633775021827196156236449352674476
228 158 292966005974262791533609671286586513302962277632988283364447077376117055449393587208
158 228 292966005974262791533609671286586513302962277632988283364447077376117055449393587208
228 182 -876279666557568027524254588557928349826372517291181218687715531886466338627165622
182 228 -876279666557568027524254588557928349826372517291181218687715531886466338627165622
228 206 -4353197296070741315952279262707220788858271976584941464708223704825607488228297
206 228 -4353197296070741315952279262707220788858271976584941464708223704825607488228297
227 15 -43722357584925027042900803448354283707308533067990211030165749760
15 227 -43722357584925027042900803448354283707308533067990211030165749760
227 39 -839713144796392012334797153036369465886066546501955773786133706295180072583168
39 227 -839713144796392012334797153036369465886066546501955773786133706295180072583168
227 63 -41983126762593684786374135227951877486148283464193895172380998300581324603013657161728
63 227 -41983126762593684786374135227951877486148283464193895172380998300581324603013657161728
227 87 1223711794776949420154864832174913120381241744351631294281286735913336869472632001264752
87 227 1223711794776949420154864832174913120381241744351631294281286735913336869472632001264752
227 111 -557999385608062340289063743398480728160148341612511293448475686604051657185663094308156
111 227 -557999385608062340289063743398480728160148341612511293448475686604051657185663094308156
227 135 25678612341677212499027179162544739696888585657183137882524789850703654959375918732008
135 227 25678612341677212499027179162544739696888585657183137882524789850703654959375918732008
227 159 -316233854609045731577646021794032366578216206061675128077628821359000074146131339102
159 227 -316233854609045731577646021794032366578216206061675128077628821359000074146131339102
227 183 1116495300660922707985805126742935102258340287885569745226309191878197765757152128
183 227 1116495300660922707985805126742935102258340287885569745226309191878197765757152128
227 207 4171627523038933583672758398547786216774484093956189572046437638918033967255409
207 227 4171627523038933583672758398547786216774484093956189572046437638918033967255409
226 16 518427275301248513494958441425778556090343963016893210870117564416
16 226 518427275301248513494958441425778556090343963016893210870117564416
226 40 2951254755537775250430301497539774841746783430897241369912913116659420193882112
40 226 2951254755537775250430301497539774841746783430897241369912913116659420193882112
226 64 84307765141498040022884601586771083286418001213038102450014537173917172644892417937408
64 226 84307765141498040022884601586771083286418001213038102450014537173917172644892417937408
226 88 -1911428166038871052824105895850791752825251753592058852419009761198709080452588772943735
88 226 -1911428166038871052824105895850791752825251753592058852419009761198709080452588772943735
226 112 732946124356048183259315407931647538911582268140574739206344970409601951323587507765100
112 226 732946124356048183259315407931647538911582268140574739206344970409601951323587507765100
226 136 -26879246563706389085273232450707024991879006991505334884085696106779924427550245915828
136 226 -26879246563706389085273232450707024991879006991505334884085696106779924427550245915828
226 160 302969754739033813988344462869354258586808549319569178545939525813357069435930111400
160 226 302969754739033813988344462869354258586808549319569178545939525813357069435930111400
226 184 -1181798709337727196871463554246670638672464896637859377096859584315941303368408533
184 226 -1181798709337727196871463554246670638672464896637859377096859584315941303368408533
226 208 -3508503561597490227202723560505100247822336158516892085001987929661241091372825
208 226 -3508503561597490227202723560505100247822336158516892085001987929661241091372825
225 17 -4002409567800600874266936822880265989467757569879534106795082514432
17 225 -4002409567800600874266936822880265989467757569879534106795082514432
225 41 -11508054012849811621767956488853371169948263316120689288363203071012288367427584
41 225 -11508054012849811621767956488853371169948263316120689288363203071012288367427584
225 65 -165768336440595187088445080882114581391914052036081535401215679930839867946129339416576
65 225 -165768336440595187088445080882114581391914052036081535401215679930839867946129339416576
225 89 2908427562364344942894737498266153215673657975116690745823612316347331646861999376026242
89 225 2908427562364344942894737498266153215673657975116690745823612316347331646861999376026242
225 113 -968119450765600153701779583249983075118958644509143508207996476911134664887021927136324
113 225 -968119450765600153701779583249983075118958644509143508207996476911134664887021927136324
225 137 25987188607691250004182482909548088248834421352091798787417623478579046495382253249216
137 225 25987188607691250004182482909548088248834421352091798787417623478579046495382253249216
225 161 -249720778696166832087963308695508854263067038477573244001450555079735902115072520192
161 225 -249720778696166832087963308695508854263067038477573244001450555079735902115072520192
225 185 958360698790144147218534667240539087148399563656768205325954337726896293961744541
185 225 958360698790144147218534667240539087148399563656768205325954337726896293961744541
225 209 2323412702927172191600776225078312254202942532489440592762082948461768430202995
209 225 2323412702927172191600776225078312254202942532489440592762082948461768430202995
224 18 15863707033552955097260788158286297831210860203749987510600782053376
18 224 15863707033552955097260788158286297831210860203749987510600782053376
224 42 47995651408529504838691783928092559383164987225294515251441148354987525087952896
42 224 47995651408529504838691783928092559383164987225294515251441148354987525087952896
224 66 319047986068029437170375112313850512144468259349421467871823180853256628289995532087296
66 224 319047986068029437170375112313850512144468259349421467871823180853256628289995532087296
224 90 -4310816922211199411371400082981741467426532029575226385928892527396587438450076876199963
90 224 -4310816922211199411371400082981741467426532029575226385928892527396587438450076876199963
224 114 1286287853658162211952082119234599310334852763689473128556638018543081454472339826393322
114 224 1286287853658162211952082119234599310334852763689473128556638018543081454472339826393322
224 138 -24063160517897166291666615848953379984445849914984155794709365732320101390164616521476
138 224 -24063160517897166291666615848953379984445849914984155794709365732320101390164616521476
224 162 167160705460674899814431164784460213394210535147094101250873110361335280780229271452
162 224 167160705460674899814431164784460213394210535147094101250873110361335280780229271452
224 186 -360535217043496203940702118366311686700479351501257240303226671960853191271455689
186 224 -360535217043496203940702118366311686700479351501257240303226671960853191271455689
224 210 -636531860690961709138241485892352709479957324214757538512995212160521762109244
210 224 -636531860690961709138241485892352709479957324214757538512995212160521762109244
223 19 48509416195564712480010308913099500487995596349902831787914051977216
19 223 48509416195564712480010308913099500487995596349902831787914051977216
223 43 -202425321612751204440460687209482543669419422731614679771612881198389533196943360
43 223 -202425321612751204440460687209482543669419422731614679771612881198389533196943360
223 67 -600911010736241179160338179689762514922868480489186086736936187742589821897785589501952
67 223 -600911010736241179160338179689762514922868480489186086736936187742589821897785589501952
223 91 6225354856521410935102288106307895111207682186496087595315356083218278579579845991369016
91 223 6225354856521410935102288106307895111207682186496087595315356083218278579579845991369016
223 115 -1715335564556253616257836566593020110231677353695610846670864809483211893040051753279418
115 223 -1715335564556253616257836566593020110231677353695610846670864809483211893040051753279418
223 139 23875554277416054228409449853585438548579525198040658611535134903268641808464407975240
139 223 23875554277416054228409449853585438548579525198040658611535134903268641808464407975240
223 163 -82833572923806236831520868054414228213198358708440363363285252041578016203195089462
163 223 -82833572923806236831520868054414228213198358708440363363285252041578016203195089462
223 187 -635213882471393886798373821512547588917397890448184798034880879235629689124090366
187 223 -635213882471393886798373821512547588917397890448184798034880879235629689124090366
223 211 -1463072632158952698301736115429889790670962983462140272665777883211850214835708
211 223 -1463072632158952698301736115429889790670962983462140272665777883211850214835708
222 20 -1374311489559440757165100219104425520953775668094764550207945075326976
20 222 -1374311489559440757165100219104425520953775668094764550207945075326976
222 44 829398568980978933217151320955694867347337860263901704176323111409780239087173632
44 222 829398568980978933217151320955694867347337860263901704176323111409780239087173632
222 68 1107261099872507436936800728955565875164627946529639024846033456908068409051298406821888
68 222 1107261099872507436936800728955565875164627946529639024846033456908068409051298406821888
222 92 -8765558371565003798234916353778169432823256513979742180183176733141292666679285085748700
92 222 -8765558371565003798234916353778169432823256513979742180183176733141292666679285085748700
222 116 2285727033623561037776117639595434070076173225746962601713036969278343052396746474034276
116 222 2285727033623561037776117639595434070076173225746962601713036969278343052396746474034276
222 140 -29906027822151319633511941475968504866467134163263935626626655963953379398156305475668
140 222 -29906027822151319633511941475968504866467134163263935626626655963953379398156305475668
222 164 38606380003039941098708038898633610078711268370996972826519961401530643873318992340
164 222 38606380003039941098708038898633610078711268370996972826519961401530643873318992340
222 188 1963375649744344244651332599861485616249444440358678913529158553229419012830980619
188 222 1963375649744344244651332599861485616249444440358678913529158553229419012830980619
222 212 3819495893140227009435046561063632841057139985343313320526186817536220885458070
212 222 3819495893140227009435046561063632841057139985343313320526186817536220885458070
221 21 12812640294625008306855867689371319148775623686556265493045522856935424
21 221 12812640294625008306855867689371319148775623686556265493045522856935424
221 45 -3236089021207670133268041528773128548429089935906440542726944602374666942400167936
45 221 -3236089021207670133268041528773128548429089935906440542726944602374666942400167936
221 69 -1995604311013411589610231187421193960977312729637978103752278279662034646674503438471168
69 221 -1995604311013411589610231187421193960977312729637978103752278279662034646674503438471168
221 93 12051185083292240259268312813488700581667988378367117786500801131995391907736369296963320
93 221 12051185083292240259268312813488700581667988378367117786500801131995391907736369296963320
221 117 -3025215532025122873830265637317324935892983228230290452030359855973378053952913094087963
117 221 -3025215532025122873830265637317324935892983228230290452030359855973378053952913094087963
221 141 47571291774793552896610256308378553174223535746066350761738403058081593458322832651616
141 221 47571291774793552896610256308378553174223535746066350761738403058081593458322832651616
221 165 -81528175511226716711164030594378377066203144695621747175678646017080477583656852884
165 221 -81528175511226716711164030594378377066203144695621747175678646017080477583656852884
221 189 -3460014938628307540966141433566235305442196988346796585995039276021942823859573260
189 221 -3460014938628307540966141433566235305442196988346796585995039276021942823859573260
221 213 -6223624190860205992710176116987890636326759269187745710277127601165035479881698
213 221 -6223624190860205992710176116987890636326759269187745710277127601165035479881698
220 22 -80375371923858023570221957534922291738623932874856050040081454565687296
22 220 -80375371923858023570221957534922291738623932874856050040081454565687296
220 46 11933066600064504980242667600868100266913533875509451254120994545713885292299026432
46 220 11933066600064504980242667600868100266913533875509451254120994545713885292299026432
220 70 3517223948254009710293487049552035074153270477139855258107479453269006482334309418909696
70 220 3517223948254009710293487049552035074153270477139855258107479453269006482334309418909696
220 94 -16217670270537974320368936464939767296100904635890311264105881971755059394792512237414876
94 220 -16217670270537974320368936464939767296100904635890311264105881971755059394792512237414876
220 118 3950672676470850084337037429250585435072899018567508353787974544598404901557521807371781
118 220 3950672676470850084337037429250585435072899018567508353787974544598404901557521807371781
220 142 -81519129793038843363363965000246237120893364799912440874424038883123637960900661200340
142 220 -81519129793038843363363965000246237120893364799912440874424038883123637960900661200340
220 166 248946131485593909579869610980702117534390731653663503987563519634291845415888265044
166 220 248946131485593909579869610980702117534390731653663503987563519634291845415888265044
220 190 4878948195746250279251204718928481651369549081094242132516458533480470102399270297
190 220 4878948195746250279251204718928481651369549081094242132516458533480470102399270297
220 214 8437339490366848749146057368116607467820732179339117884475567240497074010881052
214 220 8437339490366848749146057368116607467820732179339117884475567240497074010881052
219 23 370674203061163731952642590979701945902492060483874516697852799189254144
23 219 370674203061163731952642590979701945902492060483874516697852799189254144
219 47 -41517796593918405511974021107412864205509109183769674869351904465684418689165688832
47 219 -41517796593918405511974021107412864205509109183769674869351904465684418689165688832
219 71 -6061294318157991125358167638731258999262831380781337370013410588611444441756216758525952
71 219 -6061294318157991125358167638731258999262831380781337370013410588611444441756216758525952
219 95 21444495650934490123930084723154176201375206846197629885757008713366733178679680790059400
95 219 21444495650934490123930084723154176201375206846197629885757008713366733178679680790059400
219 119 -5058253826802052801363691537805564456962407959800520716348615029033918030433538441269387
119 219 -5058253826802052801363691537805564456962407959800520716348615029033918030433538441269387
219 143 133213903073859246660199177127517326963757633870674317584504243167202879306462280984360
143 219 133213903073859246660199177127517326963757633870674317584504243167202879306462280984360
219 167 -551388409471239541498229715137031734103430582736515242170467499080536992772062617910
167 219 -551388409471239541498229715137031734103430582736515242170467499080536992772062617910
219 191 -5935423863627890714232523980609729825645893886501785973061128175734579963450767450
191 219 -5935423863627890714232523980609729825645893886501785973061128175734579963450767450
219 215 -10225000146687065201536252391397416413727502128098303289795085891460972882599473
215 219 -10225000146687065201536252391397416413727502128098303289795085891460972882599473
218 24 -1177143159994996345328835307393443007516585219987517117657762075672313856
24 218 -1177143159994996345328835307393443007516585219987517117657762075672313856
218 48 136387695205208627357146240206189148163556348151932690804188016932426516203640455168
48 218 136387695205208627357146240206189148163556348151932690804188016932426516203640455168
218 72 10212541515594692412905274621659098350128794183525376584933731564837480347785399118258176
72 218 10212541515594692412905274621659098350128794183525376584933731564837480347785399118258176
218 96 -28011797429564042519183483669828560066392196246225578338839665887893131748052680764952038
96 218 -28011797429564042519183483669828560066392196246225578338839665887893131748052680764952038
218 120 6315184200449151594742643764506961027529328186894476941530238395514521937048050882668169
120 218 6315184200449151594742643764506961027529328186894476941530238395514521937048050882668169
218 144 -198497056596796788056745547055922832600134688235386374688520290992525056547064057643732
144 218 -198497056596796788056745547055922832600134688235386374688520290992525056547064057643732
218 168 958929399179813513094773402995864646089155877145849182137540554355248212095509439164
168 218 958929399179813513094773402995864646089155877145849182137540554355248212095509439164
218 192 6370953040974940158509337613429081811678803390878433953558688872791622779903068547
192 218 6370953040974940158509337613429081811678803390878433953558688872791622779903068547
218 216 11387091819969102114015014555836694056603677050267607683696094056399068732204633
216 218 11387091819969102114015014555836694056603677050267607683696094056399068732204633
217 1 2849035712263031477699084288
1 217 2849035712263031477699084288
217 25 1193071494300023615719194333198496850400608106451376941831119465170862080
25 217 1193071494300023615719194333198496850400608106451376941831119465170862080
217 49 -423643015653842959968395897750886889314024910150011536590683150199568308677958959104
49 217 -423643015653842959968395897750886889314024910150011536590683150199568308677958959104
217 73 -16822700339084875945291385827138965613964436624212944939434632564832683695736824750604288
73 217 -16822700339084875945291385827138965613964436624212944939434632564832683695736824750604288
217 97 36390669667942617306654569455891074626014971477860921344402136096982053592343665744208892
97 217 36390669667942617306654569455891074626014971477860921344402136096982053592343665744208892
217 121 -7658840435479121232051481118239619730578293913158840296116814887995819818831989708548993
121 217 -7658840435479121232051481118239619730578293913158840296116814887995819818831989708548993
217 145 266222994232194260949295402262817611593799265865494760667216714194518965857572998746056
145 217 266222994232194260949295402262817611593799265865494760667216714194518965857572998746056
217 169 -1397390576394902078759331012751578323109871417154060309554409198357100854909533623634
169 217 -1397390576394902078759331012751578323109871417154060309554409198357100854909533623634
217 193 -6024710974937083715573144437886277001618514075044664540978518054586183648362820465
193 217 -6024710974937083715573144437886277001618514075044664540978518054586183648362820465
217 217 -11790104119309298600036207451214806866197993337612683766040580942229556323973122
216 2 29998587521111177704010167437582401536
2 216 29998587521111177704010167437582401536
216 26 16440496332098566926843163405849499583520443677613267499676190583235280896
26 216 16440496332098566926843163405849499583520443677613267499676190583235280896
216 50 1246039763159634933759790700316773616396603936622905751514997369472975144522461741056
50 216 1246039763159634933759790700316773616396603936622905751514997369472975144522461741056
216 74 27093821427646639474587630606166842553139927527726946694149758871761748643208047834562560
74 216 27093821427646639474587630606166842553139927527726946694149758871761748643208047834562560
216 98 -47362769950065101784230953397424499846367144432822624567248521165210734528425447350695358
98 216 -47362769950065101784230953397424499846367144432822624567248521165210734528425447350695358
216 122 9010488143489657210965739260551585776301216045429667159996704094336848849581613067536842
122 216 9010488143489657210965739260551585776301216045429667159996704094336848849581613067536842
216 146 -319192451086361216266188218947845717921463768389858947066990200163150679474866697146782
146 216 -319192451086361216266188218947845717921463768389858947066990200163150679474866697146782
216 170 1758985697038303747497843046938562646984434219887444653385176325005063577665864159944
170 216 1758985697038303747497843046938562646984434219887444653385176325005063577665864159944
216 194 4891674079000647264564025779669489552500460624259251599931788072181538548979849649
194 216 4891674079000647264564025779669489552500460624259251599931788072181538548979849649
215 3 283270668134790379295667721126805151410028544
3 215 283270668134790379295667721126805151410028544
215 27 -162720904682166205923427818346046401935045617546930921086294002846100619264
27 215 -162720904682166205923427818346046401935045617546930921086294002846100619264
215 51 -3474116305916797067631654566333620185291938408798651990405837087735689951449781895168
51 215 -3474116305916797067631654566333620185291938408798651990405837087735689951449781895168
215 75 -42668604590125100177653713008115222789840741462738868858713336258499750389361436474015744
75 215 -42668604590125100177653713008115222789840741462738868858713336258499750389361436474015744
215 99 62148697061041926599796830526602795807791395458419222263721465301335368057943987096965296
99 215 62148697061041926599796830526602795807791395458419222263721465301335368057943987096965296
215 123 -10310392829818044111004604077267605029936136756866679280964625314129629881740683404143982
123 215 -10310392829818044111004604077267605029936136756866679280964625314129629881740683404143982
215 147 338211885543094267912923651680776516319065033446730208513031242867553364803680395352000
147 215 338211885543094267912923651680776516319065033446730208513031242867553364803680395352000
215 171 -1927852451297157161842925197996579126914676762908049150061063694902249504780647486504
171 215 -1927852451297157161842925197996579126914676762908049150061063694902249504780647486504
215 195 -3147837245319942185694688991774171523831214511023112953861340894831286123928775616
195 215 -3147837245319942185694688991774171523831214511023112953861340894831286123928775616
214 4 33523244820777964061544491900627943646097724932096
4 214 33523244820777964061544491900627943646097724932096
214 28 1014277793815415400309481380372003536784536510813745671186565477541859033088
28 214 1014277793815415400309481380372003536784536510813745671186565477541859033088
214 52 9187148803101865498869704667338607964922897847776257320163803070346053409800043102208
52 214 9187148803101865498869704667338607964922897847776257320163803070346053409800043102208
214 76 65719963846390115394683768590448777741707873688939378288232108074926089474920367141773312
76 214 65719963846390115394683768590448777741707873688939378288232108074926089474920367141773312
214 100 -82504772106003365724077933383837410795452540094916030931270162090332005464774731159755748
100 214 -82504772106003365724077933383837410795452540094916030931270162090332005464774731159755748
214 124 11576229436993499152652994669953888009950714411956473388969693424673130164869183204009266
124 214 11576229436993499152652994669953888009950714411956473388969693424673130164869183204009266
214 148 -309114256572546117564088806844165238741613797370407002431551962421688882973717442496992
148 214 -309114256572546117564088806844165238741613797370407002431551962421688882973717442496992
214 172 1815326877217717337136490863427831240292752585316630780974423746270580188536125328090
172 214 1815326877217717337136490863427831240292752585316630780974423746270580188536125328090
214 196 1129503566749482230764804296128906790924967116992432428189106686392874385652041982
196 214 1129503566749482230764804296128906790924967116992432428189106686392874385652041982
213 5 117475011899885923572601430458047814107270029017874432
5 213 117475011899885923572601430458047814107270029017874432
213 29 -5168021853686044856624988713882184845818026697424874069694768554156952125440
29 213 -5168021853686044856624988713882184845818026697424874069694768554156952125440
213 53 -23040224111057515627066097504675930181632001363524720269279045020203845154546730926080
53 213 -23040224111057515627066097504675930181632001363524720269279045020203845154546730926080
213 77 -99030210598006079074762992503881785075212059838165230473619986217793172849375683136385024
77 213 -99030210598006079074762992503881785075212059838165230473619986217793172849375683136385024
213 101 110730598452061969139150479197591580497863796143088810171355189843402711346897704258363536
101 213 110730598452061969139150479197591580497863796143088810171355189843402711346897704258363536
213 125 -12976673555687760453391554808790407853454579176474014962497724404057890329817165799268486
125 213 -12976673555687760453391554808790407853454579176474014962497724404057890329817165799268486
213 149 231152911241701871491477172936342566002158730147174378131765048401306090642667167424488
149 213 231152911241701871491477172936342566002158730147174378131765048401306090642667167424488
213 173 -1394725842352654322819476152725472105130596606357794845535090898281604580696175154132
173 213 -1394725842352654322819476152725472105130596606357794845535090898281604580696175154132
213 197 734319857949066289233359234321605979248469885520504341740458186527188510564084734
197 213 734319857949066289233359234321605979248469885520504341740458186527188510564084734
212 6 2792052923722783275786670775191004777969712615816953856
6 212 2792052923722783275786670775191004777969712615816953856
212 30 23037336691079965148851056058733729256297965185964662063371345100074267967488
30 212 23037336691079965148851056058733729256297965185964662063371345100074267967488
212 54 54742155953000327208205081188069973378770256088481146581669326262378248191340261146624
54 212 54742155953000327208205081188069973378770256088481146581669326262378248191340261146624
212 78 146051659459028749877584636347489924605332721558816904513833329740032009307796872964173824
78 212 146051659459028749877584636347489924605332721558816904513833329740032009307796872964173824
212 102 -149524575927063579270861031500048507820913336383093516638796958929261371882355473616960260
102 212 -149524575927063579270861031500048507820913336383093516638796958929261371882355473616960260
212 126 14897684880101080270757121609247772413691246487272570210633657396324131407874600843046320
126 212 14897684880101080270757121609247772413691246487272570210633657396324131407874600843046320
212 150 -123790951521477171184804296035958292940681765409542882873096941410816291128930538750618
150 212 -123790951521477171184804296035958292940681765409542882873096941410816291128930538750618
212 174 723041529363392692262394007851977573610940891329630136483425222867611506464573885528
174 212 723041529363392692262394007851977573610940891329630136483425222867611506464573885528
212 198 -2023118242418389723097200649985048785579598960313406982535794447097025989456002104
198 212 -2023118242418389723097200649985048785579598960313406982535794447097025989456002104
211 7 19371690501269989251485958329883221718236237397663678464
7 211 19371690501269989251485958329883221718236237397663678464
211 31 -91553622780523740300027048215030663797921101654441721101421413914164296941568
31 211 -91553622780523740300027048215030663797921101654441721101421413914164296941568
211 55 -122946071944683678656893010685522474787963850943624658910650476203026728661692970958848
55 211 -122946071944683678656893010685522474787963850943624658910650476203026728661692970958848
211 79 -210948111343555987593783340623337274806597935568773222043612936030832846012127309636341760
79 211 -210948111343555987593783340623337274806597935568773222043612936030832846012127309636341760
211 103 201641726989975731436360512683436268393512909269978042370304157356834036086289940470386600
103 211 201641726989975731436360512683436268393512909269978042370304157356834036086289940470386600
211 127 -17964438421465402263189713871072577429442367834390237344503292245572187961530133045711980
127 211 -17964438421465402263189713871072577429442367834390237344503292245572187961530133045711980
211 151 28225258452958597457834928316410273658910492356567315830436591191731328709301885128124
151 211 28225258452958597457834928316410273658910492356567315830436591191731328709301885128124
211 175 61026667458002736603453245575186724668202539125872732195432924533702926779074509510
175 211 61026667458002736603453245575186724668202539125872732195432924533702926779074509510
211 199 2434316216302377269992794186132890255364461322267963187952120760277181408797335956
199 211 2434316216302377269992794186132890255364461322267963187952120760277181408797335956
210 8 -28766230658877236116459735183546470030876868506472341831680
8 210 -28766230658877236116459735183546470030876868506472341831680
210 32 321958631987037167452780725599666108440436240787480009892078227923876540579840
32 210 321958631987037167452780725599666108440436240787480009892078227923876540579840
210 56 259953967377892524765285251396569398086709840507253307566405790880420277582693283135488
56 210 259953967377892524765285251396569398086709840507253307566405790880420277582693283135488
210 80 298634239071807431621953341179833904731737239036137528122083311947408098561553700649955328
80 210 298634239071807431621953341179833904731737239036137528122083311947408098561553700649955328
210 104 -269354992390377455538585417494271266756274508562021239921831304133446255245461700050559904
104 210 -269354992390377455538585417494271266756274508562021239921831304133446255245461700050559904
210 128 22974771301900496366451377604910834206149750074569401532863563884475379838749383503328972
128 210 22974771301900496366451377604910834206149750074569401532863563884475379838749383503328972
210 152 -650531165017427228496326424857207543916197554409216260423915923269596648838373536344
152 210 -650531165017427228496326424857207543916197554409216260423915923269596648838373536344
210 176 -766675996951470791138762425379348819922887522815030412979616438642263988508307106130
176 210 -766675996951470791138762425379348819922887522815030412979616438642263988508307106130
210 200 -1870145704806384717467642349982335435034704703487468343509028053026168445428140596
200 210 -1870145704806384717467642349982335435034704703487468343509028053026168445428140596
209 9 -19314253273510103871403525398353887401463864613528236195840
9 209 -19314253273510103871403525398353887401463864613528236195840
209 33 -966178662248612150591179453411930727051715917184956622718511048490451029983232
33 209 -966178662248612150591179453411930727051715917184956622718511048490451029983232
209 57 -513781378538547548626085699403345350662241475291318427219369186572454763247346118557696
57 209 -513781378538547548626085699403345350662241475291318427219369186572454763247346118557696
209 81 -414861044538069885096942161586372382618265903748168816970132300446576433502962141986750464
81 209 -414861044538069885096942161586372382618265903748168816970132300446576433502962141986750464
209 105 353797333688163348815100278598234308069494609409293875423259865703416623975791175132777808
105 209 353797333688163348815100278598234308069494609409293875423259865703416623975791175132777808
209 129 -30709955007597369879396946949951775909782541575194032559574423274869378169360365756373096
129 209 -30709955007597369879396946949951775909782541575194032559574423274869378169360365756373096
209 153 96570331175138611771931485854220382457455660884930833187112436513119349419634743156240
153 209 96570331175138611771931485854220382457455660884930833187112436513119349419634743156240
209 177 1202721888258823245307452024094859867191696952807702483486670980891925483191024820716
177 209 1202721888258823245307452024094859867191696952807702483486670980891925483191024820716
209 201 474782014318679760078157417395918041319420454404329766026149284871004168023747677
201 209 474782014318679760078157417395918041319420454404329766026149284871004168023747677
208 10 78658019729260412027737114961549496756916150172869019750629376
10 208 78658019729260412027737114961549496756916150172869019750629376
208 34 2224316703699498330764255650176666005015100677570636987832639406072308854423552
34 208 2224316703699498330764255650176666005015100677570636987832639406072308854423552
208 58 937152278021275264886110920910653930022208306903326784584406658826842685177973121744896
58 208 937152278021275264886110920910653930022208306903326784584406658826842685177973121744896
208 82 566442338062024970862882006392332326052550559278140530941851019218604857464740799949197312
82 208 566442338062024970862882006392332326052550559278140530941851019218604857464740799949197312
208 106 -454356763399971769951070877078767691643366920007849978130548785408164502311624748593485920
106 208 -454356763399971769951070877078767691643366920007849978130548785408164502311624748593485920
208 130 41623098617686397045854422104949391162660490266596263831420089385859548597605189535610704
130 208 41623098617686397045854422104949391162660490266596263831420089385859548597605189535610704
208 154 -349034680278960261069807548709203381361962549247761670882011576290248436007179208897504
154 208 -349034680278960261069807548709203381361962549247761670882011576290248436007179208897504
208 178 -1236796646556525646686541270264008521665388202381283769634005845772156097670482045144
178 208 -1236796646556525646686541270264008521665388202381283769634005845772156097670482045144
208 202 1392795282457206225153698801275225842342733363889018839753049051472977382689174828
202 208 1392795282457206225153698801275225842342733363889018839753049051472977382689174828
207 11 -3196629560148885102846989150672301975476312052227530730663575552
11 207 -3196629560148885102846989150672301975476312052227530730663575552
207 35 -2210068167403878511470530153863294703411530692639796009670542251736610981806080
35 207 -2210068167403878511470530153863294703411530692639796009670542251736610981806080
207 59 -1538504920544446385064817393893270147574343051852113000372913490801140190117447916847104
59 207 -1538504920544446385064817393893270147574343051852113000372913490801140190117447916847104
207 83 -761777369923043746351451936495772781286958836440430311770845973163711434315737917298552832
83 207 -761777369923043746351451936495772781286958836440430311770845973163711434315737917298552832
207 107 568388165548784443526524593511166121421870882150441790001023885108898189549275341130575880
107 207 568388165548784443526524593511166121421870882150441790001023885108898189549275341130575880
207 131 -55464301604636491092087233645974071947492996573148305903642646827031315721961598618586864
131 207 -55464301604636491092087233645974071947492996573148305903642646827031315721961598618586864
207 155 747417686800844976601714483753030458529858552117811639103964741209749659652838512634420
155 207 747417686800844976601714483753030458529858552117811639103964741209749659652838512634420
207 179 842368056261779708516854731706550257016113391632343753427802296035538518112044345972
179 207 842368056261779708516854731706550257016113391632343753427802296035538518112044345972
207 203 -3246525263175081274687102821110151551963035360879984818034066902663294428709228238
203 207 -3246525263175081274687102821110151551963035360879984818034066902663294428709228238
206 12 64411357876768040905547027440928470901479534054898491275670978560
12 206 64411357876768040905547027440928470901479534054898491275670978560
206 36 -13096624219488609328640463525461051742127350097689594545282121933096799118032896
36 206 -13096624219488609328640463525461051742127350097689594545282121933096799118032896
206 60 2143804045330228333476704194726677734534416007895004314224961494505753284289964399394816
60 206 2143804045330228333476704194726677734534416007895004314224961494505753284289964399394816
206 84 1011887639862870022622577345039325745156903679017392014248016232921202500657415131646742528
84 206 1011887639862870022622577345039325745156903679017392014248016232921202500657415131646742528
206 108 -691564427054793801821127350750900839813371887404230064763814451745450063995383509417909772
108 206 -691564427054793801821127350750900839813371887404230064763814451745450063995383509417909772
206 132 70971423486110042042434396702432000706151127690790676967832675545736639321146842956513572
132 206 70971423486110042042434396702432000706151127690790676967832675545736639321146842956513572
206 156 -1225622819448427197860322095018697455768119092258760138858233397501399696511378364466250
156 206 -1225622819448427197860322095018697455768119092258760138858233397501399696511378364466250
206 180 -115703175001810707021856020380414143284273343738163503455235836141144988749610973262
180 206 -115703175001810707021856020380414143284273343738163503455235836141144988749610973262
206 204 4599517909132241726099754771845963860689633893218830829276109108831298353773000069
204 206 4599517909132241726099754771845963860689633893218830829276109108831298353773000069
205 13 -751695361528209464587409342405525406152615934374742045297305714688
13 205 -751695361528209464587409342405525406152615934374742045297305714688
205 37 105616981432882181028245567871712546363700655924994517016566089608853402100432896
37 205 105616981432882181028245567871712546363700655924994517016566089608853402100432896
205 61 -2076385813743804229126557374736743364122687575544378710394458492988515288436981465350144
61 205 -2076385813743804229126557374736743364122687575544378710394458492988515288436981465350144
205 85 -1332227000340662403873854578104363952471766213966002775735121331941351032259601735289475072
85 205 -1332227000340662403873854578104363952471766213966002775735121331941351032259601735289475072
205 109 819180263536902973437199443991428249430815185724381457238742648454024628786321318472087776
109 205 819180263536902973437199443991428249430815185724381457238742648454024628786321318472087776
205 133 -85807828661311614250081044601924172473526702898248444646317829916534018329506461702917874
133 205 -85807828661311614250081044601924172473526702898248444646317829916534018329506461702917874
205 157 1667857916075695999752103416402242123579684079224129977932054793238482876258746395794288
157 205 1667857916075695999752103416402242123579684079224129977932054793238482876258746395794288
205 181 -746206662855213839959388985500415881674360753561840069392940571220421199660106183334
181 205 -746206662855213839959388985500415881674360753561840069392940571220421199660106183334
205 205 -5094226039581998035582982599599475887535456684086768018071337861254226492386746318
204 14 4270578506491676475318078440620682593474421115176868946274229944320
14 204 4270578506491676475318078440620682593474421115176868946274229944320
204 38 -477966267354049261798732704470191014783928737443388800114757975671136728484151296
38 204 -477966267354049261798732704470191014783928737443388800114757975671136728484151296
204 62 -493475415107555824658893553661941302107157025819215927123870333818561679549170257494016
62 204 -493475415107555824658893553661941302107157025819215927123870333818561679549170257494016
204 86 1745499663598760803399877412603955223035436041291954788103214280304688896488174158254825472
86 204 1745499663598760803399877412603955223035436041291954788103214280304688896488174158254825472
204 110 -948608979880740397978565067645605840763489921415350460443714989861492685646002587853556556
110 204 -948608979880740397978565067645605840763489921415350460443714989861492685646002587853556556
204 134 96926202973002823051203817534766689999952495792215537422433495288351407132389462356789714
134 204 96926202973002823051203817534766689999952495792215537422433495288351407132389462356789714
204 158 -1935613696807644999720277671523999717198666741120693180680323389057213114706854311793384
158 204 -1935613696807644999720277671523999717198666741120693180680323389057213114706854311793384
204 182 1502336418673168897171104304311957269230266180800501177668464439106884864879484912938
182 204 1502336418673168897171104304311957269230266180800501177668464439106884864879484912938
203 15 17359409175346401263773132931209158305962997047494393721752408555520
15 203 17359409175346401263773132931209158305962997047494393721752408555520
203 39 1598793627972624609058744223101274339528235590495374033502417263763589300316274688
39 203 1598793627972624609058744223101274339528235590495374033502417263763589300316274688
203 63 9734024267428373680861290802692096314715423266343393756649990758709747692863679495143424
63 203 9734024267428373680861290802692096314715423266343393756649990758709747692863679495143424
203 87 -2285565483450623345824005092960177062543967607244846257964956412330195587832476034286206976
87 203 -2285565483450623345824005092960177062543967607244846257964956412330195587832476034286206976
203 111 1082860730283360377694509417083043854555947742034088796132154179692493113185341570485342768
111 203 1082860730283360377694509417083043854555947742034088796132154179692493113185341570485342768
203 135 -101447890660013717994611070267384138261227020641626724800861665167110703444949098198723022
135 203 -101447890660013717994611070267384138261227020641626724800861665167110703444949098198723022
203 159 1911914303216433998572556237954024802323303343741443183195005301270474425021604532776272
159 203 1911914303216433998572556237954024802323303343741443183195005301270474425021604532776272
203 183 -1941396742193983110641751790236548620438802058075659157246810186498593265280207934376
183 203 -1941396742193983110641751790236548620438802058075659157246810186498593265280207934376
202 16 -674000238409178493374239147394271116873229744911015602422361899401216
16 202 -674000238409178493374239147394271116873229744911015602422361899401216
202 40 -3843479820321506190278702357387482010081246820821492016399039098790374190801223680
40 202 -3843479820321506190278702357387482010081246820821492016399039098790374190801223680
202 64 -34100772946908210427297384312921981766000462379991772465667324608728693073115210965843968
64 202 -34100772946908210427297384312921981766000462379991772465667324608728693073115210965843968
202 88 3002147325362373358630155910888028319381840970303794131789188998797729592621414431805849600
88 202 3002147325362373358630155910888028319381840970303794131789188998797729592621414431805849600
202 112 -1234776314456714256395032883090356114437259313571580654558240211083798967915998615740064107
112 202 -1234776314456714256395032883090356114437259313571580654558240211083798967915998615740064107
202 136 97962590332640227175984795142211311098782391805163175231009712434733319330710037606276994
136 202 97962590332640227175984795142211311098782391805163175231009712434733319330710037606276994
202 160 -1550598853913324079679695744068724494571959977812613911034905093441553399071695589713162
160 202 -1550598853913324079679695744068724494571959977812613911034905093441553399071695589713162
202 184 1947596421045166088679608447548285933245929933505146100543733339997327999486493695400
184 202 1947596421045166088679608447548285933245929933505146100543733339997327999486493695400
201 17 8374987450463637959528697971514207802026619553739962601221818876428288
17 201 8374987450463637959528697971514207802026619553739962601221818876428288
201 41 3810121495072042227744077151224644140884710595927334048697865990131059711958581248
41 201 3810121495072042227744077151224644140884710595927334048697865990131059711958581248
201 65 89206025987388863900759840770926529654109937285082143414601097441347620110896687982051328
65 201 89206025987388863900759840770926529654109937285082143414601097441347620110896687982051328
201 89 -3965417270335898229562489172991930675687254607909451809619953569428007587377241813550383104
89 201 -3965417270335898229562489172991930675687254607909451809619953569428007587377241813550383104
201 113 1430821844514919855854740056958793530068058633313357144574979249050363731747261433705598658
113 201 1430821844514919855854740056958793530068058633313357144574979249050363731747261433705598658
201 137 -87909726924464908751962489932219355712313293817333237352560540053936824194214339805828352
137 201 -87909726924464908751962489932219355712313293817333237352560540053936824194214339805828352
201 161 912709643189744367710119789015534698889544034224465277024812209142144268624449167423280
161 201 912709643189744367710119789015534698889544034224465277024812209142144268624449167423280
201 185 -1534866839255295410618071300382181777608518568118288608826170686183635621681995321118
185 201 -1534866839255295410618071300382181777608518568118288608826170686183635621681995321118
200 18 -70173747505364884426995328350028785627751390681407676685371066575486976
18 200 -70173747505364884426995328350028785627751390681407676685371066575486976
200 42 24045712291442861870218389198113560484210904560717283339211429467309878960826875904
42 200 24045712291442861870218389198113560484210904560717283339211429467309878960826875904
200 66 -201516942244270892593181305185112643010889080774781223208174038810460019687517172302610432
66 200 -201516942244270892593181305185112643010889080774781223208174038810460019687517172302610432
200 90 5268635048583832420155728360384918775131556920072081934567989323952461637518703928907046912
90 200 5268635048583832420155728360384918775131556920072081934567989323952461637518703928907046912
200 114 -1712811094082584175995348329832099332100952450923841004987648760821467731358128947992037015
114 200 -1712811094082584175995348329832099332100952450923841004987648760821467731358128947992037015
200 138 76485855214258892976892258827539845945769515746007691323657402944524128454136964044639286
138 200 76485855214258892976892258827539845945769515746007691323657402944524128454136964044639286
200 162 -172219798036191450786937479099700089562681677886294132383296688062518362350450694549770
162 200 -172219798036191450786937479099700089562681677886294132383296688062518362350450694549770
200 186 836786821974480060307732424335170510835551323043860606985824164271956511965671268002
186 200 836786821974480060307732424335170510835551323043860606985824164271956511965671268002
199 19 445518627993193653170540202962523967976799779294226023389668857088049152
19 199 445518627993193653170540202962523967976799779294226023389668857088049152
199 43 -198209849103783132146775977040197923807549025311314089268929556328370482872376623104
43 199 -198209849103783132146775977040197923807549025311314089268929556328370482872376623104
199 67 412282470512415798902253639448835527155834436517575162728535915391337268533384530911821824
67 199 412282470512415798902253639448835527155834436517575162728535915391337268533384530911821824
199 91 -7026014472422414812192098576765010371508950440737222027963862259643235913892051981432496128
91 199 -7026014472422414812192098576765010371508950440737222027963862259643235913892051981432496128
199 115 2135387052152930116230672618023851232375826784121518451032772586284888063015855807047577640
115 199 2135387052152930116230672618023851232375826784121518451032772586284888063015855807047577640
199 139 -72449799632716706929861505844965864745004618717756509599828885274476031805768955847473578
139 199 -72449799632716706929861505844965864745004618717756509599828885274476031805768955847473578
199 163 -419109443097142554494151195123598876275363144073920142661866555480838923653328061906056
163 199 -419109443097142554494151195123598876275363144073920142661866555480838923653328061906056
199 187 -55733639545711289406558036058168550437626233454432107289069418959944604370229486478
187 199 -55733639545711289406558036058168550437626233454432107289069418959944604370229486478
198 20 -2179207147917790201848528286432309630294817970112653616639897404656582656
20 198 -2179207147917790201848528286432309630294817970112653616639897404656582656
198 44 962246331172926551119493235878347969134140186149931098975312193294453153214524030976
44 198 962246331172926551119493235878347969134140186149931098975312193294453153214524030976
198 68 -780318882908771119813380950906092562101889306261558439950906804167954428054199430073548800
68 198 -780318882908771119813380950906092562101889306261558439950906804167954428054199430073548800
198 92 9362337929722106010730977851782897951032005532659558816616599426164093142617073557644394496
92 198 9362337929722106010730977851782897951032005532659558816616599426164093142617073557644394496
198 116 -2757112488745400695607611232151510258141871236239136890886634257013421332107447361822271542
116 198 -2757112488745400695607611232151510258141871236239136890886634257013421332107447361822271542
198 140 86375981995141627772774106487921814953440805472976753153838015616732914110274076924853718
140 198 86375981995141627772774106487921814953440805472976753153838015616732914110274076924853718
198 164 604244303206563468607420675374222639137312349962797552161144591901541681526952201899468
164 198 604244303206563468607420675374222639137312349962797552161144591901541681526952201899468
198 188 -609664467046456439128358264330854777401666354225935850107793120617111240098064308252
188 198 -609664467046456439128358264330854777401666354225935850107793120617111240098064308252
197 21 7574959619312032161555782599706811947322297406870419742002842495763873792
21 197 7574959619312032161555782599706811947322297406870419742002842495763873792
197 45 -3754980728059029992177154825111740881568660867572206993501459276009292409805169754112
45 197 -3754980728059029992177154825111740881568660867572206993501459276009292409805169754112
197 69 1381425119940544459769338130749825667505251430626815953064977235487454000855748283065171968
69 197 1381425119940544459769338130749825667505251430626815953064977235487454000855748283065171968
197 93 -12391282819174903291208768050451762937417659302831269691516353970066956508991132033384296448
93 197 -12391282819174903291208768050451762937417659302831269691516353970066956508991132033384296448
197 117 3624025687813997393614981210323763393546903913393299002272835554923608229641780202387111188
117 197 3624025687813997393614981210323763393546903913393299002272835554923608229641780202387111188
197 141 -127374035081000972616959162830826823094686488844203808827525027969752545435589987540423470
141 197 -127374035081000972616959162830826823094686488844203808827525027969752545435589987540423470
197 165 -211646949016259256176994436475226609482278726689052984505594918400649545404122825071504
165 197 -211646949016259256176994436475226609482278726689052984505594918400649545404122825071504
197 189 1031227335316464479434490728936748914187379909420864788706356536593996623256965895384
189 197 1031227335316464479434490728936748914187379909420864788706356536593996623256965895384
196 22 -9730072829929469995070002423475213501714092976104504066675969301873164288
22 196 -9730072829929469995070002423475213501714092976104504066675969301873164288
196 46 12737517546133225617896155378649242064425347750575017861457026911132068123106351251456
46 196 12737517546133225617896155378649242064425347750575017861457026911132068123106351251456
196 70 -2301728548282683086777079618900554984772046022623327711397018316864449933266386379849334784
70 196 -2301728548282683086777079618900554984772046022623327711397018316864449933266386379849334784
196 94 16181955282824601945444505310210397942058594380052514217115543734675066476779609322994814976
94 196 16181955282824601945444505310210397942058594380052514217115543734675066476779609322994814976
196 118 -4746901550414573433681319655363540054429694301001132525960257720602618809743284186341264934
118 196 -4746901550414573433681319655363540054429694301001132525960257720602618809743284186341264934
196 142 198965643322024473702235971702841370729004704290270016637628671105680004562256459602418196
142 196 198965643322024473702235971702841370729004704290270016637628671105680004562256459602418196
196 166 -766279170900218600654501259098330622090012235988108935295288498151337683895801836956790
166 196 -766279170900218600654501259098330622090012235988108935295288498151337683895801836956790
196 190 -1186858059911080451270365416736040951069578698969751338823963194089821412000586287718
190 196 -1186858059911080451270365416736040951069578698969751338823963194089821412000586287718
195 23 -107973174880664818356880474411296246423211007557091167276644806569213558784
23 195 -107973174880664818356880474411296246423211007557091167276644806569213558784
195 47 -38773466464604268413720275663793834401602337742091461108210552816338207964691186057216
47 195 -38773466464604268413720275663793834401602337742091461108210552816338207964691186057216
195 71 3623011577080380617653486366780027436569452734125644383554354451540682742672275695374172160
71 195 3623011577080380617653486366780027436569452734125644383554354451540682742672275695374172160
195 95 -20718607674581208274385680538851592015718023003342932854163927158922928252655773455439409152
95 195 -20718607674581208274385680538851592015718023003342932854163927158922928252655773455439409152
195 119 6077196568242999341476342666189113146113077719856088970555923077935269790792491497290642656
119 195 6077196568242999341476342666189113146113077719856088970555923077935269790792491497290642656
195 143 -295468681951354568742819782584611654215641780210794318953958787943536051386000296951467224
143 195 -295468681951354568742819782584611654215641780210794318953958787943536051386000296951467224
195 167 2139248994073298036269612239955684509912966032346866849302532043025046101389027144340468
167 195 2139248994073298036269612239955684509912966032346866849302532043025046101389027144340468
195 191 1152405528998295098449100528024672301870115455540051216247342233653391661215937685584
191 195 1152405528998295098449100528024672301870115455540051216247342233653391661215937685584
194 24 1166995288789623526422055090128624349103134734256565913068322213449038823424
24 194 1166995288789623526422055090128624349103134734256565913068322213449038823424
194 48 107559195515936316638848050021355863940417347068455373755158077982549615148618064330752
48 194 107559195515936316638848050021355863940417347068455373755158077982549615148618064330752
194 72 -5401095558153924976449117740791714181694867693404734320425154896993408419645360062949490688
72 194 -5401095558153924976449117740791714181694867693404734320425154896993408419645360062949490688
194 96 25866994485039724932065868859420512368760128253519777552507856468027481854148816415408820224
96 194 25866994485039724932065868859420512368760128253519777552507856468027481854148816415408820224
194 120 -7490942551542529820721176506573275715622426335794333353656255652816345330472942865577114759
120 194 -7490942551542529820721176506573275715622426335794333353656255652816345330472942865577114759
194 144 400577625012321194771780377390738507335723699417683363987814698124012723143813262969198392
144 194 400577625012321194771780377390738507335723699417683363987814698124012723143813262969198392
194 168 -3550881232138126788028747368414243878103522000866840252401152164029990532630931625167972
168 194 -3550881232138126788028747368414243878103522000866840252401152164029990532630931625167972
194 192 -1054809181304197725910942750092780811977976014891259432236239528218921274983001686472
192 194 -1054809181304197725910942750092780811977976014891259432236239528218921274983001686472
193 1 -4348780425310195579452393521152
1 193 -4348780425310195579452393521152
193 25 -7321304728070484080121561270670299879435657714579706909719973088742070026240
25 193 -7321304728070484080121561270670299879435657714579706909719973088742070026240
193 49 -273952409776554425210569590887212566197574378692923722436413694209135188509869423460352
49 193 -273952409776554425210569590887212566197574378692923722436413694209135188509869423460352
193 73 7644473072008792465747207799896642946142091552849893254137407854149851082756845085699080192
73 193 7644473072008792465747207799896642946142091552849893254137407854149851082756845085699080192
193 97 -31370610423722480566482866660309482416448691868298609852894473781230877977935829846216675328
97 193 -31370610423722480566482866660309482416448691868298609852894473781230877977935829846216675328
193 121 8792903604604205710560506742795040565340036246087197931057493506651931128031872650280929786
121 193 8792903604604205710560506742795040565340036246087197931057493506651931128031872650280929786
193 145 -489564904992130667936343418127099187607748604123315613718558094373424370137412701479110816
145 193 -489564904992130667936343418127099187607748604123315613718558094373424370137412701479110816
193 169 4575944062357393856034010837717595121639010784822666057361892394436372433540382090239896
169 193 4575944062357393856034010837717595121639010784822666057361892394436372433540382090239896
193 193 1007328967834866376301327378553553129636828351679183001003505902303926588006710799138
192 2 179438371521176671043378829220521265070080
2 192 179438371521176671043378829220521265070080
192 26 34441722463125501210914828984862395760410086168761654467480236408589527285760
26 192 34441722463125501210914828984862395760410086168761654467480236408589527285760
192 50 642216616070236556078925814217705428883983163855861267688422815059103304083312385982464
50 192 642216616070236556078925814217705428883983163855861267688422815059103304083312385982464
192 74 -10309285761592668421448831033650536197785073407505107833472196808320216424741249242804256768
74 192 -10309285761592668421448831033650536197785073407505107833472196808320216424741249242804256768
192 98 36906959435733635936115668011219295339729780922079916687346499970403732887886287124630904832
98 192 36906959435733635936115668011219295339729780922079916687346499970403732887886287124630904832
192 122 -9752612644552411261340902207265360947048585081708578696666837201794935500422715983400450731
122 192 -9752612644552411261340902207265360947048585081708578696666837201794935500422715983400450731
192 146 535545470181679395574498198349315093596137060561552266132668543352124289511135746974522996
146 192 535545470181679395574498198349315093596137060561552266132668543352124289511135746974522996
192 170 -4857624958717197540172881174029743881036623425651917509149942228384207311720829848390334
170 192 -4857624958717197540172881174029743881036623425651917509149942228384207311720829848390334
191 3 -2139968452597289863843040505244009652025965936640
3 191 -2139968452597289863843040505244009652025965936640
191 27 -122765834165399428849781075248728558424002279339411048222873184707180434030592
27 191 -122765834165399428849781075248728558424002279339411048222873184707180434030592
191 51 -1383021528209109865962543754604160018686033775713370045858772237069812635681882569179136
51 191 -1383021528209109865962543754604160018686033775713370045858772237069812635681882569179136
191 75 13335917849286545165449083426754128419193559894775987561146408285026053184751866909565124608
75 191 13335917849286545165449083426754128419193559894775987561146408285026053184751866909565124608
191 99 -42231369030934708678674858300488110202618416156125918334831105286674963995609839223373750272
99 191 -42231369030934708678674858300488110202618416156125918334831105286674963995609839223373750272
191 123 10177112382211059140479694353325685881790245053885504263693723158893473733053660201353581264
123 191 10177112382211059140479694353325685881790245053885504263693723158893473733053660201353581264
191 147 -518717495523428886916161647788003906884290585928530114802584921115848330405166397448610788
147 191 -518717495523428886916161647788003906884290585928530114802584921115848330405166397448610788
191 171 4240107509012993770109515284714657629984793334664799520968581133869909880118739345254284
171 191 4240107509012993770109515284714657629984793334664799520968581133869909880118739345254284
190 4 88124380038420192645045877999138255828259965782458368
4 190 88124380038420192645045877999138255828259965782458368
190 28 274871873907706612038457989276781042840220222969180760722347032978807131734016
28 190 274871873907706612038457989276781042840220222969180760722347032978807131734016
190 52 2716240064288099056908354540741307390725792122858231348996910963425059817730486491414528
52 190 2716240064288099056908354540741307390725792122858231348996910963425059817730486491414528
190 76 -16756307581591242488793121244520217657216740800595881227819815207614592329253084101303336960
76 190 -16756307581591242488793121244520217657216740800595881227819815207614592329253084101303336960
190 100 47416235773925372529266666168131125288758126231373715001219864267461141155304174403621953536
100 190 47416235773925372529266666168131125288758126231373715001219864267461141155304174403621953536
190 124 -10011609208158084787028295370619677632738952748509930825548076068003034669160314054100902344
124 190 -10011609208158084787028295370619677632738952748509930825548076068003034669160314054100902344
190 148 435897199667433541917884641953182316236372613637312051575824858122627747488269970048911424
148 190 435897199667433541917884641953182316236372613637312051575824858122627747488269970048911424
190 172 -2847037359483933177566250565043494604149842253065613265514840889288767599870233093113246
172 190 -2847037359483933177566250565043494604149842253065613265514840889288767599870233093113246
189 5 -45351793065814917546888188767466982910885949076985085952
5 189 -45351793065814917546888188767466982910885949076985085952
189 29 222536521660169068154338435782961769007219960092141686695721910584357066637312
29 189 222536521660169068154338435782961769007219960092141686695721910584357066637312
189 53 -4787988831861692816372439625614639430424358040383981517066644547625387954441755648065536
53 189 -4787988831861692816372439625614639430424358040383981517066644547625387954441755648065536
189 77 20891189221605707497219015822585197573097001067076366476287623510781053511329250100377550848
77 189 20891189221605707497219015822585197573097001067076366476287623510781053511329250100377550848
189 101 -53152454884097066817091808496805510567749956306837565286390679159021118790931111113803718656
101 189 -53152454884097066817091808496805510567749956306837565286390679159021118790931111113803718656
189 125 9441198565138877334518621890027887330653027929452532010887835887746262590367360262172312720
125 189 9441198565138877334518621890027887330653027929452532010887835887746262590367360262172312720
189 149 -306679592630742272469639403387761471924050396672184956620023280285042653357708975898472514
149 189 -306679592630742272469639403387761471924050396672184956620023280285042653357708975898472514
189 173 1070329538761599329477824480394555778476120845669311531355984618340570843925846777927744
173 189 1070329538761599329477824480394555778476120845669311531355984618340570843925846777927744
188 6 5260300777102739167066041004490644986941184787524104486912
6 188 5260300777102739167066041004490644986941184787524104486912
188 30 -6610010003342249435275825191476110838624616229167422400560185198982335679168512
30 188 -6610010003342249435275825191476110838624616229167422400560185198982335679168512
188 54 7315842739435641639643126874686336256672851994750848039351540172281011047532992097419264
54 188 7315842739435641639643126874686336256672851994750848039351540172281011047532992097419264
188 78 -26624258554037205398369957246897966819321382690570665683762228366209284293909564046230683648
78 188 -26624258554037205398369957246897966819321382690570665683762228366209284293909564046230683648
188 102 61020917268894024789021170111478875806479345611868447582755460695343642246654365053117726720
102 188 61020917268894024789021170111478875806479345611868447582755460695343642246654365053117726720
188 126 -8950566008623429396613886223136249425209521413592773075581513061067838028897735245330071752
126 188 -8950566008623429396613886223136249425209521413592773075581513061067838028897735245330071752
188 150 172800674791708577691085064510566085799616980336283955611991051301209865606913517404898070
150 188 172800674791708577691085064510566085799616980336283955611991051301209865606913517404898070
188 174 536852734879147165931061171484449210199461170553821386849048146833094732138852949148842
174 188 536852734879147165931061171484449210199461170553821386849048146833094732138852949148842
187 7 351723212455726251030509430037108058612721001543704642584576
7 187 351723212455726251030509430037108058612721001543704642584576
187 31 44584032934425063580580104342918632392568222217914375179011007310696164404232192
31 187 44584032934425063580580104342918632392568222217914375179011007310696164404232192
187 55 -8847272824141103764217211793733664660841798052844284856181672010842134579127409944035328
55 187 -8847272824141103764217211793733664660841798052844284856181672010842134579127409944035328
187 79 35682282547070625494158293272522219741486535200133637010105115834784608062932440387141238784
79 187 35682282547070625494158293272522219741486535200133637010105115834784608062932440387141238784
187 103 -73582339774322287670025068015913277150995938649662412163085485037863681890427424955236270080
103 187 -73582339774322287670025068015913277150995938649662412163085485037863681890427424955236270080
187 127 9293175812771196819080920892184285709290744159363049000898320773275870942210025773403701040
127 187 9293175812771196819080920892184285709290744159363049000898320773275870942210025773403701040
187 151 -89016984685606225545083465133960260313739658751821905310850841752339625055949955518265114
151 187 -89016984685606225545083465133960260313739658751821905310850841752339625055949955518265114
187 175 -1433995210816546449557909125744353014822231547350035915726836043913804705781713205792628
175 187 -1433995210816546449557909125744353014822231547350035915726836043913804705781713205792628
186 8 -6639856626193757531714510339485564645947755382250043953119232
8 186 -6639856626193757531714510339485564645947755382250043953119232
186 32 -212486677341732666703041563670614751435912219349779625993758651430031854573453312
32 186 -212486677341732666703041563670614751435912219349779625993758651430031854573453312
186 56 5590051098050296264053808155469427161173798045131888512317937065180552434945815792844800
56 186 5590051098050296264053808155469427161173798045131888512317937065180552434945815792844800
186 80 -50775775406900844154354460137498618424585908702737752794946760120544294269850030887946682368
80 186 -50775775406900844154354460137498618424585908702737752794946760120544294269850030887946682368
186 104 94104663252584433116984842669714776908389376305436268678609157670811155819517474829635469312
104 186 94104663252584433116984842669714776908389376305436268678609157670811155819517474829635469312
186 128 -11335674562494879765535220493072308141622917518150843156831509183504371978545919399820546726
128 186 -11335674562494879765535220493072308141622917518150843156831509183504371978545919399820546726
186 152 106742106349641878946079944518556475657980879840930336106489857165032797367607047779191262
152 186 106742106349641878946079944518556475657980879840930336106489857165032797367607047779191262
186 176 1277391041866219791452849920818526938900696204679513709948424677433350326588880226813346
176 186 1277391041866219791452849920818526938900696204679513709948424677433350326588880226813346
185 9 -945263093027358830568406760863049861501623112517452082268078080
9 185 -945263093027358830568406760863049861501623112517452082268078080
185 33 807587469927508340078721769229384287813166971718763462620138516004512272176119808
33 185 807587469927508340078721769229384287813166971718763462620138516004512272176119808
185 57 9718676896996906117622734700879211912264232984512022353262741521280012910475174742065152
57 185 9718676896996906117622734700879211912264232984512022353262741521280012910475174742065152
185 81 75392898119240289136376660925788686396535087887549003522836493985050796563332944574342496256
81 185 75392898119240289136376660925788686396535087887549003522836493985050796563332944574342496256
185 105 -125787975711118827026009894707002474126469290291994757364016837733864972981700058138104201216
105 185 -125787975711118827026009894707002474126469290291994757364016837733864972981700058138104201216
185 129 15780729316201847949151704509476122660917959683014876598959596959286741948213252550655758052
129 185 15780729316201847949151704509476122660917959683014876598959596959286741948213252550655758052
185 153 -254870731808654196472534582824758731548079154342558421995994923404064659905279524850915856
153 185 -254870731808654196472534582824758731548079154342558421995994923404064659905279524850915856
185 177 -49301890279079353516370802410155471409799280001287860182019577450081046395085690370240
177 185 -49301890279079353516370802410155471409799280001287860182019577450081046395085690370240
184 10 39082183196086299027518423880802727309802978662021424510102667264
10 184 39082183196086299027518423880802727309802978662021424510102667264
184 34 -2468444444475198078031391550558588689981020142967562934309683999076192945566646272
34 184 -2468444444475198078031391550558588689981020142967562934309683999076192945566646272
184 58 -47104208032883523097160014181555289027947797483677658822089754353182274623892928015106048
58 184 -47104208032883523097160014181555289027947797483677658822089754353182274623892928015106048
184 82 -113038822051057442253517616832097398084148761412413931728103662102542040985070013421486866432
82 184 -113038822051057442253517616832097398084148761412413931728103662102542040985070013421486866432
184 106 170488211938043482299819712941872706202257368131978296653496686124480711055790856337861443584
106 184 170488211938043482299819712941872706202257368131978296653496686124480711055790856337861443584
184 130 -22826306089874154528876375424630390345756586913390035790658487122403012461112608800431244894
130 184 -22826306089874154528876375424630390345756586913390035790658487122403012461112608800431244894
184 154 524408289145386044783392283105638221873702240336665300413040049756491138526075613273145890
154 184 524408289145386044783392283105638221873702240336665300413040049756491138526075613273145890
184 178 -1917763968563478147710045403427402803562696868891782950616732145761011621702141037688806
178 184 -1917763968563478147710045403427402803562696868891782950616732145761011621702141037688806
183 11 -815690180615451451887960813656971891167985105713554697791865880576
11 183 -815690180615451451887960813656971891167985105713554697791865880576
183 35 5547269430695314323645980170732566570322553781067541491530564468523592814356856832
35 183 5547269430695314323645980170732566570322553781067541491530564468523592814356856832
183 59 112268210764028906267249566020342346531930485219035282920125043792208404197055301318344704
59 183 112268210764028906267249566020342346531930485219035282920125043792208404197055301318344704
183 83 165831726636673034479238914347392338817082284164359389554321387467898579699019864321388707840
83 183 165831726636673034479238914347392338817082284164359389554321387467898579699019864321388707840
183 107 -227181779372591067513189309013909798696931313963615460981320281403520269197154707941731794944
107 183 -227181779372591067513189309013909798696931313963615460981320281403520269197154707941731794944
183 131 31874044840004572264284185291415749875241333838328153433800258418681289529207509783991675296
131 183 31874044840004572264284185291415749875241333838328153433800258418681289529207509783991675296
183 155 -863555430699873363825721246546972804182714975848852747867226236802992466875573911774909094
155 183 -863555430699873363825721246546972804182714975848852747867226236802992466875573911774909094
183 179 4036317235380697263890697327084933815281115699036122495133441058168099514789954148253020
179 183 4036317235380697263890697327084933815281115699036122495133441058168099514789954148253020
182 12 13501165811771737653100034384046998589980974698480321618769921179648
12 182 13501165811771737653100034384046998589980974698480321618769921179648
182 36 -4656373758249234347724230876809210653554280924422874737308698252472322080928432128
36 182 -4656373758249234347724230876809210653554280924422874737308698252472322080928432128
182 60 -183936215388854902081908910128568418196420629580640522523570077352874458238584526263549952
60 182 -183936215388854902081908910128568418196420629580640522523570077352874458238584526263549952
182 84 -232643653573612707168501242279289196598142637826969589918351514122881589233711099069453041664
84 182 -232643653573612707168501242279289196598142637826969589918351514122881589233711099069453041664
182 108 290698950599106732205811288893161474892395019021478612860242639035337274659417468749879590912
108 182 290698950599106732205811288893161474892395019021478612860242639035337274659417468749879590912
182 132 -41428329506119373218634736479210675272436909100559448191992785484011174435785385288820092444
132 182 -41428329506119373218634736479210675272436909100559448191992785484011174435785385288820092444
182 156 1187271575722760515417697352402560120805746723719921351227771740568100840225059784640315498
156 182 1187271575722760515417697352402560120805746723719921351227771740568100840225059784640315498
182 180 -5650594930415621797477762539407735325664288835883283480256999881863993785591078488087322
180 182 -5650594930415621797477762539407735325664288835883283480256999881863993785591078488087322
181 13 -214401518325354978659329750452234182202188197530047445758728174829568
13 181 -214401518325354978659329750452234182202188197530047445758728174829568
181 37 -37282656694027425764996005210955511658647467902165893254636722164912032377435324416
37 181 -37282656694027425764996005210955511658647467902165893254636722164912032377435324416
181 61 159984518094860243640209846144491543970731321327844651629181307873469016880457022156308480
61 181 159984518094860243640209846144491543970731321327844651629181307873469016880457022156308480
181 85 307388866304459235551670436849541511245586126603294074140155575286769731767636990731554390016
85 181 307388866304459235551670436849541511245586126603294074140155575286769731767636990731554390016
181 109 -351468866196732371968331958689481410451565375071225629271317831338123339077658467135151611904
109 181 -351468866196732371968331958689481410451565375071225629271317831338123339077658467135151611904
181 133 49306186827058331869821537252205621270274497604765096453607970085824647201675368256806275832
133 181 49306186827058331869821537252205621270274497604765096453607970085824647201675368256806275832
181 157 -1400575319135497911656826225709714390241624625134461913184501482265072594675945803304225326
157 181 -1400575319135497911656826225709714390241624625134461913184501482265072594675945803304225326
181 181 6252304754339296129428489124528614382566613248917345006273177708199273992842201991310728
180 14 3182854180063470484544007949404017102506017955760083221438078295998464
14 180 3182854180063470484544007949404017102506017955760083221438078295998464
180 38 286256805918923771975028166081922135936415853188480079397801544608521850857675816960
38 180 286256805918923771975028166081922135936415853188480079397801544608521850857675816960
180 62 249996455469684041479051864960108215763891762293242788644096816768945929571305813394325504
62 180 249996455469684041479051864960108215763891762293242788644096816768945929571305813394325504
180 86 -378495116055402074497259655845365064624060083191151191015188436599584587548657862879861538816
86 180 -378495116055402074497259655845365064624060083191151191015188436599584587548657862879861538816
180 110 397009727377419563217730836622404362239805422764914841282287596701087363614267237813410668544
110 180 397009727377419563217730836622404362239805422764914841282287596701087363614267237813410668544
180 134 -53194966544452524302644736929424643225314175812966334769848910130242228692288432365993242428
134 180 -53194966544452524302644736929424643225314175812966334769848910130242228692288432365993242428
180 158 1429450974863023476207944946462328435950245552479028454578905806104676409101009275237266288
158 180 1429450974863023476207944946462328435950245552479028454578905806104676409101009275237266288
179 15 -40980190967264103856717521813426881993707875991242874948890363552595968
15 179 -40980190967264103856717521813426881993707875991242874948890363552595968
179 39 -1349075256277905823390602535353966376130293362324768878831489734676852776822808510464
39 179 -1349075256277905823390602535353966376130293362324768878831489734676852776822808510464
179 63 -1710786278015485237216615387291004189141290105609134593937974236136768764530433338688667648
63 179 -1710786278015485237216615387291004189141290105609134593937974236136768764530433338688667648
179 87 430815625836584396374078774680712207558474329505063455812901024679862971242921013765344329728
87 179 430815625836584396374078774680712207558474329505063455812901024679862971242921013765344329728
179 111 -415530560143416188905926943815205430317985876548103064784329380524485441310511506221969498112
111 179 -415530560143416188905926943815205430317985876548103064784329380524485441310511506221969498112
179 135 51462939640263548202855883772377424990974595681037165563787676325816796120414358359482651456
135 179 51462939640263548202855883772377424990974595681037165563787676325816796120414358359482651456
179 159 -1249285798188306265379565931275884454334363718770579737468375537291381265732505764969993068
159 179 -1249285798188306265379565931275884454334363718770579737468375537291381265732505764969993068
178 16 446744724176021578353879380526380172103531959282664949198864501348237312
16 178 446744724176021578353879380526380172103531959282664949198864501348237312
178 40 5158937914660609632681976933601519287357858334613357628741531348087112821850207420416
40 178 5158937914660609632681976933601519287357858334613357628741531348087112821850207420416
178 64 5542720028998635325037006718231594383417426960609202925469553286113809950375644500301185024
64 178 5542720028998635325037006718231594383417426960609202925469553286113809950375644500301185024
178 88 -450958925516559850263671439843721111006152346161995168502640686093805856584686826582964174848
88 178 -450958925516559850263671439843721111006152346161995168502640686093805856584686826582964174848
178 112 401254770002494370512833720902497530260612676833948365746215782132667675978588314035310567424
112 178 401254770002494370512833720902497530260612676833948365746215782132667675978588314035310567424
178 136 -43988211893148620414599541391243110203489869238313571487832291745826870786404233424090552354
136 178 -43988211893148620414599541391243110203489869238313571487832291745826870786404233424090552354
178 160 900092298337555338594135135138253197795783234363535120197562769915018990843544577420334332
160 178 900092298337555338594135135138253197795783234363535120197562769915018990843544577420334332
177 17 -4166410416172957641702618660484717337219117218771440059461617635028893696
17 177 -4166410416172957641702618660484717337219117218771440059461617635028893696
177 41 -17233854077658079306588305155928509454690093283121152129836799478087748791483473330176
41 177 -17233854077658079306588305155928509454690093283121152129836799478087748791483473330176
177 65 -14084592761868626043493658632106904563839584514836553675852875109914494792653080933852774400
65 177 -14084592761868626043493658632106904563839584514836553675852875109914494792653080933852774400
177 89 435992676503975362630170419189796738937756835259056160085043551306792036127071065328798662656
89 177 435992676503975362630170419189796738937756835259056160085043551306792036127071065328798662656
177 113 -360078241482608266248038358762370480997635251475796940196087972060925231899501935844672929792
113 177 -360078241482608266248038358762370480997635251475796940196087972060925231899501935844672929792
177 137 32682914369951028905996426110351694499214036995188065275061199017204078974283868579925573884
137 177 32682914369951028905996426110351694499214036995188065275061199017204078974283868579925573884
177 161 -481155424697227070361419913668543383473149117848377653322625377996071902763695507590762088
161 177 -481155424697227070361419913668543383473149117848377653322625377996071902763695507590762088
176 18 33875556640195607224580268915702467241728129260107424524580659050544365568
18 176 33875556640195607224580268915702467241728129260107424524580659050544365568
176 42 51884059985337513234896313757819660362958150230219290728702114384294190777224359051264
42 176 51884059985337513234896313757819660362958150230219290728702114384294190777224359051264
176 66 31065374734920929564667846558861777536835602571428337477810345028014684626023600147023265792
66 176 31065374734920929564667846558861777536835602571428337477810345028014684626023600147023265792
176 90 -403712841651432624663209814086914229929124664327270818345490686114132522164692046937971490816
90 176 -403712841651432624663209814086914229929124664327270818345490686114132522164692046937971490816
176 114 313286062957604425633350692157603208993871936495647503661700722460770830148145004726842515456
114 176 313286062957604425633350692157603208993871936495647503661700722460770830148145004726842515456
176 138 -21408876396065843085385806852988719705408442987696250220105675493799412129281318641721882426
138 176 -21408876396065843085385806852988719705408442987696250220105675493799412129281318641721882426
176 162 124425856160148827658364277805956122032128133658854737925995015743485086729804964498721424
162 176 124425856160148827658364277805956122032128133658854737925995015743485086729804964498721424
175 19 -243831495031012979317570783285163314747825930200286103734783314434082209792
19 175 -243831495031012979317570783285163314747825930200286103734783314434082209792
175 43 -143085462869121395850483470537460896557112508957784748351744503471441618139564663111680
43 175 -143085462869121395850483470537460896557112508957784748351744503471441618139564663111680
175 67 -61823149810569275428747689036282958624985150008189873177620020774681832390623033589825011712
67 175 -61823149810569275428747689036282958624985150008189873177620020774681832390623033589825011712
175 91 400565331231933063657738676634771276984245187424970906307985049861277109647238000912724131840
91 175 400565331231933063657738676634771276984245187424970906307985049861277109647238000912724131840
175 115 -296754379295607631584712727940980181995538918267930663320899114084253826276429643151251775488
115 175 -296754379295607631584712727940980181995538918267930663320899114084253826276429643151251775488
175 139 15134205100808708734191472325348565804880420296482471339724912922657890612274839147256438128
139 175 15134205100808708734191472325348565804880420296482471339724912922657890612274839147256438128
175 163 46242255688539267339146736620609225853486480345736381676557479180283238663055862530359072
163 175 46242255688539267339146736620609225853486480345736381676557479180283238663055862530359072
174 20 1565393767987822756585677976367636301496079564030431316543815144733191176192
20 174 1565393767987822756585677976367636301496079564030431316543815144733191176192
174 44 365010224564110897556376035531683434062365383185837273103415718611782579246935952064512
44 174 365010224564110897556376035531683434062365383185837273103415718611782579246935952064512
174 68 113112219999148174980667636987212534311051830155862838072501053041775307156041344966713147392
68 174 113112219999148174980667636987212534311051830155862838072501053041775307156041344966713147392
174 92 -501739888474242274176470680721682415341770266758058313018010758464934060092818338727264780288
92 174 -501739888474242274176470680721682415341770266758058313018010758464934060092818338727264780288
174 116 353796022252100107357282740174527754049293539217312780918120511966138016195682619084200828928
116 174 353796022252100107357282740174527754049293539217312780918120511966138016195682619084200828928
174 140 -18441964601551999582681463226163629926435871625471484512319311118047208886246692929959592896
140 174 -18441964601551999582681463226163629926435871625471484512319311118047208886246692929959592896
174 164 43048361835707837822701556554316511778699706139159204305119301681718029863480166310194868
164 174 43048361835707837822701556554316511778699706139159204305119301681718029863480166310194868
173 21 -8953010294409228626339847961906418142781581140910929184978331608307011158016
21 173 -8953010294409228626339847961906418142781581140910929184978331608307011158016
173 45 -867014765291797233555571785889322494446120184851588470821623372504926462250323831422976
45 173 -867014765291797233555571785889322494446120184851588470821623372504926462250323831422976
173 69 -192183173968185420089927359390598705806591561961126511926957326733836495621392440318421368832
69 173 -192183173968185420089927359390598705806591561961126511926957326733836495621392440318421368832
173 93 798113837504734792353855937901029596371433891495476317061449723600495439074469161128014381056
93 173 798113837504734792353855937901029596371433891495476317061449723600495439074469161128014381056
173 117 -521724047691779983839064730955066667395835858305858800957542514564106426104176588965574533120
117 173 -521724047691779983839064730955066667395835858305858800957542514564106426104176588965574533120
173 141 33791511655675336306133286809234239047067519575385099888895542945837523507344604522911696704
141 173 33791511655675336306133286809234239047067519575385099888895542945837523507344604522911696704
173 165 -387969658280556514558044341900273980578799174426079193013222146359988676011060377821944266
165 173 -387969658280556514558044341900273980578799174426079193013222146359988676011060377821944266
172 22 45154312933304241869736516947178916053003555410494627308421421609298599870464
22 172 45154312933304241869736516947178916053003555410494627308421421609298599870464
172 46 1927753559449993630879959291408464805811746243995626520752167157471255397536660696596480
46 172 1927753559449993630879959291408464805811746243995626520752167157471255397536660696596480
172 70 304886733275887232737329347373234583364164335114800798190044272047931333001736013146572718080
70 172 304886733275887232737329347373234583364164335114800798190044272047931333001736013146572718080
172 94 -1367664048669847971497323727425571173364446094214927801637440975934564028775829947500923453440
94 172 -1367664048669847971497323727425571173364446094214927801637440975934564028775829947500923453440
172 118 814963275047012244284358540094838254506003268772945988147727036848865298687002458531504930816
118 172 814963275047012244284358540094838254506003268772945988147727036848865298687002458531504930816
172 142 -60134556864272791156495608417475929302574201048155061975242849682681886920668139423566985664
142 172 -60134556864272791156495608417475929302574201048155061975242849682681886920668139423566985664
172 166 902254160908062531724738553014239139287187765274407486642467091904571682905096549550515658
166 172 902254160908062531724738553014239139287187765274407486642467091904571682905096549550515658
171 23 -196329642032988899205698185790177981194794322494329701992941751895183425798144
23 171 -196329642032988899205698185790177981194794322494329701992941751895183425798144
171 47 -4033953418824360548595802515377417065388029993081196930537924826566433202449384768274432
47 171 -4033953418824360548595802515377417065388029993081196930537924826566433202449384768274432
171 71 -452833279347320222747023434498414196313045554335641500571065372598234007172516800325151096832
71 171 -452833279347320222747023434498414196313045554335641500571065372598234007172516800325151096832
171 95 2234958426073200534815440197690617738213585995097219091767825940532686821946447883927300341760
95 171 2234958426073200534815440197690617738213585995097219091767825940532686821946447883927300341760
171 119 -1210239721272748313570589829466569335667268731743413530435415195416723666477057216313209749504
119 171 -1210239721272748313570589829466569335667268731743413530435415195416723666477057216313209749504
171 143 92494442043001394268616943853649208849443752005337063872432159821452216624848551548581807312
143 171 92494442043001394268616943853649208849443752005337063872432159821452216624848551548581807312
171 167 -1441407433792435891563516277628336787153165668094755693068356214243545417314823738965715046
167 171 -1441407433792435891563516277628336787153165668094755693068356214243545417314823738965715046
170 24 699718282884611044671493192483946463554138666628964373556347654832697250938880
24 170 699718282884611044671493192483946463554138666628964373556347654832697250938880
170 48 8001468452396949659220384373908832714024626754375813224922162627786036395343631968370688
48 170 8001468452396949659220384373908832714024626754375813224922162627786036395343631968370688
170 72 630194519552218824842675179808947499190027911966067802335195229197723083704606063689906257920
72 170 630194519552218824842675179808947499190027911966067802335195229197723083704606063689906257920
170 96 -3330227993888684621334240299995381441864301293617736051606237642364447259102307860925342810112
96 170 -3330227993888684621334240299995381441864301293617736051606237642364447259102307860925342810112
170 120 1640765952050467613785212425792464926047124272814831058894089003515956113997059125121836613632
120 170 1640765952050467613785212425792464926047124272814831058894089003515956113997059125121836613632
170 144 -122879219718844957903341968052818058471080507635316332310145022696282898186778831585352967450
144 170 -122879219718844957903341968052818058471080507635316332310145022696282898186778831585352967450
170 168 1847053219523858907296006942693191135449902161258787421697472795885777236281690554935983098
168 170 1847053219523858907296006942693191135449902161258787421697472795885777236281690554935983098
169 1 3172232844592407704793189730746368
1 169 3172232844592407704793189730746368
169 25 -1753818064209269048616889062195105851487398069345515642427448993315683789963264
25 169 -1753818064209269048616889062195105851487398069345515642427448993315683789963264
169 49 -15208289138064386901745980343690974276706870837748611623878528208476160641931372432195584
49 169 -15208289138064386901745980343690974276706870837748611623878528208476160641931372432195584
169 73 -821513504193287382149556300719456955966686798077310848150674468393236957642144497832736849920
73 169 -821513504193287382149556300719456955966686798077310848150674468393236957642144497832736849920
169 97 4466480678400277269906694011570179838313274544066832546582198932851710706289127435730310660096
97 169 4466480678400277269906694011570179838313274544066832546582198932851710706289127435730310660096
169 121 -2005257850847767215867262640648598272441338282489100753791213954553546220082842425258437902336
121 169 -2005257850847767215867262640648598272441338282489100753791213954553546220082842425258437902336
169 145 142460966444541787291410052950747613623233773268825892788568522675659640679005154633853194012
145 169 142460966444541787291410052950747613623233773268825892788568522675659640679005154633853194012
169 169 -1997452282774177946367904331543751613980186218487711040011750509062851761378351506497156500
168 2 289962248049759689195146592426102366052286464
2 168 289962248049759689195146592426102366052286464
168 26 553759647658132442693154674573509681230311170431728119102528480873062745505792
26 168 553759647658132442693154674573509681230311170431728119102528480873062745505792
168 50 28158256248443938824052799968256280907901348337977548834185445110350230190708619072241664
50 168 28158256248443938824052799968256280907901348337977548834185445110350230190708619072241664
168 74 1002663771770881584602886158355270089838069498325280671757242055579890981411760525432475090944
74 168 1002663771770881584602886158355270089838069498325280671757242055579890981411760525432475090944
168 98 -5355160697445316779320553245943300344243468678450635764475461058020414190096605149238145318912
98 168 -5355160697445316779320553245943300344243468678450635764475461058020414190096605149238145318912
168 122 2193594245864158804273144620438794623369777400060118082079410353570301089837612019607646191616
122 168 2193594245864158804273144620438794623369777400060118082079410353570301089837612019607646191616
168 146 -144453863370385977092880820878183793147989022183433191791782416638727121073476515720320705346
146 168 -144453863370385977092880820878183793147989022183433191791782416638727121073476515720320705346
167 3 2588240043064325244393851168383237512632765889118208
3 167 2588240043064325244393851168383237512632765889118208
167 27 26758513908825187251807473321325676498338417665476736718122998271424511812304896
27 167 26758513908825187251807473321325676498338417665476736718122998271424511812304896
167 51 -51914845444024042398213217136810458730354395369546532772815781741164484845364773589614592
51 167 -51914845444024042398213217136810458730354395369546532772815781741164484845364773589614592
167 75 -1147422410518878240979284114147599221456500343123050876802469455787098181558856462538637312000
75 167 -1147422410518878240979284114147599221456500343123050876802469455787098181558856462538637312000
167 99 5674253857523769841136989295757150662012478984183017201948163976337402192838143587785900032000
99 167 5674253857523769841136989295757150662012478984183017201948163976337402192838143587785900032000
167 123 -2124666861663964720808598109339664002598054239963259350231387836890514761339561563949509787648
123 167 -2124666861663964720808598109339664002598054239963259350231387836890514761339561563949509787648
167 147 126753971450211523390805577198047203821620722661719626328994107018514746511983093847530608192
147 167 126753971450211523390805577198047203821620722661719626328994107018514746511983093847530608192
166 4 -507734676285728312368464224801999573824516583413776384
4 166 -507734676285728312368464224801999573824516583413776384
166 28 -203707818146572366999771377829896545692741077690401597876080670134553406039130112
28 166 -203707818146572366999771377829896545692741077690401597876080670134553406039130112
166 52 97447279788806583921007923779543297910997430351552902485444387021792356244663157978562560
52 166 97447279788806583921007923779543297910997430351552902485444387021792356244663157978562560
166 76 1241405154429608166782283765324686483659510116467123743184996343234024467728088248933377114112
76 166 1241405154429608166782283765324686483659510116467123743184996343234024467728088248933377114112
166 100 -5186076651197025884334111755606838550059622867063550287706672488772557474448779855739614134272
100 166 -5186076651197025884334111755606838550059622867063550287706672488772557474448779855739614134272
166 124 1785434929837807787695655493440234767304182225458430163254578618870283253711953797320341192704
124 166 1785434929837807787695655493440234767304182225458430163254578618870283253711953797320341192704
166 148 -93337267485602718237304734335897380719066923797917418364215497099778098377652337237787127052
148 166 -93337267485602718237304734335897380719066923797917418364215497099778098377652337237787127052
165 5 7354719520960157960320252783967085732102535519724678152192
5 165 7354719520960157960320252783967085732102535519724678152192
165 29 1015738506956222289388737230830561029744224089374894134432658340070980857949585408
29 165 1015738506956222289388737230830561029744224089374894134432658340070980857949585408
165 53 -188320424309957353734323570225930925681705759850889034586712399035695627231613623447060480
53 165 -188320424309957353734323570225930925681705759850889034586712399035695627231613623447060480
165 77 -1302840418679679451652684318515122242341763177645934193745055959532302212020091524691175407616
77 165 -1302840418679679451652684318515122242341763177645934193745055959532302212020091524691175407616
165 101 3878102320930860505616754689422373479812473481964856331582298678279166964827605883988798865408
101 165 3878102320930860505616754689422373479812473481964856331582298678279166964827605883988798865408
165 125 -1256159611415520348035642996276270989000910424769269582315615356047534708153175965280143417344
125 165 -1256159611415520348035642996276270989000910424769269582315615356047534708153175965280143417344
165 149 53725953251152003777077339872742766302650214707241238611945890630828278086910706790341616760
149 165 53725953251152003777077339872742766302650214707241238611945890630828278086910706790341616760
164 6 -1290846454309273136645454414067344548817570890969055496241152
6 164 -1290846454309273136645454414067344548817570890969055496241152
164 30 -3928141480979913845242231631095206076189205705341482596405068248918660366251065344
30 164 -3928141480979913845242231631095206076189205705341482596405068248918660366251065344
164 54 371304367497594729929505958423562787924194670731256879311755920264893700458059465488334848
54 164 371304367497594729929505958423562787924194670731256879311755920264893700458059465488334848
164 78 1405760036741832379743198766984130213981234112974724961722355702556478491135008792162043166720
78 164 1405760036741832379743198766984130213981234112974724961722355702556478491135008792162043166720
164 102 -2076867532521351140036437592323216047657093165537229407224647974988609652588951497615488319488
102 164 -2076867532521351140036437592323216047657093165537229407224647974988609652588951497615488319488
164 126 707791563946838334222684424235278687435231151457419082186715346129755609525917767290462494720
126 164 707791563946838334222684424235278687435231151457419082186715346129755609525917767290462494720
164 150 -20458424880279397962345854937987349597687040229091612855159445894299337957715077801573072620
150 164 -20458424880279397962345854937987349597687040229091612855159445894299337957715077801573072620
163 7 26406478285596291269347448000677982675394791710315505986306048
7 163 26406478285596291269347448000677982675394791710315505986306048
163 31 11836568456312911070491138049373027877471822902519772531175687941853482483567296512
31 163 11836568456312911070491138049373027877471822902519772531175687941853482483567296512
163 55 -726506607645825321390075800882866242809098771328865337637874943457863216052180218118406144
55 163 -726506607645825321390075800882866242809098771328865337637874943457863216052180218118406144
163 79 -1696427636769734134929751364184533013915212408962053574888911636096278305538987655437173653504
79 163 -1696427636769734134929751364184533013915212408962053574888911636096278305538987655437173653504
163 103 473541257721112228607147484708931505794651654932478876227454064727373915722958936001724022784
103 163 473541257721112228607147484708931505794651654932478876227454064727373915722958936001724022784
163 127 -364613569272243099832661873188701226245077642247462524153245047817583104229171017802813906944
127 163 -364613569272243099832661873188701226245077642247462524153245047817583104229171017802813906944
163 151 5230537165731070789475727338914086249591158714102627460858879102348262950075118588786003392
151 163 5230537165731070789475727338914086249591158714102627460858879102348262950075118588786003392
162 8 5377641447880730088841711660268388989668826020089128513725005824
8 162 5377641447880730088841711660268388989668826020089128513725005824
162 32 -23875055798238198763735971727761048017221351048365389240497679191647817958793674752
32 162 -23875055798238198763735971727761048017221351048365389240497679191647817958793674752
162 56 1357734370019394406286167814236032099397018458021722864594781267968509715779619611033468928
56 162 1357734370019394406286167814236032099397018458021722864594781267968509715779619611033468928
162 80 2390054968049682778948189750850929110452592939497902730948363733008909925627053017576413069312
80 162 2390054968049682778948189750850929110452592939497902730948363733008909925627053017576413069312
162 104 -10914101870229020376764223636337140121111532268995173591844289010533449210437541907927138304
104 162 -10914101870229020376764223636337140121111532268995173591844289010533449210437541907927138304
162 128 437215667608133136163143452748007324295089683828450656692182454947974338017718467703567409152
128 162 437215667608133136163143452748007324295089683828450656692182454947974338017718467703567409152
162 152 -14940034167118674767800478548449122347672466260691595793556448173411334448974999563844101718
152 162 -14940034167118674767800478548449122347672466260691595793556448173411334448974999563844101718
161 9 -135697518248427717100799852053580548528504864164454598841785647104
9 161 -135697518248427717100799852053580548528504864164454598841785647104
161 33 -3290085572496507178974566759987566998820265060917440587871247249728019091395969024
33 161 -3290085572496507178974566759987566998820265060917440587871247249728019091395969024
161 57 -2309306861078646332160243561119359234258511529118782574797966185071718173023886643919060992
57 161 -2309306861078646332160243561119359234258511529118782574797966185071718173023886643919060992
161 81 -3734776531713543580092764344334402711593619999854646921567649870466538775447630842492589441024
81 161 -3734776531713543580092764344334402711593619999854646921567649870466538775447630842492589441024
161 105 1620181305316834319637837275377199868091344433089235733440153763666890158992686727036760227840
105 161 1620181305316834319637837275377199868091344433089235733440153763666890158992686727036760227840
161 129 -1043950517488247588751501651250211764420932216187119296495595206263048846972024933789351346176
129 161 -1043950517488247588751501651250211764420932216187119296495595206263048846972024933789351346176
161 153 49023252576685849866045004262175609638172338553516084874502810406279252328276596346026295796
153 161 49023252576685849866045004262175609638172338553516084874502810406279252328276596346026295796
160 10 1865929281130079190752086233154224711743581157627616213698300870656
10 160 1865929281130079190752086233154224711743581157627616213698300870656
160 34 336730491501457201626662347952679482483856788516928147476667915753479174800917135360
34 160 336730491501457201626662347952679482483856788516928147476667915753479174800917135360
160 58 3288534797676750628981672846578335613992570622367362532140338870559728996054981595029831680
58 160 3288534797676750628981672846578335613992570622367362532140338870559728996054981595029831680
160 82 5936169616783609208190375843538196456609760681693879907716538075724201698419615712199617544192
82 160 5936169616783609208190375843538196456609760681693879907716538075724201698419615712199617544192
160 106 -5855830222531056555384552323124826317040019872640335068908418729921976704554623138382546468864
106 160 -5855830222531056555384552323124826317040019872640335068908418729921976704554623138382546468864
160 130 2147976352339501239432774791600694156794684376418981070491812043802587703402805711966805565440
130 160 2147976352339501239432774791600694156794684376418981070491812043802587703402805711966805565440
160 154 -99122811775576560376050578442736985305288162103441581440802498784628313148343708111300381566
154 160 -99122811775576560376050578442736985305288162103441581440802498784628313148343708111300381566
159 11 -22262171265564110771804351195765401715195547458972051634722472722432
11 159 -22262171265564110771804351195765401715195547458972051634722472722432
159 35 -2151337272574812816244114758609906793134933768830854593279028849497149492658966626304
35 159 -2151337272574812816244114758609906793134933768830854593279028849497149492658966626304
159 59 -2961699800259855585181093634496749779049032167784416217316604038747250641076870054349373440
59 159 -2961699800259855585181093634496749779049032167784416217316604038747250641076870054349373440
159 83 -9049559751967493464285803882658268089248996811539543752475994883572682739689094081107388792832
83 159 -9049559751967493464285803882658268089248996811539543752475994883572682739689094081107388792832
159 107 12539587973678125154961909864253082657334479378327783316561262919660071345922156739586393374720
107 159 12539587973678125154961909864253082657334479378327783316561262919660071345922156739586393374720
159 131 -3537123044146681298230154225856400605932400541076900855264158665945057144322350742630027649024
131 159 -3537123044146681298230154225856400605932400541076900855264158665945057144322350742630027649024
159 155 151359166172961753246550328601734402312654172427574282485969128263422322020038450428606606224
155 159 151359166172961753246550328601734402312654172427574282485969128263422322020038450428606606224
158 12 122401004347970256902291164012100134045220464559001807720512363692032
12 158 122401004347970256902291164012100134045220464559001807720512363692032
158 36 9755556907234663184295594287776494432855213113968509393280404397408415375379214106624
36 158 9755556907234663184295594287776494432855213113968509393280404397408415375379214106624
158 60 -2564648287319863295982554768350586206058856456300637536001284348780387580203760525431013376
60 158 -2564648287319863295982554768350586206058856456300637536001284348780387580203760525431013376
158 84 12867057240781349477986939858847289746345287593763625792723311173021003356444459638831240445952
84 158 12867057240781349477986939858847289746345287593763625792723311173021003356444459638831240445952
158 108 -20562538776415263958777361617701211254072179924549146741814575088294843010705841278377000960000
108 158 -20562538776415263958777361617701211254072179924549146741814575088294843010705841278377000960000
158 132 4863064374160427071150888355440886254820338580356797854628953049366941041561844877886732279808
132 158 4863064374160427071150888355440886254820338580356797854628953049366941041561844877886732279808
158 156 -190561071582084215698355482513803269009519652703610646652048053020934713486470333977391060488
156 158 -190561071582084215698355482513803269009519652703610646652048053020934713486470333977391060488
157 13 3798870734834292781344756634643167645555453334151564697873995526045696
13 157 3798870734834292781344756634643167645555453334151564697873995526045696
157 37 -37002946515573400446965401170276464078519766847292920201089862505045226386327687135232
37 157 -37002946515573400446965401170276464078519766847292920201089862505045226386327687135232
157 61 22636206296088181230400643628610263096879432114930036219734504910470216584794412432677142528
61 157 22636206296088181230400643628610263096879432114930036219734504910470216584794412432677142528
157 85 -16845687993088225458383044860944433475732510466834743455825000913379572978533924850814987272192
85 157 -16845687993088225458383044860944433475732510466834743455825000913379572978533924850814987272192
157 109 27982012515311824138176985471318358991595053008904341051841316589997366727294260171462261342208
109 157 27982012515311824138176985471318358991595053008904341051841316589997366727294260171462261342208
157 133 -5736756507178999446146360220506990142429694464550755996403718071357737347792674010334106935296
133 157 -5736756507178999446146360220506990142429694464550755996403718071357737347792674010334106935296
157 157 205080490198059753759283755712429034571188334125304431416951181163512946317521899870721549296
156 14 -136808638936460305110686887402063593360135772504527476229052423181697024
14 156 -136808638936460305110686887402063593360135772504527476229052423181697024
156 38 123809159453579725925524524085939083282368916453400666470752994152688917428687517777920
38 156 123809159453579725925524524085939083282368916453400666470752994152688917428687517777920
156 62 -76978822161492928203400038299953972542862601764157571935847166722141041254020450348370493440
62 156 -76978822161492928203400038299953972542862601764157571935847166722141041254020450348370493440
156 86 20132470631987188917544307568083189089774270757685711484823696743251267913967424641447743193088
86 156 20132470631987188917544307568083189089774270757685711484823696743251267913967424641447743193088
156 110 -32474209083900370611627038075135192439380946827797951562000812448064900783469671469488950738944
110 156 -32474209083900370611627038075135192439380946827797951562000812448064900783469671469488950738944
156 134 5855031193038944158547742500709697273652205782954100549955198181804754571677733991371842715648
134 156 5855031193038944158547742500709697273652205782954100549955198181804754571677733991371842715648
155 15 2595735982799530922043582674718273922194632639822000454784387579841085440
15 155 2595735982799530922043582674718273922194632639822000454784387579841085440
155 39 -374173802825439287903657731810890718264636497285586288821511307740076607354316181733376
39 155 -374173802825439287903657731810890718264636497285586288821511307740076607354316181733376
155 63 203200402003013855907074864748618210506186381724312791117447242362904512154222744807755743232
63 155 203200402003013855907074864748618210506186381724312791117447242362904512154222744807755743232
155 87 -21731425014941924526310146372317956198702752496833466145120434191422905499507347621820416131072
87 155 -21731425014941924526310146372317956198702752496833466145120434191422905499507347621820416131072
155 111 32076599238551607943795467676302072177935362031472440436190174060559823851063263912966595018752
111 155 32076599238551607943795467676302072177935362031472440436190174060559823851063263912966595018752
155 135 -5117074629379302462994702054506022724953553792084294604670466200745497664440343613317091606528
135 155 -5117074629379302462994702054506022724953553792084294604670466200745497664440343613317091606528
154 16 -36571602136832466756348998258118210189469758304987113974546856294920224768
16 154 -36571602136832466756348998258118210189469758304987113974546856294920224768
154 40 1033367890235204475256889496719493976139409960512140510553978040568956233433556596031488
40 154 1033367890235204475256889496719493976139409960512140510553978040568956233433556596031488
154 64 -466830152667989402031719415593502889716720640029735490369733187396466034405530424114205949952
64 154 -466830152667989402031719415593502889716720640029735490369733187396466034405530424114205949952
154 88 20819923012500659931489388691305005780298718341452042794630321551393862611163535932874188390400
88 154 20819923012500659931489388691305005780298718341452042794630321551393862611163535932874188390400
154 112 -26014731901456283362787466312521709689924600091117431110037386292169124751760036394865096916992
112 154 -26014731901456283362787466312521709689924600091117431110037386292169124751760036394865096916992
154 136 3686778053990626666881577513526285098171528127953039852329217105571917786495158589113689423872
136 154 3686778053990626666881577513526285098171528127953039852329217105571917786495158589113689423872
153 17 422431344941554212238257575167757105877898500742709563119243663614746296320
17 153 422431344941554212238257575167757105877898500742709563119243663614746296320
153 41 -2621059008370313888683427960553898301439518368208624473348977873288465007115343711174656
41 153 -2621059008370313888683427960553898301439518368208624473348977873288465007115343711174656
153 65 972587618732877487742881522760970611040535393105337863960461468613069258558866549697601863680
65 153 972587618732877487742881522760970611040535393105337863960461468613069258558866549697601863680
153 89 -17160681242107041030043612897522607218212849774668011398893732970056197950420699246287034253312
89 153 -17160681242107041030043612897522607218212849774668011398893732970056197950420699246287034253312
153 113 15312726829077270241856105086188052998764840403695246437145111792214929097874406562880531988480
113 153 15312726829077270241856105086188052998764840403695246437145111792214929097874406562880531988480
153 137 -1970812619559842080200375966386353698706018786706954868009473548271910513720096799091761512448
137 153 -1970812619559842080200375966386353698706018786706954868009473548271910513720096799091761512448
152 18 -4174731673992411187127231353187690792382795206607879253064710260072036433920
18 152 -4174731673992411187127231353187690792382795206607879253064710260072036433920
152 42 6105377090361989915616409716424823989160553021182418985956683390323426562695417850494976
42 152 6105377090361989915616409716424823989160553021182418985956683390323426562695417850494976
152 66 -1873476484762986500418243440313177370742592078356130967007315284667582520398607321552874635264
66 152 -1873476484762986500418243440313177370742592078356130967007315284667582520398607321552874635264
152 90 11487196210078196940656933145479096088661046467126843428912203207163740381472993348291942940672
90 152 11487196210078196940656933145479096088661046467126843428912203207163740381472993348291942940672
152 114 -2889368751129559787205820065351153937812456049140780098527163327709492069119778999811514040320
114 152 -2889368751129559787205820065351153937812456049140780098527163327709492069119778999811514040320
152 138 509648306831969598088660081893196275843596835466669006544875584485314915245281134586762952704
138 152 509648306831969598088660081893196275843596835466669006544875584485314915245281134586762952704
151 19 36026732788975339939092829505356101352553706642026480982476708398414644117504
19 151 36026732788975339939092829505356101352553706642026480982476708398414644117504
151 43 -12985861673750184753375914407665992590799476707721557318374687870661361172982624856047616
43 151 -12985861673750184753375914407665992590799476707721557318374687870661361172982624856047616
151 67 3371562043546929841285457816234900027761492918292340795659118434037962830511729748805291081728
67 151 3371562043546929841285457816234900027761492918292340795659118434037962830511729748805291081728
151 91 -5692279787497262192515404643763844137804279459418050556986667594203116989204495999153347756032
91 151 -5692279787497262192515404643763844137804279459418050556986667594203116989204495999153347756032
151 115 -7031489654480469619540145337246765044629042946567278200188950164478018483339394013459273220096
115 151 -7031489654480469619540145337246765044629042946567278200188950164478018483339394013459273220096
151 139 189408279300256839021145033198015389095880623496136219347179434722440145563876812924350758912
139 151 189408279300256839021145033198015389095880623496136219347179434722440145563876812924350758912
150 20 -274365639194861283794859053492522533743540052392628356749646281377000915468288
20 150 -274365639194861283794859053492522533743540052392628356749646281377000915468288
150 44 24849643640318338988563526559013116616300864448488556695186630177465759824730106691059712
44 150 24849643640318338988563526559013116616300864448488556695186630177465759824730106691059712
150 68 -5701663963039637658647733503466320107496731650400765399191228212477474192599389524461029949440
68 150 -5701663963039637658647733503466320107496731650400765399191228212477474192599389524461029949440
150 92 2653010232480078841611477358750835429991694135681779091278462651372103036443645425215592202240
92 150 2653010232480078841611477358750835429991694135681779091278462651372103036443645425215592202240
150 116 10137537191666007930535915873619214048896742954793446496878789625564015523980886912942984921088
116 150 10137537191666007930535915873619214048896742954793446496878789625564015523980886912942984921088
150 140 176326090079059303721785575646480432245553996345996100833768659688317050320814761206558179328
140 150 176326090079059303721785575646480432245553996345996100833768659688317050320814761206558179328
149 21 1855381469552354198163466261413250119453718065326997179750726493861309057073152
21 149 1855381469552354198163466261413250119453718065326997179750726493861309057073152
149 45 -41327173052461150307335581219385460731604277351679973707644558793055940295221904832200704
45 149 -41327173052461150307335581219385460731604277351679973707644558793055940295221904832200704
149 69 9088144622720809153618836480733959379173546783050457506398882406645844102907074654564954144768
69 149 9088144622720809153618836480733959379173546783050457506398882406645844102907074654564954144768
149 93 -5602573560372269265854499031910377135182382933760820456094722419982740937949876595569012506624
93 149 -5602573560372269265854499031910377135182382933760820456094722419982740937949876595569012506624
149 117 -3550846579386769052880769891543155476231838369867206756495019154510071963546775926754838052864
117 149 -3550846579386769052880769891543155476231838369867206756495019154510071963546775926754838052864
149 141 -1589123720317159483629749624423522224450761418449220374582157911490513616941303307558683713536
141 149 -1589123720317159483629749624423522224450761418449220374582157911490513616941303307558683713536
148 22 -11186168872100241823726191025456032025857112028150050205248129308399543624138752
22 148 -11186168872100241823726191025456032025857112028150050205248129308399543624138752
148 46 54265672385546415368836503852910496616351188188687336881930103893820734736524109609435136
46 148 54265672385546415368836503852910496616351188188687336881930103893820734736524109609435136
148 70 -13667586942737848642930357055344556376268975612762742720364484823589710853028613917955988652032
70 148 -13667586942737848642930357055344556376268975612762742720364484823589710853028613917955988652032
148 94 17107447891141467788517137265701729310850501563807947971445614520830997698891641874466560016384
94 148 17107447891141467788517137265701729310850501563807947971445614520830997698891641874466560016384
148 118 -12856031166493881910398308996164658086218506725815477038979078915800593011659588911820848496640
118 148 -12856031166493881910398308996164658086218506725815477038979078915800593011659588911820848496640
148 142 3695633043079424129944529113146323514520321086563973065287545208441125613179275466958912135168
142 148 3695633043079424129944529113146323514520321086563973065287545208441125613179275466958912135168
147 23 60267290357046494504997244258984512506222451837503910432881384657595826920488960
23 147 60267290357046494504997244258984512506222451837503910432881384657595826920488960
147 47 -34434394112998816980320288982248566850176774239347923518915483754034316833432533194506240
47 147 -34434394112998816980320288982248566850176774239347923518915483754034316833432533194506240
147 71 19378597409272713963083742803565750655994591569388571581930943314160078953576641780457739911168
71 147 19378597409272713963083742803565750655994591569388571581930943314160078953576641780457739911168
147 95 -37891122977158887733070903494543159303814435748152882402042847449309063265187157222201501941760
95 147 -37891122977158887733070903494543159303814435748152882402042847449309063265187157222201501941760
147 119 35890642451350440986871118785980349450663972325346372053988029432752491852961608430463209177088
119 147 35890642451350440986871118785980349450663972325346372053988029432752491852961608430463209177088
147 143 -5904004848813817411844162673165667480179366576516119318807987053541562029321518034803568828416
143 147 -5904004848813817411844162673165667480179366576516119318807987053541562029321518034803568828416
146 24 -290186907993538195551201685022193714985518308974463187912130739401393109131591680
24 146 -290186907993538195551201685022193714985518308974463187912130739401393109131591680
146 48 -94086098719916371607875929623080959421259680708360910531827123732252713747731425443971072
48 146 -94086098719916371607875929623080959421259680708360910531827123732252713747731425443971072
146 72 -25835379703738210647051338227146706795753294829326218930118075087864119896671364753784739725312
72 146 -25835379703738210647051338227146706795753294829326218930118075087864119896671364753784739725312
146 96 65897126538403652193934712230365873251128620681401856950865344877272022990602954714698905288704
96 146 65897126538403652193934712230365873251128620681401856950865344877272022990602954714698905288704
146 120 -59573901421927494958144508809317347019620458969295166152028648504798581643904188156674102525952
120 146 -59573901421927494958144508809317347019620458969295166152028648504798581643904188156674102525952
146 144 7565529987169726084284444437271310890802799252515993279272848571948143559809804513017786769408
144 146 7565529987169726084284444437271310890802799252515993279272848571948143559809804513017786769408
145 1 -1270570022114275104538871996176400384
1 145 -1270570022114275104538871996176400384
145 25 1244247780080097808595173810733512071691601031513631531202923849338296724835270656
25 145 1244247780080097808595173810733512071691601031513631531202923849338296724835270656
145 49 495253980058905964162374064100794974180658499205767475859081481117645524233368958100570112
49 145 495253980058905964162374064100794974180658499205767475859081481117645524233368958100570112
145 73 32222710400267103892851986384100104409428339466794073519787715777736549243307164885428396359680
73 145 32222710400267103892851986384100104409428339466794073519787715777736549243307164885428396359680
145 97 -96027949205675104150299887273705405922230700023069798770365181432725201619361407233926442778624
97 145 -96027949205675104150299887273705405922230700023069798770365181432725201619361407233926442778624
145 121 76771601938087465919755503170729040356283957963299390140228858870216218573952635050486227009536
121 145 76771601938087465919755503170729040356283957963299390140228858870216218573952635050486227009536
145 145 -8181564550243032868322936142003206610862842750925664419888130085121440814605727770612353024000
144 2 151919925801016655786389282747798211561418391552
2 144 151919925801016655786389282747798211561418391552
144 26 -4700452069120957637446924651829418145571004496161615010221315311129418806046228480
26 144 -4700452069120957637446924651829418145571004496161615010221315311129418806046228480
144 50 -1472522606036582470420970256716571642131507055526711750302979500949185539355864527433367552
50 144 -1472522606036582470420970256716571642131507055526711750302979500949185539355864527433367552
144 74 -37271166020017150134542125703496949595860624005418242606336534109809829001557628652104630403072
74 144 -37271166020017150134542125703496949595860624005418242606336534109809829001557628652104630403072
144 98 120876576686580458477079643474273911840725407927677561396790208113443441607610281320607891062784
98 144 120876576686580458477079643474273911840725407927677561396790208113443441607610281320607891062784
144 122 -81497423179389506046149104799030603516829735122822160865190557153123177057519694065691885830144
122 144 -81497423179389506046149104799030603516829735122822160865190557153123177057519694065691885830144
143 3 -703827063107021783967163124572576691757508593553768448
3 143 -703827063107021783967163124572576691757508593553768448
143 27 15235234660838726106947397333094772604505328017758122072488046998850677478147489792
27 143 15235234660838726106947397333094772604505328017758122072488046998850677478147489792
143 51 3498621765256667322328618677865516586847859285931794098345761272986101348097146047506153472
51 143 3498621765256667322328618677865516586847859285931794098345761272986101348097146047506153472
143 75 39383124544158752136685064704483837826603671133938415463849656814956470635924636639227650506752
75 143 39383124544158752136685064704483837826603671133938415463849656814956470635924636639227650506752
143 99 -132481011677355564606200685029914113119596321265619471274765839561249336637841225731828501970944
99 143 -132481011677355564606200685029914113119596321265619471274765839561249336637841225731828501970944
143 123 71137199541932943287781681586959309424302954491031629159986414896460393959286195643029697593344
123 143 71137199541932943287781681586959309424302954491031629159986414896460393959286195643029697593344
142 4 -633409087735344592135893428948292594437581609391309717504
4 142 -633409087735344592135893428948292594437581609391309717504
142 28 -39378626640259188836003369674466625439908403630112985180418753423747394945931018240
28 142 -39378626640259188836003369674466625439908403630112985180418753423747394945931018240
142 52 -7133355911906439599127836876914553122087117775132742109085999309541108644020601145507446784
52 142 -7133355911906439599127836876914553122087117775132742109085999309541108644020601145507446784
142 76 -36969455127893949165146436921994325946304821163940233779559863535139181980149896849854079959040
76 142 -36969455127893949165146436921994325946304821163940233779559863535139181980149896849854079959040
142 100 124748313107198454956374952746005402132231837116070064147073424042847102027330758379261122314240
100 142 124748313107198454956374952746005402132231837116070064147073424042847102027330758379261122314240
142 124 -47765360740131595449595340039856758368656399845608455928007836805229740396824472573509040603136
124 142 -47765360740131595449595340039856758368656399845608455928007836805229740396824472573509040603136
141 5 149141812413229844322377527644702031311689509167201899249664
5 141 149141812413229844322377527644702031311689509167201899249664
141 29 59325616572480794798906804648085668024463726895782583725072602792520909707815157760
29 141 59325616572480794798906804648085668024463726895782583725072602792520909707815157760
141 53 12626956240931982089259938660446013881646693139965590159336340492950418833214452357740363776
53 141 12626956240931982089259938660446013881646693139965590159336340492950418833214452357740363776
141 77 29012311934538678996220885848950541768085101054732784433136408118104579119654046042002154323968
77 141 29012311934538678996220885848950541768085101054732784433136408118104579119654046042002154323968
141 101 -95844830076651232244842825404924863323138979732405032580009392456108068359901843188555188273152
101 141 -95844830076651232244842825404924863323138979732405032580009392456108068359901843188555188273152
141 125 17957149862983724456104628517667227519542030269896704132850126834577318611846219376197793480704
125 141 17957149862983724456104628517667227519542030269896704132850126834577318611846219376197793480704
140 6 80713689836917378698468836326441202606890281169103577799458816
6 140 80713689836917378698468836326441202606890281169103577799458816
140 30 128873156357480811603221718989047346053780282882032668967287502322882702151379845120
30 140 128873156357480811603221718989047346053780282882032668967287502322882702151379845120
140 54 -18816259066668259063331457761257051196880089051284462201648488914891573838541871323774189568
54 140 -18816259066668259063331457761257051196880089051284462201648488914891573838541871323774189568
140 78 -15787062556739739022485406692868034299854144705542078706740755117870303150084029578036964753408
78 140 -15787062556739739022485406692868034299854144705542078706740755117870303150084029578036964753408
140 102 49687035556249525005957992230249774201350780096797622271557244452446444126378198734694523076608
102 140 49687035556249525005957992230249774201350780096797622271557244452446444126378198734694523076608
140 126 9006894293258185898613254383207645040545763141994301032586040153818546269555677920107138383872
126 140 9006894293258185898613254383207645040545763141994301032586040153818546269555677920107138383872
139 7 -14985233901500947092622868480542953506073671642795170631608434688
7 139 -14985233901500947092622868480542953506073671642795170631608434688
139 31 -1642400863726709516295301227356682444500313400286957675005545742387694001747866419200
31 139 -1642400863726709516295301227356682444500313400286957675005545742387694001747866419200
139 55 20632378486416936783444213305334848076405743471471732052429610656210771692951692472651612160
55 139 20632378486416936783444213305334848076405743471471732052429610656210771692951692472651612160
139 79 -433145006951329204141557088115260621885292479945166036365957654484990205411414620759228678144
79 139 -433145006951329204141557088115260621885292479945166036365957654484990205411414620759228678144
139 103 4193720654655827315045340966567739064692581706396540995800811062942241924729722167883055759360
103 139 4193720654655827315045340966567739064692581706396540995800811062942241924729722167883055759360
139 127 -24058447394834736158266145910984171309923780271905780165906925305327386930716251303635371163648
127 139 -24058447394834736158266145910984171309923780271905780165906925305327386930716251303635371163648
138 8 246523356015055993770119526299994554915421846533276376684285657088
8 138 246523356015055993770119526299994554915421846533276376684285657088
138 32 9266440395413713705784149991374365845031130498352327129103260958217806370381278216192
32 138 9266440395413713705784149991374365845031130498352327129103260958217806370381278216192
138 56 -4149247120926357744019658889202856245022825487719099485587843614360646831388420239024717824
56 138 -4149247120926357744019658889202856245022825487719099485587843614360646831388420239024717824
138 80 14973242477656234555177913503749618850512676299968484804632280802586584197900504853220830478336
80 138 14973242477656234555177913503749618850512676299968484804632280802586584197900504853220830478336
138 104 -52685573336556203952643699438687097205519922438032151695885224297480231584667181522444017991680
104 138 -52685573336556203952643699438687097205519922438032151695885224297480231584667181522444017991680
138 128 21431065425854612544679416937155323255755782776288412286766069673029644032852186763376497524736
128 138 21431065425854612544679416937155323255755782776288412286766069673029644032852186763376497524736
137 9 -2908005205493529896507943655857657079166949446376192664125164224512
9 137 -2908005205493529896507943655857657079166949446376192664125164224512
137 33 -40694510967216612212964361229266602859158333465900568439964136117152071130340487331840
33 137 -40694510967216612212964361229266602859158333465900568439964136117152071130340487331840
137 57 -62352303376018979596686922192068017166002447358943399062020537379870702244490590986291904512
57 137 -62352303376018979596686922192068017166002447358943399062020537379870702244490590986291904512
137 81 -20991615160591614505890001036131092454462940063353386694977980471451780536633004759605292564480
81 137 -20991615160591614505890001036131092454462940063353386694977980471451780536633004759605292564480
137 105 82650418820080195552641470537222834100659868400831000695571710637488973772391189211191732862976
105 137 82650418820080195552641470537222834100659868400831000695571710637488973772391189211191732862976
137 129 -827148462420414595084512488128498937424027037226086708451541767108738932876373965850636451840
129 137 -827148462420414595084512488128498937424027037226086708451541767108738932876373965850636451840
136 10 -49753601552890778102776431130338467184174050355609671693508586504192
10 136 -49753601552890778102776431130338467184174050355609671693508586504192
136 34 154591649890313262583476944346482479583436399002191397817968009604127691186366266212352
34 136 154591649890313262583476944346482479583436399002191397817968009604127691186366266212352
136 58 243254068006635395676234236425245842359619643179986946760183380202469965666043318534678773760
58 136 243254068006635395676234236425245842359619643179986946760183380202469965666043318534678773760
136 82 10645799089091522223418557119499016182814128231509108790303529271697628927724261404573461118976
82 136 10645799089091522223418557119499016182814128231509108790303529271697628927724261404573461118976
136 106 -84992018380203978686463128306211422182690396549949489809178447953027684910427234695178809769984
106 136 -84992018380203978686463128306211422182690396549949489809178447953027684910427234695178809769984
136 130 -32174740337606682595411337103108677154376934911921123187614248423575976355807107851769239044096
130 136 -32174740337606682595411337103108677154376934911921123187614248423575976355807107851769239044096
135 11 3037933801672448854629919994679997373446224072210568336796312410259456
11 135 3037933801672448854629919994679997373446224072210568336796312410259456
135 35 -528663997491589510206948182500278086877436325518698335975933727068125233165779999916032
35 135 -528663997491589510206948182500278086877436325518698335975933727068125233165779999916032
135 59 -658566791192296608826084839989915782129543196457045747690423069002969996942310905460276854784
59 135 -658566791192296608826084839989915782129543196457045747690423069002969996942310905460276854784
135 83 22712374850569441242314893699254755735017400716281749490412898603137271481165980705752029855744
83 135 22712374850569441242314893699254755735017400716281749490412898603137271481165980705752029855744
135 107 57887092045430909805380859799399801965833624993416903628836780138021574224632546074423189307392
107 135 57887092045430909805380859799399801965833624993416903628836780138021574224632546074423189307392
135 131 67718166102504800226903229447126584964675378803720018903312689456154769869126255375336939192320
131 135 67718166102504800226903229447126584964675378803720018903312689456154769869126255375336939192320
134 12 -66478386431536880640970062067592541072780205352318271272233758015619072
12 134 -66478386431536880640970062067592541072780205352318271272233758015619072
134 36 1659756753261819468774237966854079569911218916769968603471348357670391098384334989557760
36 134 1659756753261819468774237966854079569911218916769968603471348357670391098384334989557760
134 60 1516887365741652146492185813945813126922799530497245300420904758584556394464272381618474188800
60 134 1516887365741652146492185813945813126922799530497245300420904758584556394464272381618474188800
134 84 -81547133137558432292400324877537061909277843940856865500292629100325816642972317536284133294080
84 134 -81547133137558432292400324877537061909277843940856865500292629100325816642972317536284133294080
134 108 -7951061642818267639064146636073411589468992679679658151056334659094921066781873006128327032832
108 134 -7951061642818267639064146636073411589468992679679658151056334659094921066781873006128327032832
134 132 -94801251676087856670592677320352087629500117286002397737503422530006706363519211467594428055552
132 134 -94801251676087856670592677320352087629500117286002397737503422530006706363519211467594428055552
133 13 931388715589830249719172050462729100078378233697842747429377842018779136
13 133 931388715589830249719172050462729100078378233697842747429377842018779136
133 37 -4837136191469768026550198413804935064941837268113990527967017206060616207168075347263488
37 133 -4837136191469768026550198413804935064941837268113990527967017206060616207168075347263488
133 61 -3159127608932507501976173134245072812317243643538331406780018402361365486826334592052980875264
61 133 -3159127608932507501976173134245072812317243643538331406780018402361365486826334592052980875264
133 85 161004259209567338287028014966882625970033154140451173477401709949477433317476775793299384434688
85 133 161004259209567338287028014966882625970033154140451173477401709949477433317476775793299384434688
133 109 -51278931408327062811394458573870470499046162532064297786000805226612285758163877972910563917824
109 133 -51278931408327062811394458573870470499046162532064297786000805226612285758163877972910563917824
133 133 104896267361377308451385718595867461677026704865548063316766457416844190821096076723850206773248
132 14 -9225354158286221200083989618331262961298418008893166938124667490039496704
14 132 -9225354158286221200083989618331262961298418008893166938124667490039496704
132 38 13172833865983485896038566987382605472087480312122781158388087792844241848471835205697536
38 132 13172833865983485896038566987382605472087480312122781158388087792844241848471835205697536
132 62 6111422836256439552662086087856995358978412814569198395388355924028192779489574214148076601344
62 132 6111422836256439552662086087856995358978412814569198395388355924028192779489574214148076601344
132 86 -246650798736312865882891963900509425763320937845805406189857160980307516418197938743902084268032
86 132 -246650798736312865882891963900509425763320937845805406189857160980307516418197938743902084268032
132 110 103239772572656386016548478451595012049495365438607610535928644744048863089516266918305876410368
110 132 103239772572656386016548478451595012049495365438607610535928644744048863089516266918305876410368
131 15 58253323015276188694574501885071604614772633748393383235115192032142819328
15 131 58253323015276188694574501885071604614772633748393383235115192032142819328
131 39 -33648603403402816356904351508340727354691020987607150927587867702312745171481940501463040
39 131 -33648603403402816356904351508340727354691020987607150927587867702312745171481940501463040
131 63 -11141597324613999145061050147760364549908710864823031434465786413086226397752400804418450096128
63 131 -11141597324613999145061050147760364549908710864823031434465786413086226397752400804418450096128
131 87 314265488751090087754648194357004944228351166362926910411508947216043096103140528479063630675968
87 131 314265488751090087754648194357004944228351166362926910411508947216043096103140528479063630675968
131 111 -133411768260545611970922776179446854859177152141639180384287538421297901190149525667594146676736
111 131 -133411768260545611970922776179446854859177152141639180384287538421297901190149525667594146676736
130 16 -7204106403708584884573837477407013020238934487772263300075251708677062656
16 130 -7204106403708584884573837477407013020238934487772263300075251708677062656
130 40 80754084460214876434235800567997459649387998246090325673338785015099784035858063191703552
40 130 80754084460214876434235800567997459649387998246090325673338785015099784035858063191703552
130 64 19307602382174816477020199234479143052475150525190259423393808507183242560212697528706057371648
64 130 19307602382174816477020199234479143052475150525190259423393808507183242560212697528706057371648
130 88 -332646764187520082217054337836343119706958698038403162444788094660845399534661093870949942427648
88 130 -332646764187520082217054337836343119706958698038403162444788094660845399534661093870949942427648
130 112 133837806947130151836274465668883511426369731032192914392596200208533959762873523447250970214400
112 130 133837806947130151836274465668883511426369731032192914392596200208533959762873523447250970214400
129 17 -6008510393341805667047772890856717293292238303403193530224426084744367702016
17 129 -6008510393341805667047772890856717293292238303403193530224426084744367702016
129 41 -182000290855638052191895324948456170889840829277931471718613283889069339658857417176776704
41 129 -182000290855638052191895324948456170889840829277931471718613283889069339658857417176776704
129 65 -31978475606656449324586411084441574289928999984604457537851358883951872441316340036116502544384
65 129 -31978475606656449324586411084441574289928999984604457537851358883951872441316340036116502544384
129 89 269754555372363833634286191302433698264650221135232343141750335112895434729016202277783544528896
89 129 269754555372363833634286191302433698264650221135232343141750335112895434729016202277783544528896
129 113 -105475246053062124534776118107802608575291717457228765350363840737161504728076774659629250510848
113 129 -105475246053062124534776118107802608575291717457228765350363840737161504728076774659629250510848
128 18 103678321574991073042090838363583825089583632998555247825570460141407336136704
18 128 103678321574991073042090838363583825089583632998555247825570460141407336136704
128 42 384024896040212673184568841252333793192834755852565701818420717495813141376250695919861760
42 128 384024896040212673184568841252333793192834755852565701818420717495813141376250695919861760
128 66 50799154832938367079493380943467602373661166832939605392173843518091209390761961357028985143296
66 128 50799154832938367079493380943467602373661166832939605392173843518091209390761961357028985143296
128 90 -101481641820689400163563072497990345852266542676127799704654425577670878741668485042546078121984
90 128 -101481641820689400163563072497990345852266542676127799704654425577670878741668485042546078121984
128 114 57503552545666656090013095335013630185956905065646599689389182738473357901228652332087060201472
114 128 57503552545666656090013095335013630185956905065646599689389182738473357901228652332087060201472
127 19 -1195949255728013819800926173794344808558143593279297409530680770836194582855680
19 127 -1195949255728013819800926173794344808558143593279297409530680770836194582855680
127 43 -753277703194267324638766612751811031746038632810767108662711023456293404274542077697589248
43 127 -753277703194267324638766612751811031746038632810767108662711023456293404274542077697589248
127 67 -77561318113370912293301945838861916935793162454887717333358678324781450340783577252802500493312
67 127 -77561318113370912293301945838861916935793162454887717333358678324781450340783577252802500493312
127 91 -178796812774920971834709882265857762790203456546035760504778158477984071205166449145850779140096
91 127 -178796812774920971834709882265857762790203456546035760504778158477984071205166449145850779140096
127 115 -3829986546174116560946528204733162844565298568935152112942661963306950555868709127006147575808
115 127 -3829986546174116560946528204733162844565298568935152112942661963306950555868709127006147575808
126 20 11034157429020879042311922971468748637877224286394040495085611455073927752056832
20 126 11034157429020879042311922971468748637877224286394040495085611455073927752056832
126 44 1353766517854634500538042066742785868389161715629016487458275537663172943835415684126343168
44 126 1353766517854634500538042066742785868389161715629016487458275537663172943835415684126343168
126 68 113935902879773594561999996391106452007008185315736213532777653982059679009210049211635911884800
68 126 113935902879773594561999996391106452007008185315736213532777653982059679009210049211635911884800
126 92 552641115286058388143688675440966687245321505964657766784863301043423139934349959771903506776064
92 126 552641115286058388143688675440966687245321505964657766784863301043423139934349959771903506776064
126 116 -41895823159964801899918615863557513482648269556863133939310872444548417827443040589555246825472
116 126 -41895823159964801899918615863557513482648269556863133939310872444548417827443040589555246825472
125 21 -86509813724463523135707315773674205513042459554888523988916879554317388445908992
21 125 -86509813724463523135707315773674205513042459554888523988916879554317388445908992
125 45 -2159772225767710633212522495206429537926669779078162698244843364381033283118586834557337600
45 125 -2159772225767710633212522495206429537926669779078162698244843364381033283118586834557337600
125 69 -161023134513256092572949975676260960193581637576589135399124835793367092437999417361368453480448
69 125 -161023134513256092572949975676260960193581637576589135399124835793367092437999417361368453480448
125 93 -973907624268924714239902200658495883622141583906516791670416690954224363559895410161490654658560
93 125 -973907624268924714239902200658495883622141583906516791670416690954224363559895410161490654658560
125 117 70865402878807051992268836083176599023972914030240905080508023551792683629169624397786197786624
117 125 70865402878807051992268836083176599023972914030240905080508023551792683629169624397786197786624
124 22 594255106761149702403241000047325599431793406222406374965078390298131739613069312
22 124 594255106761149702403241000047325599431793406222406374965078390298131739613069312
124 46 2813931452217647929074443820466907405940004693066647319587209470639725243240316432115826688
46 124 2813931452217647929074443820466907405940004693066647319587209470639725243240316432115826688
124 70 218688243158686643070464728410555675956510005987827088146129853150703377630379203069071509684224
70 124 218688243158686643070464728410555675956510005987827088146129853150703377630379203069071509684224
124 94 1373301829770172908438473384683025259270523251167502129762368722242026874110649110356243704184832
94 124 1373301829770172908438473384683025259270523251167502129762368722242026874110649110356243704184832
124 118 -81560264836993587299698257901611311189769227721172974296018192315575735216368960617197703528448
118 124 -81560264836993587299698257901611311189769227721172974296018192315575735216368960617197703528448
123 23 -3645650851681434108664586471977499973581930816883240600922952840827757430193520640
23 123 -3645650851681434108664586471977499973581930816883240600922952840827757430193520640
123 47 -2056702626550543873846048916486370679662992100326767299729283131056198789658373811184074752
47 123 -2056702626550543873846048916486370679662992100326767299729283131056198789658373811184074752
123 71 -284681793249259625910583351409130969710136847408412061349827003571207299503501106859385907314688
71 123 -284681793249259625910583351409130969710136847408412061349827003571207299503501106859385907314688
123 95 -1670673293782532392949564849275176730004350325175845296530330912269543782437219303676399792947200
95 123 -1670673293782532392949564849275176730004350325175845296530330912269543782437219303676399792947200
123 119 79192704940436113401535793415716784282386968340618591871157739847374524550425023256915370573824
119 123 79192704940436113401535793415716784282386968340618591871157739847374524550425023256915370573824
122 24 20247974111895190763299038765676173540490773646163590600926800416761806864793993216
24 122 20247974111895190763299038765676173540490773646163590600926800416761806864793993216
122 48 -3485196095070541504892251803989324938391540679614174523824933164836360743937847901122723840
48 122 -3485196095070541504892251803989324938391540679614174523824933164836360743937847901122723840
122 72 353598000531989236846163974112632568639450192000251041803922979921554160060777760677224649850880
72 122 353598000531989236846163974112632568639450192000251041803922979921554160060777760677224649850880
122 96 1793263858833104302004939073801459911653385268116637518543621424760692674556872979867974953336832
96 122 1793263858833104302004939073801459911653385268116637518543621424760692674556872979867974953336832
122 120 -72485934995553021764881134722828712850267712899685892123298830715563776071209843188961369915392
120 122 -72485934995553021764881134722828712850267712899685892123298830715563776071209843188961369915392
121 1 302321319397471496430044266229703639040
1 121 302321319397471496430044266229703639040
121 25 -102880218166444607692383604691112314389491195352998864398330373127925698065246191616
25 121 -102880218166444607692383604691112314389491195352998864398330373127925698065246191616
121 49 21673393991126199144720639440311998923095191762243129370391850975629824038297370538587193344
49 121 21673393991126199144720639440311998923095191762243129370391850975629824038297370538587193344
121 73 -415804127177211447059062002507049509011494014467647273956650395644951338866520875868082803834880
73 121 -415804127177211447059062002507049509011494014467647273956650395644951338866520875868082803834880
121 97 -1695805381358849242955829821872921843410433279291065889114920509963842458954516256489112380375040
97 121 -1695805381358849242955829821872921843410433279291065889114920509963842458954516256489112380375040
121 121 69223119570626992235907688516430759622218018042042842772947088507813371965979019373243759853568
120 2 27979476857418997128306985804442942210623911493632
2 120 27979476857418997128306985804442942210623911493632
120 26 482262705380141052644242089203580378692942357892715213136935147947648579323807399936
26 120 482262705380141052644242089203580378692942357892715213136935147947648579323807399936
120 50 -69208287418063413974530505411543077301480780342544499461916178670800169754982819660726009856
50 120 -69208287418063413974530505411543077301480780342544499461916178670800169754982819660726009856
120 74 456573130062091740413603800004188303762338282755106425553921144986405738820938698306019169140736
74 120 456573130062091740413603800004188303762338282755106425553921144986405738820938698306019169140736
120 98 1376883847462826827063908789241863164199118661624085207262344354255509614941421463499707456159744
98 120 1376883847462826827063908789241863164199118661624085207262344354255509614941421463499707456159744
119 3 59396536844376039793306172919455905741812991093018460160
3 119 59396536844376039793306172919455905741812991093018460160
119 27 -2100263094160348358491751679375687243612812173103784658087373588871684440143750496256
27 119 -2100263094160348358491751679375687243612812173103784658087373588871684440143750496256
119 51 179130573670124366974433513027261814074519286498377601853624783298435964019090043645194141696
51 119 179130573670124366974433513027261814074519286498377601853624783298435964019090043645194141696
119 75 -455753218601343414872397194689541771728063402500390689709659014061512050937018048563073637154816
75 119 -455753218601343414872397194689541771728063402500390689709659014061512050937018048563073637154816
119 99 -886037415315366264449888961204144027228540170980878033679051395039739860739207613909713180164096
99 119 -886037415315366264449888961204144027228540170980878033679051395039739860739207613909713180164096
118 4 12035342176250990750080063848909808321695846777294338129920
4 118 12035342176250990750080063848909808321695846777294338129920
118 28 8548127973496813444567667859545100825803680638294555461740774532552541867942264963072
28 118 8548127973496813444567667859545100825803680638294555461740774532552541867942264963072
118 52 -413037368947523801608780556139918234421932013419350919585777229757743859466480934399225364480
52 118 -413037368947523801608780556139918234421932013419350919585777229757743859466480934399225364480
118 76 388381999456817473889107604469968922502199591625834321816043890690575599202611734918453287452672
76 118 388381999456817473889107604469968922502199591625834321816043890690575599202611734918453287452672
118 100 317926990145413395648869795083973693751626521467807541399524587701031645597637800644379978760192
100 118 317926990145413395648869795083973693751626521467807541399524587701031645597637800644379978760192
117 5 -13656973194901507686731131237753233696786829417887262440423424
5 117 -13656973194901507686731131237753233696786829417887262440423424
117 29 -32679464767407045363348333956072338725576241518162087134333187153721220473872401301504
29 117 -32679464767407045363348333956072338725576241518162087134333187153721220473872401301504
117 53 879886182138933859811667891534708428413369158681444138820898802074988120791326561827595223040
53 117 879886182138933859811667891534708428413369158681444138820898802074988120791326561827595223040
117 77 -226658834352709850999738453956602038479379832589032002877977884146956984176454710365696603193344
77 117 -226658834352709850999738453956602038479379832589032002877977884146956984176454710365696603193344
117 101 206692664914385655955020501721474559316474777852407322063750799765650962363167175128046584725504
101 117 206692664914385655955020501721474559316474777852407322063750799765650962363167175128046584725504
116 6 5481703629131881230190771637907545291318788974685484536733630464
6 116 5481703629131881230190771637907545291318788974685484536733630464
116 30 117864301652692045059129990713577346864832294466970903650225810725489947039472537305088
30 116 117864301652692045059129990713577346864832294466970903650225810725489947039472537305088
116 54 -1763309794769958909309483581522242122257956361439456948022478598586089083321357346013771202560
54 116 -1763309794769958909309483581522242122257956361439456948022478598586089083321357346013771202560
116 78 -56416598059418454578524543557659026732449460021523474893074848168986612302285523356460532105216
78 116 -56416598059418454578524543557659026732449460021523474893074848168986612302285523356460532105216
116 102 -569457160167619546951514365679090232395621593208696661627979713718526198649688546842194135220224
102 116 -569457160167619546951514365679090232395621593208696661627979713718526198649688546842194135220224
115 7 177542575694050397485767932615027650448274092030075838426079297536
7 115 177542575694050397485767932615027650448274092030075838426079297536
115 31 -402565799975705179099705728220433003750375737372440430321633097805712784639498548936704
31 115 -402565799975705179099705728220433003750375737372440430321633097805712784639498548936704
115 55 3358885981167007982667813895766337996962640746818929980522822097722471352592430734792674246656
55 115 3358885981167007982667813895766337996962640746818929980522822097722471352592430734792674246656
115 79 481681254691074884838149856360604500533084231968082767321629721547885129680536826661723936129024
79 115 481681254691074884838149856360604500533084231968082767321629721547885129680536826661723936129024
115 103 685199100290083875826749484898693962579800879254589829335368327445423721404416958329316637147136
103 115 685199100290083875826749484898693962579800879254589829335368327445423721404416958329316637147136
114 8 -14487552117859928437038917794354936815156385654018251048128037781504
8 114 -14487552117859928437038917794354936815156385654018251048128037781504
114 32 1306375766070438833802224153420728988922269953587180800011633312589988889864576625016832
32 114 1306375766070438833802224153420728988922269953587180800011633312589988889864576625016832
114 56 -6121455841810406490549740801183767529042952308086515780681891154721937105041467568959053103104
56 114 -6121455841810406490549740801183767529042952308086515780681891154721937105041467568959053103104
114 80 -1057060303761321255070591464778844656089108596109893225089749182093350769029608337028133110677504
80 114 -1057060303761321255070591464778844656089108596109893225089749182093350769029608337028133110677504
114 104 -526399218705910488990857549014546308869389636501245374051553730133619330600207946737906379390976
104 114 -526399218705910488990857549014546308869389636501245374051553730133619330600207946737906379390976
113 9 522644764005243146104838720770984928482588548800430327726513657479168
9 113 522644764005243146104838720770984928482588548800430327726513657479168
113 33 -4039454499504707683555143578730763147428321818036515425620699491093155063446397266165760
33 113 -4039454499504707683555143578730763147428321818036515425620699491093155063446397266165760
113 57 10720001166563993265144054266675785651689613387006651188452813475950844512774202403581551706112
57 113 10720001166563993265144054266675785651689613387006651188452813475950844512774202403581551706112
113 81 1770275461830103767307385385477328997504934691574718591695014342857111294136461050385264457809920
81 113 1770275461830103767307385385477328997504934691574718591695014342857111294136461050385264457809920
113 105 133639256422988728987340800763841050795264412309261877633459359536562207479672682844715181146112
105 113 133639256422988728987340800763841050795264412309261877633459359536562207479672682844715181146112
112 10 -9172557688443254179861634131466384100733560298934570015306958057242624
10 112 -9172557688443254179861634131466384100733560298934570015306958057242624
112 34 11931406303870314851642037158559805228559072816282270909520574068064394199306435947397120
34 112 11931406303870314851642037158559805228559072816282270909520574068064394199306435947397120
112 58 -18093499232257139735262308792213232349037692541512202470367910871495976563337831265021009592320
58 112 -18093499232257139735262308792213232349037692541512202470367910871495976563337831265021009592320
112 82 -2582364747504735073010673229326250623856321017154788168481484374461648489790926451210187911987200
82 112 -2582364747504735073010673229326250623856321017154788168481484374461648489790926451210187911987200
112 106 392037019692353667502096313542999938687047553590978366030951900273721900164558515043462354567168
106 112 392037019692353667502096313542999938687047553590978366030951900273721900164558515043462354567168
111 11 92535480969057249305431155485504129629998862905632086799081265225007104
11 111 92535480969057249305431155485504129629998862905632086799081265225007104
111 35 -33739088554323116164636372861178554499168985829081287622837330605536106868966694387187712
35 111 -33739088554323116164636372861178554499168985829081287622837330605536106868966694387187712
111 59 29495548806622125505378496169716375216398343044373327412575051809665039758759375944865877590016
59 111 29495548806622125505378496169716375216398343044373327412575051809665039758759375944865877590016
111 83 3423747217749987253297970282600271829656022118719832552937005033733185734442726391619337387507712
83 111 3423747217749987253297970282600271829656022118719832552937005033733185734442726391619337387507712
111 107 -913815622842762343017552232425549943884013992402687922958029839454362984180949894798357590704128
107 111 -913815622842762343017552232425549943884013992402687922958029839454362984180949894798357590704128
110 12 -178565352290037413523781331278579111756740281210615308269711984961781760
12 110 -178565352290037413523781331278579111756740281210615308269711984961781760
110 36 91515404474753767996902656125129667799167796824168794552554660846057368926668683904811008
36 110 91515404474753767996902656125129667799167796824168794552554660846057368926668683904811008
110 60 -46508839526838771177258591955038042268386853081109294237880685811059993319586320504412679700480
60 110 -46508839526838771177258591955038042268386853081109294237880685811059993319586320504412679700480
110 84 -4194648619152558512593131898847676784150967132003840966977446196010359239443861052096976712105984
84 110 -4194648619152558512593131898847676784150967132003840966977446196010359239443861052096976712105984
110 108 1294649196353242919912409424114375480525447336924809434437874350591713687022709866768678481035264
108 110 1294649196353242919912409424114375480525447336924809434437874350591713687022709866768678481035264
109 13 -14515929563223593400592097093604066332906449287279845176310629748468350976
13 109 -14515929563223593400592097093604066332906449287279845176310629748468350976
109 37 -238520686583102780060998138740805825302578331660630183264425276677382834297285667572416512
37 109 -238520686583102780060998138740805825302578331660630183264425276677382834297285667572416512
109 61 71003820609104636767555500091621101529394312355129119239498834137616765412859244496761818972160
61 109 71003820609104636767555500091621101529394312355129119239498834137616765412859244496761818972160
109 85 4771352186757312169292460140284411983303221407462602409137696557038102462898219663594387572523008
85 109 4771352186757312169292460140284411983303221407462602409137696557038102462898219663594387572523008
109 109 -1433897155850160247482951569205940167357586505634760115090563603434929410970607184750733959364608
108 14 358855224832957563688847849994227409957766314288526775990546228466348457984
14 108 358855224832957563688847849994227409957766314288526775990546228466348457984
108 38 598275687011436003944083600696083529649045000966486590646815448836020582453209512647065600
38 108 598275687011436003944083600696083529649045000966486590646815448836020582453209512647065600
108 62 -105011110500319465788710922788302477701604101309164137615669668934909067713996256605592566628352
62 108 -105011110500319465788710922788302477701604101309164137615669668934909067713996256605592566628352
108 86 -5018894776436336983434547049452321334431931879168340338819482729931187720646766984192985632079872
86 108 -5018894776436336983434547049452321334431931879168340338819482729931187720646766984192985632079872
107 15 -5426792319594697684698707178016252411009028557014890848524622746379031150592
15 107 -5426792319594697684698707178016252411009028557014890848524622746379031150592
107 39 -1446192104639539962182473469837536067571718819653118715537733177047629781100091421604446208
39 107 -1446192104639539962182473469837536067571718819653118715537733177047629781100091421604446208
107 63 150476908841509186135931177105822184481561351134806798341539046935003864361513453963838807343104
63 107 150476908841509186135931177105822184481561351134806798341539046935003864361513453963838807343104
107 87 4809559080521381505198653632199001508651435087572123537890308758782703467001181721309363971293184
87 107 4809559080521381505198653632199001508651435087572123537890308758782703467001181721309363971293184
106 16 62460449188168869461332371329211475838724173475480979441852152438087145750528
16 106 62460449188168869461332371329211475838724173475480979441852152438087145750528
106 40 3373260191868319236720270438542139965235559206233706158382579190252815490147560475267694592
40 106 3373260191868319236720270438542139965235559206233706158382579190252815490147560475267694592
106 64 -208877941300603216052157143601306753618294119069569270522884032024987968170810195006467216506880
64 106 -208877941300603216052157143601306753618294119069569270522884032024987968170810195006467216506880
106 88 -4045029205155459852012532433841300909046573646638712915097620373556675618675583684435338539827200
88 106 -4045029205155459852012532433841300909046573646638712915097620373556675618675583684435338539827200
105 17 -587122876814173286753855665864795020736736839499081491910914251237088613629952
17 105 -587122876814173286753855665864795020736736839499081491910914251237088613629952
105 41 -7601083313491734733990577612297045121417171392767356878571231664621552533961098873798656000
41 105 -7601083313491734733990577612297045121417171392767356878571231664621552533961098873798656000
105 65 280689970753096425502412959261668760902016604101323854173076153423835441283764059582322603720704
65 105 280689970753096425502412959261668760902016604101323854173076153423835441283764059582322603720704
105 89 2678712469281456538378683885688953933338755980430093678468910962762614069784544044185434581893120
89 105 2678712469281456538378683885688953933338755980430093678468910962762614069784544044185434581893120
104 18 4673358774090490663643203424963839684706246568270254893515167490123554413871104
18 104 4673358774090490663643203424963839684706246568270254893515167490123554413871104
104 42 16563996707603135707551556446696438510125685340161843968065141594452354219294898090080731136
42 104 16563996707603135707551556446696438510125685340161843968065141594452354219294898090080731136
104 66 -364732952864563463809171091451049848130972107576406426625154302738643186255162660062518879191040
66 104 -364732952864563463809171091451049848130972107576406426625154302738643186255162660062518879191040
104 90 -733871270558019487694035301552539479583628359362812515106517550368722520597810862701162103046144
90 104 -733871270558019487694035301552539479583628359362812515106517550368722520597810862701162103046144
103 19 -32237544564294171531348888433741994604637218624138502587679756537380323429711872
19 103 -32237544564294171531348888433741994604637218624138502587679756537380323429711872
103 43 -34941863894935190168600588192850133299203056602828589225452227318380436610742250175266291712
43 103 -34941863894935190168600588192850133299203056602828589225452227318380436610742250175266291712
103 67 457455232065120403519509125572714706160770742834573204080388495117052231697270757879456511033344
67 103 457455232065120403519509125572714706160770742834573204080388495117052231697270757879456511033344
103 91 -1686807900417799714484916644303995041213227371503444787742736561397585467425900050502831736619008
91 103 -1686807900417799714484916644303995041213227371503444787742736561397585467425900050502831736619008
102 20 195955560344717227429534401420309203895876456107563237840713139338639029712191488
20 102 195955560344717227429534401420309203895876456107563237840713139338639029712191488
102 44 71419198421788429710273064729557624936285185573799287678573226079433599584334290459369144320
44 102 71419198421788429710273064729557624936285185573799287678573226079433599584334290459369144320
102 68 -552263905557435584618281640920882795090278474095479132961374394783317866065569226569144552390656
68 102 -552263905557435584618281640920882795090278474095479132961374394783317866065569226569144552390656
102 92 4403578951958903339215841976120692888816055715010364793158559387440668556771449208145552154296320
92 102 4403578951958903339215841976120692888816055715010364793158559387440668556771449208145552154296320
101 21 -1063084663651408965258493099186740168060505861286896859382027870889806473457565696
21 101 -1063084663651408965258493099186740168060505861286896859382027870889806473457565696
101 45 -141560221430558786817391239518106935432901486127303247442904395213233408634995143661871693824
45 101 -141560221430558786817391239518106935432901486127303247442904395213233408634995143661871693824
101 69 639049803779491180808539688613412754600253945163893150859575864394774536912301288700374648094720
69 101 639049803779491180808539688613412754600253945163893150859575864394774536912301288700374648094720
101 93 -7175350166234119266849192130315807243242887993351486253048807671273751864411704858132709269045248
93 101 -7175350166234119266849192130315807243242887993351486253048807671273751864411704858132709269045248
100 22 5200319255304538334644619925244917244288404430378073479093595423906035549450797056
22 100 5200319255304538334644619925244917244288404430378073479093595423906035549450797056
100 46 272313718809658862026778579720418301341470626959597808483180955836708922022278425756846522368
46 100 272313718809658862026778579720418301341470626959597808483180955836708922022278425756846522368
100 70 -704081379793577094830651156824321425739482912463877339446816017653197802817400254056793697681408
70 100 -704081379793577094830651156824321425739482912463877339446816017653197802817400254056793697681408
100 94 9727590140112514726820494470587948225341592203810882150540702600868531602004608937293565501898752
94 100 9727590140112514726820494470587948225341592203810882150540702600868531602004608937293565501898752
99 23 -23130342151830830676347929899823245813931817315032869193669192108980184149892530176
23 99 -23130342151830830676347929899823245813931817315032869193669192108980184149892530176
99 47 -508770365113529551130177250931370864295795661966292133585488595350123532898732528284133752832
47 99 -508770365113529551130177250931370864295795661966292133585488595350123532898732528284133752832
99 71 730438956768675986751476690594032680981864139807718974083361105079510423424617246695061154955264
71 99 730438956768675986751476690594032680981864139807718974083361105079510423424617246695061154955264
99 95 -11788622553723682248117841153480611311521288564573596043188718259935365146003155456590885209243648
95 99 -11788622553723682248117841153480611311521288564573596043188718259935365146003155456590885209243648
98 24 94200847129603929585625845538168902200934140075159063581772653415592419798420553728
24 98 94200847129603929585625845538168902200934140075159063581772653415592419798420553728
98 48 923844727465939913121846987099170473230182265264774891374840192607301228645730977254167543808
48 98 923844727465939913121846987099170473230182265264774891374840192607301228645730977254167543808
98 72 -699118270651729558667992964053960391881452705457892359630737166758970742732023999887517073539072
72 98 -699118270651729558667992964053960391881452705457892359630737166758970742732023999887517073539072
98 96 13128423034175096679202356091622352091932853414811928101604354752034414328070087023482567349239808
96 98 13128423034175096679202356091622352091932853414811928101604354752034414328070087023482567349239808
97 1 -44474513597768680721918488565384065581056
1 97 -44474513597768680721918488565384065581056
97 25 -353341790484612714100261884197660673182943893253693684620333474100596183324195553280
25 97 -353341790484612714100261884197660673182943893253693684620333474100596183324195553280
97 49 -1631481719712255943065775798917672969438562239869587191797121647189502133775640103031582752768
49 97 -1631481719712255943065775798917672969438562239869587191797121647189502133775640103031582752768
97 73 590845371017303825214173526452121477724530023343648150237273941229049733565735586551599384756224
73 97 590845371017303825214173526452121477724530023343648150237273941229049733565735586551599384756224
97 97 -13593064580705461014666829813223587741524890313758684011218294907615055228363040024840253390979072
96 2 1808927172117446464872017577713275526000714224500736
2 96 1808927172117446464872017577713275526000714224500736
96 26 1226721769444939502811247573858153275179075950849663290794736900434193644212417724416
26 96 1226721769444939502811247573858153275179075950849663290794736900434193644212417724416
96 50 2803716245800072641447051035627067934552599795750151979740926492730745734583050740483311534080
50 96 2803716245800072641447051035627067934552599795750151979740926492730745734583050740483311534080
96 74 -388518974940922764073833187910312560403717183842526165327230128385671955795816510023424213516288
74 96 -388518974940922764073833187910312560403717183842526165327230128385671955795816510023424213516288
95 3 -1727956542307783279934501086370185779849326493592383913984
3 95 -1727956542307783279934501086370185779849326493592383913984
95 27 -3958224464524581764236732638471358293771343541106895296816609770467248368400384131072
27 95 -3958224464524581764236732638471358293771343541106895296816609770467248368400384131072
95 51 -4691368327469379803666463243106807262872210315783727824746825840670337810905017748448635518976
51 95 -4691368327469379803666463243106807262872210315783727824746825840670337810905017748448635518976
95 75 80048487983997134976414743246500200864190979026824663185011519465006590522629446395205529894912
75 95 80048487983997134976414743246500200864190979026824663185011519465006590522629446395205529894912
94 4 88240121078510614916190554077056566717639074701587469303808
4 94 88240121078510614916190554077056566717639074701587469303808
94 28 11910519722008856962817583023948242061713468959640526332563383307315182804090119782400
28 94 11910519722008856962817583023948242061713468959640526332563383307315182804090119782400
94 52 7647280641176485028360373515142525784425905244256770312218273726157705549605864159758633664512
52 94 7647280641176485028360373515142525784425905244256770312218273726157705549605864159758633664512
94 76 338785767037180889331738017406290308757410180686731580221492405108132761187414478814488098242560
76 94 338785767037180889331738017406290308757410180686731580221492405108132761187414478814488098242560
93 5 -758587872547291020767337425320359917715159461496344471811391488
5 93 -758587872547291020767337425320359917715159461496344471811391488
93 29 -33512222976994254023554360925404613031742345915785928922191478626561227871403642978304
29 93 -33512222976994254023554360925404613031742345915785928922191478626561227871403642978304
93 53 -12149802763974934365773888820948799750159705569437020353735146415161585643450057683682912632832
53 93 -12149802763974934365773888820948799750159705569437020353735146415161585643450057683682912632832
93 77 -861924483475989585396865607995932096573988800676929520453544241195038513553104627114167555325952
77 93 -861924483475989585396865607995932096573988800676929520453544241195038513553104627114167555325952
92 6 -40760856702226365053085393258229885081348204845215462109166436352
6 92 -40760856702226365053085393258229885081348204845215462109166436352
92 30 88343118323640325018549207860649569442267638548255425324434930883888406183566741864448
30 92 88343118323640325018549207860649569442267638548255425324434930883888406183566741864448
92 54 18822787924161493634364711978577160757748975364090144073034391107540507617349311302842789658624
54 92 18822787924161493634364711978577160757748975364090144073034391107540507617349311302842789658624
92 78 1471574624801250510054640274224994236836594418871256293063449000185421935846532273465969201905664
78 92 1471574624801250510054640274224994236836594418871256293063449000185421935846532273465969201905664
91 7 2439157804404692470107241032239656656360111089275590354961757634560
7 91 2439157804404692470107241032239656656360111089275590354961757634560
91 31 -218450794509627675677851188591567881290270337568059983878632986716947614240971614584832
31 91 -218450794509627675677851188591567881290270337568059983878632986716947614240971614584832
91 55 -28446901724943627957912294125171221286883355691013127956030772291737303563886551381071842246656
55 91 -28446901724943627957912294125171221286883355691013127956030772291737303563886551381071842246656
91 79 -2138138880908148299600826171849369544340179704768603199184250837758279088855445339772044462522368
79 91 -2138138880908148299600826171849369544340179704768603199184250837758279088855445339772044462522368
90 8 61850495515659861382710259807299958005238526531743763584543124094976
8 90 61850495515659861382710259807299958005238526531743763584543124094976
90 32 506822486467285466735577601235080483373764646469324192890054397157624173447685865472000
32 90 506822486467285466735577601235080483373764646469324192890054397157624173447685865472000
90 56 41955878899967914166357475242614317461709132884382629527456222406721857313669566684305029070848
56 90 41955878899967914166357475242614317461709132884382629527456222406721857313669566684305029070848
90 80 2821788718175202150681283230719566653429477161864523914416572537549815684695862885853415683915776
80 90 2821788718175202150681283230719566653429477161864523914416572537549815684695862885853415683915776
89 9 -4683548620858163834033912794977450665212179138949043107130960970252288
9 89 -4683548620858163834033912794977450665212179138949043107130960970252288
89 33 -1102199335150145237793189465245479656588767713145340799456136349210223243541451146002432
33 89 -1102199335150145237793189465245479656588767713145340799456136349210223243541451146002432
89 57 -60410928791837516937366953566090579690667324365473528088761122869580357003648427486892305416192
57 89 -60410928791837516937366953566090579690667324365473528088761122869580357003648427486892305416192
89 81 -3475687179521624744114279689679560432247442751146029775236919394028923743168610667726089899474944
81 89 -3475687179521624744114279689679560432247442751146029775236919394028923743168610667726089899474944
88 10 149026562969516040576475745958191819060216091745231786927165371286814720
10 88 149026562969516040576475745958191819060216091745231786927165371286814720
88 34 2240678320717295328564966189126585798901945534886968284237427420265301361102744272764928
34 88 2240678320717295328564966189126585798901945534886968284237427420265301361102744272764928
88 58 84947231551023602420520184763788797536307400388132237608115675882042392691255450337393783078912
58 88 84947231551023602420520184763788797536307400388132237608115675882042392691255450337393783078912
88 82 4050574849009564321379245768574656698718239859867107886841982087155041707820780171121054848122880
82 88 4050574849009564321379245768574656698718239859867107886841982087155041707820780171121054848122880
87 11 -3300132014310455754591690694728307499737325526821794637281103533895057408
11 87 -3300132014310455754591690694728307499737325526821794637281103533895057408
87 35 -4234335326754514773147198411190316125985151238601731151763636406002123196147043435282432
35 87 -4234335326754514773147198411190316125985151238601731151763636406002123196147043435282432
87 59 -116688746094108104457605079519760040092169212612216898265392358238142425544287175408464915595264
59 87 -116688746094108104457605079519760040092169212612216898265392358238142425544287175408464915595264
87 83 -4500157905162929581967175509235032503023684953502718189190919740264193740404091403346107699298304
83 87 -4500157905162929581967175509235032503023684953502718189190919740264193740404091403346107699298304
86 12 53779810784458982765909143406305427468722471825616534608972576932740726784
12 86 53779810784458982765909143406305427468722471825616534608972576932740726784
86 36 7358358169318518207227992503560130329368782000313246811651117559126593866490472113897472
36 86 7358358169318518207227992503560130329368782000313246811651117559126593866490472113897472
86 60 156631506833066912715252208850355247877252822173733577640547455628457593713963735364720440377344
60 86 156631506833066912715252208850355247877252822173733577640547455628457593713963735364720440377344
86 84 4786541722779686762672269494371074455733480659705502022237782718658598754460323824141247589646336
84 86 4786541722779686762672269494371074455733480659705502022237782718658598754460323824141247589646336
85 13 -672274629708805393367922754646066234675123620630870982025872181738644439040
13 85 -672274629708805393367922754646066234675123620630870982025872181738644439040
85 37 -11504300976541102393476662434902456762231149332107389273454639077651899763386001232232448
37 85 -11504300976541102393476662434902456762231149332107389273454639077651899763386001232232448
85 61 -205501010763513054052208310648703539683447652558292457341458935201655034435538797368313678659584
61 85 -205501010763513054052208310648703539683447652558292457341458935201655034435538797368313678659584
85 85 -4884885992926658402800360778069406519818664738537326698154535176008698699808442892557980771811328
84 14 6726983638076175040028570152436579162599228236623566294775753977991343898624
14 84 6726983638076175040028570152436579162599228236623566294775753977991343898624
84 38 15376354136799795190087167730791457249964401828236570101103664860262523375837688075649024
38 84 15376354136799795190087167730791457249964401828236570101103664860262523375837688075649024
84 62 263595558316044507571778406836031770706567324562232518498886898054549418094382195708433595891712
62 84 263595558316044507571778406836031770706567324562232518498886898054549418094382195708433595891712
83 15 -55780968682269546712476297458749238228725407115480221315999489664948409204736
15 83 -55780968682269546712476297458749238228725407115480221315999489664948409204736
83 39 -14899990476107864523600721342357892732214292251396190052364608135283699934981562226966528
39 83 -14899990476107864523600721342357892732214292251396190052364608135283699934981562226966528
83 63 -330633471166130630875902242595686963676217184134118710777016170762859224308554609038689415725056
63 83 -330633471166130630875902242595686963676217184134118710777016170762859224308554609038689415725056
82 16 393426487722589699587191097388263092321234600070673352431752683773816024858624
16 82 393426487722589699587191097388263092321234600070673352431752683773816024858624
82 40 417559016347908652058611946979212975278605203429997772608942059325572221555100113436672
40 82 417559016347908652058611946979212975278605203429997772608942059325572221555100113436672
82 64 405626652053764772767412332221476045354155083217287321317727784556180302285649560931017026437120
64 82 405626652053764772767412332221476045354155083217287321317727784556180302285649560931017026437120
81 17 -2406513096070558210914173838125361752769881258917531419612004124618829101793280
17 81 -2406513096070558210914173838125361752769881258917531419612004124618829101793280
81 41 47782264526015134859621528526813307619637153477556600546719569793204638357718833702109184
41 81 47782264526015134859621528526813307619637153477556600546719569793204638357718833702109184
81 65 -486804627664633192242264131812003186301503342549096783972715226833933233005255825893965592264704
65 81 -486804627664633192242264131812003186301503342549096783972715226833933233005255825893965592264704
80 18 12955610534314184814580241649456181637080508628702277101487696336146935465377792
18 80 12955610534314184814580241649456181637080508628702277101487696336146935465377792
80 42 -165938173829397225756736896565024395654255834062982264696961442309289121245945011858571264
42 80 -165938173829397225756736896565024395654255834062982264696961442309289121245945011858571264
80 66 571610965623769849855985577033142671427740553936353766575598100693181957983040297560667995504640
66 80 571610965623769849855985577033142671427740553936353766575598100693181957983040297560667995504640
79 19 -62099017754494006301821422230357706258189703074977796386645559704110939267661824
19 79 -62099017754494006301821422230357706258189703074977796386645559704110939267661824
79 43 415287469274667593500606036632043914379725184692965783542936462571433793298675505284775936
43 79 415287469274667593500606036632043914379725184692965783542936462571433793298675505284775936
79 67 -656787332382526989197956859016081567941699802813127673652036839352266060118853431759618315386880
67 79 -656787332382526989197956859016081567941699802813127673652036839352266060118853431759618315386880
78 20 267520346619381967824307411314169353924280436203073974543263788466237991276249088
20 78 267520346619381967824307411314169353924280436203073974543263788466237991276249088
78 44 -891903648086625653675419319350517846799972758647610217839514135723611577398593764869537792
44 78 -891903648086625653675419319350517846799972758647610217839514135723611577398593764869537792
78 68 738549863449945579989004182907200951634312944709594929446892376461058305038238242469169084760064
68 78 738549863449945579989004182907200951634312944709594929446892376461058305038238242469169084760064
77 21 -1044119552611748889969530173496323456358987151701488374818944036540258181544148992
21 77 -1044119552611748889969530173496323456358987151701488374818944036540258181544148992
77 45 1736375560467006141291728600077307929201886475781713308366060006845931061943901988918919168
45 77 1736375560467006141291728600077307929201886475781713308366060006845931061943901988918919168
77 69 -812849277801609787194421875136464763548925993089594228912250366600075451823637112748789261664256
69 77 -812849277801609787194421875136464763548925993089594228912250366600075451823637112748789261664256
76 22 3718201961242264802011738304367082031172077719165087819991251281488828102627819520
22 76 3718201961242264802011738304367082031172077719165087819991251281488828102627819520
76 46 -3140772663572217007719013881987885508321143308791407451547148784471544389702997312909869056
46 76 -3140772663572217007719013881987885508321143308791407451547148784471544389702997312909869056
76 70 875692388787979899113119866615998474866703011448083547355688145845861604234109814649901180518400
70 76 875692388787979899113119866615998474866703011448083547355688145845861604234109814649901180518400
75 23 -12158939548550028556900587135198448319052777311740077228504550477813571276494602240
23 75 -12158939548550028556900587135198448319052777311740077228504550477813571276494602240
75 47 5349442268506557543975888944255616566425903515312869547663406460062722609934742644433354752
47 75 5349442268506557543975888944255616566425903515312869547663406460062722609934742644433354752
75 71 -923490865523647301420844352265222970941507734401898266854794383170057296314876793174587915370496
71 75 -923490865523647301420844352265222970941507734401898266854794383170057296314876793174587915370496
74 24 36731195674627704437972143053627134337727680423720770857313320912506571474161631232
24 74 36731195674627704437972143053627134337727680423720770857313320912506571474161631232
74 48 -8649801024832399422446442201585347478027414797767514114675029514805865715727032383992496128
48 74 -8649801024832399422446442201585347478027414797767514114675029514805865715727032383992496128
74 72 953395707183307754234431809101818917487375688072377392404196951892763516048002033636680476393472
72 74 953395707183307754234431809101818917487375688072377392404196951892763516048002033636680476393472
73 1 4078106050996012305881575559923664448126976
1 73 4078106050996012305881575559923664448126976
73 25 -103087434254707395221378833096584240709630157763297249960533403899508036860601434112
25 73 -103087434254707395221378833096584240709630157763297249960533403899508036860601434112
73 49 13349824528626439983634008596134398623687056085036792975546734966607827636448674730408411136
49 73 13349824528626439983634008596134398623687056085036792975546734966607827636448674730408411136
73 73 -963574688761498193892212169536672967716497597388661219678852628535495128083379794202499544514560
72 2 37177587183829963044754763734325815383443302307069952
2 72 37177587183829963044754763734325815383443302307069952
72 26 270239048824412882249264354946399977967974937947267533088249416244976415065151373312
26 72 270239048824412882249264354946399977967974937947267533088249416244976415065151373312
72 50 -19740700911510875104895376497715653209364231490616025515636982530860594179595040062389092352
50 72 -19740700911510875104895376497715653209364231490616025515636982530860594179595040062389092352
71 3 13092690188067924739039066979742902294537534067723168907264
3 71 13092690188067924739039066979742902294537534067723168907264
71 27 -665110338478752424781468936719044391849120776227943684851054278370195607482833829888
27 71 -665110338478752424781468936719044391849120776227943684851054278370195607482833829888
71 51 28046112205147730844813332421099530751342542531647273657806813337241022602794302232359600128
51 71 28046112205147730844813332421099530751342542531647273657806813337241022602794302232359600128
70 4 31982149867930752417012461006638151874706464641030279762280448
4 70 31982149867930752417012461006638151874706464641030279762280448
70 28 1544358232893948622566493584543497400774111835267746171709375421307765870961952292864
28 70 1544358232893948622566493584543497400774111835267746171709375421307765870961952292864
70 52 -38363451315931801422333153651535927565020329038002123163574710864321018155960972065818804224
52 70 -38363451315931801422333153651535927565020329038002123163574710864321018155960972065818804224
69 5 2838482133285476411120002392622423849289186286705008416229687296
5 69 2838482133285476411120002392622423849289186286705008416229687296
69 29 -3398231089980561489073130568637484598865028480578457895071317070853500523204717838336
29 69 -3398231089980561489073130568637484598865028480578457895071317070853500523204717838336
69 53 50606155837979206259523233980401910059604811810346616143030188841341177098461583409711939584
53 69 50606155837979206259523233980401910059604811810346616143030188841341177098461583409711939584
68 6 107470424495967769163420031201697177403482398862029066584811634688
6 68 107470424495967769163420031201697177403482398862029066584811634688
68 30 7114329823257816296820110643161379332631438727968471533611961657298562552524863176704
30 68 7114329823257816296820110643161379332631438727968471533611961657298562552524863176704
68 54 -64459128816707573714611032942210320809688990207493834884536243707161710941140872352688504832
54 68 -64459128816707573714611032942210320809688990207493834884536243707161710941140872352688504832
67 7 -14055937280954184349914702209027504000094175145184646262278814957568
7 67 -14055937280954184349914702209027504000094175145184646262278814957568
67 31 -14218243892661208690014437574955905806039187896089160489513143946846405410888301412352
31 67 -14218243892661208690014437574955905806039187896089160489513143946846405410888301412352
67 55 79359790398059707292656301073455333446564580599645957063653075333481879545760622186250371072
55 67 79359790398059707292656301073455333446564580599645957063653075333481879545760622186250371072
66 8 557762787635228193147928028034057464229869031798352620738551973150720
8 66 557762787635228193147928028034057464229869031798352620738551973150720
66 32 27197566076414533288246077959976688297623368962985137829180678749055148638389554642944
32 66 27197566076414533288246077959976688297623368962985137829180678749055148638389554642944
66 56 -94514885681347652299607095850539910716566597742352267068071800530230836164554061058158886912
56 66 -94514885681347652299607095850539910716566597742352267068071800530230836164554061058158886912
65 9 -8938202395877166580459870358237835061991106702479179566575520430686208
9 65 -8938202395877166580459870358237835061991106702479179566575520430686208
65 33 -49888314839160725270312727595406228738744299320976272846990692956267843534416599056384
33 65 -49888314839160725270312727595406228738744299320976272846990692956267843534416599056384
65 57 108957684896473400187350666138006377486611880316061453515171146687724627122573433030349684736
57 65 108957684896473400187350666138006377486611880316061453515171146687724627122573433030349684736
64 10 11694556568134727621969097694256849619253098286649862044541108862582784
10 64 11694556568134727621969097694256849619253098286649862044541108862582784
64 34 87852917203010304459928199155312370015075955945727022545687938363990019782461465034752
34 64 87852917203010304459928199155312370015075955945727022545687938363990019782461465034752
64 58 -121642462883992132822044842714831281461642982412780829999451590746628459146068709494629597184
58 64 -121642462883992132822044842714831281461642982412780829999451590746628459146068709494629597184
63 11 1653447740323960978184286783445725282496634321887533054410482634213818368
11 63 1653447740323960978184286783445725282496634321887533054410482634213818368
63 35 -148610823827181083869910156918069632515875476469501197307044293647896745860595766525952
35 63 -148610823827181083869910156918069632515875476469501197307044293647896745860595766525952
63 59 131564764257363496248952109209596914878770204218782113589294881252987259275551245379827662848
59 63 131564764257363496248952109209596914878770204218782113589294881252987259275551245379827662848
62 12 -27597088985849859139392438420366807184558562472588005855550866288619290624
12 62 -27597088985849859139392438420366807184558562472588005855550866288619290624
62 36 241518545139035615094763662107901263142439792090212549714943405400726738615647577571328
36 62 241518545139035615094763662107901263142439792090212549714943405400726738615647577571328
62 60 -137889035913014976416750736437635595297265140277031102692308539607674944262005068701487857664
60 62 -137889035913014976416750736437635595297265140277031102692308539607674944262005068701487857664
61 13 235983997076913745056256875352416167603824400182195090851014336015499264000
13 61 235983997076913745056256875352416167603824400182195090851014336015499264000
61 37 -377076835808451491716852528214746356172849447994915804547518799598979882960317910614016
37 61 -377076835808451491716852528214746356172849447994915804547518799598979882960317910614016
61 61 140061714238469840739938936045119148978566495518413520422134985779026279688324544101047336960
60 14 -1248849457060685182614143644099036039301269996365095236945032665602835087360
14 60 -1248849457060685182614143644099036039301269996365095236945032665602835087360
60 38 565516673797501401942726372170690239092956386552785745843215615255762352446904484233216
38 60 565516673797501401942726372170690239092956386552785745843215615255762352446904484233216
59 15 3960073203441216227163493847934506487821444512874380155097132505224617918464
15 59 3960073203441216227163493847934506487821444512874380155097132505224617918464
59 39 -814707513417437532620623861361523758599209565925276323462711509725460878446090996678656
39 59 -814707513417437532620623861361523758599209565925276323462711509725460878446090996678656
58 16 -3442304200832795634037105641787848275810564852836478873382884015916305088512
16 58 -3442304200832795634037105641787848275810564852836478873382884015916305088512
58 40 1127710066483534719268687607417144114152050643001939649039724076023978044799454566940672
40 58 1127710066483534719268687607417144114152050643001939649039724076023978044799454566940672
57 17 -40293473070451906916777248593703520472748310900962726012399941711420933013504
17 57 -40293473070451906916777248593703520472748310900962726012399941711420933013504
57 41 -1500561815578987338542385281205632533686354490626635501592369789533201679830064302129152
41 57 -1500561815578987338542385281205632533686354490626635501592369789533201679830064302129152
56 18 283811443450853242221290991626551530697163502319084325834234254019408812834816
18 56 283811443450853242221290991626551530697163502319084325834234254019408812834816
56 42 1920997308996298939744067116149650645890130103669556555396598513317632408046045935697920
42 56 1920997308996298939744067116149650645890130103669556555396598513317632408046045935697920
55 19 -1136501193721848864017970492839142977566639660967491667544979447709016942182400
19 55 -1136501193721848864017970492839142977566639660967491667544979447709016942182400
55 43 -2368659059709193871530670158491714562562710137806266155948666792721407047842328834211840
43 55 -2368659059709193871530670158491714562562710137806266155948666792721407047842328834211840
54 20 3316469222774179402307638334904074250143387239026753475414568896309260086935552
20 54 3316469222774179402307638334904074250143387239026753475414568896309260086935552
54 44 2816950259661317813585815801751218749827938895536862661753158584349670475513115243970560
44 54 2816950259661317813585815801751218749827938895536862661753158584349670475513115243970560
53 21 -7406035583842356399836850613530049465933905964886928670975131171959566659223552
21 53 -7406035583842356399836850613530049465933905964886928670975131171959566659223552
53 45 -3236160795790960595506859232979169758513519125998344855167269928849416107319737328861184
45 53 -3236160795790960595506859232979169758513519125998344855167269928849416107319737328861184
52 22 12211769659219444843076416949653273156395873597104870347447052297368832212729856
22 52 12211769659219444843076416949653273156395873597104870347447052297368832212729856
52 46 3597095688408296360064872126175595945365014452288357539685735279215990844780127750979584
46 52 3597095688408296360064872126175595945365014452288357539685735279215990844780127750979584
51 23 -11437931096062508864963442862959558217959718002371209880442807668846698671636480
23 51 -11437931096062508864963442862959558217959718002371209880442807668846698671636480
51 47 -3874348760549507945054910893140032500436321752101262121460476506121434296057195531337728
47 51 -3874348760549507945054910893140032500436321752101262121460476506121434296057195531337728
50 24 -10549010514738085532659136537843476266191536076244551060122007521398052871995392
24 50 -10549010514738085532659136537843476266191536076244551060122007521398052871995392
50 48 4048634782949780992597084227865225487182312187456444803891852148864907605684872122728448
48 50 4048634782949780992597084227865225487182312187456444803891852148864907605684872122728448
49 1 -226649834440827956728269144524433261995229184
1 49 -226649834440827956728269144524433261995229184
49 25 80721040128600437479852648319700486135846273348615129109407747633589089040596992
25 49 80721040128600437479852648319700486135846273348615129109407747633589089040596992
49 49 -4108063212396465363071668322414194583050068690291073729886986528135309126630588511420416
48 2 183770011329959531786861500248824292266481804879331328
2 48 183770011329959531786861500248824292266481804879331328
48 26 -231871876664445605545518188503328071854136542561682352364894443673083246286995456
26 48 -231871876664445605545518188503328071854136542561682352364894443673083246286995456
47 3 -12976733646899850805337062985504165938986753588423970258944
3 47 -12976733646899850805337062985504165938986753588423970258944
47 27 485058060704638619732039462482504319716740675911800880590897886334595772434087936
27 47 485058060704638619732039462482504319716740675911800880590897886334595772434087936
46 4 25577143731413810383865091842998120895775836733137518338244608
4 46 25577143731413810383865091842998120895775836733137518338244608
46 28 -821430752058094082271039489535582948274770756872294112933101269293217904806854656
28 46 -821430752058094082271039489535582948274770756872294112933101269293217904806854656
45 5 -6994823338936171324344181415876445111467912056994044323834101760
5 45 -6994823338936171324344181415876445111467912056994044323834101760
45 29 1155149232721849760285662197171197188277508071309218933917782080475750185473933312
29 45 1155149232721849760285662197171197188277508071309218933917782080475750185473933312
44 6 495167833735684449965897766928380431593136927102683958206586159104
6 44 495167833735684449965897766928380431593136927102683958206586159104
44 30 -1327768567604695173115341640071549659399612352129173557013584912436537635276587008
30 44 -1327768567604695173115341640071549659399612352129173557013584912436537635276587008
43 7 -13323413925010669894994670131380381129547691925259500854547614531584
7 43 -13323413925010669894994670131380381129547691925259500854547614531584
43 31 1142893703089008530873277168453616941128167435674572125909287364229125907199033344
31 43 1142893703089008530873277168453616941128167435674572125909287364229125907199033344
42 8 181023928147003904635418734103297570182860917436265075689684604026880
8 42 181023928147003904635418734103297570182860917436265075689684604026880
42 32 -442895612477760630241655776382493413077092250169105004247766300128465699441999872
32 42 -442895612477760630241655776382493413077092250169105004247766300128465699441999872
41 9 -1525296089663918563521326953403876838503254818483151653549414562136064
9 41 -1525296089663918563521326953403876838503254818483151653549414562136064
41 33 -797774046769218931161521890742589890377328463817543286307124020027255124056342528
33 41 -797774046769218931161521890742589890377328463817543286307124020027255124056342528
40 10 9231273536872454221420286933129293646584510331898129941003138290941952
10 40 9231273536872454221420286933129293646584510331898129941003138290941952
40 34 2409722820594059365596381956837996823072110949193324575574505043271041228270993408
34 40 2409722820594059365596381956837996823072110949193324575574505043271041228270993408
39 11 -43016783860346690056369469446019048128201422933782848144906394116554752
11 39 -43016783860346690056369469446019048128201422933782848144906394116554752
39 35 -4041378191626787963188717938065268632840735156116165479093215131611131474396315648
35 39 -4041378191626787963188717938065268632840735156116165479093215131611131474396315648
38 12 161113673847177610784503361530600034843679304174047869646548709708660736
12 38 161113673847177610784503361530600034843679304174047869646548709708660736
38 36 5260957927461987833244912629122362346370446279053436507481168565044991000020254720
36 38 5260957927461987833244912629122362346370446279053436507481168565044991000020254720
37 13 -535440309105444514913770572760197183511149221175755318649340797831348224
13 37 -535440309105444514913770572760197183511149221175755318649340797831348224
37 37 -5713250993149310765820944503973612177930050352588212707543922510314886122218455040
36 14 1479303210955807037983084143447137892818847201652970486156508800363790336
14 36 1479303210955807037983084143447137892818847201652970486156508800363790336
35 15 -3370003804589729135627900232884935048337429991948913537459398503888322560
15 35 -3370003804589729135627900232884935048337429991948913537459398503888322560
34 16 8266029157609740897039133631539088110134321672495456336217106878189010944
16 34 8266029157609740897039133631539088110134321672495456336217106878189010944
33 17 -16866275435079442917702825333875442719925424940152577841754935733941960704
17 33 -16866275435079442917702825333875442719925424940152577841754935733941960704
32 18 23481114818397192635834873903568040553204278362353327383443465769851027456
18 32 23481114818397192635834873903568040553204278362353327383443465769851027456
31 19 -46046402450724956245808737380160018092844767570377186586431502112843104256
19 31 -46046402450724956245808737380160018092844767570377186586431502112843104256
30 20 88946573170416953160497902355401183084162796765783650441021849330440470528
20 30 88946573170416953160497902355401183084162796765783650441021849330440470528
29 21 -81561817114321783408129072709797222569457360865494736199211116455616577536
21 29 -81561817114321783408129072709797222569457360865494736199211116455616577536
28 22 94265170318885188061974594778074478287912073768440771941397999240142127104
22 28 94265170318885188061974594778074478287912073768440771941397999240142127104
27 23 -207595510004421603159048426156920062268120244610315945478094263226646659072
23 27 -207595510004421603159048426156920062268120244610315945478094263226646659072
26 24 188611470197821421799053074448727899469996849348422001989889314774809837568
24 26 188611470197821421799053074448727899469996849348422001989889314774809837568
25 1 6980133247140085043300679819338937151371870208
1 25 6980133247140085043300679819338937151371870208
25 25 -98376050916474246832424469801454717768727294202758531183506878782978916352
24 2 95371291628720272687707926940223094355607402875715584
2 24 95371291628720272687707926940223094355607402875715584
23 3 292576242105374734798439211869582493581900926784284655616
3 23 292576242105374734798439211869582493581900926784284655616
22 4 94027868698055529378141503678975967064798842095160812109824
4 22 94027868698055529378141503678975967064798842095160812109824
21 5 8348276893960344385665115453955484332261600757375089317511168
5 21 8348276893960344385665115453955484332261600757375089317511168
20 6 302166120697969061548546412822219455840505552460604187848212480
6 20 302166120697969061548546412822219455840505552460604187848212480
19 7 5459579784477460622902762562490709292550509154950572306188992512
7 19 5459579784477460622902762562490709292550509154950572306188992512
18 8 55525908038830881853675950961628510093421715106026377053544120320
8 18 55525908038830881853675950961628510093421715106026377053544120320
17 9 343183055743004715959079716862048655746314442784577119495923957760
9 17 343183055743004715959079716862048655746314442784577119495923957760
16 10 1356022006111983042640790287458671784513339919508965996532974223360
10 16 1356022006111983042640790287458671784513339919508965996532974223360
15 11 3542848403441834599178508048874548731897209556154491975205218418688
11 15 3542848403441834599178508048874548731897209556154491975205218418688
14 12 6253655693623452263143439643912630423060583572448517578476656525312
12 14 6253655693623452263143439643912630423060583572448517578476656525312
13 13 7548037296362306786452269318092936515741475642448867473574712049664
1 1 -91343852333181432387730302044767688728495783936
