# Weber-f modular polynomial Phi_347^f(X,Y); r=q^(1/48).
348 0 1
0 348 1
347 11 -388629243
11 347 -388629243
347 35 2451429349912
35 347 2451429349912
347 59 -78451691618528
59 347 -78451691618528
347 83 282498478485512
83 347 282498478485512
347 107 -278093132421953
107 347 -278093132421953
347 131 111278689366670
131 347 111278689366670
347 155 -22374085843585
155 347 -22374085843585
347 179 2558448987092
179 347 2558448987092
347 203 -179255838557
203 347 -179255838557
347 227 8030531474
227 347 8030531474
347 251 -234225694
251 347 -234225694
347 275 4421821
275 347 4421821
347 299 -52050
299 347 -52050
347 323 347
323 347 347
347 347 -1
346 22 49206469914344315
22 346 49206469914344315
346 46 1737635385295923837552
46 346 1737635385295923837552
346 70 569206761490346638831204
70 346 569206761490346638831204
346 94 12842365740864606740643116
94 346 12842365740864606740643116
346 118 48375547365444194278018741
118 346 48375547365444194278018741
346 142 46636716313675735083168114
142 346 46636716313675735083168114
346 166 14530814854677649656610527
166 346 14530814854677649656610527
346 190 1663244996726322347797979
190 346 1663244996726322347797979
346 214 74117861649556688355073
214 346 74117861649556688355073
346 238 1283318360623264632070
238 346 1283318360623264632070
346 262 8032048277629843480
262 346 8032048277629843480
346 286 15051944900986350
286 346 15051944900986350
346 310 5292702851937
310 346 5292702851937
346 334 65411235
334 346 65411235
345 9 169984477063407
9 345 169984477063407
345 33 -2284530332958702031094490
33 345 -2284530332958702031094490
345 57 101769710550122018999128304975
57 345 101769710550122018999128304975
345 81 -48732970494348347112385430825497
81 345 -48732970494348347112385430825497
345 105 1263807389051700012021870935055847
105 345 1263807389051700012021870935055847
345 129 -3769147209767687575978096257008001
129 345 -3769147209767687575978096257008001
345 153 1957238429381049261027835606485326
153 345 1957238429381049261027835606485326
345 177 -236619919557812694983230570077345
177 345 -236619919557812694983230570077345
345 201 8756170836586363751022259391338
201 345 8756170836586363751022259391338
345 225 -121180806465582678146046341526
225 345 -121180806465582678146046341526
345 249 607383888722878866631630921
249 345 607383888722878866631630921
345 273 -812925152363993741538871
273 345 -812925152363993741538871
345 297 154356220154005259372
297 345 154356220154005259372
345 321 -1127080921003538
321 345 -1127080921003538
345 345 62113
344 20 215415315585382978862252
20 344 215415315585382978862252
344 44 32681376213991126755746265779939
44 344 32681376213991126755746265779939
344 68 624790944506363439491103494401790867
68 344 624790944506363439491103494401790867
344 92 125168538259564157658812936819144941439
92 344 125168538259564157658812936819144941439
344 116 909834769162670505449648630952236459204
116 344 909834769162670505449648630952236459204
344 140 362794504814044959092400974303794530668
140 344 362794504814044959092400974303794530668
344 164 -3499813907418203431295926560440329726
164 344 -3499813907418203431295926560440329726
344 188 -116310053586225834808052024446488995
188 344 -116310053586225834808052024446488995
344 212 1886878580863596081095219788996517
212 344 1886878580863596081095219788996517
344 236 -21407611200121381591914900054293
236 344 -21407611200121381591914900054293
344 260 183608311226284255474531106723
260 344 183608311226284255474531106723
344 284 184779167526740727578920701
284 344 184779167526740727578920701
344 308 4373976691047949298499
308 344 4373976691047949298499
344 332 92965148313627
332 344 92965148313627
343 7 -40164235568644900
7 343 -40164235568644900
343 31 19013061250797370931295398150851
31 343 19013061250797370931295398150851
343 55 -94784609042159300353804651029767741683
55 343 -94784609042159300353804651029767741683
343 79 279203464341177327991406297566451444763921
79 343 279203464341177327991406297566451444763921
343 103 -6335726513055837028441143196984959735086475
103 343 -6335726513055837028441143196984959735086475
343 127 2157984465897614755721115615532023419204446
127 343 2157984465897614755721115615532023419204446
343 151 -115100634148640332607969959732872902582244
151 343 -115100634148640332607969959732872902582244
343 175 46197862351792549807387632706327447805
175 343 46197862351792549807387632706327447805
343 199 9252414793532174518142262839795687807
199 343 9252414793532174518142262839795687807
343 223 385957691399937583744468253758625644
223 343 385957691399937583744468253758625644
343 247 -2396819900826340581535351861422233
247 343 -2396819900826340581535351861422233
343 271 1409474570159927304254673526384
271 343 1409474570159927304254673526384
343 295 -1704868234712492955352447013
295 343 -1704868234712492955352447013
343 319 1638003143681787639880
319 343 1638003143681787639880
343 343 -1545009519
342 18 4683584475613059061772910142
18 342 4683584475613059061772910142
342 42 178529599920150144539624876716998900568
42 342 178529599920150144539624876716998900568
342 66 28450014511683711022615166511728631610259978
66 342 28450014511683711022615166511728631610259978
342 90 3761452773893572468889913799934278609634686460
90 342 3761452773893572468889913799934278609634686460
342 114 1530367438963294217257873448716642381710167295
114 342 1530367438963294217257873448716642381710167295
342 138 -224223176336109669067039349089821099977367372
138 342 -224223176336109669067039349089821099977367372
342 162 1325270941066168380354498979325920811242735
162 342 1325270941066168380354498979325920811242735
342 186 161695445443341825205515284017931144491584
186 342 161695445443341825205515284017931144491584
342 210 -231802638309107598870635952245844586621
210 342 -231802638309107598870635952245844586621
342 234 17060245475040008300818116228807467831
234 342 17060245475040008300818116228807467831
342 258 -37409120007492330091740417103500913
258 342 -37409120007492330091740417103500913
342 282 30344790777616408003500037901171
282 342 30344790777616408003500037901171
342 306 1163921772868327535824960542
306 342 1163921772868327535824960542
342 330 6665159662289147824
330 342 6665159662289147824
341 5 80328471137289800
5 341 80328471137289800
341 29 -1601234262863621954453128086387064490
29 341 -1601234262863621954453128086387064490
341 53 134315794302464590382215054173633480922736453
53 341 134315794302464590382215054173633480922736453
341 77 -321395976533628234769557024446482370820914245908
77 341 -321395976533628234769557024446482370820914245908
341 101 -113137996194528443660088371904486333220398943998
101 341 -113137996194528443660088371904486333220398943998
341 125 -128623301284085875327265699910208078991047562622
125 341 -128623301284085875327265699910208078991047562622
341 149 6500170996383011298481554261679436517984669897
149 341 6500170996383011298481554261679436517984669897
341 173 48963012913559061977870401403680957660834860
173 341 48963012913559061977870401403680957660834860
341 197 3184897494282263310970186336409409359024372
197 341 3184897494282263310970186336409409359024372
341 221 -28169588582740783926673526324321966180834
221 341 -28169588582740783926673526324321966180834
341 245 189176758720230092223599576902945989130
245 341 189176758720230092223599576902945989130
341 269 -207832565909583995369524517974822704
269 341 -207832565909583995369524517974822704
341 293 -3533060256653526831306675895239
293 341 -3533060256653526831306675895239
341 317 -63138355813617313401933872
317 341 -63138355813617313401933872
341 341 19709981490065
340 16 3081475706993212643372116262144
16 340 3081475706993212643372116262144
340 40 15003516231313742385798307525826072067930153
40 340 15003516231313742385798307525826072067930153
340 64 3679075557516605824490427189412735433965961578640
64 340 3679075557516605824490427189412735433965961578640
340 88 46792186114178611629450114685321675770975062413341
88 340 46792186114178611629450114685321675770975062413341
340 112 -10114174831575129318634484055603864929892532601237
112 340 -10114174831575129318634484055603864929892532601237
340 136 3485562660090634491536405652829223514068838708102
136 340 3485562660090634491536405652829223514068838708102
340 160 -54409476884909525071298478971712691890255519142
160 340 -54409476884909525071298478971712691890255519142
340 184 3592823432255814766818708290907095451401991648
184 340 3592823432255814766818708290907095451401991648
340 208 999615602464791903580212172447114616601305
208 340 999615602464791903580212172447114616601305
340 232 -227452526210249992566463276894225472528324
232 340 -227452526210249992566463276894225472528324
340 256 608893364076742523397157309299660930964
256 340 608893364076742523397157309299660930964
340 280 -57011923389057421681414507160002342
280 340 -57011923389057421681414507160002342
340 304 3196431056810167498804537327072
304 340 3196431056810167498804537327072
340 328 80815922961094703686756
328 340 80815922961094703686756
339 3 -1359875816507256
3 339 -1359875816507256
339 27 6874421456490487620691971109519866983370
27 339 6874421456490487620691971109519866983370
339 51 -3489990102638760142746376471812610419516488009410
51 339 -3489990102638760142746376471812610419516488009410
339 75 283387769670868966558397863710167585772419668847754
75 339 283387769670868966558397863710167585772419668847754
339 99 -2554887536310200469740510032096969690150701190616015
99 339 -2554887536310200469740510032096969690150701190616015
339 123 543149696029220843110530946784344639148576272176672
123 339 543149696029220843110530946784344639148576272176672
339 147 -32657565362721549433974678405330501215190774777574
147 339 -32657565362721549433974678405330501215190774777574
339 171 1699674475593454629392831013885631315841439767827
171 339 1699674475593454629392831013885631315841439767827
339 195 2963887947430533529566868924556172328910927460
195 339 2963887947430533529566868924556172328910927460
339 219 -22501763011826942736290720786337063842912811
219 339 -22501763011826942736290720786337063842912811
339 243 -492348825105059330105000941816816315564924
243 339 -492348825105059330105000941816816315564924
339 267 315303353297456065585879075836792306851
267 339 315303353297456065585879075836792306851
339 291 -47554482151362379705935001226339945
291 339 -47554482151362379705935001226339945
339 315 155240163869311617254004427855
315 339 155240163869311617254004427855
339 339 -137535470874189322
338 14 158258219613448413464008823931312
14 338 158258219613448413464008823931312
338 38 78085940441776930372513625668872363155492990532
38 338 78085940441776930372513625668872363155492990532
338 62 6337268846208113946371830215220039072241491086586244
62 338 6337268846208113946371830215220039072241491086586244
338 86 -47766843196175936846721847491764736733687214210408819
86 338 -47766843196175936846721847491764736733687214210408819
338 110 62042312596776884711161505578551971338248158924797753
110 338 62042312596776884711161505578551971338248158924797753
338 134 -7253818307941535584282427472999392965945282153142228
134 338 -7253818307941535584282427472999392965945282153142228
338 158 295706988369280288410311277303855013238349936192536
158 338 295706988369280288410311277303855013238349936192536
338 182 1749485003623285321325792436736966224669909836160
182 338 1749485003623285321325792436736966224669909836160
338 206 31070220467477575688264791548854696795608109760
206 338 31070220467477575688264791548854696795608109760
338 230 -146639025638433994323190914047143727201449486
230 338 -146639025638433994323190914047143727201449486
338 254 -195788531360779113772609221236353191492045
254 338 -195788531360779113772609221236353191492045
338 278 120278175613432963136239325555445111600
278 338 120278175613432963136239325555445111600
338 302 -2129780625856773043307542914576154
302 338 -2129780625856773043307542914576154
338 326 193531532479388917211970175
326 338 193531532479388917211970175
337 1 12436135776
1 337 12436135776
337 25 -3442130521724564721467229382869833888753248
25 337 -3442130521724564721467229382869833888753248
337 49 5059162976135384171467117348631018422311251642792649
49 337 5059162976135384171467117348631018422311251642792649
337 73 -546376727645387288563213830239938557751568606874337652
73 337 -546376727645387288563213830239938557751568606874337652
337 97 1771604975602222726046203159551255455907651264493942452
97 337 1771604975602222726046203159551255455907651264493942452
337 121 -566646608098480381863075367772589057684545284004229414
121 337 -566646608098480381863075367772589057684545284004229414
337 145 28769939137665365284743723184906993389360817204996271
145 337 28769939137665365284743723184906993389360817204996271
337 169 272362452724359651754182218474792003102934746087789
169 337 272362452724359651754182218474792003102934746087789
337 193 5493425037057588857563905257862534023196362148253
193 337 5493425037057588857563905257862534023196362148253
337 217 94452434430726047977953393812233379949677799948
217 337 94452434430726047977953393812233379949677799948
337 241 -62983184050363292722086923171121147684010726
241 337 -62983184050363292722086923171121147684010726
337 265 172627969600094576984374391325220597483526
265 337 172627969600094576984374391325220597483526
337 289 -10057824497275985889848855490534936733
289 337 -10057824497275985889848855490534936733
337 313 -62015201321052762994954626270059
313 337 -62015201321052762994954626270059
337 337 521404910248196189389
336 12 898688438788389767484262346481853
12 336 898688438788389767484262346481853
336 36 55515689004804336318495457890707027497499409052751
36 336 55515689004804336318495457890707027497499409052751
336 60 -422768291346315020940177285290518804958072658186700528
60 336 -422768291346315020940177285290518804958072658186700528
336 84 19863369954525742228083770587301854654317483530703083050
84 336 19863369954525742228083770587301854654317483530703083050
336 108 -18757269880537081007946659057039598000338272244260748404
108 336 -18757269880537081007946659057039598000338272244260748404
336 132 700610960057915266544981023454500090953390391750711303
132 336 700610960057915266544981023454500090953390391750711303
336 156 98028573393037913939045450682195191847126947318722390
156 336 98028573393037913939045450682195191847126947318722390
336 180 -907503845402672473179727684102988050076207926120368
180 336 -907503845402672473179727684102988050076207926120368
336 204 28192578622431310698799095621047884105958073964292
204 336 28192578622431310698799095621047884105958073964292
336 228 108156747458389206358370029737242682174224498810
228 336 108156747458389206358370029737242682174224498810
336 252 68368694892813432007112397191815601474573895
252 336 68368694892813432007112397191815601474573895
336 276 120337995044708411739388861203815675078266
276 336 120337995044708411739388861203815675078266
336 300 -604281674250986055715423566692630715
300 336 -604281674250986055715423566692630715
336 324 45545136453325437899181643984
324 336 45545136453325437899181643984
335 23 321762856930504967107285147598885382909603660
23 335 321762856930504967107285147598885382909603660
335 47 -785081036927619074803266967304995024240516985465785933
47 335 -785081036927619074803266967304995024240516985465785933
335 71 34119182360922246895376665344794407343790756845089694492
71 335 34119182360922246895376665344794407343790756845089694492
335 95 -207943246132627546148397594810117445129683364299106699118
95 335 -207943246132627546148397594810117445129683364299106699118
335 119 1284342871752216031405119853938441332371023688623089843
119 335 1284342871752216031405119853938441332371023688623089843
335 143 7164702878501279468240173796445790040678249972629783326
143 335 7164702878501279468240173796445790040678249972629783326
335 167 11498582383331612784959248131927369156754532592886102
167 335 11498582383331612784959248131927369156754532592886102
335 191 104888520579951608919627740505124818983630825379302
191 335 104888520579951608919627740505124818983630825379302
335 215 31225506475152903930568923220335893312948247509045
215 335 31225506475152903930568923220335893312948247509045
335 239 50083180780983974470493018011044609382935222632
239 335 50083180780983974470493018011044609382935222632
335 263 145530292654024182569706800821710831189347936
263 335 145530292654024182569706800821710831189347936
335 287 7432352719444379712665684351998060340762
287 335 7432352719444379712665684351998060340762
335 311 8499191689307124136594618567134785
311 335 8499191689307124136594618567134785
335 335 -1019490589777634951872216
334 10 633032878453793653856035295725248
10 334 633032878453793653856035295725248
334 34 8995192358582167357267281202011517853273391126323561
34 334 8995192358582167357267281202011517853273391126323561
334 58 91529241701226645570481046944720705270531471699145613770
58 334 91529241701226645570481046944720705270531471699145613770
334 82 -78554168239296357808243104259700390375798966410027162628
82 334 -78554168239296357808243104259700390375798966410027162628
334 106 -733536884901350939423240928491146776679414993285551892542
106 334 -733536884901350939423240928491146776679414993285551892542
334 130 294827540499630426655122245498007414022210844524157796702
130 334 294827540499630426655122245498007414022210844524157796702
334 154 8190206390428426538097755522115146359039070555508228339
154 334 8190206390428426538097755522115146359039070555508228339
334 178 -76045139832190883922077384221186931213488742127977321
178 334 -76045139832190883922077384221186931213488742127977321
334 202 -443026325598709935012663330501925277420296803218578
202 334 -443026325598709935012663330501925277420296803218578
334 226 10786153807998310199434110909115919599044971464850
226 334 10786153807998310199434110909115919599044971464850
334 250 74905507923967497381812391854133150872034856581
250 334 74905507923967497381812391854133150872034856581
334 274 45085937967682788259026835117870086178164586
274 334 45085937967682788259026835117870086178164586
334 298 256376519624219618224440813068296298518
298 334 256376519624219618224440813068296298518
334 322 -18829540206863141316301625621722
322 334 -18829540206863141316301625621722
333 21 -7372986997551024886340970787720581704474504140
21 333 -7372986997551024886340970787720581704474504140
333 45 19040718089077866687007795395049568562679404293874125717
45 333 19040718089077866687007795395049568562679404293874125717
333 69 -1885872647056645929866818695017448942227720723800625049988
69 333 -1885872647056645929866818695017448942227720723800625049988
333 93 -2504258431244831827409386598340688720680971612666318104922
93 333 -2504258431244831827409386598340688720680971612666318104922
333 117 3621253343642146736223606914918912702025484888198889689785
117 333 3621253343642146736223606914918912702025484888198889689785
333 141 718574842089727832343195042110106018126150711781629711273
141 333 718574842089727832343195042110106018126150711781629711273
333 165 -185242112436735080721196121727632275977837444424889780
165 333 -185242112436735080721196121727632275977837444424889780
333 189 -377132367906615681977398703558236275546881352267592479
189 333 -377132367906615681977398703558236275546881352267592479
333 213 -1914239231574958808636025242439764851511658309953914
213 333 -1914239231574958808636025242439764851511658309953914
333 237 20561411026046877160087400272132214849019092852447
237 333 20561411026046877160087400272132214849019092852447
333 261 37730818758705548553095480769974899879205859853
261 333 37730818758705548553095480769974899879205859853
333 285 1915782412704944941597017744837622941611680
285 333 1915782412704944941597017744837622941611680
333 309 -1563506873432292663735887987530894620
309 333 -1563506873432292663735887987530894620
333 333 953073759801282091139330424
332 8 49303611311891402293953860194304
8 332 49303611311891402293953860194304
332 32 469014202271757519391417604682193169626727231192237812
32 332 469014202271757519391417604682193169626727231192237812
332 56 -4630387231127864300101935174264099273771712081013508973869
56 332 -4630387231127864300101935174264099273771712081013508973869
332 80 90619137358883205581363948547059587842716448844589667485203
80 332 90619137358883205581363948547059587842716448844589667485203
332 104 105410631115531832056838013368626751611628252672714710231684
104 332 105410631115531832056838013368626751611628252672714710231684
332 128 19097896750712583716157301791810743173052195486465886586032
128 332 19097896750712583716157301791810743173052195486465886586032
332 152 662873705654573279362358766397029397546631578456652113820
152 332 662873705654573279362358766397029397546631578456652113820
332 176 -29249472999502137919100757277228307236625986273134389625
176 332 -29249472999502137919100757277228307236625986273134389625
332 200 -533960124038232148543139527321217283530359217300012962
200 332 -533960124038232148543139527321217283530359217300012962
332 224 2236617903269758163153558581257656061969644412439345
224 332 2236617903269758163153558581257656061969644412439345
332 248 13473746012303049347454389030571743315724007610296
248 332 13473746012303049347454389030571743315724007610296
332 272 5811792014237718918122155008361104206491131068
272 332 5811792014237718918122155008361104206491131068
332 296 11285110910620046287988416985261265322832
296 332 11285110910620046287988416985261265322832
332 320 2812930730451306031070290189282496
320 332 2812930730451306031070290189282496
331 19 48227354737079695756473830284551544843119849488
19 331 48227354737079695756473830284551544843119849488
331 43 -150233354403238458181856686541305215644658570031282298774
43 331 -150233354403238458181856686541305215644658570031282298774
331 67 145964906908593947914253074362248809425057282222528418865442
67 331 145964906908593947914253074362248809425057282222528418865442
331 91 1090372437030529417412684607119838741552437542212951967993536
91 331 1090372437030529417412684607119838741552437542212951967993536
331 115 644066679666111468699200448251526916040511579957806967724345
115 331 644066679666111468699200448251526916040511579957806967724345
331 139 30182405016358113848103387005551400244722985390570856308655
139 331 30182405016358113848103387005551400244722985390570856308655
331 163 -480234583377900907908756009258082366334371985669592181751
163 331 -480234583377900907908756009258082366334371985669592181751
331 187 -41474636356703502868371833146461734303196229615611462882
187 331 -41474636356703502868371833146461734303196229615611462882
331 211 49658677868415432108187512176024304686094157511908668
211 331 49658677868415432108187512176024304686094157511908668
331 235 2301114464751693092625417754486676255822895581399325
235 331 2301114464751693092625417754486676255822895581399325
331 259 3362855836914799408183896762099613649078676274141
259 331 3362855836914799408183896762099613649078676274141
331 283 52273468940506147357637616545735552494528691
283 331 52273468940506147357637616545735552494528691
331 307 210887840900720161129359415812354220288
307 331 210887840900720161129359415812354220288
331 331 -413961053270233020112842313432
330 6 299749406439235779953466249088
6 330 299749406439235779953466249088
330 30 9892628122080735685838342445978821551956516546235397674
30 330 9892628122080735685838342445978821551956516546235397674
330 54 51774824669780146765337824755666643411356901219797023924628
54 330 51774824669780146765337824755666643411356901219797023924628
330 78 2194743427656767023975114452568675864367963890277838063260678
78 330 2194743427656767023975114452568675864367963890277838063260678
330 102 5592645795817868924967161479961333779517435973521866949072434
102 330 5592645795817868924967161479961333779517435973521866949072434
330 126 1515737828595019896037153421089660455463528714330034958813981
126 330 1515737828595019896037153421089660455463528714330034958813981
330 150 20681626567394048399935656138947142087924152529875597606624
150 330 20681626567394048399935656138947142087924152529875597606624
330 174 -996583647060682898069107566186118167700270299614237897025
174 330 -996583647060682898069107566186118167700270299614237897025
330 198 -1297136611316372898168885302734069431572020442469070733
198 330 -1297136611316372898168885302734069431572020442469070733
330 222 174742115979249172091505972017480660050760862828452745
222 330 174742115979249172091505972017480660050760862828452745
330 246 773100374780586379040317191112013860967029841355694
246 330 773100374780586379040317191112013860967029841355694
330 270 288173297859298380324198708263195332881228585564
270 330 288173297859298380324198708263195332881228585564
330 294 357794625901459168797201935751543737111342
294 330 357794625901459168797201935751543737111342
330 318 -59667883121941414986480178072969879
318 330 -59667883121941414986480178072969879
329 17 -96454709474159391512947660569103089686239698976
17 329 -96454709474159391512947660569103089686239698976
329 41 2239589499377159451582832856406972746814546639264665582244
41 329 2239589499377159451582832856406972746814546639264665582244
329 65 -11437086120453911009613841253360715110673786854378628377142396
65 329 -11437086120453911009613841253360715110673786854378628377142396
329 89 21122702015864433683315550019994098417839466309388025560412618
89 329 21122702015864433683315550019994098417839466309388025560412618
329 113 12017779326482584890246386940063244868775136977730158401462632
113 329 12017779326482584890246386940063244868775136977730158401462632
329 137 2017558298043681993202803252405519712549857152326958835487379
137 329 2017558298043681993202803252405519712549857152326958835487379
329 161 14015197906739210291183461605246735855398720961738221209228
161 329 14015197906739210291183461605246735855398720961738221209228
329 185 339919278651580533505276895015573535731124339457088796517
185 329 339919278651580533505276895015573535731124339457088796517
329 209 6012918515924925017317030210409780248056145661779350642
209 329 6012918515924925017317030210409780248056145661779350642
329 233 72395302515092131165540485351423015027490897170435367
233 329 72395302515092131165540485351423015027490897170435367
329 257 118124653420595741346402279881256314037563768575219
257 329 118124653420595741346402279881256314037563768575219
329 281 -6563316220692898404176589449429267572209118204
281 329 -6563316220692898404176589449429267572209118204
329 305 25336800133814085960955527604855458251879
305 329 25336800133814085960955527604855458251879
329 329 94883060190131318946780972167486
328 4 55146320789858042588736512
4 328 55146320789858042588736512
328 28 97702332284953276931534632381360204431836811110250854016
28 328 97702332284953276931534632381360204431836811110250854016
328 52 603341480070798587556539795216854908510245554570559468846529
52 328 603341480070798587556539795216854908510245554570559468846529
328 76 -192647947678199558861592386677140751382400026046627356493389162
76 328 -192647947678199558861592386677140751382400026046627356493389162
328 100 66434285493802962271556001817285456322942755206291471604369681
100 328 66434285493802962271556001817285456322942755206291471604369681
328 124 3835776928425382077035433064777655706114999576549796051956158
124 328 3835776928425382077035433064777655706114999576549796051956158
328 148 1268679742636493375577232980400451577246062362330447193464930
148 328 1268679742636493375577232980400451577246062362330447193464930
328 172 25633719595338460355090212764005309130996025644599244296071
172 328 25633719595338460355090212764005309130996025644599244296071
328 196 74799321154244366296659147705494693434284757009261495790
196 328 74799321154244366296659147705494693434284757009261495790
328 220 1793191118565441162569278565723415000261402011622975466
220 328 1793191118565441162569278565723415000261402011622975466
328 244 14232539676270327675010506924946462211149560439030521
244 328 14232539676270327675010506924946462211149560439030521
328 268 6919962662333607601039978306753350051294951235570
268 328 6919962662333607601039978306753350051294951235570
328 292 259134929378292462044683922463669594313175317
292 328 259134929378292462044683922463669594313175317
328 316 -13025387488235705964871616829635612955
316 328 -13025387488235705964871616829635612955
327 15 58983895980408199090727766301764653635796033120
15 327 58983895980408199090727766301764653635796033120
327 39 51673554081592763741654068259663023501521601126038152758812
39 327 51673554081592763741654068259663023501521601126038152758812
327 63 304982583194074551423285259023762054765383718585893077153215940
63 327 304982583194074551423285259023762054765383718585893077153215940
327 87 -1038390138795111755026070594819538836249300331449915248179843248
87 327 -1038390138795111755026070594819538836249300331449915248179843248
327 111 34019782504981027597600568306147997303096742318799131334467106
111 327 34019782504981027597600568306147997303096742318799131334467106
327 135 -30908690192986647540719329192270707561229943014836662448639805
135 327 -30908690192986647540719329192270707561229943014836662448639805
327 159 -30174822755053063275264763490603877636786872482183841762304
159 327 -30174822755053063275264763490603877636786872482183841762304
327 183 -8133865003453497260619100502999176172346873555772511576506
183 327 -8133865003453497260619100502999176172346873555772511576506
327 207 -105869333632903624831908751156848574208428780503581067563
207 327 -105869333632903624831908751156848574208428780503581067563
327 231 -1677043229196364294056233076799552628733507814636095
231 327 -1677043229196364294056233076799552628733507814636095
327 255 2116469570604333775476553647086054674001373889994120
255 327 2116469570604333775476553647086054674001373889994120
327 279 -524200407446180197016499759259789838025479933832
279 327 -524200407446180197016499759259789838025479933832
327 303 305409444384383642055269385803352618699621
303 327 305409444384383642055269385803352618699621
327 327 -12966785990837132138196152086399667
326 2 50387425192288578560
2 326 50387425192288578560
326 26 493683297934381520874095131298289673372274972372380636560
26 326 493683297934381520874095131298289673372274972372380636560
326 50 -710361824619828118165575447869731490324314041856390227572668
50 326 -710361824619828118165575447869731490324314041856390227572668
326 74 4481557784871189363930000203461061193645397639591760082817862580
74 326 4481557784871189363930000203461061193645397639591760082817862580
326 98 -3336623190323159142090754457225930808121151111767420597890268171
98 326 -3336623190323159142090754457225930808121151111767420597890268171
326 122 -40262640287589707520919190971047928665900896895186140986715166
122 326 -40262640287589707520919190971047928665900896895186140986715166
326 146 -50871538141193423355668009482767421369098725179960058420256864
146 326 -50871538141193423355668009482767421369098725179960058420256864
326 170 -968761982708222738612462578770496366049177231902811798595872
170 326 -968761982708222738612462578770496366049177231902811798595872
326 194 -7040782148984925813737255132248323224762769918575114080690
194 326 -7040782148984925813737255132248323224762769918575114080690
326 218 -84523167849692878530362320826338294343071206249244162709
218 326 -84523167849692878530362320826338294343071206249244162709
326 242 66465393446388962120188521615625158754627972531239047
242 326 66465393446388962120188521615625158754627972531239047
326 266 94804789775223548542470036626487038567127269397702
266 326 94804789775223548542470036626487038567127269397702
326 290 29984639134667526989476268373521719883033394391
290 326 29984639134667526989476268373521719883033394391
326 314 1334383426955400363404632984107473705505
314 326 1334383426955400363404632984107473705505
325 13 -10296411421776158947433124723164332253107317120
13 325 -10296411421776158947433124723164332253107317120
325 37 836361303268085203653955286917155664942444779852397309057248
37 325 836361303268085203653955286917155664942444779852397309057248
325 61 -3360155927689091188134138764297021430740439598951140980125155080
61 325 -3360155927689091188134138764297021430740439598951140980125155080
325 85 25013415148028193552165639455389031595411978658517481298828189326
85 325 25013415148028193552165639455389031595411978658517481298828189326
325 109 -7257047823148721051612875729211927954273039017888986689992620564
109 325 -7257047823148721051612875729211927954273039017888986689992620564
325 133 176983833620219266308783371123571232333401615215614367315439566
133 325 176983833620219266308783371123571232333401615215614367315439566
325 157 -25919470469296844203028783425430726785698053288645043219439056
157 325 -25919470469296844203028783425430726785698053288645043219439056
325 181 -117863229034001341300952625028686310346958348223364398755841
181 325 -117863229034001341300952625028686310346958348223364398755841
325 205 -3204445605135039154742691607166607276028805766250715872989
205 325 -3204445605135039154742691607166607276028805766250715872989
325 229 -14598831767081290781438799951855462012595624020448782033
229 325 -14598831767081290781438799951855462012595624020448782033
325 253 26828430266818838152671412027629455876337322386039078
253 325 26828430266818838152671412027629455876337322386039078
325 277 -21754266836048240121768104622008845975837184253134
277 325 -21754266836048240121768104622008845975837184253134
325 301 -116742235288343350679716014168241543043911424
301 325 -116742235288343350679716014168241543043911424
325 325 1018651866216906391301199438417200094
324 24 1338103270581760195674067407996548329737370967439054901494
24 324 1338103270581760195674067407996548329737370967439054901494
324 48 154635778720629199831745639900454251043999729117946726276459383
48 324 154635778720629199831745639900454251043999729117946726276459383
324 72 -31223813011161149312399042911336501873782994906768995425473483887
72 324 -31223813011161149312399042911336501873782994906768995425473483887
324 96 83411397371770793060197914350529257487484888799168597700215448866
96 324 83411397371770793060197914350529257487484888799168597700215448866
324 120 -9708076130091273768313519460542842380600318522776175700056159270
120 324 -9708076130091273768313519460542842380600318522776175700056159270
324 144 629446478118696113297065754657178984173706014864558189748989991
144 324 629446478118696113297065754657178984173706014864558189748989991
324 168 12474503759297022280401220523153632763983076578108428334118406
168 324 12474503759297022280401220523153632763983076578108428334118406
324 192 86105081883653859363829357220546878896465946255047059932382
192 324 86105081883653859363829357220546878896465946255047059932382
324 216 -354515453926803221663778159481594214018013183043126740392
216 324 -354515453926803221663778159481594214018013183043126740392
324 240 163963163478539676695547206826078523943964839314192910
240 324 163963163478539676695547206826078523943964839314192910
324 264 -443775695242772282320938321856126268455957654042197
264 324 -443775695242772282320938321856126268455957654042197
324 288 1558178432591993918436027997823884930202586632941
288 324 1558178432591993918436027997823884930202586632941
324 312 -636769508596662373923103336722443777494
312 324 -636769508596662373923103336722443777494
323 11 440592706780744284347805361007338737760415744
11 323 440592706780744284347805361007338737760415744
323 35 5975122186210175424987947214539430392074321984878659063388642
35 323 5975122186210175424987947214539430392074321984878659063388642
323 59 33408957506596063587996395866815812322401875993488646992619977728
59 323 33408957506596063587996395866815812322401875993488646992619977728
323 83 -221593107788028447134120874323586742579763737547734278347124304771
83 323 -221593107788028447134120874323586742579763737547734278347124304771
323 107 206051769000328549451162241796689312944711041968242788183150368372
107 323 206051769000328549451162241796689312944711041968242788183150368372
323 131 -7211131929167801050294957101080977202357978994950224281785440358
131 323 -7211131929167801050294957101080977202357978994950224281785440358
323 155 542751779641218290341442092721067949748840887441696026252575114
155 323 542751779641218290341442092721067949748840887441696026252575114
323 179 8232150888955060239335716809412334105016675007247956950445754
179 323 8232150888955060239335716809412334105016675007247956950445754
323 203 68436628042117335755778574252092514251180208604137993582536
203 323 68436628042117335755778574252092514251180208604137993582536
323 227 -35523590273160743873539580765749838730666779856979340588
227 323 -35523590273160743873539580765749838730666779856979340588
323 251 313433270408455119791657561749762184657148057328667797
251 323 313433270408455119791657561749762184657148057328667797
323 275 -692958272362527453018712606298139456500669024241380
275 323 -692958272362527453018712606298139456500669024241380
323 299 -8759283179714967466410750423507452149935127301
299 323 -8759283179714967466410750423507452149935127301
323 323 -36419367913406637340819499904093825208
322 22 1974733191737526083496380525193158693489099889489522546240
22 322 1974733191737526083496380525193158693489099889489522546240
322 46 903182358852735578063733245164681396249816685979094673700801813
46 322 903182358852735578063733245164681396249816685979094673700801813
322 70 137878425413299027929334283699075266310876545930973030758901291190
70 322 137878425413299027929334283699075266310876545930973030758901291190
322 94 -1164139887953973055718148639225245589985525967542061468182546096579
94 322 -1164139887953973055718148639225245589985525967542061468182546096579
322 118 319437536496631218698050993528526885828471007248409053168415252058
118 322 319437536496631218698050993528526885828471007248409053168415252058
322 142 -6860616247302888691383789044993318867590544652645897512287923514
142 322 -6860616247302888691383789044993318867590544652645897512287923514
322 166 18881734501065865062015050886241449944733414442293856573089907
166 322 18881734501065865062015050886241449944733414442293856573089907
322 190 2928206096387008715601069341766375205387193826623266963387332
190 322 2928206096387008715601069341766375205387193826623266963387332
322 214 6938461742265160488366996718239974460028302348050204918605
214 322 6938461742265160488366996718239974460028302348050204918605
322 238 21548648249135637174443749983818525978734746304021351207
238 322 21548648249135637174443749983818525978734746304021351207
322 262 -49003865554048462208958076185288931033410530073259941
262 322 -49003865554048462208958076185288931033410530073259941
322 286 49160215900736901092677381080019509347783880062264
286 322 49160215900736901092677381080019509347783880062264
322 310 -1638215218618166282434551908186593864550285
310 322 -1638215218618166282434551908186593864550285
321 9 -3519703785723129661794289208074171895485440
9 321 -3519703785723129661794289208074171895485440
321 33 20896700037245444183634337918981491368886542670547636045645062
33 321 20896700037245444183634337918981491368886542670547636045645062
321 57 -181354281003452742348023658891999310565777803299249328525695121098
57 321 -181354281003452742348023658891999310565777803299249328525695121098
321 81 1020331096100030529013712815903422407066613293970529140380564770307
81 321 1020331096100030529013712815903422407066613293970529140380564770307
321 105 -3383239126109727978005601393722043712737553998947664741327271940701
105 321 -3383239126109727978005601393722043712737553998947664741327271940701
321 129 264690800659237150637099505682432960303465068457834249162600329615
129 321 264690800659237150637099505682432960303465068457834249162600329615
321 153 -5992933536802061125046004526145160909988949572643094095787978451
153 321 -5992933536802061125046004526145160909988949572643094095787978451
321 177 -31226573600002552375349954396040008428999134929638216140030842
177 321 -31226573600002552375349954396040008428999134929638216140030842
321 201 -120657365573455726566194946784153425120172706496911411995453
201 321 -120657365573455726566194946784153425120172706496911411995453
321 225 715138802391053822931826438000453122926589455408046265489
225 321 715138802391053822931826438000453122926589455408046265489
321 249 6010923939987353601496247199493835692814471040063349589
249 321 6010923939987353601496247199493835692814471040063349589
321 273 -15012615217593089076108331891794914293878606052379081
273 321 -15012615217593089076108331891794914293878606052379081
321 297 -223408594932119158187994971467725154658390062328
297 321 -223408594932119158187994971467725154658390062328
321 321 -743417487983289732343428460564008138186
320 20 1563237316559252430904554118101763270909388977764013664256
20 320 1563237316559252430904554118101763270909388977764013664256
320 44 9000137387343741896642280320415318057475667829042606294645173284
44 320 9000137387343741896642280320415318057475667829042606294645173284
320 68 -758432987764865688601395687732512843063848782236286184701605567748
68 320 -758432987764865688601395687732512843063848782236286184701605567748
320 92 9728456783079630922832554045045792224542321666039872932914043979297
92 320 9728456783079630922832554045045792224542321666039872932914043979297
320 116 -5369248071769872069152162567619805088054078592712363132400492438850
116 320 -5369248071769872069152162567619805088054078592712363132400492438850
320 140 120145001985142581753344745086074314270356639084738516158230725886
140 320 120145001985142581753344745086074314270356639084738516158230725886
320 164 -1185325241145131436954431198047628141903109447608823580779661134
164 320 -1185325241145131436954431198047628141903109447608823580779661134
320 188 -32118491797810356969336663726246909339817064029073774678654161
188 320 -32118491797810356969336663726246909339817064029073774678654161
320 212 -100001461483590759567725971070244435359335745406487795890256
212 320 -100001461483590759567725971070244435359335745406487795890256
320 236 535634520904929016444276477918272367090941466280358546969
236 320 535634520904929016444276477918272367090941466280358546969
320 260 -842148244392469301223890244590013563926369298842181875
260 320 -842148244392469301223890244590013563926369298842181875
320 284 1085103462247732938307321490207973475994535672798216
284 320 1085103462247732938307321490207973475994535672798216
320 308 149689399004383422412919350468969460495313411
308 320 149689399004383422412919350468969460495313411
319 7 3279327770344697762720006320920708075520
7 319 3279327770344697762720006320920708075520
319 31 23228302048646587852747626717623724087712025947178774068951768
31 319 23228302048646587852747626717623724087712025947178774068951768
319 55 1030502417402260340284484645180578990849378291231964025286530381359
55 319 1030502417402260340284484645180578990849378291231964025286530381359
319 79 -8679370731759768972964344369832645404817238662964251892476080498292
79 319 -8679370731759768972964344369832645404817238662964251892476080498292
319 103 33210631064230206703446550847082174779848801964505918873947083641536
103 319 33210631064230206703446550847082174779848801964505918873947083641536
319 127 -4700747307395477426975593129859305755930691964472816469321722727949
127 319 -4700747307395477426975593129859305755930691964472816469321722727949
319 151 43339452186252185207999239962594506622287176432094024689709646992
151 319 43339452186252185207999239962594506622287176432094024689709646992
319 175 -418041229069979831088932301509421359766558057351749124346054824
175 319 -418041229069979831088932301509421359766558057351749124346054824
319 199 -3897645645499941175858345361326077587163270116639612242207408
199 319 -3897645645499941175858345361326077587163270116639612242207408
319 223 -11214065449803110814502981056144182908481642363094302884380
223 319 -11214065449803110814502981056144182908481642363094302884380
319 247 97293902947504690886830750206689098642658543735525398925
247 319 97293902947504690886830750206689098642658543735525398925
319 271 -208335031822101337986551132487768642214781340965915469
271 319 -208335031822101337986551132487768642214781340965915469
319 295 909925502394762391286056099625659276870782306937
295 319 909925502394762391286056099625659276870782306937
319 319 101239442256121623696606933970807814948472
318 18 633128199813167083893653916542644579325217058959065451136
18 318 633128199813167083893653916542644579325217058959065451136
318 42 53064194798813807281648477591792418281643931248648496942955246754
42 318 53064194798813807281648477591792418281643931248648496942955246754
318 66 4270576258721150681386011470588446431354637395392577744449757398404
66 318 4270576258721150681386011470588446431354637395392577744449757398404
318 90 -52445696481043240310055582177566163404223125640958565692260511833548
90 318 -52445696481043240310055582177566163404223125640958565692260511833548
318 114 58894886958774141850825329426405095494790559293020081626638306825826
114 318 58894886958774141850825329426405095494790559293020081626638306825826
318 138 -1868370285416843937780141988610216083402384443445915789838072512151
138 318 -1868370285416843937780141988610216083402384443445915789838072512151
318 162 -3887242154750798543065800454472842527913371676455982253724441924
162 318 -3887242154750798543065800454472842527913371676455982253724441924
318 186 205458036708883728592649848486817592140465356801364176297805535
186 318 205458036708883728592649848486817592140465356801364176297805535
318 210 -975056440485498304166272122423098628692669807748645095094865
210 318 -975056440485498304166272122423098628692669807748645095094865
318 234 2631425117767496466428317781863073531618921478719308150530
234 318 2631425117767496466428317781863073531618921478719308150530
318 258 -10187357585144482209434406220923047429346206282783117991
258 318 -10187357585144482209434406220923047429346206282783117991
318 282 17217099840379580679386990482941722272819870275057566
282 318 17217099840379580679386990482941722272819870275057566
318 306 6535309552589210314799242703555545106562122055
306 318 6535309552589210314799242703555545106562122055
317 5 -155754997766532062669171901651771392
5 317 -155754997766532062669171901651771392
317 29 -46456604097293175705495253435247448175424051894357548137903536
29 317 -46456604097293175705495253435247448175424051894357548137903536
317 53 -4654218513611279329457427198191780854615112851285856170416272538642
53 317 -4654218513611279329457427198191780854615112851285856170416272538642
317 77 106113610950996002142119898513541879283785570680479040428330966770644
77 317 106113610950996002142119898513541879283785570680479040428330966770644
317 101 -171271754339686923351279422220657466174541347565579445596856723689770
101 317 -171271754339686923351279422220657466174541347565579445596856723689770
317 125 55741132561131535428066616826063996534233851424376308653514462177679
125 317 55741132561131535428066616826063996534233851424376308653514462177679
317 149 -487584963049365915310653868130676349331053805607810380394867422038
149 317 -487584963049365915310653868130676349331053805607810380394867422038
317 173 1537896142346896087098179974747763242535865673447549726488928680
173 317 1537896142346896087098179974747763242535865673447549726488928680
317 197 28155051584872115558079426160995640562840083746405523072719216
197 317 28155051584872115558079426160995640562840083746405523072719216
317 221 -207800703528795878931348200002145850216326802705999867388887
221 317 -207800703528795878931348200002145850216326802705999867388887
317 245 411759396462096790278710265913800831833859435612044270366
245 317 411759396462096790278710265913800831833859435612044270366
317 269 -1968180913744804777468028424651734054094264418651828719
269 317 -1968180913744804777468028424651734054094264418651828719
317 293 194683052210837946873492593857183346948830830197407
293 317 194683052210837946873492593857183346948830830197407
317 317 -1218306688046940066891953517566522037063508
316 16 120067635781569924964202906798641451424442171185212879872
16 316 120067635781569924964202906798641451424442171185212879872
316 40 268708467551027770424355632422060477487506573918842135700266886784
40 316 268708467551027770424355632422060477487506573918842135700266886784
316 64 -22942142258120998726232749517000434094823953731733604027777001681332
64 316 -22942142258120998726232749517000434094823953731733604027777001681332
316 88 190163046754390141859152485221924698093899152082609720038785745108654
88 316 190163046754390141859152485221924698093899152082609720038785745108654
316 112 -435292788105043793831700356242404901989279318076444312377479382972971
112 316 -435292788105043793831700356242404901989279318076444312377479382972971
316 136 22669306657300286458708767391356899386485201853367020744192584240566
136 316 22669306657300286458708767391356899386485201853367020744192584240566
316 160 84488418547218712988424738806111246076527919128893237213683289742
160 316 84488418547218712988424738806111246076527919128893237213683289742
316 184 -2245048244224645255440632954091613345181418894730052173593484271
184 316 -2245048244224645255440632954091613345181418894730052173593484271
316 208 6407809798030355138464397445923062197333427392777893607997907
208 316 6407809798030355138464397445923062197333427392777893607997907
316 232 2586116056681387236891321508991475692843365658483976546100
232 316 2586116056681387236891321508991475692843365658483976546100
316 256 -150536924602149211962349018260212504242055079356152718547
256 316 -150536924602149211962349018260212504242055079356152718547
316 280 196660492085709128090743877726301447129323168226441676
280 316 196660492085709128090743877726301447129323168226441676
316 304 -41836056787924315492917432256592146464186588571
304 316 -41836056787924315492917432256592146464186588571
315 3 74859489950390748154904248320
3 315 74859489950390748154904248320
315 27 -167173600297963553469074703351851930951092341364381088365160496
27 315 -167173600297963553469074703351851930951092341364381088365160496
315 51 10449466744983177342017101718306241784529153631448784082753977034418
51 315 10449466744983177342017101718306241784529153631448784082753977034418
315 75 -833886034090347762213660169713456864431491299677814713928105406309864
75 315 -833886034090347762213660169713456864431491299677814713928105406309864
315 99 200324727296900816897933457268141297974399406472158141930068350073276
99 315 200324727296900816897933457268141297974399406472158141930068350073276
315 123 -488601037436292049104551085804891668756782336407317023500423595968428
123 315 -488601037436292049104551085804891668756782336407317023500423595968428
315 147 9175397368860501907469444251239729978761081186143973490835629157844
147 315 9175397368860501907469444251239729978761081186143973490835629157844
315 171 -20062000245679992151262479721102416884661631735580741651822576470
171 315 -20062000245679992151262479721102416884661631735580741651822576470
315 195 -188537633723805459146410358897606930148106629201266408322858159
195 315 -188537633723805459146410358897606930148106629201266408322858159
315 219 2914254353971327352336099793080718178540350644767772424600962
219 315 2914254353971327352336099793080718178540350644767772424600962
315 243 91780712452423008816783395358215914175528870723545716142
243 315 91780712452423008816783395358215914175528870723545716142
315 267 -13733699382905753368586733111496538984830928137897664542
267 315 -13733699382905753368586733111496538984830928137897664542
315 291 5436002070737648050279079910419465542316710900175486
291 315 5436002070737648050279079910419465542316710900175486
315 315 -128566688107629086663980328034019125996321238
314 14 9211076975188139373841695950859794281751952513355326464
14 314 9211076975188139373841695950859794281751952513355326464
314 38 756084192636351077241493468761777731951565517977200836400876064848
38 314 756084192636351077241493468761777731951565517977200836400876064848
314 62 40894661408968605564676202581329502295210094268407301502818500686608
62 314 40894661408968605564676202581329502295210094268407301502818500686608
314 86 -487503124421975416305626681899528323535228436185355676542812783769156
86 314 -487503124421975416305626681899528323535228436185355676542812783769156
314 110 2116831414586296112553590866129650256708823539607008331453425783488226
110 314 2116831414586296112553590866129650256708823539607008331453425783488226
314 134 -216376778009380329667262205972619290747038380418889073883606810929678
134 314 -216376778009380329667262205972619290747038380418889073883606810929678
314 158 1785082440700542633946538325164228701022082622633507284272422409406
158 314 1785082440700542633946538325164228701022082622633507284272422409406
314 182 7286689432752731101273956248966352693584576911384220345769084462
182 314 7286689432752731101273956248966352693584576911384220345769084462
314 206 -17642835051909017562501900390126596480260954275479103350571814
206 314 -17642835051909017562501900390126596480260954275479103350571814
314 230 724516437689120149253133857415589840519474337874860716753999
230 314 724516437689120149253133857415589840519474337874860716753999
314 254 -1440348352398652493378444346229424003190884407612299234647
254 314 -1440348352398652493378444346229424003190884407612299234647
314 278 1734145558481977303777193286171407693528097763581553955
278 314 1734145558481977303777193286171407693528097763581553955
314 302 -3350464029160008510105712619330897751795839428318
302 314 -3350464029160008510105712619330897751795839428318
313 1 -321313747751665664
1 313 -321313747751665664
313 25 -191203909958725613599614310865261772546378303516117090028436544
25 313 -191203909958725613599614310865261772546378303516117090028436544
313 49 -60564203945745319393351699024842200633594911390320981542713876287712
49 313 -60564203945745319393351699024842200633594911390320981542713876287712
313 73 4616157014639197833041016240716443206112814141126729907634177015656916
73 313 4616157014639197833041016240716443206112814141126729907634177015656916
313 97 1424913992866822353884486638379877113105194855313220625298542703781708
97 313 1424913992866822353884486638379877113105194855313220625298542703781708
313 121 3090669818109096735912759426779741438268937720199062284797577269655307
121 313 3090669818109096735912759426779741438268937720199062284797577269655307
313 145 -126588248021628845444925892896939422021891283284329828607437223267710
145 313 -126588248021628845444925892896939422021891283284329828607437223267710
313 169 1215012105942364195801193185528127787988897827512031276636240863064
169 313 1215012105942364195801193185528127787988897827512031276636240863064
313 193 -3191545688925817306048742276664296574008914296169851250169570321
193 313 -3191545688925817306048742276664296574008914296169851250169570321
313 217 -8218585366141515381611248875880960844005301148219412169875045
217 313 -8218585366141515381611248875880960844005301148219412169875045
313 241 39028930115861972900133860864530484271428431439145787423055
241 313 39028930115861972900133860864530484271428431439145787423055
313 265 -66001392889028656751698266488874240691380256298037659293
265 313 -66001392889028656751698266488874240691380256298037659293
313 289 80025407139290365465750816909972088724872363798725236
289 313 80025407139290365465750816909972088724872363798725236
313 313 2087543513682069500922420342813057654784753940
312 12 227392262163678561560557395520335984629757579480068096
12 312 227392262163678561560557395520335984629757579480068096
312 36 1708206935336889708194437349492675063505194730637402234229594711078
36 312 1708206935336889708194437349492675063505194730637402234229594711078
312 60 65033107599097023845279902337110672447786250659160445973570363936212
60 312 65033107599097023845279902337110672447786250659160445973570363936212
312 84 659194465230164225581585697743184804052027226607444430036763740414053
84 312 659194465230164225581585697743184804052027226607444430036763740414053
312 108 -4794032612362176719979958191106483623425740037749833952966522274671141
108 312 -4794032612362176719979958191106483623425740037749833952966522274671141
312 132 1464934003814971785843981433644193752876231995905735414719605238324730
132 312 1464934003814971785843981433644193752876231995905735414719605238324730
312 156 -43698479955655257685044715423417276300548905772276975090815454875028
156 312 -43698479955655257685044715423417276300548905772276975090815454875028
312 180 327379261166914557496716399851825612085995530788442171964596623738
180 312 327379261166914557496716399851825612085995530788442171964596623738
312 204 -903460552393968327980124205068552802570461256232144169533859764
204 312 -903460552393968327980124205068552802570461256232144169533859764
312 228 -2059394175418062732135469670129876647594778045382983015542166
228 312 -2059394175418062732135469670129876647594778045382983015542166
312 252 -6096157283002800924766088189076336095166287597920994101420
252 312 -6096157283002800924766088189076336095166287597920994101420
312 276 13825215590781905973463092932883763870442942687566619597
276 312 13825215590781905973463092932883763870442942687566619597
312 300 71305697519202665414838884454707595515765870688171
300 312 71305697519202665414838884454707595515765870688171
311 23 -107054246818314906067706276725395925112632931821106855559327744
23 311 -107054246818314906067706276725395925112632931821106855559327744
311 47 123821578186242315862898542747902864995318482872299661150729710191036
47 311 123821578186242315862898542747902864995318482872299661150729710191036
311 71 -20881098694224146015254810756376491208206825704914026211113054273294980
71 311 -20881098694224146015254810756376491208206825704914026211113054273294980
311 95 18860391077318591387241644930298145659933261973902257649797810362059880
95 311 18860391077318591387241644930298145659933261973902257649797810362059880
311 119 -12326376781166995845230324717380040811815624296205704900880721095637697
119 311 -12326376781166995845230324717380040811815624296205704900880721095637697
311 143 1148554062652324905869743527355110533982504927300466053214764992644947
143 311 1148554062652324905869743527355110533982504927300466053214764992644947
311 167 -21065060656259270358890104173520552636902717666356006470260560060068
167 311 -21065060656259270358890104173520552636902717666356006470260560060068
311 191 127093793457820119774436917273561002531248526648210953473463537132
191 311 127093793457820119774436917273561002531248526648210953473463537132
311 215 -149687892567465726143760010388570470066837372851016550997522280
215 311 -149687892567465726143760010388570470066837372851016550997522280
311 239 -366753111696253996485397234270912210234197320222038767075505
239 311 -366753111696253996485397234270912210234197320222038767075505
311 263 -262072006241978737672632811122333036685708457965614299564
263 311 -262072006241978737672632811122333036685708457965614299564
311 287 691344324309619727664910812353123328617699835890311308
287 311 691344324309619727664910812353123328617699835890311308
311 311 104240801509039587411052432407023002797942892737
310 10 1279360048198073227223263242958804797939597156876288
10 310 1279360048198073227223263242958804797939597156876288
310 34 3024336770545404308965973875047110927806262071908803345603504259392
34 310 3024336770545404308965973875047110927806262071908803345603504259392
310 58 402522108302889311357128846225629345051483078115434887435222840391199
58 310 402522108302889311357128846225629345051483078115434887435222840391199
310 82 12211046412905716052505524156844561776246059987325404655765414134610514
82 310 12211046412905716052505524156844561776246059987325404655765414134610514
310 106 -34876841255919629537415344389193625008514820058504781627417700454760921
106 310 -34876841255919629537415344389193625008514820058504781627417700454760921
310 130 -5090403372589209638998718276413372345742151037792145738178488938470490
130 310 -5090403372589209638998718276413372345742151037792145738178488938470490
310 154 423167403159084587544189315288260532343894204663210185831121993896341
154 310 423167403159084587544189315288260532343894204663210185831121993896341
310 178 -6082235338769000492439721472535778712258649279195092149608489802735
178 310 -6082235338769000492439721472535778712258649279195092149608489802735
310 202 27584675224599318572909459007137459915761943792482016820259881028
202 310 27584675224599318572909459007137459915761943792482016820259881028
310 226 -34746896691931337632674941904957618171062275464579714041775524
226 310 -34746896691931337632674941904957618171062275464579714041775524
310 250 -28042859465490228148537079117572876856942550353000702374638
250 310 -28042859465490228148537079117572876856942550353000702374638
310 274 103032462127008467101297775826638564016290180720133628478
274 310 103032462127008467101297775826638564016290180720133628478
310 298 4999973549502839927590500787063961661230688588124194
298 310 4999973549502839927590500787063961661230688588124194
309 21 -26456859689775495035726882948947468032779059776531534212511744
21 309 -26456859689775495035726882948947468032779059776531534212511744
309 45 -236330483793822157009734241330701111518423655412018863311304768156476
45 309 -236330483793822157009734241330701111518423655412018863311304768156476
309 69 81875270019813882007305669844630422428904035288655646803341505254837796
69 309 81875270019813882007305669844630422428904035288655646803341505254837796
309 93 -428689004171680208241469361866776764919979294501657921572751888430370304
93 309 -428689004171680208241469361866776764919979294501657921572751888430370304
309 117 23263509499633707098742996251839335548804470627230865168980600860347593
117 309 23263509499633707098742996251839335548804470627230865168980600860347593
309 141 -6911028762500371792747566148578056639448150020069329357255125032839815
141 309 -6911028762500371792747566148578056639448150020069329357255125032839815
309 165 193339457052159558539475145367050402839404932044757507058890549299548
165 309 193339457052159558539475145367050402839404932044757507058890549299548
309 189 -1737557213289620021408283565037890707157811419128521960069776513258
189 309 -1737557213289620021408283565037890707157811419128521960069776513258
309 213 4707323378558318791523256122687120996820891601326661649079902852
213 309 4707323378558318791523256122687120996820891601326661649079902852
309 237 -4199323644777382028135635923409054845584837173049362545938366
237 309 -4199323644777382028135635923409054845584837173049362545938366
309 261 -1734783133231410558454397381333931579804674695223534087161
261 309 -1734783133231410558454397381333931579804674695223534087161
309 285 3761892565879588353318246438103978837326715806612994671
285 309 3761892565879588353318246438103978837326715806612994671
309 309 -715261362127759129398545829549114055568888535574
308 8 983270439735377420995677882012537459043870507008
8 308 983270439735377420995677882012537459043870507008
308 32 4299335480816444326789690118752967639800105182701474171204270188544
32 308 4299335480816444326789690118752967639800105182701474171204270188544
308 56 1609437078715995775806538767509663978438420685413715106967481270297852
56 308 1609437078715995775806538767509663978438420685413715106967481270297852
308 80 -207937513783289486158875788438728141249512447988789640739989157693554468
80 308 -207937513783289486158875788438728141249512447988789640739989157693554468
308 104 612109695431651836725440473472656380814870273980991219207808914612038313
104 308 612109695431651836725440473472656380814870273980991219207808914612038313
308 128 -11616219359698658852200042301067965940330064630796265751381781324077578
128 308 -11616219359698658852200042301067965940330064630796265751381781324077578
308 152 -2198357120380830517674774678371734242538333480329789575052842661600902
152 308 -2198357120380830517674774678371734242538333480329789575052842661600902
308 176 51448200385553010425845833800214964234807920230916153138595753347980
176 308 51448200385553010425845833800214964234807920230916153138595753347980
308 200 -314621167999656955531358337384339085651753175106235656246359990880
200 308 -314621167999656955531358337384339085651753175106235656246359990880
308 224 451346759726526989024696060816155088019407146480229530294679492
224 308 451346759726526989024696060816155088019407146480229530294679492
308 248 -16706450277644055772798890903985364365533012256057971378892
248 308 -16706450277644055772798890903985364365533012256057971378892
308 272 605342836404496709428237271974686587181748570066656844312
272 308 605342836404496709428237271974686587181748570066656844312
308 296 96958688655222393282135858372000020461169327570686664
296 308 96958688655222393282135858372000020461169327570686664
307 19 -4586679294724422556841641689921480185476191517214035112435712
19 307 -4586679294724422556841641689921480185476191517214035112435712
307 43 826838194494206656246804220767712884258754186891416250929582433552208
43 307 826838194494206656246804220767712884258754186891416250929582433552208
307 67 -287112622349266666228168559869290842778382488448463068336119619902475096
67 307 -287112622349266666228168559869290842778382488448463068336119619902475096
307 91 3942772746698344112968793668042201153369656490194300736729927266117257054
91 307 3942772746698344112968793668042201153369656490194300736729927266117257054
307 115 -74998863643694132482314703073205867347368620420437468219643594978124370
115 307 -74998863643694132482314703073205867347368620420437468219643594978124370
307 139 25252949380697272336608670402223793826053213133566248150928063166905821
139 307 25252949380697272336608670402223793826053213133566248150928063166905821
307 163 -1008009690006039599541847217268661042063272650453091863195789678899504
163 307 -1008009690006039599541847217268661042063272650453091863195789678899504
307 187 12146355301034263922601097299125969082546531379059763722083185037581
187 307 12146355301034263922601097299125969082546531379059763722083185037581
307 211 -45350590840330515709153367213699745220922036242039092884079573276
211 307 -45350590840330515709153367213699745220922036242039092884079573276
307 235 20008279390137564891327935691378080481862811194271827347357239
235 307 20008279390137564891327935691378080481862811194271827347357239
307 259 9932471572856388623368632909067825484163836377399113043886
259 307 9932471572856388623368632909067825484163836377399113043886
307 283 21707109552761226565114915922825809061330562056080573713
283 307 21707109552761226565114915922825809061330562056080573713
307 307 -25498134620228320143703540499564939004441060963085
306 6 46800463441467839490195423682100959790497792
6 306 46800463441467839490195423682100959790497792
306 30 3396108467124083666025502565874714770025211599913503804349135792256
30 306 3396108467124083666025502565874714770025211599913503804349135792256
306 54 -14677584985816491960699118871327970067409508232821200747387077724800794
54 306 -14677584985816491960699118871327970067409508232821200747387077724800794
306 78 1769230912313801495937796835580616512094242388604334519021094321353058028
78 306 1769230912313801495937796835580616512094242388604334519021094321353058028
306 102 -5390536273113953238969942523997232266267146044978050064330629595787342716
102 306 -5390536273113953238969942523997232266267146044978050064330629595787342716
306 126 272503692385496090430362749062453646349486415354233908368459577443581050
126 306 272503692385496090430362749062453646349486415354233908368459577443581050
306 150 3229237818703998607846677298536745419819558911414555671876169859735827
150 306 3229237818703998607846677298536745419819558911414555671876169859735827
306 174 -217790690083356523247827610928221096420455998780080232587440898410912
174 306 -217790690083356523247827610928221096420455998780080232587440898410912
306 198 1813753874342204377503077721533575308975705191474771955509169021379
198 306 1813753874342204377503077721533575308975705191474771955509169021379
306 222 -3428669287012620689453207014050456628024479160457471866581156097
222 306 -3428669287012620689453207014050456628024479160457471866581156097
306 246 1938990419614635277104138248145681660245716032430417493000988
246 306 1938990419614635277104138248145681660245716032430417493000988
306 270 2219317670984386604236588330298825999186090760935207819604
270 306 2219317670984386604236588330298825999186090760935207819604
306 294 892410395085152734105643168851972532801897173552066187
294 306 892410395085152734105643168851972532801897173552066187
305 17 1230711639271329449425769976146372326561043005696264591556608
17 305 1230711639271329449425769976146372326561043005696264591556608
305 41 -1653676388988413312493608441535425768517508373782832501859164867104416
41 305 -1653676388988413312493608441535425768517508373782832501859164867104416
305 65 946084129726241380743680876774810731641690571936380056239455962460755856
65 305 946084129726241380743680876774810731641690571936380056239455962460755856
305 89 -24508112403894139189548148147654685339986598592557513945902403010900077700
89 305 -24508112403894139189548148147654685339986598592557513945902403010900077700
305 113 1705267957071298272222039015738418119918475543137585797254828905751150792
113 305 1705267957071298272222039015738418119918475543137585797254828905751150792
305 137 -23985198115567097270209257966278790488646233975484392104752437035043520
137 305 -23985198115567097270209257966278790488646233975484392104752437035043520
305 161 1919443545830802165197536989830398051454040849235884353499839061440148
161 305 1919443545830802165197536989830398051454040849235884353499839061440148
305 185 -36667999363647040685104629154556252853462410989584118642507484570092
185 305 -36667999363647040685104629154556252853462410989584118642507484570092
305 209 172388147383962358984644070156880426532997839746172499980799451060
209 305 172388147383962358984644070156880426532997839746172499980799451060
305 233 -25979246680927616379792931044193900985889627977532575832239594
233 305 -25979246680927616379792931044193900985889627977532575832239594
305 257 229396693284525516396698385529189580239290261692575871423375
257 305 229396693284525516396698385529189580239290261692575871423375
305 281 174338466123198634161079037451854422004228686677327237851
281 305 174338466123198634161079037451854422004228686677327237851
305 305 1198074263863994808746683254424200921412609983179188
304 4 34268906744961959729033396386465316864
4 304 34268906744961959729033396386465316864
304 28 2304035171159997925540423762026321422713770964234907211429164360704
28 304 2304035171159997925540423762026321422713770964234907211429164360704
304 52 9464352018107624336544300973622867633506192627308464031548046787459840
52 304 9464352018107624336544300973622867633506192627308464031548046787459840
304 76 -10554030844586742754334825746710588229970639714966025395132741236126270180
76 304 -10554030844586742754334825746710588229970639714966025395132741236126270180
304 100 33839572249140772593300648889327778969442474826012456240088343842372154140
100 304 33839572249140772593300648889327778969442474826012456240088343842372154140
304 124 -2139921905098194659266108587648079440257439287201735779516807807134101403
124 304 -2139921905098194659266108587648079440257439287201735779516807807134101403
304 148 48104123504654977459407890136304155966234139530649532702784539850315183
148 304 48104123504654977459407890136304155966234139530649532702784539850315183
304 172 -60715058339798427619052666821871984580522138912672947945506646238338
172 304 -60715058339798427619052666821871984580522138912672947945506646238338
304 196 -2453208249328478384810620332495231179439537396483394206094511769596
196 304 -2453208249328478384810620332495231179439537396483394206094511769596
304 220 7181398522388296964045047027065830977198763438449878757622807023
220 304 7181398522388296964045047027065830977198763438449878757622807023
304 244 -4410406930136905735840921613627918043166905209183830172007418
244 304 -4410406930136905735840921613627918043166905209183830172007418
304 268 262179567996291767716486630496637351754889518416142139805
268 304 262179567996291767716486630496637351754889518416142139805
304 292 4182533518516309520845972222031933797729740565465746213
292 304 4182533518516309520845972222031933797729740565465746213
303 15 -623926250342903535599871439504984262661878719901667351494656
15 303 -623926250342903535599871439504984262661878719901667351494656
303 39 1890643870350577256077873930645608892147389243296150906490438145251808
39 303 1890643870350577256077873930645608892147389243296150906490438145251808
303 63 -2794646100175692594879773674752708327503621708143737329690700446114236048
63 303 -2794646100175692594879773674752708327503621708143737329690700446114236048
303 87 118900294246839547982588557651142031026569250874532942935878990030679062396
87 303 118900294246839547982588557651142031026569250874532942935878990030679062396
303 111 -17205836578842630696307371096663301054366123651103083402501905939253213436
111 303 -17205836578842630696307371096663301054366123651103083402501905939253213436
303 135 -268528882230481104083258887671883377664801009864044264365790517069937014
135 303 -268528882230481104083258887671883377664801009864044264365790517069937014
303 159 12801017615651642379187315881688955750078791176219988185607993953164888
159 303 12801017615651642379187315881688955750078791176219988185607993953164888
303 183 -110074154462281348434692962256849169600431495824291391604370750039308
183 303 -110074154462281348434692962256849169600431495824291391604370750039308
303 207 280263942984199509329564258743457912920216629126817927217820354834
207 303 280263942984199509329564258743457912920216629126817927217820354834
303 231 539357831732465929341022054303456304029533649186352764761651089
231 303 539357831732465929341022054303456304029533649186352764761651089
303 255 293002502483494331416854200690156297318198377431047414548974
255 303 293002502483494331416854200690156297318198377431047414548974
303 279 500820659417944231744660835571098905656429556933669840931
279 303 500820659417944231744660835571098905656429556933669840931
303 303 41388504339227334235409096782411576704928079462840957
302 2 7288171047088234535539703808
2 302 7288171047088234535539703808
302 26 924858735465201231937262843048633749759812286442592945869621056512
26 302 924858735465201231937262843048633749759812286442592945869621056512
302 50 -36011881827795115397304376533762057603775815026514979207859078833696784
50 302 -36011881827795115397304376533762057603775815026514979207859078833696784
302 74 50738030128424819165157013475524628494107175828727626263253578444123757584
74 302 50738030128424819165157013475524628494107175828727626263253578444123757584
302 98 -162721926692763805953625151826537918467551337318690520447332428765430179828
98 302 -162721926692763805953625151826537918467551337318690520447332428765430179828
302 122 13098481928329337440765379533104853340926961282759087500682982443344627618
122 302 13098481928329337440765379533104853340926961282759087500682982443344627618
302 146 -487244242781099732618276926407458748354816645188342333784010511221758655
146 302 -487244242781099732618276926407458748354816645188342333784010511221758655
302 170 7149982588864215218676466117222085989907493945185951262052739269673094
170 302 7149982588864215218676466117222085989907493945185951262052739269673094
302 194 -43253809223951439358203963879611671766340745374133878021088092457920
194 302 -43253809223951439358203963879611671766340745374133878021088092457920
302 218 65627281956418698328881595868505873942766003105116916904818415366
218 302 65627281956418698328881595868505873942766003105116916904818415366
302 242 -13735652417035421063381133550250999754332881733254867842545016
242 302 -13735652417035421063381133550250999754332881733254867842545016
302 266 -17427457448539370397004643508429088230323387255038692433419
266 302 -17427457448539370397004643508429088230323387255038692433419
302 290 23601813514423376500433430109456159664709535709780226823
290 302 23601813514423376500433430109456159664709535709780226823
301 13 102902141672176887372613807938600307817253042318971493810176
13 301 102902141672176887372613807938600307817253042318971493810176
301 37 -3962290501959754107612753367932891679850191451913589156823350726113152
37 301 -3962290501959754107612753367932891679850191451913589156823350726113152
301 61 7101045273316963041240829934465120738410859678352509296809889169092482432
61 301 7101045273316963041240829934465120738410859678352509296809889169092482432
301 85 -486370129305501094118050255655384985055015121165659103677746656454587690104
85 301 -486370129305501094118050255655384985055015121165659103677746656454587690104
301 109 97863655995677335714865488575340868176240765739112423630376109178710931268
109 301 97863655995677335714865488575340868176240765739112423630376109178710931268
301 133 1037262895470063483568297311233036391730683559317806518133941378535898108
133 301 1037262895470063483568297311233036391730683559317806518133941378535898108
301 157 -124033141969731049692230452261210752671538772326146786627303826192567676
157 301 -124033141969731049692230452261210752671538772326146786627303826192567676
301 181 1723660310962021329064124163092500640562564205108893040111479331482856
181 301 1723660310962021329064124163092500640562564205108893040111479331482856
301 205 -5695779102992784947500041223695224394930674699519416227500870465022
205 301 -5695779102992784947500041223695224394930674699519416227500870465022
301 229 -1730555668532666751817136816161711714441396368643405119300138737
229 301 -1730555668532666751817136816161711714441396368643405119300138737
301 253 -3538132100973576615314243336313431135398785631211874027588791
253 301 -3538132100973576615314243336313431135398785631211874027588791
301 277 -4191760090600667661786693408007046092508173397462431571577
277 301 -4191760090600667661786693408007046092508173397462431571577
301 301 483979763749098270262655195508668863386216168502716781
300 24 633388149639697202510830141032260612276222890467109790828377632768
24 300 633388149639697202510830141032260612276222890467109790828377632768
300 48 250131377748639762932257812167480626015331614554018255795689778327215847
48 300 250131377748639762932257812167480626015331614554018255795689778327215847
300 72 -207357125404985412438232719783309308476328882968482896879071930022705067644
72 300 -207357125404985412438232719783309308476328882968482896879071930022705067644
300 96 618115954473523128670128003369329774182382977696362308336587752488267704802
96 300 618115954473523128670128003369329774182382977696362308336587752488267704802
300 120 -65803086987562398798912475268202519485791555440359746056906793668979817973
120 300 -65803086987562398798912475268202519485791555440359746056906793668979817973
300 144 2555105765291578919598682639511501947589643796449376234054511494270687239
144 300 2555105765291578919598682639511501947589643796449376234054511494270687239
300 168 -47531855253360731324077074040227407086220466453348931270465437758939588
168 300 -47531855253360731324077074040227407086220466453348931270465437758939588
300 192 302838766092051959153945185264701436074072175935900417730620740320134
192 300 302838766092051959153945185264701436074072175935900417730620740320134
300 216 -183450471484744489520178810614579416627017272813589806104070477260
216 300 -183450471484744489520178810614579416627017272813589806104070477260
300 240 292349636750194234710033228181230156999407831402578725401750494
240 300 292349636750194234710033228181230156999407831402578725401750494
300 264 283854582201735408416599913006795059300861949177372864812166
264 300 283854582201735408416599913006795059300861949177372864812166
300 288 267268811392591801574432768333270231268948735609289203253
288 300 267268811392591801574432768333270231268948735609289203253
299 11 -2652458438432068296490152020479059386596721501296472358912
11 299 -2652458438432068296490152020479059386596721501296472358912
299 35 7752218105055400882349017475179801681100148657961085637467376164827136
35 299 7752218105055400882349017475179801681100148657961085637467376164827136
299 59 -18466252186240476846975447849473473386787571340466386204428066488468258585
59 299 -18466252186240476846975447849473473386787571340466386204428066488468258585
299 83 1770058645959040386297661763311908855446384642551070271544051702722716662792
83 299 1770058645959040386297661763311908855446384642551070271544051702722716662792
299 107 -368900490183951566736063036828145918296530428630785335984970247249083364538
107 299 -368900490183951566736063036828145918296530428630785335984970247249083364538
299 131 4489331878874485496060053172222953592183949556826239304747949957832530596
131 299 4489331878874485496060053172222953592183949556826239304747949957832530596
299 155 472663555399452469821524135475488852143267362122688999795388391280636090
155 299 472663555399452469821524135475488852143267362122688999795388391280636090
299 179 -7669193613799084265651692158144455952231123187851735736369129383971956
179 299 -7669193613799084265651692158144455952231123187851735736369129383971956
299 203 14962635998633948968920794765007361634619287859658450923337158413728
203 299 14962635998633948968920794765007361634619287859658450923337158413728
299 227 -11215974282785791262428443352051127815086174749247617427436639484
227 299 -11215974282785791262428443352051127815086174749247617427436639484
299 251 -30444489465949090266052765981557330016104124366529492703391580
251 299 -30444489465949090266052765981557330016104124366529492703391580
299 275 -9293136253463191831454102569252805340100536704905853148197
275 299 -9293136253463191831454102569252805340100536704905853148197
299 299 2523918153239202814149999751775643929460676605244092361
298 22 -11638568134571263888024788137897680737473561261775097488550592512
22 298 -11638568134571263888024788137897680737473561261775097488550592512
298 46 -144047527311180461589217506135048230415103260106059916831436315334787136
46 298 -144047527311180461589217506135048230415103260106059916831436315334787136
298 70 744816586552892283232656057545616854177836439877056471342985885979839592442
70 298 744816586552892283232656057545616854177836439877056471342985885979839592442
298 94 -1888979805883121744500521757070545112875126287706301184423066303959749832706
94 298 -1888979805883121744500521757070545112875126287706301184423066303959749832706
298 118 235352682530995467776226012160633017878770633149704710774376284200748569007
118 298 235352682530995467776226012160633017878770633149704710774376284200748569007
298 142 -8329426503425414378013992311870428183914198997730573722417657012336975162
142 298 -8329426503425414378013992311870428183914198997730573722417657012336975162
298 166 136259372799518047637214031868998096354886793388677598573306067993980137
166 298 136259372799518047637214031868998096354886793388677598573306067993980137
298 190 -357418297501764783815826624162943864205673221558477372910825318286205
190 298 -357418297501764783815826624162943864205673221558477372910825318286205
298 214 -2041933685671322584737847839340986374114603873979618941119007914874
214 298 -2041933685671322584737847839340986374114603873979618941119007914874
298 238 -1935891203982067638492785507061068903830224098076861679916435823
238 298 -1935891203982067638492785507061068903830224098076861679916435823
298 262 -763020705121859873310790864046454530003599370791278834113619
262 298 -763020705121859873310790864046454530003599370791278834113619
298 286 746767013132615635481812445645792837532082943024415009184
286 298 746767013132615635481812445645792837532082943024415009184
297 9 7319039723729081110880848910614759566509841861910200320
9 297 7319039723729081110880848910614759566509841861910200320
297 33 -5350126973431386799112756079772795793678926659301777450370036241622016
33 297 -5350126973431386799112756079772795793678926659301777450370036241622016
297 57 45804262878027635528187525497734418616370152554625960372386761010818140117
57 297 45804262878027635528187525497734418616370152554625960372386761010818140117
297 81 -5971864840907603099715196014853661858500709318517090045918410713696525702612
81 297 -5971864840907603099715196014853661858500709318517090045918410713696525702612
297 105 1004139776282959568221765743765779351030787823825308572164734316638800270544
105 297 1004139776282959568221765743765779351030787823825308572164734316638800270544
297 129 -62282517217581368378583881356651203575966500885190098291688821624859702185
129 297 -62282517217581368378583881356651203575966500885190098291688821624859702185
297 153 32113878504147984722639822727624962124584377466276279909139155602310504
153 297 32113878504147984722639822727624962124584377466276279909139155602310504
297 177 1308246284585519971433194227240151252262765840013351677712976856509304
177 297 1308246284585519971433194227240151252262765840013351677712976856509304
297 201 98529973181015206000204954622174818464169560706785737745057852310909
201 297 98529973181015206000204954622174818464169560706785737745057852310909
297 225 -66403638045942199140565959341739208823550318950605935411634019328
225 297 -66403638045942199140565959341739208823550318950605935411634019328
297 249 -15783322073645251341676102405170113404709756662586171283965451
249 297 -15783322073645251341676102405170113404709756662586171283965451
297 273 150932507622159555580553775376680842469946972973072368501076
273 297 150932507622159555580553775376680842469946972973072368501076
297 297 12975915802132339822335696388228686626279562023695357289
296 20 39540587237919856234105392019331803284127452664336185350326124544
20 296 39540587237919856234105392019331803284127452664336185350326124544
296 44 151429632289721989384708815577965882136099082036935424504768748599357440
44 296 151429632289721989384708815577965882136099082036935424504768748599357440
296 68 -2363064615590025070286679244750303645487829500630021496499757609087005160408
68 296 -2363064615590025070286679244750303645487829500630021496499757609087005160408
296 92 4709901117936548911022963146939686693087932209841971893552481851771629969142
92 296 4709901117936548911022963146939686693087932209841971893552481851771629969142
296 116 -428577819745929062387696716372354211328300463669875192025914942379930380787
116 296 -428577819745929062387696716372354211328300463669875192025914942379930380787
296 140 9841198537056962474628331768255036138746886161210246197458518726055056568
140 296 9841198537056962474628331768255036138746886161210246197458518726055056568
296 164 130339831534371477771137901983033936113077210667891601969977785587755318
164 296 130339831534371477771137901983033936113077210667891601969977785587755318
296 188 -4752236824274540501253794571417386325774078453423753948588772187277841
188 296 -4752236824274540501253794571417386325774078453423753948588772187277841
296 212 13811857877651350829649648741283682269478360147204216105865509786427
212 296 13811857877651350829649648741283682269478360147204216105865509786427
296 236 -9015339932260918002151172186800406375400075293410695301183960213
236 296 -9015339932260918002151172186800406375400075293410695301183960213
296 260 -27211412822596481762659935266805124103679405792892262228764763
260 296 -27211412822596481762659935266805124103679405792892262228764763
296 284 -8576321423269248629860162327347309103503413068675100662139
284 296 -8576321423269248629860162327347309103503413068675100662139
295 7 -1126722546612008882596972261161375207136314391527424
7 295 -1126722546612008882596972261161375207136314391527424
295 31 9531839515875900066728810901896767190251751119433433437012526159138816
31 295 9531839515875900066728810901896767190251751119433433437012526159138816
295 55 -92522356108766609782514495583650362839578731884017509908308451856081639500
55 295 -92522356108766609782514495583650362839578731884017509908308451856081639500
295 79 19118924170492197398265091083660703157163024482396366926047907995214909104914
79 295 19118924170492197398265091083660703157163024482396366926047907995214909104914
295 103 -2111573800592198682466229230939816842866930869734484060186859885144589752982
103 295 -2111573800592198682466229230939816842866930869734484060186859885144589752982
295 127 338572291545106299129017644525766433375346526795841501022970370497393069892
127 295 338572291545106299129017644525766433375346526795841501022970370497393069892
295 151 -11941176369369344824502778432693763117397760170896296675365600114727483387
151 295 -11941176369369344824502778432693763117397760170896296675365600114727483387
295 175 161339757537570417250671579178696201959772372798820013174600582286684627
175 295 161339757537570417250671579178696201959772372798820013174600582286684627
295 199 -696693154595101382202307311224927398354443518650110277483450146407417
199 295 -696693154595101382202307311224927398354443518650110277483450146407417
295 223 1109126029889330924902553192937533838378823190426558465861629317951
223 295 1109126029889330924902553192937533838378823190426558465861629317951
295 247 2565883205627639437649293451692287412129769173796298002846370876
247 295 2565883205627639437649293451692287412129769173796298002846370876
295 271 -718201496887733894778912941131209000561814301560938608501276
271 295 -718201496887733894778912941131209000561814301560938608501276
295 295 164622490992031062851031975601145964169135721045196266242
294 18 13572459638234846793652718732749476570426743513362471039697682432
18 294 13572459638234846793652718732749476570426743513362471039697682432
294 42 -939365439092255485484743607764990084314208526900556847832772974387250816
42 294 -939365439092255485484743607764990084314208526900556847832772974387250816
294 66 6572227722087359542707049443749500394617839123854695468018916279087964652772
66 294 6572227722087359542707049443749500394617839123854695468018916279087964652772
294 90 -9696333136858977486889184206237348362961327710781631946754078420860960033340
90 294 -9696333136858977486889184206237348362961327710781631946754078420860960033340
294 114 -692115452951841623801682420049510980801411363745445158903092630929719684372
114 294 -692115452951841623801682420049510980801411363745445158903092630929719684372
294 138 78132096394973961183312686351578975185590373881591404313426815642757673450
138 294 78132096394973961183312686351578975185590373881591404313426815642757673450
294 162 -2709297492950088502406793884322434439268425752137659335427672673559109726
162 294 -2709297492950088502406793884322434439268425752137659335427672673559109726
294 186 22729545566784844651497915323605510082491459898818346339678012827923936
186 294 22729545566784844651497915323605510082491459898818346339678012827923936
294 210 -28639585373663296362875646886650359706076358839696237874601194339777
210 294 -28639585373663296362875646886650359706076358839696237874601194339777
294 234 81242760409878760247113278544244260802632297022843572325705799479
234 294 81242760409878760247113278544244260802632297022843572325705799479
294 258 17462880216911952473687114933397889574786938688218188338167456
258 294 17462880216911952473687114933397889574786938688218188338167456
294 282 6297180149263753934473941386415066333996268996438792203784
282 294 6297180149263753934473941386415066333996268996438792203784
293 5 3180443718751719376889314104262071664095789056
5 293 3180443718751719376889314104262071664095789056
293 29 -8441875803359316707610498213319303093038106961772249295147256884092928
29 293 -8441875803359316707610498213319303093038106961772249295147256884092928
293 53 185044712217533219565028991167300725679157463768035019816616903712163279000
53 293 185044712217533219565028991167300725679157463768035019816616903712163279000
293 77 -58138994871833629708750259590083058093172282055301040685580277219320194706812
77 293 -58138994871833629708750259590083058093172282055301040685580277219320194706812
293 101 3721558689305270140221210895178303292774716075572817355938547762832620826474
101 293 3721558689305270140221210895178303292774716075572817355938547762832620826474
293 125 -1167041400983918795811908371011723388844347642945543506652971260395804944106
125 293 -1167041400983918795811908371011723388844347642945543506652971260395804944106
293 149 68895812075726556916075819644970453022906953530189098258164971693480911434
149 293 68895812075726556916075819644970453022906953530189098258164971693480911434
293 173 -746180724181315477536493683985325222954361484377107535628049094139744310
173 293 -746180724181315477536493683985325222954361484377107535628049094139744310
293 197 -63722326801226788188298060288458582301425422128529446593702829549513
197 293 -63722326801226788188298060288458582301425422128529446593702829549513
293 221 628568697070158277254617653975825167649580823255578534356835595620
221 293 628568697070158277254617653975825167649580823255578534356835595620
293 245 -4913553056286698778428250062202044491405051981731083182195991058
245 293 -4913553056286698778428250062202044491405051981731083182195991058
293 269 -9138074410685493552202308668377088355904415862120724378509026
269 293 -9138074410685493552202308668377088355904415862120724378509026
293 293 688483410583364743819302342587646602691382661638414481800
292 16 -4855312921267131436343686777289152160094446767060821185783660544
16 292 -4855312921267131436343686777289152160094446767060821185783660544
292 40 412015892151294918606473924482473978480235695465911067383675205196250112
40 292 412015892151294918606473924482473978480235695465911067383675205196250112
292 64 -16483718665120731033707364809684999007033010149678910172013586876236955394048
64 292 -16483718665120731033707364809684999007033010149678910172013586876236955394048
292 88 16442129047015649430255554671713703084779358625720613697391765798590330076474
88 292 16442129047015649430255554671713703084779358625720613697391765798590330076474
292 112 7637642382916023189818531612039985754700705933146809852405487330417616997404
112 292 7637642382916023189818531612039985754700705933146809852405487330417616997404
292 136 -584121177172735938723293645853359605178170450405368674515330267336514437115
136 292 -584121177172735938723293645853359605178170450405368674515330267336514437115
292 160 9443354549989135819266166492564405393110241963153315152345853101799116744
160 292 9443354549989135819266166492564405393110241963153315152345853101799116744
292 184 16509772927941115516342414544632942602828723049071408666183724671165767
184 292 16509772927941115516342414544632942602828723049071408666183724671165767
292 208 -222256005129675272591891995519660492161176395625153864907620432280040
208 292 -222256005129675272591891995519660492161176395625153864907620432280040
292 232 86806848881970214205322946409280291928023092263839898822823730119
232 292 86806848881970214205322946409280291928023092263839898822823730119
292 256 623436096308555314747877068570052009867894970528591211740904294
256 292 623436096308555314747877068570052009867894970528591211740904294
292 280 456049857657920903302209151049142432528463086311793807733542
280 292 456049857657920903302209151049142432528463086311793807733542
291 3 -13659299329255007512835835074235596800
3 291 -13659299329255007512835835074235596800
291 27 5942617079921139461260039254573033408619407058509801997129977728139264
27 291 5942617079921139461260039254573033408619407058509801997129977728139264
291 51 -366434103024221084225500203981875348930961220437007682979094088086545120936
51 291 -366434103024221084225500203981875348930961220437007682979094088086545120936
291 75 166650576751410789451420530663680685969078144505739235258422800846917448288060
75 291 166650576751410789451420530663680685969078144505739235258422800846917448288060
291 99 -6191889061681117078671485296758305290154171243489323073735962502833818126916
99 291 -6191889061681117078671485296758305290154171243489323073735962502833818126916
291 123 2156334580985999406894928087505813458666113826766332336010594196791717936644
123 291 2156334580985999406894928087505813458666113826766332336010594196791717936644
291 147 -131008745128372726367224423944990558238078132012325620050125537945990199083
147 291 -131008745128372726367224423944990558238078132012325620050125537945990199083
291 171 236170616672953910628859369280320196768791074538373404250874294387468562
171 291 236170616672953910628859369280320196768791074538373404250874294387468562
291 195 14986371385788861006614006941591211562685641393818055940746737609597302
195 291 14986371385788861006614006941591211562685641393818055940746737609597302
291 219 -39198752277534963572365836897960805286266353451810917100045135156899
219 291 -39198752277534963572365836897960805286266353451810917100045135156899
291 243 -67304668713026969721511373100922394508388929009486167179937323527
243 291 -67304668713026969721511373100922394508388929009486167179937323527
291 267 36379593120209655347258647085253875012310609139006011923598781
267 291 36379593120209655347258647085253875012310609139006011923598781
291 291 -4347787977144664507293199494400530491041908725757231328360
290 14 383901464584421724422850937124429832999011233873613244417966080
14 290 383901464584421724422850937124429832999011233873613244417966080
290 38 412182638902158654829699938535044449332718671990205324733668188560587776
38 290 412182638902158654829699938535044449332718671990205324733668188560587776
290 62 38531074851385276364022264513591597429121741759882851229521006492876613945248
62 290 38531074851385276364022264513591597429121741759882851229521006492876613945248
290 86 -23152387020613467960942547854309658005727834539753262911233588606720098595832
86 290 -23152387020613467960942547854309658005727834539753262911233588606720098595832
290 110 -25784800623298355014153890231338992174663294503620578367685406712701816660164
110 290 -25784800623298355014153890231338992174663294503620578367685406712701816660164
290 134 1698167115736213089660662692813764841257168442257757540468706487050816484241
134 290 1698167115736213089660662692813764841257168442257757540468706487050816484241
290 158 -3082367385849568305717216265868212234860848493038032759133987005975391932
158 290 -3082367385849568305717216265868212234860848493038032759133987005975391932
290 182 -499723528065937299402315695235392846768233146603125524887931144437862580
182 290 -499723528065937299402315695235392846768233146603125524887931144437862580
290 206 2707893414633333774003041406480068194951116035031159419500553250847708
206 290 2707893414633333774003041406480068194951116035031159419500553250847708
290 230 -551786221755564523670818100360885997786890551699331369385637801709
230 290 -551786221755564523670818100360885997786890551699331369385637801709
290 254 -1477881092486401820893263729548634734213818578673209830671208271
254 290 -1477881092486401820893263729548634734213818578673209830671208271
290 278 -2442838572590915326892480193037076425168202609478091014683595
278 290 -2442838572590915326892480193037076425168202609478091014683595
289 1 42118431227181883457536
1 289 42118431227181883457536
289 25 -4378978878304559246605863599055282152721858690218543938616685720764416
25 289 -4378978878304559246605863599055282152721858690218543938616685720764416
289 49 590920069959695259103214331183151148377202282894924358541698127630984274720
49 289 590920069959695259103214331183151148377202282894924358541698127630984274720
289 73 -450369046539648925825212961599545152890658206622023504461982604786877485887808
73 289 -450369046539648925825212961599545152890658206622023504461982604786877485887808
289 97 6115783965665135732764493328000639234300780013485888324025135237292342490834
97 289 6115783965665135732764493328000639234300780013485888324025135237292342490834
289 121 3341459601554308053846366382641804683868866622164087720265600660845735494044
121 289 3341459601554308053846366382641804683868866622164087720265600660845735494044
289 145 -455995758535361085371181260237143391116421397823758450666772931628498714068
145 289 -455995758535361085371181260237143391116421397823758450666772931628498714068
289 169 11422308605023649456694639194861441092572281835648660798726285628102413568
169 289 11422308605023649456694639194861441092572281835648660798726285628102413568
289 193 -62049427305538108954346104228209358705538615356063081456438926452343709
193 289 -62049427305538108954346104228209358705538615356063081456438926452343709
289 217 19607461016796685720947324869542601808592192183881749478005286813089
217 289 19607461016796685720947324869542601808592192183881749478005286813089
289 241 224268488807917574749381760285659872391742967834960829823571195835
241 289 224268488807917574749381760285659872391742967834960829823571195835
289 265 271086518629276361198010755929282983917003686413779819825510643
265 289 271086518629276361198010755929282983917003686413779819825510643
289 289 -790966300661204681517065921580689613135470058153945693110
288 12 -7092874941868057910357877393612656742843455930092443085570048
12 288 -7092874941868057910357877393612656742843455930092443085570048
288 36 266375608725901409670266479972805314346132482699921186707744210682724352
36 288 266375608725901409670266479972805314346132482699921186707744210682724352
288 60 -81908688727465260040557824902022072056807684526362824225943903634909170667869
60 288 -81908688727465260040557824902022072056807684526362824225943903634909170667869
288 84 47099301341048599745166336997236910512228387938629304447133831378870080867062
84 288 47099301341048599745166336997236910512228387938629304447133831378870080867062
288 108 38847521416102961691396896401457076996351077045510932156300436803938358212098
108 288 38847521416102961691396896401457076996351077045510932156300436803938358212098
288 132 388655189118589669464063951331385883690851822559878452644913634866955209426
132 288 388655189118589669464063951331385883690851822559878452644913634866955209426
288 156 -90029430163260692379664594893484271334816335544228327051400506964527623505
156 288 -90029430163260692379664594893484271334816335544228327051400506964527623505
288 180 1281741662768932745378814100347635477587661532530914764962897671237072721
180 288 1281741662768932745378814100347635477587661532530914764962897671237072721
288 204 -7490128679456549789739466911275379834609199563165590451733189651431030
204 288 -7490128679456549789739466911275379834609199563165590451733189651431030
288 228 -7896647448911664313119057058992478544173176115094354174576246864480
228 288 -7896647448911664313119057058992478544173176115094354174576246864480
288 252 -10655317718007836870069323216555185624569012995556230637215119766
252 288 -10655317718007836870069323216555185624569012995556230637215119766
288 276 -17858353568145246057827406811823545612329255480547255929240091
276 288 -17858353568145246057827406811823545612329255480547255929240091
287 23 1761689431016258240844471344455756771880043596454895802187857306583040
23 287 1761689431016258240844471344455756771880043596454895802187857306583040
287 47 -908933794984571269278826231611535454516590038829121189991665813643837751296
47 287 -908933794984571269278826231611535454516590038829121189991665813643837751296
287 71 1143929613457364248421206759440235264722934910386423061253721395931856208623624
71 287 1143929613457364248421206759440235264722934910386423061253721395931856208623624
287 95 35242023172915639148984717157040955980807813933687718164809384251911472845542
95 287 35242023172915639148984717157040955980807813933687718164809384251911472845542
287 119 -42526426376834552046947706559241976680492897761461323154386248242668281155816
119 287 -42526426376834552046947706559241976680492897761461323154386248242668281155816
287 143 3433342278759647647633979036954833365702076431669409636081600925192985744274
143 287 3433342278759647647633979036954833365702076431669409636081600925192985744274
287 167 -50031384023663464148852615255088685589995697316745359090667228893365091400
167 287 -50031384023663464148852615255088685589995697316745359090667228893365091400
287 191 98522103325787113928822918716571758754584495561833329501226313398460753
191 287 98522103325787113928822918716571758754584495561833329501226313398460753
287 215 1209943067613334520690361681226872711667933076250899948950938629952996
215 287 1209943067613334520690361681226872711667933076250899948950938629952996
287 239 607714987666201757203141195700864004572870265665199149524680447036
239 287 607714987666201757203141195700864004572870265665199149524680447036
287 263 -2092315809168599854425555005656002819509258753371108014707507321
263 287 -2092315809168599854425555005656002819509258753371108014707507321
287 287 273903003593603938044210225823253833259818759635390004309582
286 10 425286913131617234523570447344292332173740400486928472866816
10 286 425286913131617234523570447344292332173740400486928472866816
286 34 670018132524541633571654903092502565604722184493585227822178315249385472
34 286 670018132524541633571654903092502565604722184493585227822178315249385472
286 58 154124299405541105456089058054366389716486967039531404918084025971506455780992
58 286 154124299405541105456089058054366389716486967039531404918084025971506455780992
286 82 -229848202193368497894213358949241034640364369037653999751310777927428220322018
82 286 -229848202193368497894213358949241034640364369037653999751310777927428220322018
286 106 56457579205863657151974711113289828747600344684464563063154182544644725502070
106 286 56457579205863657151974711113289828747600344684464563063154182544644725502070
286 130 -22317325710812556794429732696996831273872805381584743971572824183262082900971
130 286 -22317325710812556794429732696996831273872805381584743971572824183262082900971
286 154 333004466376418880598367100589387978349032926185793025239782780529255040368
154 286 333004466376418880598367100589387978349032926185793025239782780529255040368
286 178 5902316335059587999643316462421399150269232619315851810779048953349995039
178 286 5902316335059587999643316462421399150269232619315851810779048953349995039
286 202 -49199033080611719693250410021073103247401342750590770508224565096748661
202 286 -49199033080611719693250410021073103247401342750590770508224565096748661
286 226 12158065782355379693213824536202674259127940584293086156514148181214
226 286 12158065782355379693213824536202674259127940584293086156514148181214
286 250 68376469403348805302979328370006859497901189191060378834746922976
250 286 68376469403348805302979328370006859497901189191060378834746922976
286 274 153811800067349319643737002338886194776371553803920482263581678
274 286 153811800067349319643737002338886194776371553803920482263581678
285 21 -639594834310619833666445527532200640675333996199842838538021115002880
21 285 -639594834310619833666445527532200640675333996199842838538021115002880
285 45 1430858803289954608578444121473386663681854314569593512801638628410488856576
45 285 1430858803289954608578444121473386663681854314569593512801638628410488856576
285 69 -2687613333325315940598784256281721054050943386700595808836334341754163553171464
69 285 -2687613333325315940598784256281721054050943386700595808836334341754163553171464
285 93 -251298784160910770176815957837528123421221745247515546149213632708132976134742
93 285 -251298784160910770176815957837528123421221745247515546149213632708132976134742
285 117 168411964208259642035076423428434401161721037868345904973845928902289440645488
117 285 168411964208259642035076423428434401161721037868345904973845928902289440645488
285 141 -7414697816622227930935189961500691915500445272139037683667731152692502882426
141 285 -7414697816622227930935189961500691915500445272139037683667731152692502882426
285 165 14433993333263639076967228782842988788746371296689475634809551461408823800
165 285 14433993333263639076967228782842988788746371296689475634809551461408823800
285 189 206632447652153813681456010554572076646128466233193247742300812857559723
189 285 206632447652153813681456010554572076646128466233193247742300812857559723
285 213 -2818791476504674958948458532036909712696951900727107340080001178275214
213 285 -2818791476504674958948458532036909712696951900727107340080001178275214
285 237 3368220171779982163179280208091991667839773348888885275946775674685
237 285 3368220171779982163179280208091991667839773348888885275946775674685
285 261 -4477663399072665038469580578681494348603565491566521595726407011
261 285 -4477663399072665038469580578681494348603565491566521595726407011
285 285 -1322297864483206051712103660645231356629532619561615230242767
284 8 987594324940424312069343790224806008424010784840708259840
8 284 987594324940424312069343790224806008424010784840708259840
284 32 -1503536235028217772522389472346140448838382631762893473564393582187773952
32 284 -1503536235028217772522389472346140448838382631762893473564393582187773952
284 56 -263739498641931696539317836954959984112528162394862562752217390019791286304768
56 284 -263739498641931696539317836954959984112528162394862562752217390019791286304768
284 80 1025605692216601913489741320298715630315751536760749190802802978371099572024984
80 284 1025605692216601913489741320298715630315751536760749190802802978371099572024984
284 104 -541194777101671717542351223169531177404378414358718559268976337689343382422986
104 284 -541194777101671717542351223169531177404378414358718559268976337689343382422986
284 128 82666756479091761014319887808058696232337265543438437998328397739341547436613
128 284 82666756479091761014319887808058696232337265543438437998328397739341547436613
284 152 -270642850414196230599720142180741296176161476612274641198499665461798923649
152 284 -270642850414196230599720142180741296176161476612274641198499665461798923649
284 176 -40316901804681793773109816780084976702615846033188550209885653483891555258
176 284 -40316901804681793773109816780084976702615846033188550209885653483891555258
284 200 397581269075581819409467006160068241643111923068912361369392502078470743
200 284 397581269075581819409467006160068241643111923068912361369392502078470743
284 224 141011888898802121031620605922178632046987670640967118597757176186776
224 284 141011888898802121031620605922178632046987670640967118597757176186776
284 248 -218627099834726124088263592568103597181611906960554082144655566159
248 284 -218627099834726124088263592568103597181611906960554082144655566159
284 272 159355002721882322999881765886427173477921169593587413229408096
272 284 159355002721882322999881765886427173477921169593587413229408096
283 19 95941232126728641526534745648671721663119013796935397033523720224768
19 283 95941232126728641526534745648671721663119013796935397033523720224768
283 43 -1937580297679342347763058435634812378402182291325706355178405811119627993088
43 283 -1937580297679342347763058435634812378402182291325706355178405811119627993088
283 67 5802194768824808183516151557259833083701909934797514810782166913485940669410144
67 283 5802194768824808183516151557259833083701909934797514810782166913485940669410144
283 91 849418017833647498994629862599361210366427190544984122455601990957454101830932
91 283 849418017833647498994629862599361210366427190544984122455601990957454101830932
283 115 -373135804692332999316856391414146432147089996594865675301502019159460207704394
115 283 -373135804692332999316856391414146432147089996594865675301502019159460207704394
283 139 -7780740441330257309770075520718304300023853150709719725205891669057232243696
139 283 -7780740441330257309770075520718304300023853150709719725205891669057232243696
283 163 731570107535510573076371203723637379993026200727823116719366370746887381832
163 283 731570107535510573076371203723637379993026200727823116719366370746887381832
283 187 -3893675605775834022530009517498559958258155627851805860991208069439819590
187 283 -3893675605775834022530009517498559958258155627851805860991208069439819590
283 211 -28515053145726104763783210161687523581795068404337900212117989875755147
211 283 -28515053145726104763783210161687523581795068404337900212117989875755147
283 235 -30129201047571951511625019236263968539434522376021929797233474919430
235 283 -30129201047571951511625019236263968539434522376021929797233474919430
283 259 98221002094189380259650401222968697439644603841662218292839555658
259 283 98221002094189380259650401222968697439644603841662218292839555658
283 283 -10978581103233933364650589827409517345600691346345614985603405
282 6 30547970474601737184511714140367218298224605891919872
6 282 30547970474601737184511714140367218298224605891919872
282 30 1119505942766197324221254590945937701301030065377791900241037203447218176
30 282 1119505942766197324221254590945937701301030065377791900241037203447218176
282 54 420622574213591010733251164399968025255541703926700509953210641861629737777408
54 282 420622574213591010733251164399968025255541703926700509953210641861629737777408
282 78 -3426377770802289666209642615568137076389159150347105143664690858462424518132980
78 282 -3426377770802289666209642615568137076389159150347105143664690858462424518132980
282 102 1711080176447354663245887441767578121352899146947006131506668842430454639332884
102 282 1711080176447354663245887441767578121352899146947006131506668842430454639332884
282 126 -92387906467814543258073356283071442495231403563331748924332487792487546625460
126 282 -92387906467814543258073356283071442495231403563331748924332487792487546625460
282 150 -2177487639127735002228928784091395089473258881598073339255626055231367711636
150 282 -2177487639127735002228928784091395089473258881598073339255626055231367711636
282 174 12167642042678085355775049245919887819002065324196387448134881356465596614
174 282 12167642042678085355775049245919887819002065324196387448134881356465596614
282 198 -343248876880075960066746989076115874104744830992448063457934685281323820
198 282 -343248876880075960066746989076115874104744830992448063457934685281323820
282 222 693576571470408934908509856747045268793822285363798676256183164222775
222 282 693576571470408934908509856747045268793822285363798676256183164222775
282 246 -683579743924086783948479559571257349926845037972749197144863999236
246 282 -683579743924086783948479559571257349926845037972749197144863999236
282 270 -6645044152678606637729210780904828916551111373117942492622153678
270 282 -6645044152678606637729210780904828916551111373117942492622153678
281 17 -4897769543250745840900346614479021042934043672440638698887990738944
17 281 -4897769543250745840900346614479021042934043672440638698887990738944
281 41 2352026602285192529741156842449230584040509345369809455809491926241075986432
41 281 2352026602285192529741156842449230584040509345369809455809491926241075986432
281 65 -11604389537649616367032303114519666167403819869595029621564333826971881338820288
65 281 -11604389537649616367032303114519666167403819869595029621564333826971881338820288
281 89 -1969509756040610730185320943054199157578952996722891583463361347628056498040376
89 281 -1969509756040610730185320943054199157578952996722891583463361347628056498040376
281 113 184553045273623385944480477050019366120681851581444694743244407981567829639468
113 281 184553045273623385944480477050019366120681851581444694743244407981567829639468
281 137 92071653200107363526638704961507779892960887761197435264548412435812254233250
137 281 92071653200107363526638704961507779892960887761197435264548412435812254233250
281 161 -2795339058839291629340429574002513616510751667679313314322951615204522539704
161 281 -2795339058839291629340429574002513616510751667679313314322951615204522539704
281 185 24936781938375702068084471925894048893123992123019408845549519400386660552
185 281 24936781938375702068084471925894048893123992123019408845549519400386660552
281 209 151518828691822294302331621541883883780845360411243994776810496471104160
209 281 151518828691822294302331621541883883780845360411243994776810496471104160
281 233 -277904310448819638349530356000100792818823788164678102431094833754547
233 281 -277904310448819638349530356000100792818823788164678102431094833754547
281 257 -105783795072879004802089607146432335032030975069624686006775867872
257 281 -105783795072879004802089607146432335032030975069624686006775867872
281 281 87487286311516237152705002620458262091168939657603550680135479
280 4 2683456673491781836504364391407010857596485632
4 280 2683456673491781836504364391407010857596485632
280 28 -795274628578531804290897084659807386928518300682196022409670759806926848
28 280 -795274628578531804290897084659807386928518300682196022409670759806926848
280 52 -604944541591046417993389886656077733244884352161285503103937947926273321064448
52 280 -604944541591046417993389886656077733244884352161285503103937947926273321064448
280 76 9814004344405236680946932053724330230948958943436460106575678952979245107143936
76 280 9814004344405236680946932053724330230948958943436460106575678952979245107143936
280 100 -2543566618003747297482968776991801644944342023375455426223920470946060806791846
100 280 -2543566618003747297482968776991801644944342023375455426223920470946060806791846
280 124 -367154017793170829572111258695852696909610015526327585217847187146591579389642
124 280 -367154017793170829572111258695852696909610015526327585217847187146591579389642
280 148 8607068641645864376360423815994765845038766285231964356553882079081439305761
148 280 8607068641645864376360423815994765845038766285231964356553882079081439305761
280 172 536581361890038377062826979133757881192816688325071439940302083137855176152
172 280 536581361890038377062826979133757881192816688325071439940302083137855176152
280 196 -7067302210149144267804986581399638968980613085096758755067357098312801241
196 280 -7067302210149144267804986581399638968980613085096758755067357098312801241
280 220 -3476870784205240621828379772081959747026641601739579117036046711445799
220 280 -3476870784205240621828379772081959747026641601739579117036046711445799
280 244 23276170511841299110923963856847963637666250152350197351710013452281
244 280 23276170511841299110923963856847963637666250152350197351710013452281
280 268 16413200675202582489880257191787052788922174465451377742502862986
268 280 16413200675202582489880257191787052788922174465451377742502862986
279 15 253117541985288904007171747833166917381807934167035419189275787264
15 279 253117541985288904007171747833166917381807934167035419189275787264
279 39 -2682888848009261285615392189468849682150327428338668234451894444190524899328
39 279 -2682888848009261285615392189468849682150327428338668234451894444190524899328
279 63 21500906666602527524790274050253768432407547093604766470690674734033308425371712
63 279 21500906666602527524790274050253768432407547093604766470690674734033308425371712
279 87 3074151195591008438813488543669790305839668522319264275483077953560376501402552
87 279 3074151195591008438813488543669790305839668522319264275483077953560376501402552
279 111 2313586987161169964701019066130878838198994375854008822562648423632901239533100
111 279 2313586987161169964701019066130878838198994375854008822562648423632901239533100
279 135 -250282133827804665285080223805066723484167656961914158338598899379671060109712
135 279 -250282133827804665285080223805066723484167656961914158338598899379671060109712
279 159 272871635852530014708816047321908026441312181274280316397908051419047801840
159 279 272871635852530014708816047321908026441312181274280316397908051419047801840
279 183 -55969762813763674578621557910237175504191078131015436962718514623113811816
183 279 -55969762813763674578621557910237175504191078131015436962718514623113811816
279 207 236254825122284214864270196384249872182582658101919161807341509173622440
207 279 236254825122284214864270196384249872182582658101919161807341509173622440
279 231 1796871221026930454971141820712054901311397169187371199924923458608386
231 279 1796871221026930454971141820712054901311397169187371199924923458608386
279 255 -2969977091377354588244322457044825665332336597683915056112890083708
255 279 -2969977091377354588244322457044825665332336597683915056112890083708
279 279 52458027957465627122867765740921185222158582134021530393047033
278 2 9778897701052444133934179377217536
2 278 9778897701052444133934179377217536
278 26 578304031224701766040118503456166185788774740104463906804182721243381760
26 278 578304031224701766040118503456166185788774740104463906804182721243381760
278 50 762692184630161698030239802926711658678104514434105826655217547243355742660608
50 278 762692184630161698030239802926711658678104514434105826655217547243355742660608
278 74 -25342237817305092828761161059497424076489717331597898751340439944095752686043168
74 278 -25342237817305092828761161059497424076489717331597898751340439944095752686043168
278 98 -2289235967421416358431636079459155584783119299696697727945161035462671972008952
98 278 -2289235967421416358431636079459155584783119299696697727945161035462671972008952
278 122 1961968629961718280319974744059847267922074851806576628274337245608841116490284
122 278 1961968629961718280319974744059847267922074851806576628274337245608841116490284
278 146 673948854423964874134561449175235202353779911165796171796432543877768595337
146 278 673948854423964874134561449175235202353779911165796171796432543877768595337
278 170 -1570657795046063769592072953656975791855993609902996691779226228890025124632
170 278 -1570657795046063769592072953656975791855993609902996691779226228890025124632
278 194 32885449923153759133693213403706822726902220076446939829223866174624660132
194 278 32885449923153759133693213403706822726902220076446939829223866174624660132
278 218 -59711077516611345462558755196834502218280023911760436283131968509986078
218 278 -59711077516611345462558755196834502218280023911760436283131968509986078
278 242 -99207706482084608498013278147405307248846976100831588534119485459383
242 278 -99207706482084608498013278147405307248846976100831588534119485459383
278 266 173972787033632173938853900035227514913112318205448196852702724412
266 278 173972787033632173938853900035227514913112318205448196852702724412
277 13 -18317596550802639851810038907178567923160441164593547003721416704
13 277 -18317596550802639851810038907178567923160441164593547003721416704
277 37 2736927368049347266511478555459779455642085058794491243543010249709319618560
37 277 2736927368049347266511478555459779455642085058794491243543010249709319618560
277 61 -36605747630635655949478616302087528471133917132365537960119084669819398675955968
61 277 -36605747630635655949478616302087528471133917132365537960119084669819398675955968
277 85 1030471767398019442699277240699851419298036653324293436789422689538798602533312
85 277 1030471767398019442699277240699851419298036653324293436789422689538798602533312
277 109 -10695914595526462203950269396813254904551550729497286764592967066366925869630424
109 277 -10695914595526462203950269396813254904551550729497286764592967066366925869630424
277 133 156373291735561278967086886214813807314891445731494418457911072967386671937142
133 277 156373291735561278967086886214813807314891445731494418457911072967386671937142
277 157 27085776648484424498153894556175971380213489828688295888152729120039737645120
157 277 27085776648484424498153894556175971380213489828688295888152729120039737645120
277 181 -186804129791155303326728985601103511373456409915404915788474663558055578608
181 277 -186804129791155303326728985601103511373456409915404915788474663558055578608
277 205 -4042657874138401461222183227497197068382490177223431864140973525838907968
205 277 -4042657874138401461222183227497197068382490177223431864140973525838907968
277 229 6828439135509833194010135754050628935803453202203812917922568543627039
229 277 6828439135509833194010135754050628935803453202203812917922568543627039
277 253 12509075527602594067827049056373292907677783878544719566877853643850
253 277 12509075527602594067827049056373292907677783878544719566877853643850
277 277 -3656197333806303529371396118271296248008535949100313217229123178
276 24 -523848655231861012822370221116761340620862042677763298356180541444718592
24 276 -523848655231861012822370221116761340620862042677763298356180541444718592
276 48 -849334785658820249347001220232434927519043104638905945616678625372999957069824
48 276 -849334785658820249347001220232434927519043104638905945616678625372999957069824
276 72 55844159611633923885224771972338518925389116510543047971695041998730855608932556
72 276 55844159611633923885224771972338518925389116510543047971695041998730855608932556
276 96 24377753302958354503740989374198010364561416853708340417703146451174413721095126
96 276 24377753302958354503740989374198010364561416853708340417703146451174413721095126
276 120 -4323278768448388813864218615884566565516554215866557706559774128288744903912591
120 276 -4323278768448388813864218615884566565516554215866557706559774128288744903912591
276 144 -97883915576657186414936907182281980914269066797868989034386965038883903954726
144 276 -97883915576657186414936907182281980914269066797868989034386965038883903954726
276 168 -1142012414570703425629159249097689287959245863645831025009643304470662913934
168 276 -1142012414570703425629159249097689287959245863645831025009643304470662913934
276 192 -2944290288122528920079954439738182322336047503333407748552293746528765639
192 276 -2944290288122528920079954439738182322336047503333407748552293746528765639
276 216 370363734068979357507206685058270157541186684225502097400528093537226081
216 276 370363734068979357507206685058270157541186684225502097400528093537226081
276 240 -513649541800110837271570344622920786338794857596706057457316437019170
240 276 -513649541800110837271570344622920786338794857596706057457316437019170
276 264 -1034614740581450134416433567562712718352452044678754089188359019232
264 276 -1034614740581450134416433567562712718352452044678754089188359019232
275 11 1173335088266218744816559114767715969296197229612780498500714496
11 275 1173335088266218744816559114767715969296197229612780498500714496
275 35 -2420195728891155753489408322812742575646475100423050969813707399184733175808
35 275 -2420195728891155753489408322812742575646475100423050969813707399184733175808
275 59 57647237957075062505627259084741779570004250447619008571133773412720318193639424
59 275 57647237957075062505627259084741779570004250447619008571133773412720318193639424
275 83 -28892737666770638708556440684677562899529384535550651068029518554446073614834892
83 275 -28892737666770638708556440684677562899529384535550651068029518554446073614834892
275 107 24280414444784833075416965760039241176290750878800547028677802450000653046111208
107 275 24280414444784833075416965760039241176290750878800547028677802450000653046111208
275 131 1231952840200187648603571805940921521318975660046111926538948172254394261077945
131 275 1231952840200187648603571805940921521318975660046111926538948172254394261077945
275 155 -79928612128786674776768712340954939442151340249016314071010802744462799171480
155 275 -79928612128786674776768712340954939442151340249016314071010802744462799171480
275 179 1548514537537678452911004372528514607533972094633908536291299309905448018758
179 275 1548514537537678452911004372528514607533972094633908536291299309905448018758
275 203 8249257377618556204584708394216594568619462211399849938323771955840854108
203 275 8249257377618556204584708394216594568619462211399849938323771955840854108
275 227 -71475903611429633464071623507132162988585922774099134634271983153399715
227 275 -71475903611429633464071623507132162988585922774099134634271983153399715
275 251 45600001958413624527367649497931131071985654263645811991504925898748
251 275 45600001958413624527367649497931131071985654263645811991504925898748
275 275 12398046557994445547864205842883745054407963500925685624898704738
274 22 300752251893061904542224889174040684940026654421284442918452676651909120
22 274 300752251893061904542224889174040684940026654421284442918452676651909120
274 46 831291885624112237201932508782995513247451968777873428697146629228523644256256
46 274 831291885624112237201932508782995513247451968777873428697146629228523644256256
274 70 -101368951269220371315044644237989696305958869326391595005361759776383010744172672
70 274 -101368951269220371315044644237989696305958869326391595005361759776383010744172672
274 94 -77933449853327784305019701200599611504357118246709536984676112292921498860180882
94 274 -77933449853327784305019701200599611504357118246709536984676112292921498860180882
274 118 2831001531010434680036413978216315983940622758524927189789766176135934493660314
118 274 2831001531010434680036413978216315983940622758524927189789766176135934493660314
274 142 294734788360669669852829814764579591033138330672453641380063858211362894489776
142 274 294734788360669669852829814764579591033138330672453641380063858211362894489776
274 166 16930652327096714905384789009619541094145074485761018976457673381870067353292
166 274 16930652327096714905384789009619541094145074485761018976457673381870067353292
274 190 -485241260857741176310847531647780564278458710980925466869717048982823746549
190 274 -485241260857741176310847531647780564278458710980925466869717048982823746549
274 214 588552155740361081765258364171091006058165769373138969671463060823615761
214 274 588552155740361081765258364171091006058165769373138969671463060823615761
274 238 5072549328834596394418551407435215776585402534380961697869087020454966
238 274 5072549328834596394418551407435215776585402534380961697869087020454966
274 262 -1787287553228797006152178589160711307613687452263754343238478856955
262 274 -1787287553228797006152178589160711307613687452263754343238478856955
273 9 -2434282405645525790539272997582870007143634752976506866106368
9 273 -2434282405645525790539272997582870007143634752976506866106368
273 33 1748785764164640990221901852234915490156230842101928482943754109053543907328
33 273 1748785764164640990221901852234915490156230842101928482943754109053543907328
273 57 -85325095296722324199127311699804511216168009986938488452312474033621733523486720
57 273 -85325095296722324199127311699804511216168009986938488452312474033621733523486720
273 81 113824643559459628693585522762195534386968564907450419775966612271547986962472540
81 273 113824643559459628693585522762195534386968564907450419775966612271547986962472540
273 105 -23783445676830654880580820810623400322870625242512804263146555664523515451668884
105 273 -23783445676830654880580820810623400322870625242512804263146555664523515451668884
273 129 -5318545057031337824867732621944933355940469827102635591497538973372209553223801
129 273 -5318545057031337824867732621944933355940469827102635591497538973372209553223801
273 153 29796424729656425530449283912760437346103839049336171363523520142427474389931
153 273 29796424729656425530449283912760437346103839049336171363523520142427474389931
273 177 -3488144525234505438854709437727130915102649611975994262401617280691045039986
177 273 -3488144525234505438854709437727130915102649611975994262401617280691045039986
273 201 44886305018660909165642977982613362682448855792387264757312055482157083948
201 273 44886305018660909165642977982613362682448855792387264757312055482157083948
273 225 -12380584516836400355663695163477416676380224509282215573904774985022373
225 273 -12380584516836400355663695163477416676380224509282215573904774985022373
273 249 -472568262235160412921534103451615300975610939721649004075333344820308
249 273 -472568262235160412921534103451615300975610939721649004075333344820308
273 273 73896950848875636803684591611953154629378690062612218699410385283
272 20 -51713539682461639842010393203806602373517181366238291702377480686927872
20 272 -51713539682461639842010393203806602373517181366238291702377480686927872
272 44 -691668965430836773148087140136425110239355844360013440295419329650771242516480
44 272 -691668965430836773148087140136425110239355844360013440295419329650771242516480
272 68 157024069510483786895150912859589283695183343094983361705210863247667921714302976
68 272 157024069510483786895150912859589283695183343094983361705210863247667921714302976
272 92 150854727193136792949327096071355075920250293785096373477454224359631807872291288
92 272 150854727193136792949327096071355075920250293785096373477454224359631807872291288
272 116 17105755550644062246616083870113259784053929439936835399962224669897204350968300
116 272 17105755550644062246616083870113259784053929439936835399962224669897204350968300
272 140 18629313884255862433782425337290076866088622521688960702613679751975927806111
140 272 18629313884255862433782425337290076866088622521688960702613679751975927806111
272 164 -39301014493292981232161207068850535517615789139866503261967191863108303703584
164 272 -39301014493292981232161207068850535517615789139866503261967191863108303703584
272 188 1692684285677319570422222909339034268211238492048910932916689609458368476218
188 272 1692684285677319570422222909339034268211238492048910932916689609458368476218
272 212 -10985966328700782077435444923509690654494995441279056948362202336950529348
212 272 -10985966328700782077435444923509690654494995441279056948362202336950529348
272 236 -1934468713636247035381223474177754475202363565946017816011556280801978
236 272 -1934468713636247035381223474177754475202363565946017816011556280801978
272 260 32716630512135148177121805082697471920183334367971431707928322764292
260 272 32716630512135148177121805082697471920183334367971431707928322764292
271 7 11043081666223333700459660131237714279330970871962894598144
7 271 11043081666223333700459660131237714279330970871962894598144
271 31 -890145485732412671537404117629885516894997908494831922369420574499958423552
31 271 -890145485732412671537404117629885516894997908494831922369420574499958423552
271 55 119068661497515273643520531640490102974816833649256531324068407745167758759550976
55 271 119068661497515273643520531640490102974816833649256531324068407745167758759550976
271 79 -291494906798852121698064686018186119366202948825941562529075388563093297828766480
79 271 -291494906798852121698064686018186119366202948825941562529075388563093297828766480
271 103 -45205724585896320153773898085442311160637742622871327896343262625460102844467870
103 271 -45205724585896320153773898085442311160637742622871327896343262625460102844467870
271 127 10761463588161090893735161876550912505820119816700291744120401017834412154900700
127 271 10761463588161090893735161876550912505820119816700291744120401017834412154900700
271 151 430711963175406408714819356155596872185047546373210185695606497420303785838105
151 271 430711963175406408714819356155596872185047546373210185695606497420303785838105
271 175 -3616907398980602118710130801097135387335948660138045091649465882712065318740
175 271 -3616907398980602118710130801097135387335948660138045091649465882712065318740
271 199 -260694684645799830998754362733737953221264825938262513725498011277230151157
199 271 -260694684645799830998754362733737953221264825938262513725498011277230151157
271 223 1740087200750855100147779971773306458254180799472403386019147686573096876
223 271 1740087200750855100147779971773306458254180799472403386019147686573096876
271 247 329431374998314277596860991842669614003067149708571071634387086266835
247 271 329431374998314277596860991842669614003067149708571071634387086266835
271 271 -634575519487116303686935922474304064424375631709508893654709736567
270 18 2356587811224189070266091122909851507871234154713061708822147783196672
18 270 2356587811224189070266091122909851507871234154713061708822147783196672
270 42 463793268277589179351117813666445134946433076718294668154265749776776043692032
42 270 463793268277589179351117813666445134946433076718294668154265749776776043692032
270 66 -219288177331346538637417127396360772888906185622214729194540214941595169160510720
66 270 -219288177331346538637417127396360772888906185622214729194540214941595169160510720
270 90 -95668226329206481196477472738188572415393448898124329666563419968364560767277780
90 270 -95668226329206481196477472738188572415393448898124329666563419968364560767277780
270 114 -83437666529014199910799391369141649823108175278479203421319543652532687905150564
114 270 -83437666529014199910799391369141649823108175278479203421319543652532687905150564
270 138 -2585252036921749941709269111212416232964458244095884818324928695697759512592922
138 270 -2585252036921749941709269111212416232964458244095884818324928695697759512592922
270 162 -17951402522677324772081999579609032537089591023847005536440580319348492609664
162 270 -17951402522677324772081999579609032537089591023847005536440580319348492609664
270 186 271311978751947721429395809661399177818797940628450900312661233699642521606
186 270 271311978751947721429395809661399177818797940628450900312661233699642521606
270 210 24549505728820846945082527448589471368243287727261532618217136935169249244
210 270 24549505728820846945082527448589471368243287727261532618217136935169249244
270 234 -121510940390998913935436555764169533457900128163830343774055263364554799
234 270 -121510940390998913935436555764169533457900128163830343774055263364554799
270 258 -52278070403851159270720172129845689227098455488819097458200588672244
258 270 -52278070403851159270720172129845689227098455488819097458200588672244
269 5 -38373431944808281915512173347083306945055716343283712
5 269 -38373431944808281915512173347083306945055716343283712
269 29 291231355021623408339041931582132351616052507144204908556959954706465030144
29 269 291231355021623408339041931582132351616052507144204908556959954706465030144
269 53 -156622226804672081086587626157348480263479496559791037858184462296800535387455488
53 269 -156622226804672081086587626157348480263479496559791037858184462296800535387455488
269 77 582989813597704243396129372036372238732405897651883125058150777126186595657532960
77 269 582989813597704243396129372036372238732405897651883125058150777126186595657532960
269 101 316784322206058200777334440559968321741655279238445421973750667663701565277102116
101 269 316784322206058200777334440559968321741655279238445421973750667663701565277102116
269 125 -2783154963053200550570036863021441574017379768671721905110091414654510474850172
125 269 -2783154963053200550570036863021441574017379768671721905110091414654510474850172
269 149 -1491968922534343399503464585515842010217186516766083315385522990423775352931388
149 269 -1491968922534343399503464585515842010217186516766083315385522990423775352931388
269 173 46317801940072751010678215726429622635788594806642931485678406510892785280372
173 269 46317801940072751010678215726429622635788594806642931485678406510892785280372
269 197 149321379213319776574816227926696476869517611663458827912137125329715410226
197 269 149321379213319776574816227926696476869517611663458827912137125329715410226
269 221 -4785851294647511774864264746090798903334513109705159020369143037730261428
221 269 -4785851294647511774864264746090798903334513109705159020369143037730261428
269 245 9601622925343976650164406504247639945676880480307527290851614902429454
245 269 9601622925343976650164406504247639945676880480307527290851614902429454
269 269 341613715734223690475687684207013512412256326589694345171851473927
268 16 389206231348135183055602826083047646747706339588769608388461448921088
16 268 389206231348135183055602826083047646747706339588769608388461448921088
268 40 -218038286452826556238529338737927799438848764662293086328574871017676569837568
40 268 -218038286452826556238529338737927799438848764662293086328574871017676569837568
268 64 262555057207450089853373777996471201360832393410751792845517562463001490438395904
64 268 262555057207450089853373777996471201360832393410751792845517562463001490438395904
268 88 -504389235768784251890172506645537490689737272920866194122764086248443498251754240
88 268 -504389235768784251890172506645537490689737272920866194122764086248443498251754240
268 112 197711788238328434077283261847363942184327111906014390175930805404512348675771244
112 268 197711788238328434077283261847363942184327111906014390175930805404512348675771244
268 136 7210754973377852404445749466986861651613639419252306796522823504695147855656382
136 268 7210754973377852404445749466986861651613639419252306796522823504695147855656382
268 160 348049511793814177200563120757944247522179025916526186314312104394631204343644
160 268 348049511793814177200563120757944247522179025916526186314312104394631204343644
268 184 -18532618406462311184529590956995347124454458456390383651284951577127674552984
184 268 -18532618406462311184529590956995347124454458456390383651284951577127674552984
268 208 97564076173255626321520467495859940604125638414793564016306034890214535550
208 268 97564076173255626321520467495859940604125638414793564016306034890214535550
268 232 435869909937299418267404808182064330715570977152406282148603970744286275
232 268 435869909937299418267404808182064330715570977152406282148603970744286275
268 256 -600101923275239390205721123733492590527065574850923888650268539397075
256 268 -600101923275239390205721123733492590527065574850923888650268539397075
267 3 26791233857300365270956987128624626937102336
3 267 26791233857300365270956987128624626937102336
267 27 -136946521526295758334858614995039622900771980971320520179672458827447402496
27 267 -136946521526295758334858614995039622900771980971320520179672458827447402496
267 51 195686067106860338371467543014724791779351242949168006624654482266407754223190016
51 267 195686067106860338371467543014724791779351242949168006624654482266407754223190016
267 75 -910597148475677029548684182097564275095748519259603358207732898172383895699780320
75 267 -910597148475677029548684182097564275095748519259603358207732898172383895699780320
267 99 -988100021372005672224404953159764149811789021970820253240056166825880979320810596
99 267 -988100021372005672224404953159764149811789021970820253240056166825880979320810596
267 123 -57761728623407807393538990270586590017916434995669748571630548036817224728009288
123 267 -57761728623407807393538990270586590017916434995669748571630548036817224728009288
267 147 2418468526682826377217481825314343738189793313950674777340478775748205007673098
147 267 2418468526682826377217481825314343738189793313950674777340478775748205007673098
267 171 -133555252147839641206901259665005838023887211512051864654870929348604017617248
171 267 -133555252147839641206901259665005838023887211512051864654870929348604017617248
267 195 2593093159598613141317116854868650822533602496207503790601478719273517845490
195 267 2593093159598613141317116854868650822533602496207503790601478719273517845490
267 219 -15979934319087377651193998356592227396873664053496490323917217667511581858
219 267 -15979934319087377651193998356592227396873664053496490323917217667511581858
267 243 -36253445203598972538700636284361881086679869536105931599415121571087607
243 267 -36253445203598972538700636284361881086679869536105931599415121571087607
267 267 14937667389702037909039259921922185244302630532518486460357399586764
266 14 -1349550334209039035353273488051725869689958842406676759835733655552
14 266 -1349550334209039035353273488051725869689958842406676759835733655552
266 38 51216840813836096461888129993149772836355954389078894049295499566453417312256
38 266 51216840813836096461888129993149772836355954389078894049295499566453417312256
266 62 -235364559046009341843674479564022819471733113894557695745342236597686497609746432
62 266 -235364559046009341843674479564022819471733113894557695745342236597686497609746432
266 86 2227490372779910104771074435455697940429477306745241017232570733442171548754556128
86 266 2227490372779910104771074435455697940429477306745241017232570733442171548754556128
266 110 -168868798734228825899309851704094865927031158203003637071026309144867897615679536
110 266 -168868798734228825899309851704094865927031158203003637071026309144867897615679536
266 134 -6797077072860631495104998858377915869488704068834567343939712445471857349995644
134 266 -6797077072860631495104998858377915869488704068834567343939712445471857349995644
266 158 -786642672668369530118088906833045972547521980031490602370376143022861148549992
158 266 -786642672668369530118088906833045972547521980031490602370376143022861148549992
266 182 54598390732432275818490748401440990227305047956075355197582970501218694571720
182 266 54598390732432275818490748401440990227305047956075355197582970501218694571720
266 206 -627569553512278286870941560269703296664842738086767492493005617934790281670
206 266 -627569553512278286870941560269703296664842738086767492493005617934790281670
266 230 958781634947424257071084729350698916605334171830760156987508629224517744
230 266 958781634947424257071084729350698916605334171830760156987508629224517744
266 254 2837986754772373612324483500103130219476245255961727722639531358669482
254 266 2837986754772373612324483500103130219476245255961727722639531358669482
265 1 -621220723847697228705562624
1 265 -621220723847697228705562624
265 25 118966893871073135094839260116341397599906990521780745549882478079772721152
25 265 118966893871073135094839260116341397599906990521780745549882478079772721152
265 49 -232005126843143341512807122640818517501068527868453882631821944779271918425473024
49 265 -232005126843143341512807122640818517501068527868453882631821944779271918425473024
265 73 924567605336660438673806101909682012784940305137620834176944593742274355674716544
73 265 924567605336660438673806101909682012784940305137620834176944593742274355674716544
265 97 1632183079552084118863430683781446346668021410601006507028884282188756811481729216
97 265 1632183079552084118863430683781446346668021410601006507028884282188756811481729216
265 121 188101023462146640922852669747287943605795777915408158486848185587661129524666756
121 265 188101023462146640922852669747287943605795777915408158486848185587661129524666756
265 145 661747862049240916196381111094208868914590343432591364888478264298883571918172
145 265 661747862049240916196381111094208868914590343432591364888478264298883571918172
265 169 59779850170182382223587738529201809563516746522641024414420400417643851853300
169 265 59779850170182382223587738529201809563516746522641024414420400417643851853300
265 193 -8861073498354947573581858870302205313599450885212473010728775170821352608144
193 265 -8861073498354947573581858870302205313599450885212473010728775170821352608144
265 217 121394502090469996407302840449989006860537096907017065023932154742813653804
217 265 121394502090469996407302840449989006860537096907017065023932154742813653804
265 241 -74732143346068297786925394437947612174792299153352408538782460079577381
241 265 -74732143346068297786925394437947612174792299153352408538782460079577381
265 265 -60602526013076424967819777478256965747700630154831772857750306304257
264 12 1365000389488593120955935478733250857927023631446213657377950924800
12 264 1365000389488593120955935478733250857927023631446213657377950924800
264 36 11059447929170954928054988873548123985498536018674042410723673213894496616448
36 264 11059447929170954928054988873548123985498536018674042410723673213894496616448
264 60 192918738292935064556201316340682385458087476996625631015460173327851851231485952
60 264 192918738292935064556201316340682385458087476996625631015460173327851851231485952
264 84 -5372909852201989632423348791612377894074687325419628378230254159550947034358132724
84 264 -5372909852201989632423348791612377894074687325419628378230254159550947034358132724
264 108 -608249355400541736172258466485672665918539617146908635510215005482592133693475148
108 264 -608249355400541736172258466485672665918539617146908635510215005482592133693475148
264 132 -2125865604548777497935313199906908696983429360307745137329070087171436087202355
132 264 -2125865604548777497935313199906908696983429360307745137329070087171436087202355
264 156 -270018197303460556271290460522261106707128013038927014257079058978550504895676
156 264 -270018197303460556271290460522261106707128013038927014257079058978550504895676
264 180 -16145078500103318499564790119438884099105354876809623563454762487532641783134
180 264 -16145078500103318499564790119438884099105354876809623563454762487532641783134
264 204 807219752508613866601068687976292997715335225226068499824795619021453254488
204 264 807219752508613866601068687976292997715335225226068499824795619021453254488
264 228 -10774329354043462465121954909018488294144482318384131955101318185092442607
228 264 -10774329354043462465121954909018488294144482318384131955101318185092442607
264 252 3922000803956811329118397238913450121329160964844023905524946964495801
252 264 3922000803956811329118397238913450121329160964844023905524946964495801
263 23 -53715900011026045096254745717911570829702575992491267011379338139033141248
23 263 -53715900011026045096254745717911570829702575992491267011379338139033141248
263 47 254998022353322557632964332437050483044523767845701080148998439019262870869245952
47 263 254998022353322557632964332437050483044523767845701080148998439019262870869245952
263 71 -131900386226946488665507486809580981670148691625509559909046104260966221124263936
71 263 -131900386226946488665507486809580981670148691625509559909046104260966221124263936
263 95 23485484745105925444808092388901810997014915370272618098751525011098396862251592
95 263 23485484745105925444808092388901810997014915370272618098751525011098396862251592
263 119 -314950961154254073774984623165592504064491111391604412354136619968369236697288052
119 263 -314950961154254073774984623165592504064491111391604412354136619968369236697288052
263 143 -18730529432062842767311719202678440525973036025003460636618351807217458051518052
143 263 -18730529432062842767311719202678440525973036025003460636618351807217458051518052
263 167 883136892997265987959953313504126499302084885241349361177149848140833919318820
167 263 883136892997265987959953313504126499302084885241349361177149848140833919318820
263 191 3521947895437072962324385862631467666400945141535784028525120630528830708968
191 263 3521947895437072962324385862631467666400945141535784028525120630528830708968
263 215 -173756850038171172415515582258029882657395569633063004548085043481421375936
215 263 -173756850038171172415515582258029882657395569633063004548085043481421375936
263 239 881445767152761089663878965624182006664268972105359119851815419237026262
239 263 881445767152761089663878965624182006664268972105359119851815419237026262
263 263 -117372988046225375044483737962673691910398803325595088394481804886251
262 10 -13130049879087088705205228786293067110223132577731349785278939136
10 262 -13130049879087088705205228786293067110223132577731349785278939136
262 34 -32715780876409426824197683430366707928273644332895712888739613283425697398784
34 262 -32715780876409426824197683430366707928273644332895712888739613283425697398784
262 58 -379328708945731059072082704045009436765844841099317459537651115732502095394111488
58 262 -379328708945731059072082704045009436765844841099317459537651115732502095394111488
262 82 8909961491119640419084297741822791761717909226980964068930282933768686195018224512
82 262 8909961491119640419084297741822791761717909226980964068930282933768686195018224512
262 106 2860333433845562043435785528597072039822632006360453280356339137351310998057107306
106 262 2860333433845562043435785528597072039822632006360453280356339137351310998057107306
262 130 55019840882945126173921823601895810777592409891201970311931400588738960578507854
130 262 55019840882945126173921823601895810777592409891201970311931400588738960578507854
262 154 4632522723612063032472196422486957266383043957158231590121905288173058880924032
154 262 4632522723612063032472196422486957266383043957158231590121905288173058880924032
262 178 -359066526363275629002587963935639536761509109500073733011658349757648911393932
178 262 -359066526363275629002587963935639536761509109500073733011658349757648911393932
262 202 3586733094357547424613421691668305481740840654779830748372685343421867347965
202 262 3586733094357547424613421691668305481740840654779830748372685343421867347965
262 226 21732591266934877070866682025978260352012103331056256096754755301172388099
226 262 21732591266934877070866682025978260352012103331056256096754755301172388099
262 250 -64485424932749690112765986832348211678158201684660982727944172316197164
250 262 -64485424932749690112765986832348211678158201684660982727944172316197164
261 21 8919703373227811665004273664274372646985288452918692505808300553132834816
21 261 8919703373227811665004273664274372646985288452918692505808300553132834816
261 45 -249351989880348051730781558855207812651431757610028510343864495700818657061896192
45 261 -249351989880348051730781558855207812651431757610028510343864495700818657061896192
261 69 -1573965412142596320672506134358932636589910283427463309047335912222912768718106624
69 261 -1573965412142596320672506134358932636589910283427463309047335912222912768718106624
261 93 -7068076489061256990499299352728013391210602662450930465501064434456462196603764296
93 261 -7068076489061256990499299352728013391210602662450930465501064434456462196603764296
261 117 285655318190995020205995937364057332173491047177289279398870486475630397811577492
117 261 285655318190995020205995937364057332173491047177289279398870486475630397811577492
261 141 59410170064942568332954195549278596116391556626581065176722816397081781793237980
141 261 59410170064942568332954195549278596116391556626581065176722816397081781793237980
261 165 -3179465800480348663834105066236770041657915694459213339143978958023632126233412
165 261 -3179465800480348663834105066236770041657915694459213339143978958023632126233412
261 189 60508304031153492633153927005485539866142711588917379591188413415854024215560
189 261 60508304031153492633153927005485539866142711588917379591188413415854024215560
261 213 -854713212049815854316410833407563875018938477067152782780749136492688360472
213 261 -854713212049815854316410833407563875018938477067152782780749136492688360472
261 237 -1494426543375399822126402304404208485859310590541016545936210293731997968
237 261 -1494426543375399822126402304404208485859310590541016545936210293731997968
261 261 1625022433869550863635323324686790934527264290143807033951272433112283
260 8 51448552721598069465900419337447917741120890648795757848559616
8 260 51448552721598069465900419337447917741120890648795757848559616
260 32 51046504169864037731866285144080617530498149707308689868643789174541306036224
32 260 51046504169864037731866285144080617530498149707308689868643789174541306036224
260 56 1077551369225217601061228030965429245364100046895226139272266763376415871891800064
56 260 1077551369225217601061228030965429245364100046895226139272266763376415871891800064
260 80 -8070227772300548030242760106328599851035796366733859105964225379975095972028067840
80 260 -8070227772300548030242760106328599851035796366733859105964225379975095972028067840
260 104 -6040515251039727629703263663381583328259308880621140253624844099641430287483876632
104 260 -6040515251039727629703263663381583328259308880621140253624844099641430287483876632
260 128 -329413821670257632397001882168330562736079021149993695504767526772128745727562100
128 260 -329413821670257632397001882168330562736079021149993695504767526772128745727562100
260 152 -8166337283780732057515229226236769780980581121969555385824211142500119232104385
152 260 -8166337283780732057515229226236769780980581121969555385824211142500119232104385
260 176 1295966764238291779931690990030569009599456874528775213396342221646794645407280
176 260 1295966764238291779931690990030569009599456874528775213396342221646794645407280
260 200 -18632478127303740255316347804005704519264989706788582054909885684424281868550
200 260 -18632478127303740255316347804005704519264989706788582054909885684424281868550
260 224 75291307783883537581769199193468924037147014856026917404678937449367976926
224 260 75291307783883537581769199193468924037147014856026917404678937449367976926
260 248 114549737652126471201323114335717325132955530863435685222158010098882095
248 260 114549737652126471201323114335717325132955530863435685222158010098882095
259 19 -725770514890328126715208865473014390541006806215323100447874132605927424
19 259 -725770514890328126715208865473014390541006806215323100447874132605927424
259 43 205588947776205607158557111936601274680494300846316701946708465116460478994841600
43 259 205588947776205607158557111936601274680494300846316701946708465116460478994841600
259 67 4033555980371170775419537291374999874721695737288481962932964039942259707986690048
67 259 4033555980371170775419537291374999874721695737288481962932964039942259707986690048
259 91 20744268764228534024708817438875428975669141578282952884946449095260125483276959328
91 259 20744268764228534024708817438875428975669141578282952884946449095260125483276959328
259 115 990413013557517154229215096602101497554790010834829514307071559279523594203526664
115 259 990413013557517154229215096602101497554790010834829514307071559279523594203526664
259 139 -92636192407607399059152223496836700795406218601901036086463914906494363971758006
139 259 -92636192407607399059152223496836700795406218601901036086463914906494363971758006
259 163 4212385980735226134287433818460130822062212523250634399282538618479371000615560
163 259 4212385980735226134287433818460130822062212523250634399282538618479371000615560
259 187 -244384650478647804383328258250904800581043194289568199252080878820355907891520
187 259 -244384650478647804383328258250904800581043194289568199252080878820355907891520
259 211 4735373487126077185517372868910307947627511841579805870084137207000797000824
211 259 4735373487126077185517372868910307947627511841579805870084137207000797000824
259 235 -8597951374663502630928243574189905038449870872956368898688582017293124763
235 259 -8597951374663502630928243574189905038449870872956368898688582017293124763
259 259 -3313485523920804280327478294842630648172402424088880789287808233093398
258 6 16543044248905089370611872967656257103598928745383948451840
6 258 16543044248905089370611872967656257103598928745383948451840
258 30 -56313137800505750273389406348721784174332588228704019434831624659327413911552
30 258 -56313137800505750273389406348721784174332588228704019434831624659327413911552
258 54 -2541835553828759794323078304559883449260134291415140125049901133558175506979880960
54 258 -2541835553828759794323078304559883449260134291415140125049901133558175506979880960
258 78 -6122766485069214796574558255244068634585180729479957098660058877975331889105777920
78 258 -6122766485069214796574558255244068634585180729479957098660058877975331889105777920
258 102 6464628277044174024736311593057299333321781458845687085993747318651194523382394436
102 258 6464628277044174024736311593057299333321781458845687085993747318651194523382394436
258 126 658143909979356151800130756521972031804337392664792084380850748127746734660582676
126 258 658143909979356151800130756521972031804337392664792084380850748127746734660582676
258 150 431571023339322185593765814079234370357306002377158700980021725722505985414922
150 258 431571023339322185593765814079234370357306002377158700980021725722505985414922
258 174 -1981272541111145737821182669124274508396828360774065235682730387862681220273072
174 258 -1981272541111145737821182669124274508396828360774065235682730387862681220273072
258 198 36683759587075528903261867454792837160958619852191599971792106258165418592962
198 258 36683759587075528903261867454792837160958619852191599971792106258165418592962
258 222 -538952959364687086743376005282088629007650523719385527865956178978763316072
222 258 -538952959364687086743376005282088629007650523719385527865956178978763316072
258 246 724574173585067766822783629036217832786815278080782737564473916411502657
246 258 724574173585067766822783629036217832786815278080782737564473916411502657
257 17 -149859646640190182443309226340554116728368496412391941444834427500756992
17 257 -149859646640190182443309226340554116728368496412391941444834427500756992
257 41 -132297500020542812051211705256352611731063709563583330858154246815877405844963328
41 257 -132297500020542812051211705256352611731063709563583330858154246815877405844963328
257 65 -6958432402093240311764007834413967035321771544944509931156291509923464002198994944
65 257 -6958432402093240311764007834413967035321771544944509931156291509923464002198994944
257 89 -41488537528457068049417634877750857951338283156565905769892898190520250966553918656
89 257 -41488537528457068049417634877750857951338283156565905769892898190520250966553918656
257 113 -5981226960952837918731312758072733110505614193462432691813330919011054048745877168
113 257 -5981226960952837918731312758072733110505614193462432691813330919011054048745877168
257 137 33386368326483355407206564298804241658160337189187043169721585231161949799215828
137 257 33386368326483355407206564298804241658160337189187043169721585231161949799215828
257 161 6341300612126698184141055659512451434587414012348993437589088406875191080813344
161 257 6341300612126698184141055659512451434587414012348993437589088406875191080813344
257 185 402941380343632206263783714247592404899387179762356119662209168177095087794840
185 257 402941380343632206263783714247592404899387179762356119662209168177095087794840
257 209 -7938152983979928169409954372121211384801962647810290893772384514823940504132
209 257 -7938152983979928169409954372121211384801962647810290893772384514823940504132
257 233 46536685876099422744186788955770401090354140534585974503055045694295133728
233 257 46536685876099422744186788955770401090354140534585974503055045694295133728
257 257 -17107582398822945965045221113920606513160080956481157347466549048821976
256 4 2201988211969854735803963350302481572513137372954624
4 256 2201988211969854735803963350302481572513137372954624
256 28 41783403723876380977316119307624188426820360123553488078861420870186316070912
28 256 41783403723876380977316119307624188426820360123553488078861420870186316070912
256 52 4938689274641434710924814604765428913891371604867255520253687210203288666523041792
52 256 4938689274641434710924814604765428913891371604867255520253687210203288666523041792
256 76 38618810161443018995027736594266899435584075208984671610228281436065742815306569728
76 256 38618810161443018995027736594266899435584075208984671610228281436065742815306569728
256 100 6325302460893435996793398266414837313450034823441243396319016524067817525075552256
100 256 6325302460893435996793398266414837313450034823441243396319016524067817525075552256
256 124 86329495179881371238497849447792337876605913064980419870116938787797814506469980
124 256 86329495179881371238497849447792337876605913064980419870116938787797814506469980
256 148 26473155025776562542239127594370767342482591147566673476813401492412348588127904
148 256 26473155025776562542239127594370767342482591147566673476813401492412348588127904
256 172 -2496472294487574522126606507330235814611958479390150174696841975177150801118660
172 256 -2496472294487574522126606507330235814611958479390150174696841975177150801118660
256 196 22959463692754717193623264024225968681234019149199543103337109727622865444800
196 256 22959463692754717193623264024225968681234019149199543103337109727622865444800
256 220 994023332006697537648791490998267559189083329300747651976413178619558262078
220 256 994023332006697537648791490998267559189083329300747651976413178619558262078
256 244 -3751746115499772116349072730449011386800010372814748367635400900886926922
244 256 -3751746115499772116349072730449011386800010372814748367635400900886926922
255 15 1376730632054888610271133675941625077944429046515995599535703888756736
15 255 1376730632054888610271133675941625077944429046515995599535703888756736
255 39 57537664158505439492736893131368616070749722715055418466696945172833788401549312
39 255 57537664158505439492736893131368616070749722715055418466696945172833788401549312
255 63 8234558559384724117153905306420121548266594148270589416217432316580101361983225856
63 255 8234558559384724117153905306420121548266594148270589416217432316580101361983225856
255 87 56544611912490055923994394821824107129684821299607443724008515475651697572830114368
87 255 56544611912490055923994394821824107129684821299607443724008515475651697572830114368
255 111 10669342465426140965293633526994860391578730332773394358786184748807776199927307184
111 255 10669342465426140965293633526994860391578730332773394358786184748807776199927307184
255 135 466893743525010353064615003811466226156718658629255543671953295298814971804753684
135 255 466893743525010353064615003811466226156718658629255543671953295298814971804753684
255 159 -52277780937699862375147373583860440301102428805560913746170719069502466027019408
159 255 -52277780937699862375147373583860440301102428805560913746170719069502466027019408
255 183 778430274102669645844346053454331857529717483287206701385422797254514056472480
183 255 778430274102669645844346053454331857529717483287206701385422797254514056472480
255 207 -18548846334810541912579099005776489713406234389868439734135755101975219136232
207 255 -18548846334810541912579099005776489713406234389868439734135755101975219136232
255 231 -32869113396991795384281982095889262312603996762075251439343568008095563004
231 255 -32869113396991795384281982095889262312603996762075251439343568008095563004
255 255 109997450957928844066083270544038218825782929582835578126780053250741928
254 2 903701149454897917377959317135922561024
2 254 903701149454897917377959317135922561024
254 26 -19999770986925674510298536796557330346224236575807646041063120171277049921536
26 254 -19999770986925674510298536796557330346224236575807646041063120171277049921536
254 50 -7922955555734801065445516407768015649112593689031689883030404690963594562318106624
50 254 -7922955555734801065445516407768015649112593689031689883030404690963594562318106624
254 74 -79803852649807651128340174029414002180461689084630565872308338987951614832825223168
74 254 -79803852649807651128340174029414002180461689084630565872308338987951614832825223168
254 98 -54237770747366837180178839802277397614089418591263102549336996888193768774398677344
98 254 -54237770747366837180178839802277397614089418591263102549336996888193768774398677344
254 122 -2084253061606522330849897439369659781048889713584492049755419601547315511405849904
122 254 -2084253061606522330849897439369659781048889713584492049755419601547315511405849904
254 146 -82872243566365314944901099568092961621535315223426939763037187133298080938576876
146 254 -82872243566365314944901099568092961621535315223426939763037187133298080938576876
254 170 25391932262644002571008225004721710828147017221660742120632014135857762031589656
170 254 25391932262644002571008225004721710828147017221660742120632014135857762031589656
254 194 -458308395918884598409137030420690856321330560935182725595064909390806634845068
194 254 -458308395918884598409137030420690856321330560935182725595064909390806634845068
254 218 2518452369391233623804415620826764962583022301661091529083759075674018302818
218 254 2518452369391233623804415620826764962583022301661091529083759075674018302818
254 242 452344246498103257300860493417150629854974746572815482846973429707753388
242 254 452344246498103257300860493417150629854974746572815482846973429707753388
253 13 457272034080621460099122397447431043456545038591957624179876887003136
13 253 457272034080621460099122397447431043456545038591957624179876887003136
253 37 -10125595358356694672623767078109341892357212215063825263305927064682137974210560
37 253 -10125595358356694672623767078109341892357212215063825263305927064682137974210560
253 61 -4619242461320398654535724847207672182316441787916316595297895612666540568810881024
61 253 -4619242461320398654535724847207672182316441787916316595297895612666540568810881024
253 85 -751535511843389614233858956444857951904477291848723779160048800355148699592050944
85 253 -751535511843389614233858956444857951904477291848723779160048800355148699592050944
253 109 -4503833495935710137609890813466888816938811487121380747831044546376028739245187200
109 253 -4503833495935710137609890813466888816938811487121380747831044546376028739245187200
253 133 -2128134124183238908653798902088196249603849332021391880048040740603965441366324136
133 253 -2128134124183238908653798902088196249603849332021391880048040740603965441366324136
253 157 128177561663907482221319557795338630637275638497224003668528828122240848489758768
157 253 128177561663907482221319557795338630637275638497224003668528828122240848489758768
253 181 -6608170597055075630342126874998233423972835804749366303027002057511879110558688
181 253 -6608170597055075630342126874998233423972835804749366303027002057511879110558688
253 205 146466710845213394941277502310653063976400852893939233527004944282300367927356
205 253 146466710845213394941277502310653063976400852893939233527004944282300367927356
253 229 -429801427525978240349717622245539889912266060053653851446959505607867558552
229 253 -429801427525978240349717622245539889912266060053653851446959505607867558552
253 253 -115894751371462887961131815254784347991588313180691553297548013440881328
252 24 5731987581206654556824540822766915859198571626986013425801698640534884581376
24 252 5731987581206654556824540822766915859198571626986013425801698640534884581376
252 48 10370264881248463810694530260175973396689062611535052861221533426450204749287391232
48 252 10370264881248463810694530260175973396689062611535052861221533426450204749287391232
252 72 99851277528917420047323092476715050453243563432789362350912087864010398601605636096
72 252 99851277528917420047323092476715050453243563432789362350912087864010398601605636096
252 96 147122087853405430724881548111546497770307302905331400139806142892839069422809847537
96 252 147122087853405430724881548111546497770307302905331400139806142892839069422809847537
252 120 6306817172607959670733854138630313052485523137144719615676069927807194296189844292
120 252 6306817172607959670733854138630313052485523137144719615676069927807194296189844292
252 144 72682886893373581971432483634964027261729682019187846514968840296717734165268168
144 252 72682886893373581971432483634964027261729682019187846514968840296717734165268168
252 168 -68579049168659112269892690577769659495488377640383617623054366569143041717684764
168 252 -68579049168659112269892690577769659495488377640383617623054366569143041717684764
252 192 1540218820666632934709015039265817566459260124308498999942576331385379990746361
192 252 1540218820666632934709015039265817566459260124308498999942576331385379990746361
252 216 -19142475128323089652072600360957142639412067619718148940500574034032027872040
216 252 -19142475128323089652072600360957142639412067619718148940500574034032027872040
252 240 46607824223261542188528973184132668717550456293459271308187782164570985176
240 252 46607824223261542188528973184132668717550456293459271308187782164570985176
251 11 -15583202164003685403190087588340761024235381098853435026321509974016
11 251 -15583202164003685403190087588340761024235381098853435026321509974016
251 35 -3059979499487889646687804336795275312642852455638867211044955574600925691510784
35 251 -3059979499487889646687804336795275312642852455638867211044955574600925691510784
251 59 -3206432143790642683059630677950799142873087351710489417626490103289527659834376192
59 251 -3206432143790642683059630677950799142873087351710489417626490103289527659834376192
251 83 -208919434182666767214519127524025132373506740556928832899697188120160871869661339648
83 251 -208919434182666767214519127524025132373506740556928832899697188120160871869661339648
251 107 -968514280625503166900274362649310517193144072014379849114881440630396020866637779
107 251 -968514280625503166900274362649310517193144072014379849114881440630396020866637779
251 131 3505832968486017743984492119760047071952738636308320189271383242237412315469617520
131 251 3505832968486017743984492119760047071952738636308320189271383242237412315469617520
251 155 -6994716977679321637664579744176560794143065565852961073480627732289434016255064
155 251 -6994716977679321637664579744176560794143065565852961073480627732289434016255064
251 179 15073135399729143522642793770353673771063042336445538776484741246380985910642160
179 251 15073135399729143522642793770353673771063042336445538776484741246380985910642160
251 203 -339834195935017080104375006274427207752192197595286444255871756584078372513513
203 251 -339834195935017080104375006274427207752192197595286444255871756584078372513513
251 227 1588930836815023290158962163008493177250562694309481269017028231851370121280
227 251 1588930836815023290158962163008493177250562694309481269017028231851370121280
251 251 -1116282841810235522745059672836426716494351566704940259715232439794552180
250 22 -917163998816841739947725277296102637058508494778567182477789977031343079424
22 250 -917163998816841739947725277296102637058508494778567182477789977031343079424
250 46 -10920083648242656037864220620906484761281991109138126794789251124808941839572795392
46 250 -10920083648242656037864220620906484761281991109138126794789251124808941839572795392
250 70 -37506842090232485616543925525858805101086626606230695574653518405020417589394669568
70 250 -37506842090232485616543925525858805101086626606230695574653518405020417589394669568
250 94 -216951082989467348720715359209109590456357674365052410197347987552775075097594709376
94 250 -216951082989467348720715359209109590456357674365052410197347987552775075097594709376
250 118 -17064425121131966095394892477111835441490257220984305781625613552837645370201505687
118 250 -17064425121131966095394892477111835441490257220984305781625613552837645370201505687
250 142 500943565947190899519078758386094671187919335228285004866605402328054294743047570
142 250 500943565947190899519078758386094671187919335228285004866605402328054294743047570
250 166 30853057069545073550204674510758945211961306338091349428338419822540191625658116
166 250 30853057069545073550204674510758945211961306338091349428338419822540191625658116
250 190 -1159763274582020087777331602257864153037564129646275429590250486770666673994076
190 250 -1159763274582020087777331602257864153037564129646275429590250486770666673994076
250 214 39993495949986185366091363342523592232060768529564984918238345642276900410368
214 250 39993495949986185366091363342523592232060768529564984918238345642276900410368
250 238 -135144947318585825989919191754543479580703974156052163249775528940602983307
238 250 -135144947318585825989919191754543479580703974156052163249775528940602983307
249 9 89892113722657370347432576567020708822225018266943869082381844480
9 249 89892113722657370347432576567020708822225018266943869082381844480
249 33 -1720776304640614981464616737901760755014072992079459908259539765218799247163392
33 249 -1720776304640614981464616737901760755014072992079459908259539765218799247163392
249 57 12985332529482678043770062733067273455857400531626120862731521234742947352498143232
57 249 12985332529482678043770062733067273455857400531626120862731521234742947352498143232
249 81 505907210942466904178895336017799244703635979249059969658908757414851061412255025152
81 249 505907210942466904178895336017799244703635979249059969658908757414851061412255025152
249 105 35205329053272964782925862826255942983140404837719406911935599587319617872213738983
105 249 35205329053272964782925862826255942983140404837719406911935599587319617872213738983
249 129 92018582873179356998826664175899876758357551741117064831934490855193653949099146
129 249 92018582873179356998826664175899876758357551741117064831934490855193653949099146
249 153 -720791441169213280250223227135307935588778912288946473509852337912094255528658791
153 249 -720791441169213280250223227135307935588778912288946473509852337912094255528658791
249 177 4535519279220700116012945113696178551029685896106875588366751323710626103138830
177 249 4535519279220700116012945113696178551029685896106875588366751323710626103138830
249 201 -177348401025231524667855578738581913960161705057888033519962574383671778722399
201 249 -177348401025231524667855578738581913960161705057888033519962574383671778722399
249 225 -522172074578461304285001717744290952700970323769418220673408998215698641808
225 249 -522172074578461304285001717744290952700970323769418220673408998215698641808
249 249 5443794080019149833591712026835651745248398196003291832639073043710510768
248 20 73045269383426799007809254102465946215289740311335834620026990230771859456
20 248 73045269383426799007809254102465946215289740311335834620026990230771859456
248 44 9083741007543048899274962229702595881129500795689174352488160059611961318273187840
44 248 9083741007543048899274962229702595881129500795689174352488160059611961318273187840
248 68 -166695181877493582887843841768934712603072398843933846813010851983921041033910419456
68 248 -166695181877493582887843841768934712603072398843933846813010851983921041033910419456
248 92 101204839374294975948694372262637397015200557175059894341104264385085080401208836096
92 248 101204839374294975948694372262637397015200557175059894341104264385085080401208836096
248 116 16004802559510208134479253752061653672814681505013788024250080321966416988444389796
116 248 16004802559510208134479253752061653672814681505013788024250080321966416988444389796
248 140 -1586327897365708929741313989834775845922529643020566624478198950686593317484584419
140 248 -1586327897365708929741313989834775845922529643020566624478198950686593317484584419
248 164 341468166023637035569559193569794430429575349701524151680096113866078179501940414
164 248 341468166023637035569559193569794430429575349701524151680096113866078179501940414
248 188 -8978374516546712797570831871039798736843559465625399242899558123652362865021030
188 248 -8978374516546712797570831871039798736843559465625399242899558123652362865021030
248 212 44323737409664541833630430980671411520513428164295120937704627517396415813330
212 248 44323737409664541833630430980671411520513428164295120937704627517396415813330
248 236 -127389597786401703466950917836641915536264989851393130821207672790422937382
236 248 -127389597786401703466950917836641915536264989851393130821207672790422937382
247 7 15922757421972590417079766148699063479847217546669112996921344
7 247 15922757421972590417079766148699063479847217546669112996921344
247 31 5884852668940011285380830705563996102703050524751463473026486629162164798095360
31 247 5884852668940011285380830705563996102703050524751463473026486629162164798095360
247 55 -31218696993575703540420771484979876428196325469278740254564949271679825725926408192
55 247 -31218696993575703540420771484979876428196325469278740254564949271679825725926408192
247 79 -648774291878007195191980934266815122926910011880336224202241367375260805687505133568
79 247 -648774291878007195191980934266815122926910011880336224202241367375260805687505133568
247 103 -252742024606759693472051190044921309537348789938161427091938523963606744622674737220
103 247 -252742024606759693472051190044921309537348789938161427091938523963606744622674737220
247 127 -5892511073741067991868866092984998840416480531339432578920418854354738053490541239
127 247 -5892511073741067991868866092984998840416480531339432578920418854354738053490541239
247 151 1562706215396233549929388159283685873081368164880726224620253593763047048581321955
151 247 1562706215396233549929388159283685873081368164880726224620253593763047048581321955
247 175 -115246977413763511255713784299831707266253240365346965437784055664459819253325154
175 247 -115246977413763511255713784299831707266253240365346965437784055664459819253325154
247 199 3382938897702998665895590764761243708505881580119595405738616275454867851689094
199 247 3382938897702998665895590764761243708505881580119595405738616275454867851689094
247 223 -12176128962880675926518403835868591349868415154705643119357349610999825459660
223 247 -12176128962880675926518403835868591349868415154705643119357349610999825459660
247 247 -5827530092343399451258279542837853770783901095360713307871343710499645550
246 18 24596716330137231979672203704714125237829081260083548658820507202681307136
18 246 24596716330137231979672203704714125237829081260083548658820507202681307136
246 42 -5788044250231538310662293966891951944533339065609117516037687561249084083990953984
42 246 -5788044250231538310662293966891951944533339065609117516037687561249084083990953984
246 66 448549401774615340841929917534719999043934393977275975337684197030089100973279543296
66 246 448549401774615340841929917534719999043934393977275975337684197030089100973279543296
246 90 413736209730827137583123941955667157332594013366123973503599828393676449496473243904
90 246 413736209730827137583123941955667157332594013366123973503599828393676449496473243904
246 114 12600632699687871668964327642422121983536906013781528724438076968577605886258768106
114 246 12600632699687871668964327642422121983536906013781528724438076968577605886258768106
246 138 -565425726833976075241249239097003201182980061540534683164865954804185907501110316
138 246 -565425726833976075241249239097003201182980061540534683164865954804185907501110316
246 162 -1092336107665802111484671708008881000848498896792198837221120308550042026536370788
162 246 -1092336107665802111484671708008881000848498896792198837221120308550042026536370788
246 186 36131261841079215579279749375581778430891510835039472524598817613615983754244616
186 246 36131261841079215579279749375581778430891510835039472524598817613615983754244616
246 210 -481647744959352179058782016410911275863973587934104448899576558517879701454742
210 246 -481647744959352179058782016410911275863973587934104448899576558517879701454742
246 234 1707614522580041929115968489350438722158425110738769217985562402245003553064
234 246 1707614522580041929115968489350438722158425110738769217985562402245003553064
245 5 3566696945414954950205182036135547747181950908094427955200
5 245 3566696945414954950205182036135547747181950908094427955200
245 29 -4564434377612493222611933003911009206528211336394671179585019861599158630612992
29 245 -4564434377612493222611933003911009206528211336394671179585019861599158630612992
245 53 70852659504952490421302681025982380346433116917206603452623897309611947034331316224
53 245 70852659504952490421302681025982380346433116917206603452623897309611947034331316224
245 77 370325295807662654699715773115943413027944387566561918126844007427769162501880791040
77 245 370325295807662654699715773115943413027944387566561918126844007427769162501880791040
245 101 505484049213519386944102380089842619074697579876322854183877047927213489245349474440
101 245 505484049213519386944102380089842619074697579876322854183877047927213489245349474440
245 125 20051368075213280252700423149909481139192985214271479901556723400930429489525613186
125 245 20051368075213280252700423149909481139192985214271479901556723400930429489525613186
245 149 -669852548902292992697350394198252804781710328299159150480483539426555947978289685
149 245 -669852548902292992697350394198252804781710328299159150480483539426555947978289685
245 173 312010215520738474572481934044353621295999830254034659075327809417865534795358720
173 245 312010215520738474572481934044353621295999830254034659075327809417865534795358720
245 197 -9217722558405209308065687751989346214908186825394784624872166571787694843901068
197 245 -9217722558405209308065687751989346214908186825394784624872166571787694843901068
245 221 38669479995439965142750517312810544678170353646725732518814932560843258489816
221 245 38669479995439965142750517312810544678170353646725732518814932560843258489816
245 245 -45240819806092039378828569321392502746975073455438307256015376361025192744
244 16 1854403433643742070092118755687885580708489783455474778043184590874476544
16 244 1854403433643742070092118755687885580708489783455474778043184590874476544
244 40 2628991123443465241994098564759814705845589657230917012160706316075961082234011648
40 244 2628991123443465241994098564759814705845589657230917012160706316075961082234011648
244 64 -567483854594162522893688476186214323877973500214607672004026132268940926567564967936
64 244 -567483854594162522893688476186214323877973500214607672004026132268940926567564967936
244 88 -1546371904266170273204035497825685332034383073439011904927960089508206153595872417792
88 244 -1546371904266170273204035497825685332034383073439011904927960089508206153595872417792
244 112 -24774910557231661646619282048237776681467396666436202429151463255433264294954198784
112 244 -24774910557231661646619282048237776681467396666436202429151463255433264294954198784
244 136 10063805658335277013219838562157367453617678813970848062086430004217012968964361663
136 244 10063805658335277013219838562157367453617678813970848062086430004217012968964361663
244 160 1438305556601615537213971135484180197476491533290045978866410151555471006023044336
160 244 1438305556601615537213971135484180197476491533290045978866410151555471006023044336
244 184 -50097213954804094429178725925622191988063259229530800658285345221750236138168798
184 244 -50097213954804094429178725925622191988063259229530800658285345221750236138168798
244 208 1172856177208823369089699838329706731125467401111960800834383152927654373685854
208 244 1172856177208823369089699838329706731125467401111960800834383152927654373685854
244 232 -3665621205949822188202018855816823833759617846603702853396573685094631591710
232 244 -3665621205949822188202018855816823833759617846603702853396573685094631591710
243 3 -2845841243200657820135846053306854433661760045056
3 243 -2845841243200657820135846053306854433661760045056
243 27 1859955379352179375742753957228569274942747271233822525385335375130783528255488
27 243 1859955379352179375742753957228569274942747271233822525385335375130783528255488
243 51 -134773359367127118362586398276473068644666799763897185454874681702892368958201004032
51 243 -134773359367127118362586398276473068644666799763897185454874681702892368958201004032
243 75 779335947938386899126872336322507581779824647946659570094786336015106554320285990912
75 243 779335947938386899126872336322507581779824647946659570094786336015106554320285990912
243 99 -281642632426183718263406902610047543865123238701755255295484796698556942977709911864
99 243 -281642632426183718263406902610047543865123238701755255295484796698556942977709911864
243 123 -111035238626041771753269541698344572149162764411319911044346607014676546424265654818
123 243 -111035238626041771753269541698344572149162764411319911044346607014676546424265654818
243 147 -2826274358478945032218021849691871247493645140627664156989227179509078965826775070
147 243 -2826274358478945032218021849691871247493645140627664156989227179509078965826775070
243 171 -288605297984481729528993376492690141127741913161847903512689527787937131181848228
171 243 -288605297984481729528993376492690141127741913161847903512689527787937131181848228
243 195 4795226220888312705629543150834544620551208527992963920710707849854597797783546
195 243 4795226220888312705629543150834544620551208527992963920710707849854597797783546
243 219 -22073781650461765277373439669079647292668327462230277634772738947678680322296
219 243 -22073781650461765277373439669079647292668327462230277634772738947678680322296
243 243 243928903205026934489909765380036359861124397226166577276589237333105768464
242 14 -51618069398503726629547161849006490114030024664244305392087798684581888
14 242 -51618069398503726629547161849006490114030024664244305392087798684581888
242 38 -599179570327833501070538050080654860893035494730411374997522721538889932775358464
38 242 -599179570327833501070538050080654860893035494730411374997522721538889932775358464
242 62 236800250293470760647156138721315981875375116111428454714039840463733550752234209280
62 242 236800250293470760647156138721315981875375116111428454714039840463733550752234209280
242 86 2928981436257855532478244381283401768778375174513104159084891276647742462010477881344
86 242 2928981436257855532478244381283401768778375174513104159084891276647742462010477881344
242 110 216312547856351127529678314891395491619093014419423338425223793343514092051117977744
110 242 216312547856351127529678314891395491619093014419423338425223793343514092051117977744
242 134 -19511814105819617889628552580585071542850958126956441740941094359302284354725272196
134 242 -19511814105819617889628552580585071542850958126956441740941094359302284354725272196
242 158 769203233455152276382041022519178085661935999504063706218247761477287028148922664
158 242 769203233455152276382041022519178085661935999504063706218247761477287028148922664
242 182 -72821700035006648950728886627416316944907436536470970839217131988025148774965078
182 242 -72821700035006648950728886627416316944907436536470970839217131988025148774965078
242 206 -141274479519927076803850185196955982971062621620289104331304643160780562233266
206 242 -141274479519927076803850185196955982971062621620289104331304643160780562233266
242 230 -4261731214477830139460521773763015435104987800196217450088283559446598636700
230 242 -4261731214477830139460521773763015435104987800196217450088283559446598636700
241 1 2504840255099603061202669797376
1 241 2504840255099603061202669797376
241 25 -453112631879351159371704615785894338647164611288927357867256878288943494201344
25 241 -453112631879351159371704615785894338647164611288927357867256878288943494201344
241 49 198051942602305125397419025871416286424935777654760634606477394933480877083544518656
49 241 198051942602305125397419025871416286424935777654760634606477394933480877083544518656
241 73 -3182482482106837640861052536099863419458781299186145300142856922726485596059888254976
73 241 -3182482482106837640861052536099863419458781299186145300142856922726485596059888254976
241 97 30992456980016101340808779604777936550180610304460155171676206100172672667732408928
97 241 30992456980016101340808779604777936550180610304460155171676206100172672667732408928
241 121 234041154379880648848875533179107637811507930142027825471862005611392496278290449376
121 241 234041154379880648848875533179107637811507930142027825471862005611392496278290449376
241 145 11700225095453828281914584288364482870254716502995670635891243379906608810083686055
145 241 11700225095453828281914584288364482870254716502995670635891243379906608810083686055
241 169 -986831246706620509485980195952607983131107582038628570537275126255788281879391464
169 241 -986831246706620509485980195952607983131107582038628570537275126255788281879391464
241 193 47134980568922585162305909897930822819250057078276889367231094977986125765725280
193 241 47134980568922585162305909897930822819250057078276889367231094977986125765725280
241 217 -197500963749601702943898509182881180165030725423737849301771250195499706291404
217 241 -197500963749601702943898509182881180165030725423737849301771250195499706291404
241 241 -376765624551108800646323458176962448237510927400981674792250394781636414124
240 12 -5279702102779664128044801508143744417034395728363155494775304721793024
12 240 -5279702102779664128044801508143744417034395728363155494775304721793024
240 36 -329443412576847909114983523299994643458770127147733476118745845641089276000075776
36 240 -329443412576847909114983523299994643458770127147733476118745845641089276000075776
240 60 651753257862585266536291072656868095496413231425178739147598189154023486409741959168
60 240 651753257862585266536291072656868095496413231425178739147598189154023486409741959168
240 84 -2491389359720618951361570678725315239602338271833737771049840662456697379608474206208
84 240 -2491389359720618951361570678725315239602338271833737771049840662456697379608474206208
240 108 -807992004656177509970517481767357533013140533895326881466002165020719279495566970371
108 240 -807992004656177509970517481767357533013140533895326881466002165020719279495566970371
240 132 19393908126698738245430294758724173004016667827037214727937287212841859433507152393
132 240 19393908126698738245430294758724173004016667827037214727937287212841859433507152393
240 156 -10993575695337184898192327444694596870336165098257724165512048513299745633020823976
156 240 -10993575695337184898192327444694596870336165098257724165512048513299745633020823976
240 180 562896880175182716306870906965474926938508256385113460369331112220273912891682364
180 240 562896880175182716306870906965474926938508256385113460369331112220273912891682364
240 204 -8003261951641851688008325950985792085652113460083798386443716295105913160682907
204 240 -8003261951641851688008325950985792085652113460083798386443716295105913160682907
240 228 42521345028528678276585210733358916257399335403285038357712399619222609815408
228 240 42521345028528678276585210733358916257399335403285038357712399619222609815408
239 23 63833667719028221257531452025809679189423894602475841110215876206012569485312
23 239 63833667719028221257531452025809679189423894602475841110215876206012569485312
239 47 -210160600984214237131880027235075330434600626535742563779881490551144434616881905664
47 239 -210160600984214237131880027235075330434600626535742563779881490551144434616881905664
239 71 5607739671459377815984678841516427787397523428866673483234917517291382830336795738112
71 239 5607739671459377815984678841516427787397523428866673483234917517291382830336795738112
239 95 576490687479770897614066024123761768568167870351536735722373701936131678623383961600
95 239 576490687479770897614066024123761768568167870351536735722373701936131678623383961600
239 119 65992791440350305004496571928407689521749447458049722619868724432432949599923896484
119 239 65992791440350305004496571928407689521749447458049722619868724432432949599923896484
239 143 -32470418029855356810229113095694812229539251028218077926554711124617379902619348451
143 239 -32470418029855356810229113095694812229539251028218077926554711124617379902619348451
239 167 5405601558286645108788690246097772669643931529918277067653331460416385671626065384
167 239 5405601558286645108788690246097772669643931529918277067653331460416385671626065384
239 191 -183661231160617368982072226701029719196086003458634230336150335338026207770457828
191 239 -183661231160617368982072226701029719196086003458634230336150335338026207770457828
239 215 753628206300165772476646939929156805207254869712658259010860916658403531049818
215 239 753628206300165772476646939929156805207254869712658259010860916658403531049818
239 239 -1466336717729655680858174780738540594341444792994233140756551942590675507094
238 10 69853433973012052008816101984567892622470072635022867837559999823872
10 238 69853433973012052008816101984567892622470072635022867837559999823872
238 34 581870188594787787084134900313034364702873708623811934463487480783686878147641344
34 238 581870188594787787084134900313034364702873708623811934463487480783686878147641344
238 58 -1730388678296044538068571494605856963746543276635420901278341953867393286799880093696
58 238 -1730388678296044538068571494605856963746543276635420901278341953867393286799880093696
238 82 -2766746398461605083534292610319890283348478495998011589771695049029515634535293517824
82 238 -2766746398461605083534292610319890283348478495998011589771695049029515634535293517824
238 106 865250191425404510118713259565581966476372057677693353700895173374056368204471910976
106 238 865250191425404510118713259565581966476372057677693353700895173374056368204471910976
238 130 54582581495391949993090525118129003132750246319447278053616541734156430392540077443
130 238 54582581495391949993090525118129003132750246319447278053616541734156430392540077443
238 154 32893251549445767055783627944047694397937229966407108185088363626389595268560902292
154 238 32893251549445767055783627944047694397937229966407108185088363626389595268560902292
238 178 -1419853174271939453102044477722168579920073705692292965486486568173410673346066356
178 238 -1419853174271939453102044477722168579920073705692292965486486568173410673346066356
238 202 27019701512279536572524467466492923612741385718558109774210509131013630902344504
202 238 27019701512279536572524467466492923612741385718558109774210509131013630902344504
238 226 -93566587159111832746060662328836044423552564030903594124782381212517333294974
226 238 -93566587159111832746060662328836044423552564030903594124782381212517333294974
237 21 -1196964686036389647418719346244974707938891430161461043812311513970813960192
21 237 -1196964686036389647418719346244974707938891430161461043812311513970813960192
237 45 147797010812899248742491733647809065503809638183559715077012181173521428741055578112
45 237 147797010812899248742491733647809065503809638183559715077012181173521428741055578112
237 69 -4851943577299021913812671536574504817286697453310986310254903266918586100289319731200
69 237 -4851943577299021913812671536574504817286697453310986310254903266918586100289319731200
237 93 -5462703342298184174230340365821368520488309930379977911698526591389581414362781278208
93 237 -5462703342298184174230340365821368520488309930379977911698526591389581414362781278208
237 117 -891047634911013853537429451829691493795582899922767563567614588760723529308470707492
117 237 -891047634911013853537429451829691493795582899922767563567614588760723529308470707492
237 141 22450423784418099992770024034239092065267617224803279740810595697080200704331996187
141 237 22450423784418099992770024034239092065267617224803279740810595697080200704331996187
237 165 -10954514335179238264692666415849505364646693699366814698814325845936908007130667384
165 237 -10954514335179238264692666415849505364646693699366814698814325845936908007130667384
237 189 279705085909791888235248260365581120554210811569725501120970991833906159594804884
189 237 279705085909791888235248260365581120554210811569725501120970991833906159594804884
237 213 -1146734316098599352728618289927154522362080946036539352374051733705064203135538
213 237 -1146734316098599352728618289927154522362080946036539352374051733705064203135538
237 237 9260685292334902930880692104857128408258438334083453865437141986338387587664
236 8 -45550194002641801540278285654191815162687400514081756697226903552
8 236 -45550194002641801540278285654191815162687400514081756697226903552
236 32 -478609482008530152231659406881965696623114243519362547104379380936491442420842496
32 236 -478609482008530152231659406881965696623114243519362547104379380936491442420842496
236 56 2050214015822989294665512090528368666296588140686169417675759688442875689131493556224
56 236 2050214015822989294665512090528368666296588140686169417675759688442875689131493556224
236 80 12957239753987092255688835848428843314992061605872559074569801262990121282815344246784
80 236 12957239753987092255688835848428843314992061605872559074569801262990121282815344246784
236 104 -396398568915706586345908512771804426903478346662979238866423412086932228719267180544
104 236 -396398568915706586345908512771804426903478346662979238866423412086932228719267180544
236 128 -422452891534855122946385303538499456260608281558789225348684741262649634006227484612
128 236 -422452891534855122946385303538499456260608281558789225348684741262649634006227484612
236 152 -33425393532666988090027411060336579187734758588526769956563863570145698473018202163
152 236 -33425393532666988090027411060336579187734758588526769956563863570145698473018202163
236 176 835182237792680784184511885730826265193670643878765531198878870733554245279843358
176 236 835182237792680784184511885730826265193670643878765531198878870733554245279843358
236 200 -30073461271694880331112749414944544432822696441700481531631839621756076646454868
200 236 -30073461271694880331112749414944544432822696441700481531631839621756076646454868
236 224 -35595425923190774873947950470156068760324935818594094073676241189757873110894
224 236 -35595425923190774873947950470156068760324935818594094073676241189757873110894
235 19 -1691352078017744365720436122901975822599095087833786307286848078023330103296
19 235 -1691352078017744365720436122901975822599095087833786307286848078023330103296
235 43 -58592560852303664155639702584260280926589269151614145820828613826213271728035987456
43 235 -58592560852303664155639702584260280926589269151614145820828613826213271728035987456
235 67 -1548143152006679324320956485625608854794880745630919617880737986749443748256278380544
67 235 -1548143152006679324320956485625608854794880745630919617880737986749443748256278380544
235 91 12249552816031412057561728528532957410315497868211062152833701722134638691831556440064
91 235 12249552816031412057561728528532957410315497868211062152833701722134638691831556440064
235 115 1333667834239001493197661033164805415035641093014308247945781493794488176723685366064
115 235 1333667834239001493197661033164805415035641093014308247945781493794488176723685366064
235 139 146050461445470817994010482095145145564734231138822168291286383490152319739223253494
139 235 146050461445470817994010482095145145564734231138822168291286383490152319739223253494
235 163 -2407860225013073844380687689220215660077387047485270358841245073005621810036059084
163 235 -2407860225013073844380687689220215660077387047485270358841245073005621810036059084
235 187 322941025069618957233138769955801530496341341043589739786772435590713412905137584
187 235 322941025069618957233138769955801530496341341043589739786772435590713412905137584
235 211 -1470639300714350948714908381488862306714382052064623112043506738631021649738014
211 235 -1470639300714350948714908381488862306714382052064623112043506738631021649738014
235 235 -15823977300409887255326250913513321831056328808895272963938380074504390120290
234 6 27568648911420128472799841923082589360872088750894756428513280
6 234 27568648911420128472799841923082589360872088750894756428513280
234 30 259022452110901083647753933306712395773831567905863814817445898483441907902971904
30 234 259022452110901083647753933306712395773831567905863814817445898483441907902971904
234 54 -743153308871096609299940295972696090833736419482361756612576520775436029706295574528
54 234 -743153308871096609299940295972696090833736419482361756612576520775436029706295574528
234 78 -21872683654581898421416595651072268651228869500201652301678390451249528938207789449216
78 234 -21872683654581898421416595651072268651228869500201652301678390451249528938207789449216
234 102 806440492780023786813716969115015806946361984882017838364036925988966776720561158784
102 234 806440492780023786813716969115015806946361984882017838364036925988966776720561158784
234 126 702251823611788207908815558330642175949100081528353067744130087974410233039183603918
126 234 702251823611788207908815558330642175949100081528353067744130087974410233039183603918
234 150 -74954926907701743561472119525690314268100058505719589984527182250029631852145077120
150 234 -74954926907701743561472119525690314268100058505719589984527182250029631852145077120
234 174 6974531544895915862365650490139874342626429610867785350143030464684803582903623204
174 234 6974531544895915862365650490139874342626429610867785350143030464684803582903623204
234 198 -92561899924681282162737279320696170423991922007161157509671625553393760725776524
198 234 -92561899924681282162737279320696170423991922007161157509671625553393760725776524
234 222 795805437565985268058335033487241381053448866673950171950415298112065913201102
222 234 795805437565985268058335033487241381053448866673950171950415298112065913201102
233 17 -362577307318256527940464618581373548816988248084063189238676103891664240640
17 233 -362577307318256527940464618581373548816988248084063189238676103891664240640
233 41 10307765330778550260436254338539836612232399883597334272525074726621248146259312640
41 233 10307765330778550260436254338539836612232399883597334272525074726621248146259312640
233 65 12520359985314168546933504239471360295522145288622651851038328999748804696122964574208
65 233 12520359985314168546933504239471360295522145288622651851038328999748804696122964574208
233 89 -8113463407063180527445730071364415467968839768758923381203530213617857283715290431488
89 233 -8113463407063180527445730071364415467968839768758923381203530213617857283715290431488
233 113 -2667335668478002986395322066329610830071282186028616495891562987588976353447370732128
113 233 -2667335668478002986395322066329610830071282186028616495891562987588976353447370732128
233 137 -370390989078352906065141102721666590950895584537762337965752829845582452922381857508
137 233 -370390989078352906065141102721666590950895584537762337965752829845582452922381857508
233 161 69252437232260676190526727594941937325740995762403779767544189519939346681336742120
161 233 69252437232260676190526727594941937325740995762403779767544189519939346681336742120
233 185 -2757652203018972067493150667339735914790721925524060506640023529676851076511104364
185 233 -2757652203018972067493150667339735914790721925524060506640023529676851076511104364
233 209 13566729167758549778379811839789451353233560981345053132145632919048234223933816
209 233 13566729167758549778379811839789451353233560981345053132145632919048234223933816
233 233 -36352971344181920051661657383733522422616117905033030491276050755281245937494
232 4 65560504437915586132842109011594012666563438657555922944
4 232 65560504437915586132842109011594012666563438657555922944
232 28 -94456810997197460992460344015267640996194991452624091498644410364543098263961600
28 232 -94456810997197460992460344015267640996194991452624091498644410364543098263961600
232 52 -1840727719599748352091101069585849096182923210723750090153024661999525392236991741952
52 232 -1840727719599748352091101069585849096182923210723750090153024661999525392236991741952
232 76 17936684732272148214307706760187881491324133116411207116350789695462130949520936140800
76 232 17936684732272148214307706760187881491324133116411207116350789695462130949520936140800
232 100 4097229455234613282426688960527783340240558465283529734208020562423402749041763787776
100 232 4097229455234613282426688960527783340240558465283529734208020562423402749041763787776
232 124 629398792195124963196745098082783980158066902111386336578851680702674557893942817152
124 232 629398792195124963196745098082783980158066902111386336578851680702674557893942817152
232 148 325147558447465597858956077291148601480675078560415555578746309267431247375367693495
148 232 325147558447465597858956077291148601480675078560415555578746309267431247375367693495
232 172 -25815919384212591141325599681752787068491348493928339472755698745472119096332311316
172 232 -25815919384212591141325599681752787068491348493928339472755698745472119096332311316
232 196 465745525081947580966886004792982676698984251835717551998119503317738533246181642
196 232 465745525081947580966886004792982676698984251835717551998119503317738533246181642
232 220 -2206299062151728916211774812222206387109820071073272687208168782384344444082356
220 232 -2206299062151728916211774812222206387109820071073272687208168782384344444082356
231 15 -8154337604520467370770972143903668723818666683718145178934003772350791680
15 231 -8154337604520467370770972143903668723818666683718145178934003772350791680
231 39 -12789249598862348283948059086169667331646132895046294136647320877263664016296771584
39 231 -12789249598862348283948059086169667331646132895046294136647320877263664016296771584
231 63 -22603871204049927988041253858930435920966758272491350483693499999314822721828252811264
63 231 -22603871204049927988041253858930435920966758272491350483693499999314822721828252811264
231 87 -9360353466482524822110074875545430660660954633905415107342188100833456875489771257856
87 231 -9360353466482524822110074875545430660660954633905415107342188100833456875489771257856
231 111 7128381079288110828299435614637531950364663199382140508540916710085788234467765659936
111 231 7128381079288110828299435614637531950364663199382140508540916710085788234467765659936
231 135 -19961804728009295519789193510286328719593867457919005908059451309172454917653154268
135 231 -19961804728009295519789193510286328719593867457919005908059451309172454917653154268
231 159 -167682285616958693505496453599452536324642549231426462212206845997879929411447554968
159 231 -167682285616958693505496453599452536324642549231426462212206845997879929411447554968
231 183 6175490720657074588534238243418964949281357117110905604822036310828035596410784064
183 231 6175490720657074588534238243418964949281357117110905604822036310828035596410784064
231 207 -32579224178456588687879216885096839100309231667993541566771538702228445167280188
207 231 -32579224178456588687879216885096839100309231667993541566771538702228445167280188
231 231 246835124847922746743778870153964634411050143074530770196581430144341210115690
230 2 13943302213686928181536534302069660061794304
2 230 13943302213686928181536534302069660061794304
230 26 22478418286474649575108652501325096840233104864314914101471947779878202493632512
26 230 22478418286474649575108652501325096840233104864314914101471947779878202493632512
230 50 4043328297985984161692450274137668441788412648252780819332339901760866410415456780288
50 230 4043328297985984161692450274137668441788412648252780819332339901760866410415456780288
230 74 11874081045523190220215451294488606996706089798572136211843975431631654590497429651456
74 230 11874081045523190220215451294488606996706089798572136211843975431631654590497429651456
230 98 -17473971324039133281684369896562519492086023394287929120384628278105748859086341823488
98 230 -17473971324039133281684369896562519492086023394287929120384628278105748859086341823488
230 122 -2735568159210076060269180118650811116526850754727796040401874186359871329776998127312
122 230 -2735568159210076060269180118650811116526850754727796040401874186359871329776998127312
230 146 -578554152061101470071452409412215524890329796881426044151057842733337943424727386244
146 230 -578554152061101470071452409412215524890329796881426044151057842733337943424727386244
230 170 31742684435408864987014411623164626417817912856809885223575359480188453604576853896
170 230 31742684435408864987014411623164626417817912856809885223575359480188453604576853896
230 194 -747238687191587904736753677854537563593796588136690693497157737403540489225589318
194 230 -747238687191587904736753677854537563593796588136690693497157737403540489225589318
230 218 1248400355060814280287265783241353522555157151413541135674062824835061655678972
218 230 1248400355060814280287265783241353522555157151413541135674062824835061655678972
229 13 -11568332157278465704144454181717860301664604139138492706124777710944256
13 229 -11568332157278465704144454181717860301664604139138492706124777710944256
229 37 27105989198482429885354046591287151662025419127821577952209724775762532802435743744
37 229 27105989198482429885354046591287151662025419127821577952209724775762532802435743744
229 61 22831201313032021630556282036768622049138954630718499014622061894299717417595350024192
61 229 22831201313032021630556282036768622049138954630718499014622061894299717417595350024192
229 85 41281252380410389957834784527560540692740978952320373536081395052494092592386939551744
85 229 41281252380410389957834784527560540692740978952320373536081395052494092592386939551744
229 109 -2111769326091209760143890301709046064695982318657591123835799181837854387197564687488
109 229 -2111769326091209760143890301709046064695982318657591123835799181837854387197564687488
229 133 944673483388279907816782026548315621250706997659447571104007799742693480495182715168
133 229 944673483388279907816782026548315621250706997659447571104007799742693480495182715168
229 157 131664599398579519018107630991358851926930868064254718606818639344122860052043292720
157 229 131664599398579519018107630991358851926930868064254718606818639344122860052043292720
229 181 -2321686292518645638200536593492226911706939687232177776455374630027497650939222788
181 229 -2321686292518645638200536593492226911706939687232177776455374630027497650939222788
229 205 3754325023379974182416282686945512822199205383484634307327692251276436636477880
205 229 3754325023379974182416282686945512822199205383484634307327692251276436636477880
229 229 -452651724117300066329491094777695668991549163557888330920549153210327271525692
228 24 -2732580502622716712051621701726441991802791716618679468667116547474537442181120
24 228 -2732580502622716712051621701726441991802791716618679468667116547474537442181120
228 48 -4521953705398778585610220186293418398340439476629055804628474139655810686049088176128
48 228 -4521953705398778585610220186293418398340439476629055804628474139655810686049088176128
228 72 -72532581726472603982183790389916404336049381655303865819417947461511983621840784326656
72 228 -72532581726472603982183790389916404336049381655303865819417947461511983621840784326656
228 96 25832723139002202811325866551829762262980702769744771545809182424298267837193602220032
96 228 25832723139002202811325866551829762262980702769744771545809182424298267837193602220032
228 120 3995322001663491019312773254031031868690069474027760951808200402131889098149653076314
120 228 3995322001663491019312773254031031868690069474027760951808200402131889098149653076314
228 144 426993274159408169552808056970321397446231895993577782543297229338276975773090206417
144 228 426993274159408169552808056970321397446231895993577782543297229338276975773090206417
228 168 49716119920100228902798000093286655620760070144619904127998762656122744154408789762
168 228 49716119920100228902798000093286655620760070144619904127998762656122744154408789762
228 192 -509713779965205536856633278102002174341374935912735796985284759756206818389943476
192 228 -509713779965205536856633278102002174341374935912735796985284759756206818389943476
228 216 10729909560563021184949971716566333822277419372746160266316456389782083976830328
216 228 10729909560563021184949971716566333822277419372746160266316456389782083976830328
227 11 20415595624664573829915347031458094979765382241775599558842076471754752
11 227 20415595624664573829915347031458094979765382241775599558842076471754752
227 35 -27185819221018294355651892115731857556891833059155499260052751059358754320056057856
35 227 -27185819221018294355651892115731857556891833059155499260052751059358754320056057856
227 59 -7175729854790471929589775310940186599818200447390372752107975636064210823992691392512
59 227 -7175729854790471929589775310940186599818200447390372752107975636064210823992691392512
227 83 -98619109388921938076160580516466101377195456811713512596752661525383678276228484169728
83 227 -98619109388921938076160580516466101377195456811713512596752661525383678276228484169728
227 107 -29957267760624723052656068246925777639873015058179561660398336718258239523621177520128
107 227 -29957267760624723052656068246925777639873015058179561660398336718258239523621177520128
227 131 -124797916437064230253852874044291400149014257218045011987304084210160430727056032706
131 227 -124797916437064230253852874044291400149014257218045011987304084210160430727056032706
227 155 373644100490750494052499680546320043394287548589497198702511427089563383325005401080
155 227 373644100490750494052499680546320043394287548589497198702511427089563383325005401080
227 179 -25896106743351118286277800149867248510893254829267363366130253498620155029251612982
179 227 -25896106743351118286277800149867248510893254829267363366130253498620155029251612982
227 203 190783517911535031215783978211634771207081186526640773918258715963245693003286664
203 227 190783517911535031215783978211634771207081186526640773918258715963245693003286664
227 227 -428507935996309612735353884833410253997572318149541941006614949389395800242912
226 22 -45331702949035331674060399858005923979220815063781845334854679510964276035584
22 226 -45331702949035331674060399858005923979220815063781845334854679510964276035584
226 46 3600483296602977294427881107437638044042088770182943325583090384506070302502936379392
46 226 3600483296602977294427881107437638044042088770182943325583090384506070302502936379392
226 70 131665485960367277280307061582547098163754083827707705252441052905698315684154626277376
70 226 131665485960367277280307061582547098163754083827707705252441052905698315684154626277376
226 94 -34148402161361261868644719646632505852705009067368317743192794751751217338873444827136
94 226 -34148402161361261868644719646632505852705009067368317743192794751751217338873444827136
226 118 -10942272636840304241076720474603244466107403018911184161607496745439485319107992509248
118 226 -10942272636840304241076720474603244466107403018911184161607496745439485319107992509248
226 142 1538894338087588259182417891940232375047324963865562773948923323652355882768613853151
142 226 1538894338087588259182417891940232375047324963865562773948923323652355882768613853151
226 166 -294316707154573513520423288315246468226111221459488444104424964113187294240602819684
166 226 -294316707154573513520423288315246468226111221459488444104424964113187294240602819684
226 190 5129294706605205966816318069229371010078190033038553090985399007600826634679824310
190 226 5129294706605205966816318069229371010078190033038553090985399007600826634679824310
226 214 -39535558697438576930931449319085843213548647004842995846916039972412632038081344
214 226 -39535558697438576930931449319085843213548647004842995846916039972412632038081344
225 9 -78276120596595109117224156710368340479001287948220845178806792617984
9 225 -78276120596595109117224156710368340479001287948220845178806792617984
225 33 17191120704147833113877487602018709947459543966186674184506431789720499884283396096
33 225 17191120704147833113877487602018709947459543966186674184506431789720499884283396096
225 57 -18522773009137461772978226088218590029695213338749613634065570369495633323085159989248
57 225 -18522773009137461772978226088218590029695213338749613634065570369495633323085159989248
225 81 121135124706036930090975080523941208429253487484038804556492147076507316472794134347776
81 225 121135124706036930090975080523941208429253487484038804556492147076507316472794134347776
225 105 56850042176533387137674005349552420940371335378595794454705462791514391769224015266816
105 225 56850042176533387137674005349552420940371335378595794454705462791514391769224015266816
225 129 -1408835798561235568035180964905916925141656316079595565463140377349514426971841196198
129 225 -1408835798561235568035180964905916925141656316079595565463140377349514426971841196198
225 153 -1847386686099253123033033652706185714112514885066854917024529631910781971807835627558
153 225 -1847386686099253123033033652706185714112514885066854917024529631910781971807835627558
225 177 85793414381217201313801760529741861754723232871270278207749204155198467578730252150
177 225 85793414381217201313801760529741861754723232871270278207749204155198467578730252150
225 201 -528536369717035039228992794902583991576933688137313635447966950359939947544319386
201 225 -528536369717035039228992794902583991576933688137313635447966950359939947544319386
225 225 4256569333914559769518300250756313036780109174834537959251727169537885416202726
224 20 17274803545532896428343151974329436884761796040547602329629219027218614714368
20 224 17274803545532896428343151974329436884761796040547602329629219027218614714368
224 44 -2352869017188035002928588734754112192797616015164673671029185590773360899131575369728
44 224 -2352869017188035002928588734754112192797616015164673671029185590773360899131575369728
224 68 -98557156188541925322087970610755184003760955299976825343331669020012649459218751946752
68 224 -98557156188541925322087970610755184003760955299976825343331669020012649459218751946752
224 92 5657689796108705545486195061410518655081245118626556796607983700397117571496016609280
92 224 5657689796108705545486195061410518655081245118626556796607983700397117571496016609280
224 116 10070380675121999411147921569324543682529070433782181385261626891242792926303085074432
116 224 10070380675121999411147921569324543682529070433782181385261626891242792926303085074432
224 140 -7197009223115447677862169536305091112116871533795713804840781652474018066121614677460
140 224 -7197009223115447677862169536305091112116871533795713804840781652474018066121614677460
224 164 596804251094602190727646019621619861171607247967250626471124198707284767831277152120
164 224 596804251094602190727646019621619861171607247967250626471124198707284767831277152120
224 188 -11732632431457938350839317787480875166863625066700089336822411981704462151893935926
188 224 -11732632431457938350839317787480875166863625066700089336822411981704462151893935926
224 212 54986220557846718867869995056916167081762839643147041053066899032587958883073212
212 224 54986220557846718867869995056916167081762839643147041053066899032587958883073212
223 7 74146285021974040037426046657376981861171301350088383968665665536
7 223 74146285021974040037426046657376981861171301350088383968665665536
223 31 -7844866994735043884410846569342834623040446014548189605529072779793538947022323712
31 223 -7844866994735043884410846569342834623040446014548189605529072779793538947022323712
223 55 40099237202431627599454785766751891101478114887246355760157359877023058004243023659008
55 223 40099237202431627599454785766751891101478114887246355760157359877023058004243023659008
223 79 23346795988307782564116215789436568959334784066517755746981753721702143805411951640576
79 223 23346795988307782564116215789436568959334784066517755746981753721702143805411951640576
223 103 -41065201818036797957530466611014617373067233718827990838388169525105519594548455804928
103 223 -41065201818036797957530466611014617373067233718827990838388169525105519594548455804928
223 127 -4154254950252523927991321339908109292909420666684062229697259402419708811506160971096
127 223 -4154254950252523927991321339908109292909420666684062229697259402419708811506160971096
223 151 3863405326211991586704634048300464205523584953270072589261262627506588426745249940069
151 223 3863405326211991586704634048300464205523584953270072589261262627506588426745249940069
223 175 -115835553003575763691853789158424928596643873573753807170876186793470321997891247720
175 223 -115835553003575763691853789158424928596643873573753807170876186793470321997891247720
223 199 424772702806745578311970194748036713715056230711829639592323366046475841502586932
199 223 424772702806745578311970194748036713715056230711829639592323366046475841502586932
223 223 -10278392672784471983984240393143059586189101950940800252250137513987754573108030
222 18 27305105280207585361574573667053399818728931480271802119824103304343326818304
18 222 27305105280207585361574573667053399818728931480271802119824103304343326818304
222 42 1198483913558988731529488970383250506329081794910931856974637673490595732352348979200
42 222 1198483913558988731529488970383250506329081794910931856974637673490595732352348979200
222 66 -99200759206292584971650588301186990987140878564171931607122803424763311810906465239040
66 222 -99200759206292584971650588301186990987140878564171931607122803424763311810906465239040
222 90 172528477137628339057493477037695836305316221462719256167933738517200040010863785017344
90 222 172528477137628339057493477037695836305316221462719256167933738517200040010863785017344
222 114 44944116711154445306164195733161099260742405217814596335624325630362254914507750650752
114 222 44944116711154445306164195733161099260742405217814596335624325630362254914507750650752
222 138 11608902692050551699678332601956237583816999607551446039286902999841780315093682372902
138 222 11608902692050551699678332601956237583816999607551446039286902999841780315093682372902
222 162 -252950403475050542751833834499014163333061536832266463800127656012045977503528854744
162 222 -252950403475050542751833834499014163333061536832266463800127656012045977503528854744
222 186 8420305291828662199497292926659512225567532216859959693238837596793409076723024240
186 222 8420305291828662199497292926659512225567532216859959693238837596793409076723024240
222 210 56700447610726229986644847991522566014983385733987096882007985719244231987871060
210 222 56700447610726229986644847991522566014983385733987096882007985719244231987871060
221 5 -4975973394681762123127047720278807822528798817824364761710592
5 221 -4975973394681762123127047720278807822528798817824364761710592
221 29 2646285477743641819501874470315360164641096339300121394118261003900794982354649088
29 221 2646285477743641819501874470315360164641096339300121394118261003900794982354649088
221 53 -46533021424576283635287170171043848341813639208170461302182665154025807630181832065024
53 221 -46533021424576283635287170171043848341813639208170461302182665154025807630181832065024
221 77 -361094798189427329439655715195719988214490814621322403708249395765655569911589004902400
77 221 -361094798189427329439655715195719988214490814621322403708249395765655569911589004902400
221 101 48271450716086828989389751033733110500691808512732631686516071254874014134194513829888
101 221 48271450716086828989389751033733110500691808512732631686516071254874014134194513829888
221 125 8308509900505047855982642679816218585818841333368124459394518804839417623012321942192
125 221 8308509900505047855982642679816218585818841333368124459394518804839417623012321942192
221 149 -1165914716610637141235716446114562237958579140105537165974094965169579820744380086406
149 221 -1165914716610637141235716446114562237958579140105537165974094965169579820744380086406
221 173 -106272694743017283240007752638807909498114163192379948965344850229526520402941806680
173 221 -106272694743017283240007752638807909498114163192379948965344850229526520402941806680
221 197 1481088908578361470891043214487788826647486313170751988367756714262321305850694500
197 221 1481088908578361470891043214487788826647486313170751988367756714262321305850694500
221 221 6239123791048708111436514649245348216045845402590369151599902010462179690833018
220 16 1376148491041110373805508922230827364694550034352351945536506939626280189952
16 220 1376148491041110373805508922230827364694550034352351945536506939626280189952
220 40 -204354692108565709558825284947572734308186173582689385845184993677872229895737704448
40 220 -204354692108565709558825284947572734308186173582689385845184993677872229895737704448
220 64 355051015544095221339551705818001225566286973151135758592144170958552278814285468008448
64 220 355051015544095221339551705818001225566286973151135758592144170958552278814285468008448
220 88 -345415427471712067148318645596539388151546795681375789257607114152611671680024156569600
88 220 -345415427471712067148318645596539388151546795681375789257607114152611671680024156569600
220 112 -108147940232922911474274637705855860802715720079050041689263293763238306305594236060672
112 220 -108147940232922911474274637705855860802715720079050041689263293763238306305594236060672
220 136 1307575278149369195766197264729865658793459382700398915954255813059715381512514822528
136 220 1307575278149369195766197264729865658793459382700398915954255813059715381512514822528
220 160 -2425426875615947938191669859640868833674129087619726079312837380487754586176327764264
160 220 -2425426875615947938191669859640868833674129087619726079312837380487754586176327764264
220 184 36224554214119278067033156759633839609773224964227588656996275147290677749406119644
184 220 36224554214119278067033156759633839609773224964227588656996275147290677749406119644
220 208 -499136526320847515061924591910358515775576415400351003553731482550314758130915410
208 220 -499136526320847515061924591910358515775576415400351003553731482550314758130915410
219 3 34764246977360491496361119005452104070045825717239808
3 219 34764246977360491496361119005452104070045825717239808
219 27 -596030695608669334297414436757866139466254885587412191879932832390968912663019520
27 219 -596030695608669334297414436757866139466254885587412191879932832390968912663019520
219 51 34240175943944818355833128604103812024040239730361154931946106558406400188527966945280
51 219 34240175943944818355833128604103812024040239730361154931946106558406400188527966945280
219 75 713843033820376587654208973028931896145745163446268571902735798597470464573593645744128
75 219 713843033820376587654208973028931896145745163446268571902735798597470464573593645744128
219 99 -3015264923588341170137552131715887161617860255452923980412829396342985652604080816128
99 219 -3015264923588341170137552131715887161617860255452923980412829396342985652604080816128
219 123 11270686388489884544281447719247335401133250528636764523705123018796115415774729569584
123 219 11270686388489884544281447719247335401133250528636764523705123018796115415774729569584
219 147 -16646226183157608654838045873253671576034045696501038527214517539839534511192154291098
147 219 -16646226183157608654838045873253671576034045696501038527214517539839534511192154291098
219 171 884858705439283613158423265648745161002176237995975114125224997362328964009131579440
171 219 884858705439283613158423265648745161002176237995975114125224997362328964009131579440
219 195 -6485348054467914438189859924885003304163105716304477939020098916665698386051941552
195 219 -6485348054467914438189859924885003304163105716304477939020098916665698386051941552
219 219 44969918116467101976934884282426057776462992384698726780049396382960798062438424
218 14 84978252898092506084275870529167666592108357374715204785221849420857868288
14 218 84978252898092506084275870529167666592108357374715204785221849420857868288
218 38 -358205292686848135036722564024122120634914300821663350638876894845804721128981135360
38 218 -358205292686848135036722564024122120634914300821663350638876894845804721128981135360
218 62 -383408736248479540072873187614493070947654873510717104041753734197874226626045006577664
62 218 -383408736248479540072873187614493070947654873510717104041753734197874226626045006577664
218 86 230769938694700274491785000420726006727698955176307988887215121214950177310277806063616
86 218 230769938694700274491785000420726006727698955176307988887215121214950177310277806063616
218 110 55892563451281356792924697720964099207936252231114012726903338735776184721961039301632
110 218 55892563451281356792924697720964099207936252231114012726903338735776184721961039301632
218 134 -39277401472629235431978842553974615425938963217826085444180431079044482512853198991632
134 218 -39277401472629235431978842553974615425938963217826085444180431079044482512853198991632
218 158 8168448843565268254972759964684072953932748731711521707006070549110290280534198084128
158 218 8168448843565268254972759964684072953932748731711521707006070549110290280534198084128
218 182 -149169213029711460032718470617054900840266377642058443513846988121513063040259429032
182 218 -149169213029711460032718470617054900840266377642058443513846988121513063040259429032
218 206 1299310340615515306231390609330734157081182711324295439080627018666178744083245004
206 218 1299310340615515306231390609330734157081182711324295439080627018666178744083245004
217 1 -4105459007209571840226785430077440
1 217 -4105459007209571840226785430077440
217 25 64952102138239189531495061316678741302913990903392973489456660771647849953755136
25 217 64952102138239189531495061316678741302913990903392973489456660771647849953755136
217 49 -9872145203535948029134983796079944345065361696093384380703857967070872552826566868992
49 217 -9872145203535948029134983796079944345065361696093384380703857967070872552826566868992
217 73 -661399644859265005476935121912989555270945905514758072055042108758949742952482435235840
73 217 -661399644859265005476935121912989555270945905514758072055042108758949742952482435235840
217 97 -459516538845399317739535351121188889814989358538204143848178744326542107013233707581440
97 217 -459516538845399317739535351121188889814989358538204143848178744326542107013233707581440
217 121 3993533325986055368123291969417324804768456230977440383593730694725133783265793046592
121 217 3993533325986055368123291969417324804768456230977440383593730694725133783265793046592
217 145 46395171437917020890750595598840445589176861262626739920567635798070681775812784181088
145 217 46395171437917020890750595598840445589176861262626739920567635798070681775812784181088
217 169 -1829479169098557418479116935736029424020434748230052130302164087763102716332990715736
169 217 -1829479169098557418479116935736029424020434748230052130302164087763102716332990715736
217 193 10930764184799867639236210130026374777906120683094515892373322476362736182772424728
193 217 10930764184799867639236210130026374777906120683094515892373322476362736182772424728
217 217 -191505123039719229560315355321628753933810872946860159959425991619538010116052094
216 12 807749442214019238673203069579677222490868098143169184705934212074569728
12 216 807749442214019238673203069579677222490868098143169184705934212074569728
216 36 412342264606467231276244403220185498838035487662010499402937238069903437203379322880
36 216 412342264606467231276244403220185498838035487662010499402937238069903437203379322880
216 60 26708181226960603135865672291533408460932293636426767293519820199968926969304014913536
60 216 26708181226960603135865672291533408460932293636426767293519820199968926969304014913536
216 84 -35666106434485422618800303582489387101569542798624866641919471931614012265188745543680
84 216 -35666106434485422618800303582489387101569542798624866641919471931614012265188745543680
216 108 79437447686958031853282487331734212624452271419544431525631128423800256239645296201728
108 216 79437447686958031853282487331734212624452271419544431525631128423800256239645296201728
216 132 96103045743422833569282636869302889956620625515956715372440721851718063969984846004554
132 216 96103045743422833569282636869302889956620625515956715372440721851718063969984846004554
216 156 -9980067037593041578243669764686084679095124770798818355142745115270622555451024944280
156 216 -9980067037593041578243669764686084679095124770798818355142745115270622555451024944280
216 180 216246512531739510332142375960816636347558212136542186479627426136108663489331128778
180 216 216246512531739510332142375960816636347558212136542186479627426136108663489331128778
216 204 -1089871083325144420882917439247942646462443233834185368679259514154858001602021774
204 216 -1089871083325144420882917439247942646462443233834185368679259514154858001602021774
215 23 -6376514617140970798619257714450055813699492009766674832388631051292343835557888
23 215 -6376514617140970798619257714450055813699492009766674832388631051292343835557888
215 47 -9123860917039491499969884844340479461910795728885463174842181976868533731017269182464
47 215 -9123860917039491499969884844340479461910795728885463174842181976868533731017269182464
215 71 -335809086986051386683785418341549266573352166603463662241633405435597715278152928854016
71 215 -335809086986051386683785418341549266573352166603463662241633405435597715278152928854016
215 95 1115755183699781960940282918778016235312302958586831506006627183809771833323067348615168
95 215 1115755183699781960940282918778016235312302958586831506006627183809771833323067348615168
215 119 -120918205873699828200548099398184399520090495700409289101312998367064765503383387541504
119 215 -120918205873699828200548099398184399520090495700409289101312998367064765503383387541504
215 143 -43640926022957789795294658319938079877800744569295470844721477589322224305987317693228
143 215 -43640926022957789795294658319938079877800744569295470844721477589322224305987317693228
215 167 564300744822190981241388930892436992435806605397755695624403160885477441607681709048
167 215 564300744822190981241388930892436992435806605397755695624403160885477441607681709048
215 191 4215057598549435310478750031695802804646434077269282208570050111305277413961476576
191 215 4215057598549435310478750031695802804646434077269282208570050111305277413961476576
215 215 328833806726406219485917422225357588899837842287620208344834251224441235093738682
214 10 -33452332470946592218112690788238255085254635011698645151088167838810112
10 214 -33452332470946592218112690788238255085254635011698645151088167838810112
214 34 -243618594203668446483995619887471847071349539538451917172065950358784538263076995072
34 214 -243618594203668446483995619887471847071349539538451917172065950358784538263076995072
214 58 466788622414699659710698368212634509557386879043861314471071415891603474554418840469504
58 214 466788622414699659710698368212634509557386879043861314471071415891603474554418840469504
214 82 -456144120880122209959118034107038816688959190891665618383291386702278290728258073788416
82 214 -456144120880122209959118034107038816688959190891665618383291386702278290728258073788416
214 106 -319681562309748619503674205480305812158070097952054341483578889982808626867818859659264
106 214 -319681562309748619503674205480305812158070097952054341483578889982808626867818859659264
214 130 -157109605890516941727915370215898461703755852871304341776721724316177930051412795966528
130 214 -157109605890516941727915370215898461703755852871304341776721724316177930051412795966528
214 154 -11378101987468961063709015730812990888811182548248911298062488209501304380368844132963
154 214 -11378101987468961063709015730812990888811182548248911298062488209501304380368844132963
214 178 174391663652794247586246037036932614773473500814253985977380740683941233366706260084
178 214 174391663652794247586246037036932614773473500814253985977380740683941233366706260084
214 202 -4567068335166864000163864241139233186107533777522894475064049788074097335649756606
202 214 -4567068335166864000163864241139233186107533777522894475064049788074097335649756606
213 21 4454411700340632638787354215335901390214424930926563117979009809469567622184960
21 213 4454411700340632638787354215335901390214424930926563117979009809469567622184960
213 45 9448020108995394571334197114077812210043594241751806130155097718802917129501852827648
45 213 9448020108995394571334197114077812210043594241751806130155097718802917129501852827648
213 69 2149907159127032665751292155958244512924750520864736055247295934594563780817726423957504
69 213 2149907159127032665751292155958244512924750520864736055247295934594563780817726423957504
213 93 -979147148020962511950163484473224019117014848381660521922724197142500415750282797907968
93 213 -979147148020962511950163484473224019117014848381660521922724197142500415750282797907968
213 117 10220444020740759306132067077266600304432060138454531024926439070296296917838414985216
117 213 10220444020740759306132067077266600304432060138454531024926439070296296917838414985216
213 141 -64080622465824792701638833321716299125416242284524211138444630809102264748975338091092
141 213 -64080622465824792701638833321716299125416242284524211138444630809102264748975338091092
213 165 6283537605392186928954564477988083311740898121646848082960063013664270064681141603144
165 213 6283537605392186928954564477988083311740898121646848082960063013664270064681141603144
213 189 -65955453193434456368698971425031129055542948792115980514062402691077581789454021712
189 213 -65955453193434456368698971425031129055542948792115980514062402691077581789454021712
213 213 181667375413479095217300826946749515715769002976231806670278039511599676735484790
212 8 64297282343570212067695128049986169493138093069106288820023126392832
8 212 64297282343570212067695128049986169493138093069106288820023126392832
212 32 102093481014565074361737082657150458584279449702938644663512052519619491559674740736
32 212 102093481014565074361737082657150458584279449702938644663512052519619491559674740736
212 56 -642248026331628185513063987800265092087734870426789990365750310105412232714438039306240
56 212 -642248026331628185513063987800265092087734870426789990365750310105412232714438039306240
212 80 1935622299382951670488091185432375153459820433326568153976503341890360155620543081480192
80 212 1935622299382951670488091185432375153459820433326568153976503341890360155620543081480192
212 104 659541567624660714338375340009545233440288198752393498596896276756366161934048405946368
104 212 659541567624660714338375340009545233440288198752393498596896276756366161934048405946368
212 128 20921204450389907132259156235677850540695350123206382655268093008955446104200237160448
128 212 20921204450389907132259156235677850540695350123206382655268093008955446104200237160448
212 152 72162994133027771626593865509159754953548312714609076777501339439916904968770332912436
152 212 72162994133027771626593865509159754953548312714609076777501339439916904968770332912436
212 176 -1357154243975817087232034722149230531778055663183170684024912062513925760134558815176
176 212 -1357154243975817087232034722149230531778055663183170684024912062513925760134558815176
212 200 18924690743608975433051754170628254044538761991308349998268364102010278054612449466
200 212 18924690743608975433051754170628254044538761991308349998268364102010278054612449466
211 19 -1163043174306275626686304418130118556669941673157612271238891951145006716157952
19 211 -1163043174306275626686304418130118556669941673157612271238891951145006716157952
211 43 3375616540489859441269133739346980895692273557119615954070808927987666922265703874560
43 211 3375616540489859441269133739346980895692273557119615954070808927987666922265703874560
211 67 -3163557915064918960285571700939750827918667148331757138082500316964266649022770446336000
67 211 -3163557915064918960285571700939750827918667148331757138082500316964266649022770446336000
211 91 -280065156434484887035736242929463652007577069827911943829871847642806981381300288487424
91 211 -280065156434484887035736242929463652007577069827911943829871847642806981381300288487424
211 115 758560745632466751621408978373973178267434157133337268153861795523752863585038044176384
115 211 758560745632466751621408978373973178267434157133337268153861795523752863585038044176384
211 139 316021113528458216471562667755074579097440803706869152355650375429734358569939093351792
139 211 316021113528458216471562667755074579097440803706869152355650375429734358569939093351792
211 163 -16982905215671404093864178153861781807607857353928227225869390467637142544995685266096
163 211 -16982905215671404093864178153861781807607857353928227225869390467637142544995685266096
211 187 143202103653637609726986643097820893914001701274341231514251629610169755367803003980
187 211 143202103653637609726986643097820893914001701274341231514251629610169755367803003980
211 211 -2447342489438547582257292379296266954405725375140681229188118071637498052808364396
210 6 -16544750197065851243417356509280713212480450776897698952913092608
6 210 -16544750197065851243417356509280713212480450776897698952913092608
210 30 -33657566884773622459878630717935195551250040353799515090188367090376172324555587584
30 210 -33657566884773622459878630717935195551250040353799515090188367090376172324555587584
210 54 343628593955156645943195083593663750536505534744420001751942663040066996962096630988800
54 210 343628593955156645943195083593663750536505534744420001751942663040066996962096630988800
210 78 -2775893237624075127682804293180078657430466322187352595722117562388453251764875037769728
78 210 -2775893237624075127682804293180078657430466322187352595722117562388453251764875037769728
210 102 -148222961735165824268042040533844807170911125252481923983570620856188510535971062677504
102 210 -148222961735165824268042040533844807170911125252481923983570620856188510535971062677504
210 126 742969772291235308779413286525199205364287974883292546514361791989873940165995671865728
126 210 742969772291235308779413286525199205364287974883292546514361791989873940165995671865728
210 150 -141249020155704250676831956682200201542323024258745057647433631310805527109103200068046
150 210 -141249020155704250676831956682200201542323024258745057647433631310805527109103200068046
210 174 2380010230159352490876326194871312334642236244370661960871183650399055624304402702776
174 210 2380010230159352490876326194871312334642236244370661960871183650399055624304402702776
210 198 -27287775148374992516946870277542734068542749335056464251263596078149062056038917152
198 210 -27287775148374992516946870277542734068542749335056464251263596078149062056038917152
209 17 -69595887608225684865885472831439280918257109661885565431805027763515618754560
17 209 -69595887608225684865885472831439280918257109661885565431805027763515618754560
209 41 -14216146677614279178602380385005647974360057533482233450680353207154467236351838257152
41 209 -14216146677614279178602380385005647974360057533482233450680353207154467236351838257152
209 65 1069376823493697980183277300509929196709715881670553773090733170723829364446432709312512
65 209 1069376823493697980183277300509929196709715881670553773090733170723829364446432709312512
209 89 3108354818879978754427187260973409291943803874454623386092799553183751494273603932782592
89 209 3108354818879978754427187260973409291943803874454623386092799553183751494273603932782592
209 113 -1196445380161296941006933869323429032466302821489231202642218053551327803303716892622848
113 209 -1196445380161296941006933869323429032466302821489231202642218053551327803303716892622848
209 137 -632042227056916432943125335510149158194881607413738304711300750859468717139878186703584
137 209 -632042227056916432943125335510149158194881607413738304711300750859468717139878186703584
209 161 17147916656496398771839112497586712829348805093995030329227646075113420030002777491232
161 209 17147916656496398771839112497586712829348805093995030329227646075113420030002777491232
209 185 -70881559917133449191198585115160815455218902229022697000673866173713698891719746536
185 209 -70881559917133449191198585115160815455218902229022697000673866173713698891719746536
209 209 6018546547744262834186652489554409130782752675569545720352049242301230119383476784
208 4 107078038106446003895360008196777825034351641838903055351808
4 208 107078038106446003895360008196777825034351641838903055351808
208 28 8657359778731450134106684575061465269082706017262592897873290421803019128637751296
28 208 8657359778731450134106684575061465269082706017262592897873290421803019128637751296
208 52 173128195563940650670603938609943475008372713407418331947797283819561169121239040524288
52 208 173128195563940650670603938609943475008372713407418331947797283819561169121239040524288
208 76 80012293879797658449370482403222649405176805168343136901954936256954001306503773945856
76 208 80012293879797658449370482403222649405176805168343136901954936256954001306503773945856
208 100 -1663385361308145606712428058204989917414062442959933668828851942915145274474715591737344
100 208 -1663385361308145606712428058204989917414062442959933668828851942915145274474715591737344
208 124 -1842434361117554605532715401294103324701919112651702734039240103033348624927133357429760
124 208 -1842434361117554605532715401294103324701919112651702734039240103033348624927133357429760
208 148 68932247538228234204658176505446851964234263999657851420331965651092733372665402527488
148 208 68932247538228234204658176505446851964234263999657851420331965651092733372665402527488
208 172 -247414173358879398950895753355749015528163299037079521442343720311631579559954976776
172 208 -247414173358879398950895753355749015528163299037079521442343720311631579559954976776
208 196 -13749460636813337447518493653240499057628720050869586939589697375018803216837672792
196 208 -13749460636813337447518493653240499057628720050869586939589697375018803216837672792
207 15 -6627683104917731882940841022683437356001307491977622338055059817838185283584
15 207 -6627683104917731882940841022683437356001307491977622338055059817838185283584
207 39 15562253279771727252785298979809882364793568794456627998654968545640674194458012549120
39 207 15562253279771727252785298979809882364793568794456627998654968545640674194458012549120
207 63 4076273232910729491203121610264700269881089013411198312481855824810839324723891601932288
63 207 4076273232910729491203121610264700269881089013411198312481855824810839324723891601932288
207 87 -7973898046210203972133859654691885209771698288803054975839654902577462582480167438909440
87 207 -7973898046210203972133859654691885209771698288803054975839654902577462582480167438909440
207 111 -735655486567812300563088147553946568794689281222353870546881599801924016679550851055616
111 207 -735655486567812300563088147553946568794689281222353870546881599801924016679550851055616
207 135 512644979726598341613110666573730393003329938276193689107557046472818117991802704728736
135 207 512644979726598341613110666573730393003329938276193689107557046472818117991802704728736
207 159 22651328604985916616640846633063268326356421908533633303062602739798587951832149424864
159 207 22651328604985916616640846633063268326356421908533633303062602739798587951832149424864
207 183 -398690882925154935503316530451645779017597472121789757112253473813156066791163082472
183 207 -398690882925154935503316530451645779017597472121789757112253473813156066791163082472
207 207 -4736511414384541546477445096334371409374321647756288103734189704259834295035302632
206 2 55058916497700571674537711982101641708055822336
2 206 55058916497700571674537711982101641708055822336
206 26 -1977438001592656649196754016350817624037547773027183041986996140733923570447548416
26 206 -1977438001592656649196754016350817624037547773027183041986996140733923570447548416
206 50 -586131282766197337764958673467456252140390940103291573978739817200556062348972883181568
50 206 -586131282766197337764958673467456252140390940103291573978739817200556062348972883181568
206 74 5063505108010230738708084749870429130705535929928888311213946309637538749685946105462784
74 206 5063505108010230738708084749870429130705535929928888311213946309637538749685946105462784
206 98 2101109602426566578616470112613830423742174819425336709052022505406167440657943395041280
98 206 2101109602426566578616470112613830423742174819425336709052022505406167440657943395041280
206 122 1575827802201690377402795921346797952048460762998336280523697483420012423955060585626624
122 206 1575827802201690377402795921346797952048460762998336280523697483420012423955060585626624
206 146 429191063626021618473711138116100680023184692373859149165394371085253429086708404713424
146 206 429191063626021618473711138116100680023184692373859149165394371085253429086708404713424
206 170 -8301051115549942215124921825096723148254288128106760633288645044092401081482748224480
170 206 -8301051115549942215124921825096723148254288128106760633288645044092401081482748224480
206 194 147011066516154665992101107718290324024133789832551172661182313852115841012399458808
194 206 147011066516154665992101107718290324024133789832551172661182313852115841012399458808
205 13 -264330880727766485318552904449667443784145803924761651592592290653386309632
13 205 -264330880727766485318552904449667443784145803924761651592592290653386309632
205 37 -10345255297151759525508445657414513190596678095028846359458582485240597246699502567424
37 205 -10345255297151759525508445657414513190596678095028846359458582485240597246699502567424
205 61 -7549999515262362670628491131940139384227853492895996452146041631245934725248537222709248
61 205 -7549999515262362670628491131940139384227853492895996452146041631245934725248537222709248
205 85 10055876418434420437799246476629887207916903538152462715137395130677684886440239561703424
85 205 10055876418434420437799246476629887207916903538152462715137395130677684886440239561703424
205 109 4255962632009201327830350311678910428550168710770599909989379096525849218596123240169472
109 205 4255962632009201327830350311678910428550168710770599909989379096525849218596123240169472
205 133 1396509632734649273449429066238018556089623826217455067031087282858311177791594166183296
133 205 1396509632734649273449429066238018556089623826217455067031087282858311177791594166183296
205 157 -130277247532881864821897621633928663043378922291859577153099756195221206878578688718080
157 205 -130277247532881864821897621633928663043378922291859577153099756195221206878578688718080
205 181 1380104728133406620074701248374022686616145917721669723677625116846346408389136106192
181 205 1380104728133406620074701248374022686616145917721669723677625116846346408389136106192
205 205 -16169681300373828514727904474867255266049226362246634395423698988510852484119323368
204 24 725702380622087905261588354063527541717608319148058138254491109929875239092617216
24 204 725702380622087905261588354063527541717608319148058138254491109929875239092617216
204 48 719198335778710052135197434274438072286434173520402962504991922529808748573460774518784
48 204 719198335778710052135197434274438072286434173520402962504991922529808748573460774518784
204 72 -6726531459298681546488472036020617898830109146260588006324394148011227773221651754254336
72 204 -6726531459298681546488472036020617898830109146260588006324394148011227773221651754254336
204 96 1219416492913697553428428607360256637599927408847230645556479466927537517121283752460288
96 204 1219416492913697553428428607360256637599927408847230645556479466927537517121283752460288
204 120 1748964450956935862488301801350436443939765845989694597297345451369582492766577485484032
120 204 1748964450956935862488301801350436443939765845989694597297345451369582492766577485484032
204 144 -1392746439726368021850744292106596826854822231037808732444420508994004455803279259474209
144 204 -1392746439726368021850744292106596826854822231037808732444420508994004455803279259474209
204 168 20721549658635316998438080908304613744290229912978552747159310528590867616829452348232
168 204 20721549658635316998438080908304613744290229912978552747159310528590867616829452348232
204 192 -355567034350540062928013125261103418209072746929129045596817590340045692934021477396
192 204 -355567034350540062928013125261103418209072746929129045596817590340045692934021477396
203 11 -4245693634309704519448626715121247778345194080030589384889899922896191488
11 203 -4245693634309704519448626715121247778345194080030589384889899922896191488
203 35 4560822292957532766537842408122092752593037098682254271625114178512924308927707873280
35 203 4560822292957532766537842408122092752593037098682254271625114178512924308927707873280
203 59 4010981109809333701059148868826308749941896872361263344470874388894609404928235766022144
59 203 4010981109809333701059148868826308749941896872361263344470874388894609404928235766022144
203 83 -1421092712849704638344266792850884933490658271140194146364008416185274655350106364051456
83 203 -1421092712849704638344266792850884933490658271140194146364008416185274655350106364051456
203 107 -6134287614845296722268433567378037995080104805922594166350148209164476119821155594403840
107 203 -6134287614845296722268433567378037995080104805922594166350148209164476119821155594403840
203 131 -5938581944053378674016076236651577035414638241616222709832657382153047267304036375179264
131 203 -5938581944053378674016076236651577035414638241616222709832657382153047267304036375179264
203 155 233879132277808600074886074091719331046957710590430317894987241394705243177678522634727
155 203 233879132277808600074886074091719331046957710590430317894987241394705243177678522634727
203 179 -2012813156634086434910780463558226796314789391916482816714938785450300345707743073136
179 203 -2012813156634086434910780463558226796314789391916482816714938785450300345707743073136
203 203 70963067182427749824379493877104438809363171720337408931718454566095120624775962084
202 22 -234603561181637300382309513648133526166479100512470249738896899849278684246573056
22 202 -234603561181637300382309513648133526166479100512470249738896899849278684246573056
202 46 -548588247556845060360724506421869699308724235838519006738419829550008087826909594910720
46 202 -548588247556845060360724506421869699308724235838519006738419829550008087826909594910720
202 70 185253650491366019395884654560640087501915324188088306666731222107206472859409478320128
70 202 185253650491366019395884654560640087501915324188088306666731222107206472859409478320128
202 94 -5561462122870084894954535384365609300816832940526088114493854818271050785167947925028864
94 202 -5561462122870084894954535384365609300816832940526088114493854818271050785167947925028864
202 118 -9479031227369086485650676275809739159803163392105284307370931695343008865070733496221696
118 202 -9479031227369086485650676275809739159803163392105284307370931695343008865070733496221696
202 142 1716764254504086473894844552464402720092738769495436596661577484341013716346833618853696
142 202 1716764254504086473894844552464402720092738769495436596661577484341013716346833618853696
202 166 -16697895822788831077692316492274705860367270784062600849875379749184285680220629354244
166 202 -16697895822788831077692316492274705860367270784062600849875379749184285680220629354244
202 190 429471824401809531325546311565413409299615128110868655556098735064131602270338290988
190 202 429471824401809531325546311565413409299615128110868655556098735064131602270338290988
201 9 19277624010130114094345395368464388264416713035002228985939893512306688
9 201 19277624010130114094345395368464388264416713035002228985939893512306688
201 33 -1322314117484044346530736581071690925991566020807865027736538399873190393108882259968
33 201 -1322314117484044346530736581071690925991566020807865027736538399873190393108882259968
201 57 4609460435487622606402238768219535365417606831191729823893185054084586859708532240941056
57 201 4609460435487622606402238768219535365417606831191729823893185054084586859708532240941056
201 81 -20774486457016085309990487838398982550455097048835217451618876397641316877318769938006016
81 201 -20774486457016085309990487838398982550455097048835217451618876397641316877318769938006016
201 105 5927126923432836532206088958125007170423792893957587142158271757961823971341552991600640
105 201 5927126923432836532206088958125007170423792893957587142158271757961823971341552991600640
201 129 8522867805776695631277079487105879846929431396608531725933832980397841669730382997042176
129 201 8522867805776695631277079487105879846929431396608531725933832980397841669730382997042176
201 153 22480185048418832834322648280221604042858284942964534193584079358161057923203816970581
153 201 22480185048418832834322648280221604042858284942964534193584079358161057923203816970581
201 177 -1487921562044759442392624189817078732174402819993732252978842607174722307363936453464
177 201 -1487921562044759442392624189817078732174402819993732252978842607174722307363936453464
201 201 -124984484970974260268957422532451308383592285227282794658381486522976803719442906992
200 20 23403010523915093331007273410156275893138939288672247612317028142985595720826880
20 200 23403010523915093331007273410156275893138939288672247612317028142985595720826880
200 44 216641712690548474591863432187517161632022039953765074307532284799496954867619115040768
44 200 216641712690548474591863432187517161632022039953765074307532284799496954867619115040768
200 68 9463572052555809564190580684389642498974542092098225839420571338622788489946224484417536
68 200 9463572052555809564190580684389642498974542092098225839420571338622788489946224484417536
200 92 7106333441103023320138479476837099964649222526758623285151510856526789333285070096564224
92 200 7106333441103023320138479476837099964649222526758623285151510856526789333285070096564224
200 116 21308870390413105421284545481352714746637521948535393850408718124150374227992097160888320
116 200 21308870390413105421284545481352714746637521948535393850408718124150374227992097160888320
200 140 1102915960611651747274530824087149631427748223994525622725311450417483733962646440439808
140 200 1102915960611651747274530824087149631427748223994525622725311450417483733962646440439808
200 164 -45970867780302157236331467841391434146610531487676965269966000781060895310427999409552
164 200 -45970867780302157236331467841391434146610531487676965269966000781060895310427999409552
200 188 400172117062400416100548016145515997761821850849503435739306432162606018195683420980
188 200 400172117062400416100548016145515997761821850849503435739306432162606018195683420980
199 7 -15348094823120259192693317222175600868695014192979418376914291654656
7 199 -15348094823120259192693317222175600868695014192979418376914291654656
199 31 281073594611274418847937564646189722832895831446275001369027116710344343068338028544
31 199 281073594611274418847937564646189722832895831446275001369027116710344343068338028544
199 55 -9696223549738432508501303690249582235473992229295027837814345511608852513072823090020352
55 199 -9696223549738432508501303690249582235473992229295027837814345511608852513072823090020352
199 79 51263661831466898701606744267877893790285711573139868172736599005809890573529353535094784
79 199 51263661831466898701606744267877893790285711573139868172736599005809890573529353535094784
199 103 5619130450542166216884935095574617064214293513652952842993788062701922637658264677908480
103 199 5619130450542166216884935095574617064214293513652952842993788062701922637658264677908480
199 127 2387793339618584865250747281642623463339170078936140115914946488667299472884490416959488
127 199 2387793339618584865250747281642623463339170078936140115914946488667299472884490416959488
199 151 -1071614439226120470797851861444710639098386586637357995917850957689232848408600202505292
151 199 -1071614439226120470797851861444710639098386586637357995917850957689232848408600202505292
199 175 13192732147457116659425651141563785125918997526003617329319755681992493537076514926316
175 199 13192732147457116659425651141563785125918997526003617329319755681992493537076514926316
199 199 8479992160605110539266788094902485028303695951114721778251454783762446278761657676
198 18 1526034689267000715717564713653783267520455883044395328361311904401191166017536
18 198 1526034689267000715717564713653783267520455883044395328361311904401191166017536
198 42 58172776948024165794341487292368867483567975807250345058702800754809384896356855840768
42 198 58172776948024165794341487292368867483567975807250345058702800754809384896356855840768
198 66 -9576691914237820724354801902372441071925904141317387477721525136613595171662826144006144
66 198 -9576691914237820724354801902372441071925904141317387477721525136613595171662826144006144
198 90 463395857785910374483116628238281993350945278718598719527759115336911294630335745097728
90 198 463395857785910374483116628238281993350945278718598719527759115336911294630335745097728
198 114 -19648984359292565864178547300942561743496821736923356196903893663751767812248719096545280
114 198 -19648984359292565864178547300942561743496821736923356196903893663751767812248719096545280
198 138 -9039937289965072043317245227660812898708673552559683689435752403891553734982604804354944
138 198 -9039937289965072043317245227660812898708673552559683689435752403891553734982604804354944
198 162 171213607721009392106402748544982412401364480219304259052033468614955858445981055839896
162 198 171213607721009392106402748544982412401364480219304259052033468614955858445981055839896
198 186 -3291250243075252938511991862440160096958044269912873962517935566005612092980573466904
186 198 -3291250243075252938511991862440160096958044269912873962517935566005612092980573466904
197 5 1087094753721160856323896841968222442690166168775502747190427648
5 197 1087094753721160856323896841968222442690166168775502747190427648
197 29 -99933972846820745988033527870795264197408241659900288072135815527890707126245392384
29 197 -99933972846820745988033527870795264197408241659900288072135815527890707126245392384
197 53 6722284680932144207126369773755282197367277297028427314391781387294263096055996291743744
53 197 6722284680932144207126369773755282197367277297028427314391781387294263096055996291743744
197 77 -59196601466698458782046672807554075308629480700095397059094941353770020049908765619650560
77 197 -59196601466698458782046672807554075308629480700095397059094941353770020049908765619650560
197 101 -52435719440490271707224259792289606337669398555455116214637025034677786304422664009154560
101 197 -52435719440490271707224259792289606337669398555455116214637025034677786304422664009154560
197 125 -31649016432328635078284362123677402771649207937188434651228263444533972391897087509045248
125 197 -31649016432328635078284362123677402771649207937188434651228263444533972391897087509045248
197 149 2143228878452240941595703722889421278196773173274715991835701915378465696817200405010584
149 197 2143228878452240941595703722889421278196773173274715991835701915378465696817200405010584
197 173 -20884280538820678846848498234033789703659455126053971644689621815799870014892735930856
173 197 -20884280538820678846848498234033789703659455126053971644689621815799870014892735930856
197 197 537671015608245048253025250711732360220642546545472709523805135547617681512343232204
196 16 195645785622422229367566009623935595460301848282217611838120874914732750929920
16 196 195645785622422229367566009623935595460301848282217611838120874914732750929920
196 40 -158408324930790158992367173316806729940428483922213353093195782951588599437056668598272
40 196 -158408324930790158992367173316806729940428483922213353093195782951588599437056668598272
196 64 -4761199376077589973206108067507216335311926873558173516258059499214303700584267706793984
64 196 -4761199376077589973206108067507216335311926873558173516258059499214303700584267706793984
196 88 -35074151561943715421966700548630311361992678729934227489775648862036807777988966833192960
88 196 -35074151561943715421966700548630311361992678729934227489775648862036807777988966833192960
196 112 -35049065448909819703488582580003488858358162221723046333973909806929095922043534351269888
112 196 -35049065448909819703488582580003488858358162221723046333973909806929095922043534351269888
196 136 18473726498055109536408029570344897268108368054939923655040342896618727672005205225583616
136 196 18473726498055109536408029570344897268108368054939923655040342896618727672005205225583616
196 160 -173502006231577554468298050268810577499618881220971904110487725512909871509463795148800
160 196 -173502006231577554468298050268810577499618881220971904110487725512909871509463795148800
196 184 6997886759820397923792861841478247387588760738174074891256248495479456294460996076812
184 196 6997886759820397923792861841478247387588760738174074891256248495479456294460996076812
195 3 -73942377263147952547534605813533602462795368742065799168
3 195 -73942377263147952547534605813533602462795368742065799168
195 27 55275055602069322054122296894203295569919777599456284333634801281271194913140113408
27 195 55275055602069322054122296894203295569919777599456284333634801281271194913140113408
195 51 -72314025632351122739977607919638532890730733927229536395746095831438483373307820244992
51 195 -72314025632351122739977607919638532890730733927229536395746095831438483373307820244992
195 75 -16380757728204798588101008203766399421974146782329163074071711531330977863248793177161728
75 195 -16380757728204798588101008203766399421974146782329163074071711531330977863248793177161728
195 99 96742989595577470022612233038928979695096247901733675188104566410049554698908021815246848
99 195 96742989595577470022612233038928979695096247901733675188104566410049554698908021815246848
195 123 60535166930100326335546446731876293480038887753870701921059786978452503652199157843820544
123 195 60535166930100326335546446731876293480038887753870701921059786978452503652199157843820544
195 147 -179841480387350662674581186241772832342866279543716273548672634865288463385630535764648
147 195 -179841480387350662674581186241772832342866279543716273548672634865288463385630535764648
195 171 -12015942674060605721328480877095739723772950942500026424982979308556634246965985752984
171 195 -12015942674060605721328480877095739723772950942500026424982979308556634246965985752984
195 195 -1438501030643751115268668314194715343859132772836952304160424011637637377825373306296
194 14 9669289036485995222532652630696009249204558757272506709438577015439004532736
14 194 9669289036485995222532652630696009249204558757272506709438577015439004532736
194 38 121969699787686003220882435180567519711988656002558622770082714733615678624987248328704
38 194 121969699787686003220882435180567519711988656002558622770082714733615678624987248328704
194 62 23433106104461733359893145322025184324233666415741551627956545134872100366315025283940352
62 194 23433106104461733359893145322025184324233666415741551627956545134872100366315025283940352
194 86 79586134383562630862234678655478721782658936019700119107070639463650973927404302801829888
86 194 79586134383562630862234678655478721782658936019700119107070639463650973927404302801829888
194 110 137964296546846578545141493820231020804045715397021199489148863911620384993306066726944768
110 194 137964296546846578545141493820231020804045715397021199489148863911620384993306066726944768
194 134 -11651176435168216129238032108352502670142650929406885169215987926529335685497696392154112
134 194 -11651176435168216129238032108352502670142650929406885169215987926529335685497696392154112
194 158 -333600194343220956183003583823530195341870096937108791034457689756302196883464258433088
158 194 -333600194343220956183003583823530195341870096937108791034457689756302196883464258433088
194 182 -4205577780536979789383983244591215963223955096415168551160502619269951300342786472848
182 194 -4205577780536979789383983244591215963223955096415168551160502619269951300342786472848
193 1 3381076258323008492245348024183685120
1 193 3381076258323008492245348024183685120
193 25 -20024006349183911932372984816591208145840696160050526302306943812750184836600168448
25 193 -20024006349183911932372984816591208145840696160050526302306943812750184836600168448
193 49 -4257374823937175871427440790715808936504407520761376184625044037919589929325297957601280
49 193 -4257374823937175871427440790715808936504407520761376184625044037919589929325297957601280
193 73 175764876855197546663326576670941729952614651009071905333993481958489480975422717910056960
73 193 175764876855197546663326576670941729952614651009071905333993481958489480975422717910056960
193 97 3755260082988581051154316477352796882575031868815275269420043624966720288270679034298368
97 193 3755260082988581051154316477352796882575031868815275269420043624966720288270679034298368
193 121 -48974279539523648756449238128567260727776057568722576828335577771483251779175107930357760
121 193 -48974279539523648756449238128567260727776057568722576828335577771483251779175107930357760
193 145 -7484132232889875202396354370935018593502646738893770172639591724630567781685712724311264
145 193 -7484132232889875202396354370935018593502646738893770172639591724630567781685712724311264
193 169 91277966289131135441968000764398244518229113264797017495744728839452968206905465883776
169 193 91277966289131135441968000764398244518229113264797017495744728839452968206905465883776
193 193 1659458923311216988213470400989882285663425451587507191878627875512337392419033479036
192 12 462926849354809336597651303842333846237206230613192816663562447073249853440
12 192 462926849354809336597651303842333846237206230613192816663562447073249853440
192 36 -50380917259506203412635318837888388991493734177672422234288717789250097967087199715328
36 192 -50380917259506203412635318837888388991493734177672422234288717789250097967087199715328
192 60 -25341031758477434191411665339456130178968874341434853047832234453268324354790253689569280
60 192 -25341031758477434191411665339456130178968874341434853047832234453268324354790253689569280
192 84 -18555509227891815628978563706558248532478097057402449618641284716789273344179460988993536
84 192 -18555509227891815628978563706558248532478097057402449618641284716789273344179460988993536
192 108 -184441594053022143868910687082369305726553834465131061993215388510108705230247096343330816
108 192 -184441594053022143868910687082369305726553834465131061993215388510108705230247096343330816
192 132 -40878354585981098304486071356154202845573631061191959982664683992148469987127398171770880
132 192 -40878354585981098304486071356154202845573631061191959982664683992148469987127398171770880
192 156 1349410845055255762210539786431070628746204230748866885649123875897497691505647044362731
156 192 1349410845055255762210539786431070628746204230748866885649123875897497691505647044362731
192 180 -14019161015768501152514378753161386794083109728536187548736514866391522980687742301036
180 192 -14019161015768501152514378753161386794083109728536187548736514866391522980687742301036
191 23 3825038706185530331497435787915393617441490346854381188864227596155663302386515968
23 191 3825038706185530331497435787915393617441490346854381188864227596155663302386515968
191 47 4468764895651780669211720036707221327527206460686936156749777436118321393559187245498368
47 191 4468764895651780669211720036707221327527206460686936156749777436118321393559187245498368
191 71 -238249010978818234746782084083319258929252188799477500759218678627773504319919009782824960
71 191 -238249010978818234746782084083319258929252188799477500759218678627773504319919009782824960
191 95 -275259217713752989855134467348080639916261252941547841271257670609114767249402449744625664
95 191 -275259217713752989855134467348080639916261252941547841271257670609114767249402449744625664
191 119 -69030169489482458866965613637197549759066730955671977908931730784451486050965673853583360
119 191 -69030169489482458866965613637197549759066730955671977908931730784451486050965673853583360
191 143 16675487684208878697202895569142868869552502053358025875596768792988314480458072155914240
143 191 16675487684208878697202895569142868869552502053358025875596768792988314480458072155914240
191 167 -114996682686073428691204404260168349872128642076216496556237269838987923340484924305616
167 191 -114996682686073428691204404260168349872128642076216496556237269838987923340484924305616
191 191 1264803272265123257930977281462713256850244680104952560710689398091331535975990160020
190 10 5585747082501652958175801528410551627140958893498945776883751737280692224
10 190 5585747082501652958175801528410551627140958893498945776883751737280692224
190 34 8232239733518929232782352161646061317105450900346186430982439366841444663866660225024
34 190 8232239733518929232782352161646061317105450900346186430982439366841444663866660225024
190 58 -3470437152582771421681699700359354802428815707579150338531555927065431881474967043309568
58 190 -3470437152582771421681699700359354802428815707579150338531555927065431881474967043309568
190 82 -216230691375915531872005047863572696585991725444890699987974759264115661655757661507944448
82 190 -216230691375915531872005047863572696585991725444890699987974759264115661655757661507944448
190 106 51620355182302064215012803022660459542467212967422278707936343343283694261010222804893696
106 190 51620355182302064215012803022660459542467212967422278707936343343283694261010222804893696
190 130 133831865852973355089473699261383851277234155220361571647587459876622995956272301410353152
130 190 133831865852973355089473699261383851277234155220361571647587459876622995956272301410353152
190 154 -1334400777372883824732014335294120781367480387748435164137830759025208787533857033732352
154 190 -1334400777372883824732014335294120781367480387748435164137830759025208787533857033732352
190 178 44977634128939577609265153108504155324193737599273070059620694839095067693970410582676
178 190 44977634128939577609265153108504155324193737599273070059620694839095067693970410582676
189 21 17812071450624359040699062932440263575994600605375358961359061214583138914664448
21 189 17812071450624359040699062932440263575994600605375358961359061214583138914664448
189 45 -1844821061241980537707963496410398112991250576365325500104747810512213260606993739022336
45 189 -1844821061241980537707963496410398112991250576365325500104747810512213260606993739022336
189 69 -9600817168323686334732401755157162867796697758920356371378565969181873769377698813050880
69 189 -9600817168323686334732401755157162867796697758920356371378565969181873769377698813050880
189 93 449062718869746244729917705445949809042790648932104934951360167272633285154798819434561536
93 189 449062718869746244729917705445949809042790648932104934951360167272633285154798819434561536
189 117 351655240646176158002438898658999085458296771405784468081254011498145889725076062796251136
117 189 351655240646176158002438898658999085458296771405784468081254011498145889725076062796251136
189 141 -11597480245752789307720113476128393383094488017169220251168052602776877031338060505530368
141 189 -11597480245752789307720113476128393383094488017169220251168052602776877031338060505530368
189 165 -57655212404513100445972719171467720808614843115262168627933614058963624820362213765936
165 189 -57655212404513100445972719171467720808614843115262168627933614058963624820362213765936
189 189 -10899145952385384252199566185150160611428873598301588266018483383075928289187823162036
188 8 -4111063839868279263230453018269649243169451716635309849092608137101312
8 188 -4111063839868279263230453018269649243169451716635309849092608137101312
188 32 1558536234132998958367375578284582687455090041939308691308318768303820514714632323072
32 188 1558536234132998958367375578284582687455090041939308691308318768303820514714632323072
188 56 42529088032458550017052221694127792022717216015662790070298682854942824388012020045185024
56 188 42529088032458550017052221694127792022717216015662790070298682854942824388012020045185024
188 80 382684485259058735661457263728401734476566515447965797413778755868640998563083296119455744
80 188 382684485259058735661457263728401734476566515447965797413778755868640998563083296119455744
188 104 386092207953688477068717311324533692095772054018852672597971172115821968796574652842377216
104 188 386092207953688477068717311324533692095772054018852672597971172115821968796574652842377216
188 128 -158952775720366764077329275921423979883667723886246368333846110567645484559651816358805504
128 188 -158952775720366764077329275921423979883667723886246368333846110567645484559651816358805504
188 152 -2776032099705240871492768804300969239993902099535550465767803608206557944151420722380800
152 188 -2776032099705240871492768804300969239993902099535550465767803608206557944151420722380800
188 176 -73080963036374801983741492853960066483088956274212845239015196775226414042092647998960
176 188 -73080963036374801983741492853960066483088956274212845239015196775226414042092647998960
187 19 -33092450422785029186416095804784812297939163706579033171407863159503001793593344
19 187 -33092450422785029186416095804784812297939163706579033171407863159503001793593344
187 43 -1106483870433574936608070252507636495663890986589825065973185222540308094532112009396224
43 187 -1106483870433574936608070252507636495663890986589825065973185222540308094532112009396224
187 67 393408998242588336712046971156300031744683673028529713995921672421172860004713808539942912
67 187 393408998242588336712046971156300031744683673028529713995921672421172860004713808539942912
187 91 -217885429945511597674787359268173521730729811490008535623710014351853497966753644483182592
91 187 -217885429945511597674787359268173521730729811490008535623710014351853497966753644483182592
187 115 -580931548986039766377262031316750694986209522980466446188259328560479363085834845641768960
115 187 -580931548986039766377262031316750694986209522980466446188259328560479363085834845641768960
187 139 -35118933312504624684726502395057587874506352832501822114258219161832284221445688302043136
139 187 -35118933312504624684726502395057587874506352832501822114258219161832284221445688302043136
187 163 442526118581735235702017911508886982679201346075653023486397150804911907655883668297792
163 187 442526118581735235702017911508886982679201346075653023486397150804911907655883668297792
187 187 24928977621316066677702245883752281899119667147990464005941797179433739748608742084888
186 6 400538564659967131795385617989199735418230068475739645337759907840
6 186 400538564659967131795385617989199735418230068475739645337759907840
186 30 -286827844724892963076011363864281594192212263495619689061290010391108864951489396736
30 186 -286827844724892963076011363864281594192212263495619689061290010391108864951489396736
186 54 -48806364718743350372017046117952417581548644160862206812596515085030041357314512476176384
54 186 -48806364718743350372017046117952417581548644160862206812596515085030041357314512476176384
186 78 -78951103234284552455027550233299500250111693280704557963820266208115724068254283313709056
78 186 -78951103234284552455027550233299500250111693280704557963820266208115724068254283313709056
186 102 -1172886964666138741608602747798651294050012753103643328448484811425964920849819172247437312
102 186 -1172886964666138741608602747798651294050012753103643328448484811425964920849819172247437312
186 126 -66309430568563649479136728710909568832782083511357659886420664257621780726685068098011136
126 186 -66309430568563649479136728710909568832782083511357659886420664257621780726685068098011136
186 150 10957670894144601094809775906878874393687326734035472579330141991357174940542787573753344
150 186 10957670894144601094809775906878874393687326734035472579330141991357174940542787573753344
186 174 74672916624888712535360435581746990161892309021421959973432322249426068862149837679368
174 186 74672916624888712535360435581746990161892309021421959973432322249426068862149837679368
185 17 4535687400917334587823124514037344781026905327063781454755525625060038532923392
17 185 4535687400917334587823124514037344781026905327063781454755525625060038532923392
185 41 2324312096920089152692413514779640859870595000535101521913631820190127758212382020599808
41 185 2324312096920089152692413514779640859870595000535101521913631820190127758212382020599808
185 65 -411837357961539888090347265110727192639330351867118444030521425553010510890730070510403584
65 185 -411837357961539888090347265110727192639330351867118444030521425553010510890730070510403584
185 89 -578945920812373833021729040449621214740441538072419659397475495367229430345428034199224320
89 185 -578945920812373833021729040449621214740441538072419659397475495367229430345428034199224320
185 113 80794382185705885422250367181176859391401798422525275257354156597502172642571862082060288
113 185 80794382185705885422250367181176859391401798422525275257354156597502172642571862082060288
185 137 139123959526780142336935347436435716567923567443380037434322046710883471728604653699858432
137 185 139123959526780142336935347436435716567923567443380037434322046710883471728604653699858432
185 161 -885052237163470471404035823017773965358402692151306046972794301609823815311767336595584
161 185 -885052237163470471404035823017773965358402692151306046972794301609823815311767336595584
185 185 -15980799009828846252514332120517268511815330989774984082922310311740981100770216383248
184 4 -4231015396524229492229685681870516932341528764524536608587776
4 184 -4231015396524229492229685681870516932341528764524536608587776
184 28 -349846261880196776124563913204716677972715163776044784563608941602625182072993480704
28 184 -349846261880196776124563913204716677972715163776044784563608941602625182072993480704
184 52 9391974667675657779099103068234395250244839951684283100032569397356315448978998084763648
52 184 9391974667675657779099103068234395250244839951684283100032569397356315448978998084763648
184 76 -691390758700299738064790191147405600195568624635734430990444174037022610689757011922386944
76 184 -691390758700299738064790191147405600195568624635734430990444174037022610689757011922386944
184 100 1466594605696619430745645469518400572137973358135809592820156263191497904740051646670700544
100 184 1466594605696619430745645469518400572137973358135809592820156263191497904740051646670700544
184 124 625794614395773586744432152670759667547879241644507792902585527783689832713449271061381120
124 184 625794614395773586744432152670759667547879241644507792902585527783689832713449271061381120
184 148 -11768542151757352252500855767396207141532296060845303109111296199951589199469567848845312
148 184 -11768542151757352252500855767396207141532296060845303109111296199951589199469567848845312
184 172 39851619985632094118721730513285001426113221076186157746504716829233553025941717501440
172 184 39851619985632094118721730513285001426113221076186157746504716829233553025941717501440
183 15 6998249143897664057335071125994296035005332173979924442665502052394771415040
15 183 6998249143897664057335071125994296035005332173979924442665502052394771415040
183 39 -1783241741795573356263141042690990808628540413765874536035786387854459283500812975734784
39 183 -1783241741795573356263141042690990808628540413765874536035786387854459283500812975734784
183 63 -32502463498577174216846540530547699351845767771824802191846074071216241669217423091302400
63 183 -32502463498577174216846540530547699351845767771824802191846074071216241669217423091302400
183 87 1747929808872135501036131741301099663563943107485113561281324321283028067495353369919225856
87 183 1747929808872135501036131741301099663563943107485113561281324321283028067495353369919225856
183 111 1470290025411187832657712304597223799966690751040928907471863108893329824062085975404183552
111 183 1470290025411187832657712304597223799966690751040928907471863108893329824062085975404183552
183 135 -205898960253491181287983168814713513959125749650123917982435344831750801479471648051822592
135 183 -205898960253491181287983168814713513959125749650123917982435344831750801479471648051822592
183 159 461241699236104803567781753371741766468918744922097349023468912471708998562897710127488
159 183 461241699236104803567781753371741766468918744922097349023468912471708998562897710127488
183 183 -66440648657613009122499304055765472109123087362547907112730931783167572624265639268336
182 2 70266709031438425336206866692069475094485174059008
2 182 70266709031438425336206866692069475094485174059008
182 26 22291617536569211119581321961584549349605897177785952266923883387307480104008941568
26 182 22291617536569211119581321961584549349605897177785952266923883387307480104008941568
182 50 39274090276201406573021157364594124131770530626532776727125019874274636045190820085628928
50 182 39274090276201406573021157364594124131770530626532776727125019874274636045190820085628928
182 74 1191388742366440409459317196262214179256420794299639302971737720477805094563125951503269888
74 182 1191388742366440409459317196262214179256420794299639302971737720477805094563125951503269888
182 98 530051484381270753984174764520137879299318394958159459420887235032512986711098730787897344
98 182 530051484381270753984174764520137879299318394958159459420887235032512986711098730787897344
182 122 -1234453742085256306052765479873791522666651200612418219060966044679797920982537369011879936
122 182 -1234453742085256306052765479873791522666651200612418219060966044679797920982537369011879936
182 146 -17098645322535763023556932088089298801016085282880103270272388863164708536545924458745856
146 182 -17098645322535763023556932088089298801016085282880103270272388863164708536545924458745856
182 170 -486718332518695351444457291565703414371418544415911859714570446455380685389820498809536
170 182 -486718332518695351444457291565703414371418544415911859714570446455380685389820498809536
181 13 -1737616641521938266900726672094180262420469579804760145503686244581710495744
13 181 -1737616641521938266900726672094180262420469579804760145503686244581710495744
181 37 777163565646365867347894795638748382562399161444344876836366580551999478617300612939776
37 181 777163565646365867347894795638748382562399161444344876836366580551999478617300612939776
181 61 450642644891601927939063458708170425633148470047300691855549759573876988079874201406668800
61 181 450642644891601927939063458708170425633148470047300691855549759573876988079874201406668800
181 85 -1942038565536926123878978170463773939481303760244484389461171538051199019848619262623088640
85 181 -1942038565536926123878978170463773939481303760244484389461171538051199019848619262623088640
181 109 -2902110238505972316975723347708015654320412235732780694779729760992036875269618245679710208
109 181 -2902110238505972316975723347708015654320412235732780694779729760992036875269618245679710208
181 133 -73964027225334216293271329949933501472546043382694634536881771103581299226402056968339456
133 181 -73964027225334216293271329949933501472546043382694634536881771103581299226402056968339456
181 157 3679893845954349718118540936325387195908116546438927889799592634847613546895517577779712
157 181 3679893845954349718118540936325387195908116546438927889799592634847613546895517577779712
181 181 208081076958737928397400882230871424223232546504952845316307216242607448267945873352832
180 24 58909178443335646386879343598207212955647859528571266689636494107750794473636888576
24 180 58909178443335646386879343598207212955647859528571266689636494107750794473636888576
180 48 -54800498075459518036866525255542987052105662201570457013661887295368808258629057944485888
48 180 -54800498075459518036866525255542987052105662201570457013661887295368808258629057944485888
180 72 -321447917794568771521243198183865909310553297071775388739736441803693608585566139348680704
72 180 -321447917794568771521243198183865909310553297071775388739736441803693608585566139348680704
180 96 -4712716373922670005945302903375488514466855064216724585363004160711441390774715619479650304
96 180 -4712716373922670005945302903375488514466855064216724585363004160711441390774715619479650304
180 120 834098082581424281951685051933090371267105780991439369454726888814505001191253618135662592
120 180 834098082581424281951685051933090371267105780991439369454726888814505001191253618135662592
180 144 84875467401770258425602379400415697896612781723560152052364535925108193758533436818358272
144 180 84875467401770258425602379400415697896612781723560152052364535925108193758533436818358272
180 168 1348569927847497222691988679415452494960762042294711294974236396120384803595374502520680
168 180 1348569927847497222691988679415452494960762042294711294974236396120384803595374502520680
179 11 -164633000696023591393201287498276461314838130110177150135623265904788242432
11 179 -164633000696023591393201287498276461314838130110177150135623265904788242432
179 35 -179304138918221348893872316795682061499123779799057337056402004556048274945794367291392
35 179 -179304138918221348893872316795682061499123779799057337056402004556048274945794367291392
179 59 -411532038218362541346204574079880827714643083396798753657389666088819075061711767626317824
59 179 -411532038218362541346204574079880827714643083396798753657389666088819075061711767626317824
179 83 -525829122950580973579634886183978829945496496257156963139324253366282414254883818858086400
83 179 -525829122950580973579634886183978829945496496257156963139324253366282414254883818858086400
179 107 2119203965637921397462571356060061426728313372556773359574412908111440800686007877130780672
107 179 2119203965637921397462571356060061426728313372556773359574412908111440800686007877130780672
179 131 959173974608344471819579260003171394660825693280037571291861005245141596940791036371795968
131 179 959173974608344471819579260003171394660825693280037571291861005245141596940791036371795968
179 155 -11683579685008785336571904097842975298333326497894018239455325291449979930483899633123328
155 179 -11683579685008785336571904097842975298333326497894018239455325291449979930483899633123328
179 179 -214672120263600753915098045763132284508571749215953500549237930928682451647084385817256
178 22 -18299396468078615472346373959208312717508435475232830769305516446621924872733851648
22 178 -18299396468078615472346373959208312717508435475232830769305516446621924872733851648
178 46 32973474737064359896804241941358879468416644574168038836363786268685814004523766409854976
46 178 32973474737064359896804241941358879468416644574168038836363786268685814004523766409854976
178 70 -1768403465124004417746615034656282280797194340563249403943444468273792494053035615209914368
70 178 -1768403465124004417746615034656282280797194340563249403943444468273792494053035615209914368
178 94 6979681193619409506113295625106508389635872975806826893773068004103602485339397850360971264
94 178 6979681193619409506113295625106508389635872975806826893773068004103602485339397850360971264
178 118 2130215492770770304807911915658974163884149490671506061324528393107077627319857865654534144
118 178 2130215492770770304807911915658974163884149490671506061324528393107077627319857865654534144
178 142 -136004421477170253252606719182384712060998256690901166215801160402409899319013346909880320
142 178 -136004421477170253252606719182384712060998256690901166215801160402409899319013346909880320
178 166 -1946873330074781405777829166262813657485674177663647438858281785821522741559281995238144
166 178 -1946873330074781405777829166262813657485674177663647438858281785821522741559281995238144
177 9 -4109560716969764338162454414674324949575760371290565289757810708765999104
9 177 -4109560716969764338162454414674324949575760371290565289757810708765999104
177 33 11842514692440222840496073686794377939820240928987203062076177346658911385266306416640
33 177 11842514692440222840496073686794377939820240928987203062076177346658911385266306416640
177 57 -34035772839813615414117923935956965679660019204927925712740060141075953019865789643096064
57 177 -34035772839813615414117923935956965679660019204927925712740060141075953019865789643096064
177 81 4699057685987369091367033895013613485765991139220664062349221631208495832434999341231374336
81 177 4699057685987369091367033895013613485765991139220664062349221631208495832434999341231374336
177 105 2479100632591367487673088071673438678410552150717217401026330085701746403460199936191102976
105 177 2479100632591367487673088071673438678410552150717217401026330085701746403460199936191102976
177 129 -1855683203829404507902413668401797211886035901865735202537943853668402911529678310085754880
129 177 -1855683203829404507902413668401797211886035901865735202537943853668402911529678310085754880
177 153 6152162649119030129320182209073018738571750882560013529591285405980996734446584705527808
153 177 6152162649119030129320182209073018738571750882560013529591285405980996734446584705527808
177 177 -210077822381362173213506231973250331814097410436169889978172073731437238240979151291768
176 20 1936829091972883042906804749502996800492410922485943909845113290341740382211014656
20 176 1936829091972883042906804749502996800492410922485943909845113290341740382211014656
176 44 -1119995142614606332457017535002568630458063008036868932890475826573387367647827049054208
44 176 -1119995142614606332457017535002568630458063008036868932890475826573387367647827049054208
176 68 2416547621461930098210644597340597921309420312570580803421183032099089721492409286647611392
68 176 2416547621461930098210644597340597921309420312570580803421183032099089721492409286647611392
176 92 -2744900316209718694629530450033701656505927833469589766362015487453672063299800298327900160
92 176 -2744900316209718694629530450033701656505927833469589766362015487453672063299800298327900160
176 116 -6929908091960346103963297795044764276001378365022567037691975569339436224910271915644420096
116 176 -6929908091960346103963297795044764276001378365022567037691975569339436224910271915644420096
176 140 -16214535265247520289645904091922367481653709965694043517245438054343087198041209357991936
140 176 -16214535265247520289645904091922367481653709965694043517245438054343087198041209357991936
176 164 637625919770113505899547688212560022817811537218978523944075469267736848415067480023040
164 176 637625919770113505899547688212560022817811537218978523944075469267736848415067480023040
175 7 -473541204138608491397259033309780212799252667980032368874426864762880
7 175 -473541204138608491397259033309780212799252667980032368874426864762880
175 31 -3631254598376753458901459119289623246847597593948091496964614838730277246848351600640
31 175 -3631254598376753458901459119289623246847597593948091496964614838730277246848351600640
175 55 430143901615874462539386943135939495873636002927053687975571448912062724809442697968353280
55 175 430143901615874462539386943135939495873636002927053687975571448912062724809442697968353280
175 79 -6518651111185377442254483728782069336189610684066261705705306467129032066385442593640022016
79 175 -6518651111185377442254483728782069336189610684066261705705306467129032066385442593640022016
175 103 -10720589373435866864461899906170622535403907252501041862232340335432426160572926039907368960
103 175 -10720589373435866864461899906170622535403907252501041862232340335432426160572926039907368960
175 127 891479977302832726325394953847925140079156454268903978930283533394208005264280863050301440
127 175 891479977302832726325394953847925140079156454268903978930283533394208005264280863050301440
175 151 42771006543504750278345724383301201313094564098158533928324345478758133790500323186393088
151 175 42771006543504750278345724383301201313094564098158533928324345478758133790500323186393088
175 175 1196629353985956306936551538353425839566805043941534226313074251735945127561410345970464
174 18 -301198925584343099941516973528379049216700715705394182686080856215839217129881600
18 174 -301198925584343099941516973528379049216700715705394182686080856215839217129881600
174 42 -16070116486417082229064605951162200754604587001696666521352547218565442421186121766535168
42 174 -16070116486417082229064605951162200754604587001696666521352547218565442421186121766535168
174 66 219192752677530423982346935967218682795823518654677895122084793146607583808751762644402176
66 174 219192752677530423982346935967218682795823518654677895122084793146607583808751762644402176
174 90 -8713728786980030919712532336569085924649835724441497018601327869804145848264925623760191488
90 174 -8713728786980030919712532336569085924649835724441497018601327869804145848264925623760191488
174 114 7488846222562078588207026512229282691782503480980786064703056192038228584188671595271684096
114 174 7488846222562078588207026512229282691782503480980786064703056192038228584188671595271684096
174 138 623905401774893299368283654028345300652454378044302809070615566850210037577653342116511744
138 174 623905401774893299368283654028345300652454378044302809070615566850210037577653342116511744
174 162 4779066663992877602263067877231807370361107777371005438299668623963268407177589611479552
162 174 4779066663992877602263067877231807370361107777371005438299668623963268407177589611479552
173 5 -1787193235458708108942917122290434296343250240862040155236597760
5 173 -1787193235458708108942917122290434296343250240862040155236597760
173 29 3948287777235408681477393118721907904606189912632858054689423921746629783344023339008
29 173 3948287777235408681477393118721907904606189912632858054689423921746629783344023339008
173 53 -372024152026239131865599272344771583432569730653674794191737798585053445406065477921275904
53 173 -372024152026239131865599272344771583432569730653674794191737798585053445406065477921275904
173 77 2036137851785328700718883994939487342807245397744408659756027564800880453694798682788986880
77 173 2036137851785328700718883994939487342807245397744408659756027564800880453694798682788986880
173 101 15839423966558878115885395094533614112396903418342153863939994937251151142371285621893234688
101 173 15839423966558878115885395094533614112396903418342153863939994937251151142371285621893234688
173 125 3886796186440878719646376922258706493700942284047119107456277390180797963496346015015895040
125 173 3886796186440878719646376922258706493700942284047119107456277390180797963496346015015895040
173 149 -108074861751968699674014934151690527751528427733021633161787438546882507055730810276380672
149 173 -108074861751968699674014934151690527751528427733021633161787438546882507055730810276380672
173 173 -2393258707971912613873103076706851679133610087883068452626148503471890255122820691940928
172 16 -35360443119219088126374416020240840391257917109201379255591748643624870477824000
16 172 -35360443119219088126374416020240840391257917109201379255591748643624870477824000
172 40 15184828569043543417986236836274915474626558909332792040300755363757024964501385909370880
40 172 15184828569043543417986236836274915474626558909332792040300755363757024964501385909370880
172 64 -2905138943108764866260730869545458188543340442364315917405184413460272861464745190765887488
64 172 -2905138943108764866260730869545458188543340442364315917405184413460272861464745190765887488
172 88 22798888423859837115237342888587902715907183966058352445328223961075573822472946484489748480
88 172 22798888423859837115237342888587902715907183966058352445328223961075573822472946484489748480
172 112 3587080397519659196240112578937187868064638521654560545351252421666027013318889590612819968
112 172 3587080397519659196240112578937187868064638521654560545351252421666027013318889590612819968
172 136 -1423079368531186378061418040812351554089706495077956383172106190862602217858855144181989376
136 172 -1423079368531186378061418040812351554089706495077956383172106190862602217858855144181989376
172 160 -18708726537311949307837822170613777019670772806198488381187890374457961994775717887733760
160 172 -18708726537311949307837822170613777019670772806198488381187890374457961994775717887733760
171 3 36615159064137771009031600444736778790556224578300055388160
3 171 36615159064137771009031600444736778790556224578300055388160
171 27 1179706596348113349785361594773556262637048474760972273801899448848825614808966496256
27 171 1179706596348113349785361594773556262637048474760972273801899448848825614808966496256
171 51 -12066442198565240030006028256365386030140912069490315230063766583748364472030984386117632
51 171 -12066442198565240030006028256365386030140912069490315230063766583748364472030984386117632
171 75 7854603192030277187988412029007600472438306277364326881872360839879847170174029554178326528
75 171 7854603192030277187988412029007600472438306277364326881872360839879847170174029554178326528
171 99 -2493428092752691118655872662523915335276693510263229999715322238605036605525145318106071040
99 171 -2493428092752691118655872662523915335276693510263229999715322238605036605525145318106071040
171 123 -11514997155609498634857087340702029111209045584796813214972010175518897707498835568440115200
123 171 -11514997155609498634857087340702029111209045584796813214972010175518897707498835568440115200
171 147 48756213745082677408321509451926035895890831605554618465610714551901300567701469707108352
147 171 48756213745082677408321509451926035895890831605554618465610714551901300567701469707108352
171 171 1680622579050897385708049855786002654512779283489359119825376589851497905927833210334144
170 14 -367731731997361793781226272649878482567476868541868364689540912231717466537984
14 170 -367731731997361793781226272649878482567476868541868364689540912231717466537984
170 38 -7180636076182007479267991368536678937230366235973075963360598486598810761376328990064640
38 170 -7180636076182007479267991368536678937230366235973075963360598486598810761376328990064640
170 62 1701226857420617736373859409198068665986042347104336180399222097805323045063207053758038016
62 170 1701226857420617736373859409198068665986042347104336180399222097805323045063207053758038016
170 86 -25267060536419789078527089122784039063310686239275410929642835131341727339101220255299534848
86 170 -25267060536419789078527089122784039063310686239275410929642835131341727339101220255299534848
170 110 -24392891794479074246261627130216458499821915439431709304061266160992293195194775557063573504
110 170 -24392891794479074246261627130216458499821915439431709304061266160992293195194775557063573504
170 134 731451652425569523827982098128154613874838998359228750400871950173617450874909533495361536
134 170 731451652425569523827982098128154613874838998359228750400871950173617450874909533495361536
170 158 46057097348034127471887516783108255051974387301655623741051591515233349318625700436660224
158 170 46057097348034127471887516783108255051974387301655623741051591515233349318625700436660224
169 1 -1583603219795155925919850441685340258304
1 169 -1583603219795155925919850441685340258304
169 25 -1244007470077661795121053655494094433431134166472007494658735856635111495033147097088
25 169 -1244007470077661795121053655494094433431134166472007494658735856635111495033147097088
169 49 282943303690958794824651859881370305957149938147966568122129597328200972536254347756961792
49 169 282943303690958794824651859881370305957149938147966568122129597328200972536254347756961792
169 73 -13947778988464969242150992144809005818716745326509171421534192224994628663338293344847527936
73 169 -13947778988464969242150992144809005818716745326509171421534192224994628663338293344847527936
169 97 -33146175278088478048174609783675680358486404090520073180212130558069049775331766046105272320
97 169 -33146175278088478048174609783675680358486404090520073180212130558069049775331766046105272320
169 121 13902866444552264810573839651812966386973903654837173662209739106595393372135700139117379584
121 169 13902866444552264810573839651812966386973903654837173662209739106595393372135700139117379584
169 145 263823446066342977196625816919503902646572075177277235752460456486541766912605300082081792
145 169 263823446066342977196625816919503902646572075177277235752460456486541766912605300082081792
169 169 6869507848435224125283137464420233104274295974910512017575613789717838452706700346152192
168 12 -17553677281709656703521336637043982803694600523178870094649968269632143884288
12 168 -17553677281709656703521336637043982803694600523178870094649968269632143884288
168 36 1546004850121265321217495356399176249391488063355389929582306926595786760713073116315648
36 168 1546004850121265321217495356399176249391488063355389929582306926595786760713073116315648
168 60 1477747526356839797341530025589714128926248164252875353244741738952228626040352143830941696
60 168 1477747526356839797341530025589714128926248164252875353244741738952228626040352143830941696
168 84 -4544435594808294478754779220940812522382421003755286824426483591374458335464236933818875904
84 168 -4544435594808294478754779220940812522382421003755286824426483591374458335464236933818875904
168 108 38681979061965448277799303128169174596942117827200727896570707334102118464507656700799483904
108 168 38681979061965448277799303128169174596942117827200727896570707334102118464507656700799483904
168 132 3628014449991700620576584384247828244396435197588589755680988927809540446831822043032322048
132 168 3628014449991700620576584384247828244396435197588589755680988927809540446831822043032322048
168 156 -57422483520587780720698895372949040308564417448084224199624764892739678128896992465043456
156 168 -57422483520587780720698895372949040308564417448084224199624764892739678128896992465043456
167 23 71243950381178414784362961819008012379669754725367123788926074191035379580569387008
23 167 71243950381178414784362961819008012379669754725367123788926074191035379580569387008
167 47 -254367365010616238712731038329012708876744928186133052704849225039005033591333985208762368
47 167 -254367365010616238712731038329012708876744928186133052704849225039005033591333985208762368
167 71 6730328074549734358659459151556463414873239935564774290775670123031810444910906710943596544
71 167 6730328074549734358659459151556463414873239935564774290775670123031810444910906710943596544
167 95 58126083278316223985922089408921789672934261091894005244365618466689498954455312893271343104
95 167 58126083278316223985922089408921789672934261091894005244365618466689498954455312893271343104
167 119 4985783348969536243142176479350180507996192746453336154366916419698100995750392779058970624
119 167 4985783348969536243142176479350180507996192746453336154366916419698100995750392779058970624
167 143 -723572347703607490025724968107519606320605910910458776087494717261137265761523390843191296
143 167 -723572347703607490025724968107519606320605910910458776087494717261137265761523390843191296
167 167 -26634377850718454834867312925551542300573765952633964200487323679053753378297071789162496
166 10 135359845882162092703505470306413830790019862980852017981823640339207946240
10 166 135359845882162092703505470306413830790019862980852017981823640339207946240
166 34 137641671793247699741990849398992664823783683223191963923651411731738036601705052766208
34 166 137641671793247699741990849398992664823783683223191963923651411731738036601705052766208
166 58 -2304568007460889416957925164725986567911234624150646516534617613681582056709025786306232320
58 166 -2304568007460889416957925164725986567911234624150646516534617613681582056709025786306232320
166 82 61472323039402684887929820666332009542485485076363423274815318012531054039361159553120993280
82 166 61472323039402684887929820666332009542485485076363423274815318012531054039361159553120993280
166 106 -20017076485726439192699730139343668368329476714965653184499664392414942567296606307333701632
106 166 -20017076485726439192699730139343668368329476714965653184499664392414942567296606307333701632
166 130 -10010576430197934330577139394927933421022922060953540765822439642656235621792196547626139648
130 166 -10010576430197934330577139394927933421022922060953540765822439642656235621792196547626139648
166 154 -68904186356317876869267181479382482341461280299666121542213674914118882104816213571141632
154 166 -68904186356317876869267181479382482341461280299666121542213674914118882104816213571141632
165 21 19666478831869535476904545888031896725552102711595425006129249421417059442189402112
21 165 19666478831869535476904545888031896725552102711595425006129249421417059442189402112
165 45 64976312207861704335189298269274898714076985894320503029192681700798062860000225757495296
45 165 64976312207861704335189298269274898714076985894320503029192681700798062860000225757495296
165 69 8066092894466596113340083736172288505655030687461432215032633942258840552540510958546583552
69 165 8066092894466596113340083736172288505655030687461432215032633942258840552540510958546583552
165 93 -27388580409239813121584075621114045707231788554960726897806776773353279167869736747123343360
93 165 -27388580409239813121584075621114045707231788554960726897806776773353279167869736747123343360
165 117 -53047061363947213977574419663513883366667455040976363155307491710261807133016345073195941888
117 165 -53047061363947213977574419663513883366667455040976363155307491710261807133016345073195941888
165 141 836115382508254523300651268469729848758312573855155632707476597114207871783221240732319744
141 165 836115382508254523300651268469729848758312573855155632707476597114207871783221240732319744
165 165 34017612112697860670719643676551921719871020729624528441718237072981797183624007305388032
164 8 1111924995218049532293376771079787047643513698653064196621924251140620288
8 164 1111924995218049532293376771079787047643513698653064196621924251140620288
164 32 -169631049295228964683835910788229461929458074284902164308561983451240632625392156409856
32 164 -169631049295228964683835910788229461929458074284902164308561983451240632625392156409856
164 56 304551555916788164804911440207180162568766148490288862577370523925378052801073729578729472
56 164 304551555916788164804911440207180162568766148490288862577370523925378052801073729578729472
164 80 -83463493349543260029326054449010293681631569810908606618572617574731726267715629048150360064
80 164 -83463493349543260029326054449010293681631569810908606618572617574731726267715629048150360064
164 104 -55082469262489192361015914493310628618384619717121266240519892265852705815990355132833333248
104 164 -55082469262489192361015914493310628618384619717121266240519892265852705815990355132833333248
164 128 9723954728863830046314844001891792128680337699863016448921222709464440246210885455827697664
128 164 9723954728863830046314844001891792128680337699863016448921222709464440246210885455827697664
164 152 458613506691589598333688993643118420793017023736976172073369501399741647713795838889951232
152 164 458613506691589598333688993643118420793017023736976172073369501399741647713795838889951232
163 19 -3287497540373404142533307398018923615134434815089545477642457035290775399417511936
19 163 -3287497540373404142533307398018923615134434815089545477642457035290775399417511936
163 43 86579865594386132176116020046516133761970325814461410587714472627482939652290540015190016
43 163 86579865594386132176116020046516133761970325814461410587714472627482939652290540015190016
163 67 -14375076076222480227933286461870775647647873962072065840152001930400171885763644197359845376
67 163 -14375076076222480227933286461870775647647873962072065840152001930400171885763644197359845376
163 91 -56708957823991728300204929905813704729587158467247885053285202147147361103416084317884907520
91 163 -56708957823991728300204929905813704729587158467247885053285202147147361103416084317884907520
163 115 94752208205670699979364694561797928602422346834847900297152735237060486575020696193783037952
115 163 94752208205670699979364694561797928602422346834847900297152735237060486575020696193783037952
163 139 594597620573344988952881980685718937814172924989597628241428799175744124232671399549861888
139 163 594597620573344988952881980685718937814172924989597628241428799175744124232671399549861888
163 163 32728676372129477125149352182819365912197797867059167401824891518445529294377403152891904
162 6 200169266084397642055804007173642870330103713322679774990443338530816
6 162 200169266084397642055804007173642870330103713322679774990443338530816
162 30 62095881356174957425943838640006275762835247615801605330476988464569726887739302871040
30 162 62095881356174957425943838640006275762835247615801605330476988464569726887739302871040
162 54 1677144439928798178116410970057420490971346126348722474890089527990760216898213946855522304
54 162 1677144439928798178116410970057420490971346126348722474890089527990760216898213946855522304
162 78 4887522105633694746530433992900583053676619315151251928187975440917238507115615186587746304
78 162 4887522105633694746530433992900583053676619315151251928187975440917238507115615186587746304
162 102 158906970081943531784540384054476963158217968804376765810936296622847400476004277149776216064
102 162 158906970081943531784540384054476963158217968804376765810936296622847400476004277149776216064
162 126 9041233962684960045568075190133682884031181477709976673584749948820731613218735990253813760
126 162 9041233962684960045568075190133682884031181477709976673584749948820731613218735990253813760
162 150 -862781503720719106313287594787513328456969557092040432030301701014975176502299450908082176
150 162 -862781503720719106313287594787513328456969557092040432030301701014975176502299450908082176
161 17 1604472280023887355535190518970977998972890900069819801672366782052139516165095424
17 161 1604472280023887355535190518970977998972890900069819801672366782052139516165095424
161 41 -114719082325260495266057498001203397512097045613294664442022388077845449132674877071818752
41 161 -114719082325260495266057498001203397512097045613294664442022388077845449132674877071818752
161 65 8978204675724101829999402936998012419708780403505232544938496602154168437435631784354119680
65 161 8978204675724101829999402936998012419708780403505232544938496602154168437435631784354119680
161 89 137576327603838394843607900726267514834777842258682756431780123047410753008365301364152074240
89 161 137576327603838394843607900726267514834777842258682756431780123047410753008365301364152074240
161 113 -44384676518743345423934517260474718046353046637920014170410803976204177591555528757134491648
113 161 -44384676518743345423934517260474718046353046637920014170410803976204177591555528757134491648
161 137 -4805065249302934728226711880734100533016583933294196197641213336643627564945580886442639360
137 161 -4805065249302934728226711880734100533016583933294196197641213336643627564945580886442639360
161 161 -204218184673821218223736798279698693317588313276337881136675202493921196020602815159402496
160 4 -575939489223268379484225914779319539346825992652652308615659520
4 160 -575939489223268379484225914779319539346825992652652308615659520
160 28 -38828874021453630312332946858499700267014281292654237690062824528281383314566294798336
28 160 -38828874021453630312332946858499700267014281292654237690062824528281383314566294798336
160 52 -1402612743600810877353289477110005222054487403610895032417246166512356859134803835560656896
52 160 -1402612743600810877353289477110005222054487403610895032417246166512356859134803835560656896
160 76 121970757091716329869114040297172503133997223523755340153439658435734172401117293722413826048
76 160 121970757091716329869114040297172503133997223523755340153439658435734172401117293722413826048
160 100 -157949234871533331750385218066966221165220651716986167030565938601730140481086202684354068480
100 160 -157949234871533331750385218066966221165220651716986167030565938601730140481086202684354068480
160 124 -50391272589100806816439044048181437067137812553482702341930588021259215279654239262889476096
124 160 -50391272589100806816439044048181437067137812553482702341930588021259215279654239262889476096
160 148 419610877820823578713048236577800582869100109076368914633778981411336768135556938837524480
148 160 419610877820823578713048236577800582869100109076368914633778981411336768135556938837524480
159 15 58358407292763038066457523197019710884321835712778737763090326931878621753638912
15 159 58358407292763038066457523197019710884321835712778737763090326931878621753638912
159 39 65643055568858278893399028794741191929946138468261865782545179915951339146393721497452544
39 159 65643055568858278893399028794741191929946138468261865782545179915951339146393721497452544
159 63 -1905847939581733757681183058543008959722590838028237246006635926369554953407483429135581184
63 159 -1905847939581733757681183058543008959722590838028237246006635926369554953407483429135581184
159 87 -136252587743761775206372758951051450817439158209431649066770542307689460880282618075944058880
87 159 -136252587743761775206372758951051450817439158209431649066770542307689460880282618075944058880
159 111 -153769497152950600465469239387016181352367210340043449729508063960487682482258379299977428992
111 159 -153769497152950600465469239387016181352367210340043449729508063960487682482258379299977428992
159 135 8852391076833117250721906260604600471109760393298151217089727739417518899514693154647310336
135 159 8852391076833117250721906260604600471109760393298151217089727739417518899514693154647310336
159 159 357143214567764271176075384755000462915301330069146444300893663496632018180106589373595648
158 2 32943961225417530783199240464184458640063391634292736
2 158 32943961225417530783199240464184458640063391634292736
158 26 14159935820300873395440405003174337926515592583658800348174152491690657121443122249728
26 158 14159935820300873395440405003174337926515592583658800348174152491690657121443122249728
158 50 -421965047121666365662404612357234799412375092411077010711815766789292885113385990928465920
50 158 -421965047121666365662404612357234799412375092411077010711815766789292885113385990928465920
158 74 -139861271141357619704244726684241856751852306102496548818742241354748700297264589057562771456
74 158 -139861271141357619704244726684241856751852306102496548818742241354748700297264589057562771456
158 98 -81611085175712060975000593397265306355418349507927359787802239322162692373244315529027518464
98 158 -81611085175712060975000593397265306355418349507927359787802239322162692373244315529027518464
158 122 88120612065661099243280589385896049643745250379094980131768004604625623274062339369903063040
122 158 88120612065661099243280589385896049643745250379094980131768004604625623274062339369903063040
158 146 1801335390975807324476864196784059724279012930295928845473567148874427435928888975244132352
146 158 1801335390975807324476864196784059724279012930295928845473567148874427435928888975244132352
157 13 -64922849643665356100472875839788663501614537063973997513083446630196208205824
13 157 -64922849643665356100472875839788663501614537063973997513083446630196208205824
157 37 -19205871052990947954530802028148473964042324210962394682336455982426794266829509470715904
37 157 -19205871052990947954530802028148473964042324210962394682336455982426794266829509470715904
157 61 -3634824051308727099105642281723306537276995084974442704450092419569903974758934496407453696
61 157 -3634824051308727099105642281723306537276995084974442704450092419569903974758934496407453696
157 85 -31722886459017408805127486016400973370854730432797807458353464942424179773565680034571616256
85 157 -31722886459017408805127486016400973370854730432797807458353464942424179773565680034571616256
157 109 403875318465509234149153292283300154097281431581786576957387149729922901793288932458082861056
109 157 403875318465509234149153292283300154097281431581786576957387149729922901793288932458082861056
157 133 -2262941817065765212221729686136554558302688900611438008900377019142165795646499462223757312
133 157 -2262941817065765212221729686136554558302688900611438008900377019142165795646499462223757312
157 157 -165780294502334235663529054235880752001875270710716342037471480786627007083444982254141440
156 24 1665514507026896000961377642257071204693298151215720938076091164973288913716444659712
24 156 1665514507026896000961377642257071204693298151215720938076091164973288913716444659712
156 48 1430115638706706581964579305784874483454455703588777693907585716717348092427020655881355264
48 156 1430115638706706581964579305784874483454455703588777693907585716717348092427020655881355264
156 72 -3394535588981553036635402265537488559266778855004885158096392740881667097724092981039857664
72 156 -3394535588981553036635402265537488559266778855004885158096392740881667097724092981039857664
156 96 433533056676454555517696270009554848883987496977163735505441339558059405003220787266181922816
96 156 433533056676454555517696270009554848883987496977163735505441339558059405003220787266181922816
156 120 -35027264244337564779477801121813956654673531030708738527044694982402003487952297675336974336
120 156 -35027264244337564779477801121813956654673531030708738527044694982402003487952297675336974336
156 144 -5965424937778430352396868653340588445631946634943334689851657625734460040223752074911809536
144 156 -5965424937778430352396868653340588445631946634943334689851657625734460040223752074911809536
155 11 -13601061612372726285583705410816321010363149843451427179637393754985903161344
11 155 -13601061612372726285583705410816321010363149843451427179637393754985903161344
155 35 1929170993911090004890439208625415477476976766668880572829203894399824570885445672501248
35 155 1929170993911090004890439208625415477476976766668880572829203894399824570885445672501248
155 59 9156879243404053942765850533764012604663646306783376201175823592532880838593219061667069952
59 155 9156879243404053942765850533764012604663646306783376201175823592532880838593219061667069952
155 83 319253818442351354342674634547851500892923127151320443376266874064486985402891387345559355392
83 155 319253818442351354342674634547851500892923127151320443376266874064486985402891387345559355392
155 107 -414603673684209617362695649196309672097893405485737066219249022985667072216131656336267018240
107 155 -414603673684209617362695649196309672097893405485737066219249022985667072216131656336267018240
155 131 -23473637347001765907824124463723593644273025846060062917347837929419842469041721408690847744
131 155 -23473637347001765907824124463723593644273025846060062917347837929419842469041721408690847744
155 155 -870034399984991332316463969594183403785906003161910970615662051596612346796590224656826368
154 22 -544754133132137701090760568176348378385652496084066088037922161247997683910741852160
22 154 -544754133132137701090760568176348378385652496084066088037922161247997683910741852160
154 46 -817041355742504707946269024587235652736769717025766330553213907260643020789795377150689280
46 154 -817041355742504707946269024587235652736769717025766330553213907260643020789795377150689280
154 70 151657369620302208975746431141234941996494565575459547780738388810245797639895765856527843328
70 154 151657369620302208975746431141234941996494565575459547780738388810245797639895765856527843328
154 94 -516009380270264606776449347941675656708449796468754345417754784518823681646757435643298578432
94 154 -516009380270264606776449347941675656708449796468754345417754784518823681646757435643298578432
154 118 -205399406322806024777825314277949329973688100769501958799222550470499990773487775176764424192
118 154 -205399406322806024777825314277949329973688100769501958799222550470499990773487775176764424192
154 142 9865745669327577283029338312116095667451527219677259419159801979506958086746737594819674112
142 154 9865745669327577283029338312116095667451527219677259419159801979506958086746737594819674112
153 9 -29352924496636958276725952599706939513859457863005380238169875660742328320
9 153 -29352924496636958276725952599706939513859457863005380238169875660742328320
153 33 455856026755508529423926059129528766083661555329906510386135431148331527498266698579968
33 153 455856026755508529423926059129528766083661555329906510386135431148331527498266698579968
153 57 -8846392241510754311614092547539868620688053923818181261322637286293134928093081239786881024
57 153 -8846392241510754311614092547539868620688053923818181261322637286293134928093081239786881024
153 81 -373704108393769480198774832982633456147743713665017362444441631685482820464082204797205217280
81 153 -373704108393769480198774832982633456147743713665017362444441631685482820464082204797205217280
153 105 -168717023605858100341146934675498305555006833631281811927535020377177914545880689515819958272
105 153 -168717023605858100341146934675498305555006833631281811927535020377177914545880689515819958272
153 129 55708715594233838386703323632404211504464959402636773452889614267528407866186143046286966784
129 153 55708715594233838386703323632404211504464959402636773452889614267528407866186143046286966784
153 153 3016755313416603938887918292450075672804868012820560198574641536853894502181237280045268992
152 20 23149268642051261665520661496370141078496868230044295294754144789295212418815754240
20 152 23149268642051261665520661496370141078496868230044295294754144789295212418815754240
152 44 -185359174594050018315507616148165183778715789418933505426078517410706032555441608569389056
44 152 -185359174594050018315507616148165183778715789418933505426078517410706032555441608569389056
152 68 -130368715162183143172125257856516487197073384651671647083750778960096336010400713587038355456
68 152 -130368715162183143172125257856516487197073384651671647083750778960096336010400713587038355456
152 92 103400232131316576416003070339395236344438835032568398827461263746194394219517830245436620800
92 152 103400232131316576416003070339395236344438835032568398827461263746194394219517830245436620800
152 116 512092620412240020541206387083765720759469721101679321734426296383859327224667870531988488192
116 152 512092620412240020541206387083765720759469721101679321734426296383859327224667870531988488192
152 140 -3690842735797038624606502912240719242202135745551520766660404867765175450086087573899313152
140 152 -3690842735797038624606502912240719242202135745551520766660404867765175450086087573899313152
151 7 -126166788134134215764304186439130712346653087089489945288609723890794496
7 151 -126166788134134215764304186439130712346653087089489945288609723890794496
151 31 -272298950508269491445868586622601907415440861076467508192469486838103394603265192624128
31 151 -272298950508269491445868586622601907415440861076467508192469486838103394603265192624128
151 55 150460090148289738764595741430402127915794344745218434628241656147194333557386048148865024
55 151 150460090148289738764595741430402127915794344745218434628241656147194333557386048148865024
151 79 -86077914596295100534666729680138284768473981625821801467625316904178397426703849770123788288
79 151 -86077914596295100534666729680138284768473981625821801467625316904178397426703849770123788288
151 103 1297279121226197365364389246223712286587356776291652804699409075617549045261366464330862690304
103 151 1297279121226197365364389246223712286587356776291652804699409075617549045261366464330862690304
151 127 -50889827398499170965947892684382131214441336285407950830131900069128694189381970691096576000
127 151 -50889827398499170965947892684382131214441336285407950830131900069128694189381970691096576000
151 151 -4510311382899449277735713642322443770805763831091724734893067950495830064075894536412332032
150 18 -1605777347571495709616917847690574705278526520141781380133517209756060708809736192
18 150 -1605777347571495709616917847690574705278526520141781380133517209756060708809736192
150 42 548173472279589640061342933844253206833307317052604262361758059831972487472801513446834176
42 150 548173472279589640061342933844253206833307317052604262361758059831972487472801513446834176
150 66 -25327296741580002973725970563194192161860033031046409081805291791028114472570134364401172480
66 150 -25327296741580002973725970563194192161860033031046409081805291791028114472570134364401172480
150 90 660835864027608848726124002037085478579583625302205638345014877155868932319151131808768196608
90 150 660835864027608848726124002037085478579583625302205638345014877155868932319151131808768196608
150 114 -407091541024902113395000078870944919473651464999874405688877501901807722626723220259388522496
114 150 -407091541024902113395000078870944919473651464999874405688877501901807722626723220259388522496
150 138 -29300025460718035101132883402900121516704032692998315068142567957751020435940417117773365248
138 150 -29300025460718035101132883402900121516704032692998315068142567957751020435940417117773365248
149 5 -1466103645822701279744355165517941515352006650984378014209937506304
5 149 -1466103645822701279744355165517941515352006650984378014209937506304
149 29 150782862609709016859747925351966377067533494989268692443990881608431165775169617657856
29 149 150782862609709016859747925351966377067533494989268692443990881608431165775169617657856
149 53 6580080804209253832024889390944500043293902390198916025038403189656879233345669287288766464
53 149 6580080804209253832024889390944500043293902390198916025038403189656879233345669287288766464
149 77 601121016129686058949213921104895714723036515983587693974045558918460218127353590027296702464
77 149 601121016129686058949213921104895714723036515983587693974045558918460218127353590027296702464
149 101 -1904425294889047659794031297855379338208020845069921948322916942134900810974027722243417571328
101 149 -1904425294889047659794031297855379338208020845069921948322916942134900810974027722243417571328
149 125 -58380315737231989345360603896626196659631397558666851275919860154440017769846091914783227904
125 149 -58380315737231989345360603896626196659631397558666851275919860154440017769846091914783227904
149 149 -284541320313557260442310770988814980513234441140354256107257518442831707814361086696620032
148 16 -2644042467714862521766996395336553502075637918248933641679643875980932470592765952
16 148 -2644042467714862521766996395336553502075637918248933641679643875980932470592765952
148 40 -380353653392097225517516262999759703129119014011931696551268651575305783206651446039674880
40 148 -380353653392097225517516262999759703129119014011931696551268651575305783206651446039674880
148 64 117345278706206584770912828193192012891602640378803834126875035947179180514035496216069931008
64 148 117345278706206584770912828193192012891602640378803834126875035947179180514035496216069931008
148 88 -1342611544817824667932817844588096729197230711347543986188118354944027656631697628256324812800
88 148 -1342611544817824667932817844588096729197230711347543986188118354944027656631697628256324812800
148 112 -529057925691195725876276879465799483361658266352185912548600793857062335634608178790387417088
112 148 -529057925691195725876276879465799483361658266352185912548600793857062335634608178790387417088
148 136 81280927830714470497024721638279954894873710156997199494284280449554552100426972410922663936
136 148 81280927830714470497024721638279954894873710156997199494284280449554552100426972410922663936
147 3 -5549882608349810795119305267900736135168373682470651684716544
3 147 -5549882608349810795119305267900736135168373682470651684716544
147 27 18670822984759283958260703883628162984139189930797335063840463128333936950159746269184
27 147 18670822984759283958260703883628162984139189930797335063840463128333936950159746269184
147 51 -3722357143264569977041266244402904286734626035119455536183476724820230029543530117896077312
51 147 -3722357143264569977041266244402904286734626035119455536183476724820230029543530117896077312
147 75 -414003090546851215405187868794676865909839271554188587573733643541649481178189329142575529984
75 147 -414003090546851215405187868794676865909839271554188587573733643541649481178189329142575529984
147 99 399353096385992992634519931130144229360129996276486316122697115957638015751737766137353469952
99 147 399353096385992992634519931130144229360129996276486316122697115957638015751737766137353469952
147 123 290565942103197474249548941968157919963656916289334428357617198270054080413031331001446432768
123 147 290565942103197474249548941968157919963656916289334428357617198270054080413031331001446432768
147 147 16775133608054311159780134181041620881873109001533860312538499278376566391925576402181554176
146 14 -8775040430657994398178762645941931647240182150024178964398287305183306346135552
14 146 -8775040430657994398178762645941931647240182150024178964398287305183306346135552
146 38 133391304418808345281719432839549714132515384498661856857940833169230719134567010467315712
38 146 133391304418808345281719432839549714132515384498661856857940833169230719134567010467315712
146 62 -58083966202368923193202552520827835209717298336001938154902160647695802580974813552536715264
62 146 -58083966202368923193202552520827835209717298336001938154902160647695802580974813552536715264
146 86 1033805428942468905641658268186922486935452530642939905582570543524619207739845207936425000960
86 146 1033805428942468905641658268186922486935452530642939905582570543524619207739845207936425000960
146 110 1901342463474439814988243270506956107483552490568557228127225134075296547729975122417109958656
110 146 1901342463474439814988243270506956107483552490568557228127225134075296547729975122417109958656
146 134 -78461636552555390334334142226707457267398956454704686646636725380375915525345758132519829504
134 146 -78461636552555390334334142226707457267398956454704686646636725380375915525345758132519829504
145 1 454467542682391273897307527901249340964864
1 145 454467542682391273897307527901249340964864
145 25 -42360221003508845995956590792339639177733727058012249172036884923326030981839330476032
25 145 -42360221003508845995956590792339639177733727058012249172036884923326030981839330476032
145 49 -2261089623530487781715760122439338063759738909789191394263211535645160560225916510080598016
49 145 -2261089623530487781715760122439338063759738909789191394263211535645160560225916510080598016
145 73 -304343879286179796849659027567996439573860412141536834368026306054612051940978121110303277056
73 145 -304343879286179796849659027567996439573860412141536834368026306054612051940978121110303277056
145 97 3060954316361390096907664974871967109592148944571597055498327163925827229835997799924835024896
97 145 3060954316361390096907664974871967109592148944571597055498327163925827229835997799924835024896
145 121 -419537392663487068277827228374910929423798343551384553840154092712495815404529788105185558528
121 145 -419537392663487068277827228374910929423798343551384553840154092712495815404529788105185558528
145 145 -38098006596547256422322458711899475982831000140710153680888632430130051688573480559714500608
144 12 2233646200794162488235333763592941150441260680395235848412249869163945485402112
12 144 2233646200794162488235333763592941150441260680395235848412249869163945485402112
144 36 -17475468620677820564174766486242751272809977479295548270476150954805592781502366219239424
36 144 -17475468620677820564174766486242751272809977479295548270476150954805592781502366219239424
144 60 -35371132628246287258486335581399764172998386354114512655760703375498686294730893836555386880
60 144 -35371132628246287258486335581399764172998386354114512655760703375498686294730893836555386880
144 84 930661011610597737814280218647460370937333817085343725079745687062358645651216696563401228288
84 144 930661011610597737814280218647460370937333817085343725079745687062358645651216696563401228288
144 108 -2252717971447669489983694788047147890673677640947552451902395595632291471776093214553503956992
108 144 -2252717971447669489983694788047147890673677640947552451902395595632291471776093214553503956992
144 132 -74895370555801379554703837546207688029438140505188909524465957228671427142473586028958449664
132 144 -74895370555801379554703837546207688029438140505188909524465957228671427142473586028958449664
143 23 7933823036617469078362845264378505432706257668888637837646969482655300635463434371072
23 143 7933823036617469078362845264378505432706257668888637837646969482655300635463434371072
143 47 3442887210214714951564249091483063981700939734062089164688130639809255787543561226667687936
47 143 3442887210214714951564249091483063981700939734062089164688130639809255787543561226667687936
143 71 596591001454382492512199001219367136715331265512146557983318856771887265028549508546957410304
71 143 596591001454382492512199001219367136715331265512146557983318856771887265028549508546957410304
143 95 -5277019395077481845553993826255298612372909883893017704533426174093959548291347214494605508608
95 143 -5277019395077481845553993826255298612372909883893017704533426174093959548291347214494605508608
143 119 -33023392141253477365355053871763422628442623834631460594671721214740294879413729745740759040
119 143 -33023392141253477365355053871763422628442623834631460594671721214740294879413729745740759040
143 143 34724126185924173022534302029083457654482603175975171907206759609501195580186426613604286464
142 10 9846545906205341782359325285995133704029609674397179480329549449233107517440
10 142 9846545906205341782359325285995133704029609674397179480329549449233107517440
142 34 -1365048244829108333930561721049545853440839759436624874387835120085054960268482388688896
34 142 -1365048244829108333930561721049545853440839759436624874387835120085054960268482388688896
142 58 51150660401791561126021289549589523032814749187547205443225418830598225148587754067247235072
58 142 51150660401791561126021289549589523032814749187547205443225418830598225148587754067247235072
142 82 -2894153735523292202977542619281377434187919454067059044267438499777243783449195517222510919680
82 142 -2894153735523292202977542619281377434187919454067059044267438499777243783449195517222510919680
142 106 -159060923330726087931308737116102791164656844597405740739614576840147621543770899944239529984
106 142 -159060923330726087931308737116102791164656844597405740739614576840147621543770899944239529984
142 130 357151706899088560028879851243329001749363619976861296709968214550094031816185010799064907776
130 142 357151706899088560028879851243329001749363619976861296709968214550094031816185010799064907776
141 21 1048479096293069956345596977358042519716744544577175211830876956231120870845391568896
21 141 1048479096293069956345596977358042519716744544577175211830876956231120870845391568896
141 45 -677636633961202183703837844171616430201663509857788854602626412014209756777959668022509568
45 141 -677636633961202183703837844171616430201663509857788854602626412014209756777959668022509568
141 69 -139460233446713050679111965020478127959684674429731446403343909958309104688250263900027617280
69 141 -139460233446713050679111965020478127959684674429731446403343909958309104688250263900027617280
141 93 2673170478131371105434274029659327225085114253777415487431502825355433746798051461585965154304
93 141 2673170478131371105434274029659327225085114253777415487431502825355433746798051461585965154304
141 117 1146279545860288644465989944275615037266347732999534927613954941171052169743545603921769660416
117 141 1146279545860288644465989944275615037266347732999534927613954941171052169743545603921769660416
141 141 40686323243824619820147781380783389367960278598596178367784400513711800367111679939805446144
140 8 1267163318461996606125903962161773396267032033538914795876634496524615680
8 140 1267163318461996606125903962161773396267032033538914795876634496524615680
140 32 1983121078276735621239417749060853370561251595151586193003498344070857771433049081249792
32 140 1983121078276735621239417749060853370561251595151586193003498344070857771433049081249792
140 56 -16793188947854119070534075987686429543075362810634765234891051650209273915972980517046845440
56 140 -16793188947854119070534075987686429543075362810634765234891051650209273915972980517046845440
140 80 1799739543955950493872691101764970494666049553940755655540587876119365586762314401436191948800
80 140 1799739543955950493872691101764970494666049553940755655540587876119365586762314401436191948800
140 104 5282074642636841348372415744397884968617847302903547218118726285166003815943614924409572163584
104 140 5282074642636841348372415744397884968617847302903547218118726285166003815943614924409572163584
140 128 -548806414537493319729621385490722813156147399601515086639118463057714319533678533758062428160
128 140 -548806414537493319729621385490722813156147399601515086639118463057714319533678533758062428160
139 19 -238196242682364548352966694832527367712845975171907563105237341706699552422788857856
19 139 -238196242682364548352966694832527367712845975171907563105237341706699552422788857856
139 43 -1667235858944033496451314070837923155794681774433773437831248931622142495608818060733972480
43 139 -1667235858944033496451314070837923155794681774433773437831248931622142495608818060733972480
139 67 -357763719068964567135168919637154899074748685378140034372079690839898819371837175556137287680
67 139 -357763719068964567135168919637154899074748685378140034372079690839898819371837175556137287680
139 91 4576033641044735412120843620790504607543768676194553137807094919531618278180259560932209852416
91 139 4576033641044735412120843620790504607543768676194553137807094919531618278180259560932209852416
139 115 -1909347388267307628053441403896767613760998220251092395424083466535999289371645712416162971648
115 139 -1909347388267307628053441403896767613760998220251092395424083466535999289371645712416162971648
139 139 -206795684736122491555679545618825350634525676979421576339910504818122905146577667760442048512
138 6 -1175379014348109642318261523374228298640480209550802064687953539497984
6 138 -1175379014348109642318261523374228298640480209550802064687953539497984
138 30 -1207061408240080824621941838194295416747131000450320136944492422546893337871586699509760
30 138 -1207061408240080824621941838194295416747131000450320136944492422546893337871586699509760
138 54 -8655783555319761576967725911515525339330154103898365928534836010337013034041996467071090688
54 138 -8655783555319761576967725911515525339330154103898365928534836010337013034041996467071090688
138 78 1811433797262498580499709437729998455107424338539272292936098121239021657179437435386347913216
78 138 1811433797262498580499709437729998455107424338539272292936098121239021657179437435386347913216
138 102 -8676594418891112666748912180460201610653050149681533020313630045194256851708351145805640368128
102 138 -8676594418891112666748912180460201610653050149681533020313630045194256851708351145805640368128
138 126 249371205792389628520462478223852243231083200215887397677268858342388750565932309877610250240
126 138 249371205792389628520462478223852243231083200215887397677268858342388750565932309877610250240
137 17 -7868731600804639236278650010453561853455643819737574200950998899282391535919824896
17 137 -7868731600804639236278650010453561853455643819737574200950998899282391535919824896
137 41 1754416006452936420960333115200061219283089687478469840956011577093379755949060184376082432
41 137 1754416006452936420960333115200061219283089687478469840956011577093379755949060184376082432
137 65 269317062465247196350756269176601790645462483165619469923472113163681447332099806604373786624
65 137 269317062465247196350756269176601790645462483165619469923472113163681447332099806604373786624
137 89 -10919027851305537254479622833853351602089057954837042910464656660330651474052430017671827816448
89 137 -10919027851305537254479622833853351602089057954837042910464656660330651474052430017671827816448
137 113 827896325836694718067127710663436585610168516800272865007056345048790833128110436907764154368
113 137 827896325836694718067127710663436585610168516800272865007056345048790833128110436907764154368
137 137 336360190535993192561118100050799810049859635244369832912769527983028457730419393154265382912
136 4 38270444249432436153047220131486140753221906749793813894394806272
4 136 38270444249432436153047220131486140753221906749793813894394806272
136 28 -495183252630367149311246502770465830636454764302416295249144776691484941021763260645376
28 136 -495183252630367149311246502770465830636454764302416295249144776691484941021763260645376
136 52 16697511605140431906690376456638793337688904926228493034518248332186475406609225660237873152
52 136 16697511605140431906690376456638793337688904926228493034518248332186475406609225660237873152
136 76 -3242484948286941307827970364582055704320389525762135759688033775696565685854940464238861221888
76 136 -3242484948286941307827970364582055704320389525762135759688033775696565685854940464238861221888
136 100 3193861876509327107398319665785500052639401811390639111266002173607299967115763073617368186880
100 136 3193861876509327107398319665785500052639401811390639111266002173607299967115763073617368186880
136 124 967327821932931210110598242095663498157437559993994657145207733637526821462802978872011784192
124 136 967327821932931210110598242095663498157437559993994657145207733637526821462802978872011784192
135 15 1213293255443210576443302238934180117522625901338651743697697745706445005318520832
15 135 1213293255443210576443302238934180117522625901338651743697697745706445005318520832
135 39 -728423011022684271045597471936730710429970883821163201096671417958969722192083676724985856
39 135 -728423011022684271045597471936730710429970883821163201096671417958969722192083676724985856
135 63 106490931126754528467138383640606222893146946310541454654445051226809439483153826173841047552
63 135 106490931126754528467138383640606222893146946310541454654445051226809439483153826173841047552
135 87 7883337939550597966089590259863299593519379924366528422876908894818672272430972540406649061376
87 135 7883337939550597966089590259863299593519379924366528422876908894818672272430972540406649061376
135 111 2582216119337306308674156714264926563013040974715513648952677318145003572191526317124615143424
111 135 2582216119337306308674156714264926563013040974715513648952677318145003572191526317124615143424
135 135 -99872695827334040516861064336645722048392435107000611195371370870952502300554139616694763520
134 2 6013155315692377659636164854372588545066064123550236672
2 134 6013155315692377659636164854372588545066064123550236672
134 26 137430393628797453483119789988525820108052835368048078478240683804010576132027260600320
26 134 137430393628797453483119789988525820108052835368048078478240683804010576132027260600320
134 50 -9874185418195696946385219190521130776904029933892631887313028831530778350352501869480247296
50 134 -9874185418195696946385219190521130776904029933892631887313028831530778350352501869480247296
134 74 694839743422239158088896319268914929849740199889092705654206850394203785059061594059559665664
74 134 694839743422239158088896319268914929849740199889092705654206850394203785059061594059559665664
134 98 11527340381286478422103552264365190973949478106796274627018787045371069326459551630539244961792
98 134 11527340381286478422103552264365190973949478106796274627018787045371069326459551630539244961792
134 122 -2782067615901074176198748170540731026944409321322070356413124020458962891912662205525619900416
122 134 -2782067615901074176198748170540731026944409321322070356413124020458962891912662205525619900416
133 13 -79166064051316084827167263329589017955030518376474316531829681709178918105251840
13 133 -79166064051316084827167263329589017955030518376474316531829681709178918105251840
133 37 92652317802757151541771764763250258344663404476341590238670932853822862807154182963855360
37 133 92652317802757151541771764763250258344663404476341590238670932853822862807154182963855360
133 61 -182841426837686139979401330554491380767333472777684825406344454308697089975850453531373862912
61 133 -182841426837686139979401330554491380767333472777684825406344454308697089975850453531373862912
133 85 6410496287416146704502054354659000798863126491922018329534680402495532288941171261200664625152
85 133 6410496287416146704502054354659000798863126491922018329534680402495532288941171261200664625152
133 109 -6788079418138643717770760485830299558023795137267856865337687295084304310059430275715438739456
109 133 -6788079418138643717770760485830299558023795137267856865337687295084304310059430275715438739456
133 133 -723113188203058960539142789639441605749870669992209725701001932569407007027945028382793662464
132 24 -28087607997530956868441733848731482085814474740750997680455106784205895449382813171712
24 132 -28087607997530956868441733848731482085814474740750997680455106784205895449382813171712
132 48 -3548448185574158238192743439915622366689635920427875476217032145635855461303162505432924160
48 132 -3548448185574158238192743439915622366689635920427875476217032145635855461303162505432924160
132 72 1748993284237794642501593991929472748360898653458234114309669641766335724178049493742309605376
72 132 1748993284237794642501593991929472748360898653458234114309669641766335724178049493742309605376
132 96 -22069771226845402664372458031682801432876841152203019985511404985039930037218733549455188951040
96 132 -22069771226845402664372458031682801432876841152203019985511404985039930037218733549455188951040
132 120 3020201043666921543192759233332994715241689412090042256811873440938346364745277800510461575168
120 132 3020201043666921543192759233332994715241689412090042256811873440938346364745277800510461575168
131 11 -957861481593018845879300922404220716500051022206052058620138591684794288963584
11 131 -957861481593018845879300922404220716500051022206052058620138591684794288963584
131 35 20348231782062957964204628976671922967883548063752658433008419472727435673674772025180160
35 131 20348231782062957964204628976671922967883548063752658433008419472727435673674772025180160
131 59 -11851982940146411812259557817685861582297761183702342073231629774914859082916422939502968832
59 131 -11851982940146411812259557817685861582297761183702342073231629774914859082916422939502968832
131 83 -17914666496146393449140426641097722318899591175730182880627189111067397973796291169083941978112
83 131 -17914666496146393449140426641097722318899591175730182880627189111067397973796291169083941978112
131 107 7115722133984160542736628483326259038678183353506467349662659128277481563560067735107584131072
107 131 7115722133984160542736628483326259038678183353506467349662659128277481563560067735107584131072
131 131 1684496876486758809566967624812574842058647650213837891401857681281609375902435140326026903552
130 22 -26786461114463639823920426578331677391331752819738913538078490929507996325954396880896
22 130 -26786461114463639823920426578331677391331752819738913538078490929507996325954396880896
130 46 5077665000207605717199376297872133522312129100085658090310317994369149307044514366304026624
46 130 5077665000207605717199376297872133522312129100085658090310317994369149307044514366304026624
130 70 -1127910364481906675201048584046958217627468495341671709397879858132960918995494326049179697152
70 130 -1127910364481906675201048584046958217627468495341671709397879858132960918995494326049179697152
130 94 11614311579996879354148248579679675276246426937211630306786001707133736964775156668423022313472
94 130 11614311579996879354148248579679675276246426937211630306786001707133736964775156668423022313472
130 118 1405573843465269523241653770461233349695582587181250471335244267026111897346977933531470102528
118 130 1405573843465269523241653770461233349695582587181250471335244267026111897346977933531470102528
129 9 912779948420345438740303707205860518545430047103436793167467416454223101952
9 129 912779948420345438740303707205860518545430047103436793167467416454223101952
129 33 -28861377195542843968760201531685583320401116894451030639650633958276063341612211743227904
33 129 -28861377195542843968760201531685583320401116894451030639650633958276063341612211743227904
129 57 94776767449979535799421373288863039909380940147202163976452382306178120107051332271968616448
57 129 94776767449979535799421373288863039909380940147202163976452382306178120107051332271968616448
129 81 9432888278364574805630651488487884706386202889955863023552682569935487441411917479681925840896
81 129 9432888278364574805630651488487884706386202889955863023552682569935487441411917479681925840896
129 105 3181167194101673545193921811890555292294015116702674547056493385507418812944117303305004122112
105 129 3181167194101673545193921811890555292294015116702674547056493385507418812944117303305004122112
129 129 -1582238331814085607840417991184911119877038332695167650473177438038895159936886350592258080768
128 20 2273139797773411564755037907683586015455253129317818562680004585507742187968807305216
20 128 2273139797773411564755037907683586015455253129317818562680004585507742187968807305216
128 44 2222535192232335050323210952528094164721584097827790036392964419703772288678638687814156288
44 128 2222535192232335050323210952528094164721584097827790036392964419703772288678638687814156288
128 68 -262704928905592437718251580386234997045783537921779762422851234919902060701111006727623409664
68 128 -262704928905592437718251580386234997045783537921779762422851234919902060701111006727623409664
128 92 18336494008823569860493595552847045793624269790904663709428572184967496257638731377757596418048
92 128 18336494008823569860493595552847045793624269790904663709428572184967496257638731377757596418048
128 116 -9936287634174401141787430253872721446933881857721344260832359837219055510207090918035948568576
116 128 -9936287634174401141787430253872721446933881857721344260832359837219055510207090918035948568576
127 7 4570777072011984989665964114709527324873398136750827193894517332091338752
7 127 4570777072011984989665964114709527324873398136750827193894517332091338752
127 31 8231833954878951356306932805110971734561706992065128624312027301101774960805565763158016
31 127 8231833954878951356306932805110971734561706992065128624312027301101774960805565763158016
127 55 -6079143418317125242528283592680542199592943335486801779200669788723721785981530811620392960
55 127 -6079143418317125242528283592680542199592943335486801779200669788723721785981530811620392960
127 79 11300271872920854141085173787479969513108657367985468480266426428131816669267990043179503058944
79 127 11300271872920854141085173787479969513108657367985468480266426428131816669267990043179503058944
127 103 -22291437529353507376406368876743565695565042596727744267229951713066843007265549413897583198208
103 127 -22291437529353507376406368876743565695565042596727744267229951713066843007265549413897583198208
127 127 -878078611890167443674554499030505280898624665708055402600492079898286870265960965963098619904
126 18 886047792824984356390049345715242829051442676310419223759116188730798692224183828480
18 126 886047792824984356390049345715242829051442676310419223759116188730798692224183828480
126 42 -4244486991860980433459755925500776809523833128001625834393688940167985430240244086737993728
42 126 -4244486991860980433459755925500776809523833128001625834393688940167985430240244086737993728
126 66 209620656282592137904396126669304764061973341392859608733953050425181732487640488104008089600
66 126 209620656282592137904396126669304764061973341392859608733953050425181732487640488104008089600
126 90 -39767709236675065224592817012723518928204414770574095227326559259514126527202233527425625489408
90 126 -39767709236675065224592817012723518928204414770574095227326559259514126527202233527425625489408
126 114 14335956288326343090045839795714854758152664662924613265278832167918139668724901263065237946368
114 126 14335956288326343090045839795714854758152664662924613265278832167918139668724901263065237946368
125 5 -250500863572906296784631018081961679883798191853538284125814918217728
5 125 -250500863572906296784631018081961679883798191853538284125814918217728
125 29 1776939599805195343978076805119238124908049263036666929231317637602053893101968540303360
29 125 1776939599805195343978076805119238124908049263036666929231317637602053893101968540303360
125 53 -42907235031676130692667634401014834114962461375945652645378494295559355329398670326635692032
53 125 -42907235031676130692667634401014834114962461375945652645378494295559355329398670326635692032
125 77 -16434658948192603726646562441271832231012923173506789997125457623939939597597910189307060027392
77 125 -16434658948192603726646562441271832231012923173506789997125457623939939597597910189307060027392
125 101 28076241848342792204496692137945354123190676792614056954004837448169896774997437890724961976320
101 125 28076241848342792204496692137945354123190676792614056954004837448169896774997437890724961976320
125 125 5786220676389973056269916342576955204837243112770834728941373493618953215799909407127880335360
124 16 45364000440977805805065192902612009574576257835430443209790533277630333258846699520
16 124 45364000440977805805065192902612009574576257835430443209790533277630333258846699520
124 40 2234960901868743649973480223120752749268458723333075345684537593105831319748915990292856832
40 124 2234960901868743649973480223120752749268458723333075345684537593105831319748915990292856832
124 64 170472913362391383184718794805859540532658090115723807661518961752180600164684374253896728576
64 124 170472913362391383184718794805859540532658090115723807661518961752180600164684374253896728576
124 88 22222071770627127694681306734768325155498891197142342326142266215136878911744851612871904198656
88 124 22222071770627127694681306734768325155498891197142342326142266215136878911744851612871904198656
124 112 -2564920750780417076719863217320121052130826819245514386490513085102021539494017295882108534784
112 124 -2564920750780417076719863217320121052130826819245514386490513085102021539494017295882108534784
123 3 314603360362980934111171152310252307053371737750327736819253248
3 123 314603360362980934111171152310252307053371737750327736819253248
123 27 -453273066048758257064301430215009150103674429378361784976825544796810120089546294034432
27 123 -453273066048758257064301430215009150103674429378361784976825544796810120089546294034432
123 51 10275465286410732284458864887164623080248532015592546921983705838230693627790686759036125184
51 123 10275465286410732284458864887164623080248532015592546921983705838230693627790686759036125184
123 75 467725258885144782279557545611550621286697063922159576992235938778899708786450902135408164864
75 123 467725258885144782279557545611550621286697063922159576992235938778899708786450902135408164864
123 99 4816187311093426538813212338421604377356192590802779819432023708199484229619382045923935780864
99 123 4816187311093426538813212338421604377356192590802779819432023708199484229619382045923935780864
123 123 -9584942033047145869904915857673795015021173957839493134421458327793757216092222482572323586048
122 14 875076758327235849686375095702252016863147902971183494571542149748188743362150400
14 122 875076758327235849686375095702252016863147902971183494571542149748188743362150400
122 38 -688233194493672480386409928055778966657018930826172568857189497290455317753070361579094016
38 122 -688233194493672480386409928055778966657018930826172568857189497290455317753070361579094016
122 62 58792798563450220330027906507072368476034449315224741988241993053617501559446792973011910656
62 122 58792798563450220330027906507072368476034449315224741988241993053617501559446792973011910656
122 86 25657315146219705583188140609810234043354956119044125808159414168757073222151387001422375550976
86 122 25657315146219705583188140609810234043354956119044125808159414168757073222151387001422375550976
122 110 -26968732612102725496483038858790620938256076575950052719137470815598095556351514194633771974656
110 122 -26968732612102725496483038858790620938256076575950052719137470815598095556351514194633771974656
121 1 -83393806689630517592157862281286893602603008
1 121 -83393806689630517592157862281286893602603008
121 25 90063001064067817229592715575132475379341706104539272550034148152992034206140833202176
25 121 90063001064067817229592715575132475379341706104539272550034148152992034206140833202176
121 49 6942351822127828644069721582569915046830273879881826863697165936343300886437991700609630208
49 121 6942351822127828644069721582569915046830273879881826863697165936343300886437991700609630208
121 73 10801133169517975380561721850858679494546198948728630974778564377222195585893652387202575892480
73 121 10801133169517975380561721850858679494546198948728630974778564377222195585893652387202575892480
121 97 -58621200995103779036142253153836219731506575145622891247201981021061389430157787029616679976960
97 121 -58621200995103779036142253153836219731506575145622891247201981021061389430157787029616679976960
121 121 3859656361756560643092685863457490099913362232777773938646759563155787232036637158001243848704
120 12 35098871253596186166776275803160107931394864417954124872414320193524248986255360
12 120 35098871253596186166776275803160107931394864417954124872414320193524248986255360
120 36 -163162016410951673333164279913778630488553384512359314159460031270685118610432892417867776
36 120 -163162016410951673333164279913778630488553384512359314159460031270685118610432892417867776
120 60 -152743375830132869485771757506728004810609027364490154556202669971580593168655808724656455680
60 120 -152743375830132869485771757506728004810609027364490154556202669971580593168655808724656455680
120 84 -50880331816933402270045226461817006062131919655755029976706055854807171169211506706479130345472
84 120 -50880331816933402270045226461817006062131919655755029976706055854807171169211506706479130345472
120 108 49023773088198156311788011284283731443152493555195857277964735761864934605814145970940263006208
108 120 49023773088198156311788011284283731443152493555195857277964735761864934605814145970940263006208
119 23 148049742817372329156939077352467185086520184494965655992956460889912019510610062475264
23 119 148049742817372329156939077352467185086520184494965655992956460889912019510610062475264
119 47 4284648304577734007865199618420129888904479461844800933728206930917973169222877205994930176
47 119 4284648304577734007865199618420129888904479461844800933728206930917973169222877205994930176
119 71 -4127538189292417493505925970318431302717297464374124772055222418550356622337349354250076946432
71 119 -4127538189292417493505925970318431302717297464374124772055222418550356622337349354250076946432
119 95 63427495488693955649266301902420355671457334487788093818446766967534041627029679606244369760256
95 119 63427495488693955649266301902420355671457334487788093818446766967534041627029679606244369760256
119 119 16308497088506281089177076471323703963524907309841287031543849024687484253270780999264534265856
118 10 -190348338040262218774230080795292719714414361720116650598266437396016780017664
10 118 -190348338040262218774230080795292719714414361720116650598266437396016780017664
118 34 229608424277957930905284009765511800168603638211657472654352876916403603526463782341574656
34 118 229608424277957930905284009765511800168603638211657472654352876916403603526463782341574656
118 58 -42692391064825943659388819097648909467966269007670234603484368923073465811574439592041906176
58 118 -42692391064825943659388819097648909467966269007670234603484368923073465811574439592041906176
118 82 18110873029066704014551580188132558822277816792484047442776485774420610785377825488973695287296
82 118 18110873029066704014551580188132558822277816792484047442776485774420610785377825488973695287296
118 106 -19653766256102980796296132604819517619226795959754642426931182321440606875956792851868470476800
106 118 -19653766256102980796296132604819517619226795959754642426931182321440606875956792851868470476800
117 21 68028955395182697205201439208031772107618678684494433782558566580966023471604695040
21 117 68028955395182697205201439208031772107618678684494433782558566580966023471604695040
117 45 -5341541243230131171387222397840498659739722143672179893218239354367661315822339730847039488
45 117 -5341541243230131171387222397840498659739722143672179893218239354367661315822339730847039488
117 69 -4344568027243842793930182551287485733623304878025911866396600499799522514348024449918799183872
69 117 -4344568027243842793930182551287485733623304878025911866396600499799522514348024449918799183872
117 93 19402499928449460161982566033334271636006122991932124759657118218764857520671525859325376462848
93 117 19402499928449460161982566033334271636006122991932124759657118218764857520671525859325376462848
117 117 -35572690441185751692024127045550709004203522247024314997308422326653896434576254458580885831680
116 8 -1181001037307291578993669191827985400520385076845100123601349680124189999104
8 116 -1181001037307291578993669191827985400520385076845100123601349680124189999104
116 32 3278291571512022259495033037418687308736064025752948471805051341279483965282675431833600
32 116 3278291571512022259495033037418687308736064025752948471805051341279483965282675431833600
116 56 26865418478796568941809809078534961423637697185713877466335399964408875121343043109507825664
56 116 26865418478796568941809809078534961423637697185713877466335399964408875121343043109507825664
116 80 32933399257269018806322720093518619030748874914497170743762595669354586691817976316693997158400
80 116 32933399257269018806322720093518619030748874914497170743762595669354586691817976316693997158400
116 104 -67618776257318942235945047003724635242697666169813330989346531015238513705616969393652482703360
104 116 -67618776257318942235945047003724635242697666169813330989346531015238513705616969393652482703360
115 19 -11746809431930980568507948153492324970533297594819779404797978125163830063402871422976
19 115 -11746809431930980568507948153492324970533297594819779404797978125163830063402871422976
115 43 1029143989017347793179301875759984701194896463567378276639689583794628673576074724394401792
43 115 1029143989017347793179301875759984701194896463567378276639689583794628673576074724394401792
115 67 2687725570270221086827493854576317103747453676874975647149679987739804081580786933405031858176
67 115 2687725570270221086827493854576317103747453676874975647149679987739804081580786933405031858176
115 91 -109881642802562562500060129991624242709982824959489512845026094931655735375240620577489728569344
91 115 -109881642802562562500060129991624242709982824959489512845026094931655735375240620577489728569344
115 115 20956061209531905822200484553605699182583528970852397921604296524852927895657206298828259459072
114 6 354327435943532972616782408676180660750826889239178338838506803354927104
6 114 354327435943532972616782408676180660750826889239178338838506803354927104
114 30 13342910519974424543508817438695918563899206945514744792978758197367255449117333252997120
30 114 13342910519974424543508817438695918563899206945514744792978758197367255449117333252997120
114 54 100573666013458049744917948493731260824799320161090691322032422257009915220444179454855479296
54 114 100573666013458049744917948493731260824799320161090691322032422257009915220444179454855479296
114 78 -36724428301083177816949790162081583184111779702294067132774142997614947987137851912208468934656
78 114 -36724428301083177816949790162081583184111779702294067132774142997614947987137851912208468934656
114 102 125999712298335015072052860402927848043797219056604981074118763582629493014116269154697211805696
102 114 125999712298335015072052860402927848043797219056604981074118763582629493014116269154697211805696
113 17 -1493508675807408423397453747492182520940006260628570981491167798479419827682698854400
17 113 -1493508675807408423397453747492182520940006260628570981491167798479419827682698854400
113 41 -3170438422305249480902588840727891291275151083011428315633240896380159110458629371732164608
41 113 -3170438422305249480902588840727891291275151083011428315633240896380159110458629371732164608
113 65 1165567010264635693345445322983023362186190629563158675342194303736228231505283962736748789760
65 113 1165567010264635693345445322983023362186190629563158675342194303736228231505283962736748789760
113 89 81205354786107832227162825414903476916513820489851843574979921945514473664838992035981448708096
89 113 81205354786107832227162825414903476916513820489851843574979921945514473664838992035981448708096
113 113 36487607436106319607855113710569656379560586815922765414828306435363593021278263118764525486080
112 4 -1778474758130003852623721355891387042702552681104999024523946754048
4 112 -1778474758130003852623721355891387042702552681104999024523946754048
112 28 10863958750849493708481636073809558562648837988197752514398184374960203931504962388885504
28 112 10863958750849493708481636073809558562648837988197752514398184374960203931504962388885504
112 52 -44641801079656553511745987681836619703522800108792365424740833838270092491874051479041998848
52 112 -44641801079656553511745987681836619703522800108792365424740833838270092491874051479041998848
112 76 -2338629175151557324291731995879467726015586995066432243675961742623087119033590563857789616128
76 112 -2338629175151557324291731995879467726015586995066432243675961742623087119033590563857789616128
112 100 -37598772928296784614352187944081793023770165012490939470756893705189520041835239382861838548992
100 112 -37598772928296784614352187944081793023770165012490939470756893705189520041835239382861838548992
111 15 -53380474938793283568667611019810420358951465904402206349425556487129489213757587456
15 111 -53380474938793283568667611019810420358951465904402206349425556487129489213757587456
111 39 2661637569427322158266925976546378304656461419575857159344229962703802515969936220967927808
39 111 2661637569427322158266925976546378304656461419575857159344229962703802515969936220967927808
111 63 -521206826471890177131101153806670892372965669328471160067098360612957112516726338436653383680
63 111 -521206826471890177131101153806670892372965669328471160067098360612957112516726338436653383680
111 87 56457838556373825232201267208228405235993952248363036283510808732537034370018135025875182157824
87 111 56457838556373825232201267208228405235993952248363036283510808732537034370018135025875182157824
111 111 -85414745767434038592848699271610329681520544251344614572603400529814734423972756375566666432512
110 2 426455673111311487120727804184171782858778158303365038080
2 110 426455673111311487120727804184171782858778158303365038080
110 26 1748234040775921602465864462731505633343853091631502601161414859472499913616610975285248
26 110 1748234040775921602465864462731505633343853091631502601161414859472499913616610975285248
110 50 -38344275729756526906617533153891532233486879143915025190253065738715647993301715939210821632
50 110 -38344275729756526906617533153891532233486879143915025190253065738715647993301715939210821632
110 74 24529343419588006277179476993564693309614351489170420860056267563166856190551645010139560280064
74 110 24529343419588006277179476993564693309614351489170420860056267563166856190551645010139560280064
110 98 -159550992386618409221471273466426711359679856749404923314347149163499653731941107470777783943168
98 110 -159550992386618409221471273466426711359679856749404923314347149163499653731941107470777783943168
109 13 -520093484469069891195701802523458261263715710496347114157938884187640457376825344
13 109 -520093484469069891195701802523458261263715710496347114157938884187640457376825344
109 37 929829604354654479153202569969464516843120767204407587198855707932354375133286773827829760
37 109 929829604354654479153202569969464516843120767204407587198855707932354375133286773827829760
109 61 -376157357852906096267211843718445676108573062314115724864225749345549789631707221826608300032
61 109 -376157357852906096267211843718445676108573062314115724864225749345549789631707221826608300032
109 85 -133200318312624660355823879957300645017963699843637989329133479598914090532431418140561730699264
85 109 -133200318312624660355823879957300645017963699843637989329133479598914090532431418140561730699264
109 109 54098276315684483069733056459326492907642842451239309442149885773211493138011333972904334327808
108 24 53209088665315871476513190321085616770071918830354512361018265534808911351657749544960
24 108 53209088665315871476513190321085616770071918830354512361018265534808911351657749544960
108 48 23162324531430534648124366638108020861710049852648400196180336194669952648519254858199465984
48 108 23162324531430534648124366638108020861710049852648400196180336194669952648519254858199465984
108 72 -9935427093046043555265863682244568368261139020037854702520691163832967195566773943904470302720
72 108 -9935427093046043555265863682244568368261139020037854702520691163832967195566773943904470302720
108 96 220099226951410262807282036921266727397572708187326959486917970739768833599865902675543768170496
96 108 220099226951410262807282036921266727397572708187326959486917970739768833599865902675543768170496
107 11 2616219109481777484179054229683476548549120961605770473728348402082279029997568
11 107 2616219109481777484179054229683476548549120961605770473728348402082279029997568
107 35 -395800373501104390603506097358871295924637471786293978231343916065925932291631403698749440
35 107 -395800373501104390603506097358871295924637471786293978231343916065925932291631403698749440
107 59 -555261883690692697962499506744768112205586230460291499651486635295281546552828934307792814080
59 107 -555261883690692697962499506744768112205586230460291499651486635295281546552828934307792814080
107 83 45172808823101786460406135019355485584252456938868297256851097826279045677990950741134465302528
83 107 45172808823101786460406135019355485584252456938868297256851097826279045677990950741134465302528
107 107 55600792414925153693233554763657328651016368923400273873684669628842315067014548574545035395072
106 22 86277013398241682054703620043019160845693509659638807942307761884446066624298513072128
22 106 86277013398241682054703620043019160845693509659638807942307761884446066624298513072128
106 46 -4353002007745320365638617725551541170891488673311530068358306557217655697040697778193301504
46 106 -4353002007745320365638617725551541170891488673311530068358306557217655697040697778193301504
106 70 -7675824503740268474581201421386664068494333845437975959980481956586096802531388518618063962112
70 106 -7675824503740268474581201421386664068494333845437975959980481956586096802531388518618063962112
106 94 8544541233526270831050417962900857097339052899774234878156771295205245143032696983741312008192
94 106 8544541233526270831050417962900857097339052899774234878156771295205245143032696983741312008192
105 9 81805480252682010692751877664508282639320658664583478914716279902546352406528
9 105 81805480252682010692751877664508282639320658664583478914716279902546352406528
105 33 -3723068007350033780875464946034024895381123148521345552830610143347819920185754380140544
33 105 -3723068007350033780875464946034024895381123148521345552830610143347819920185754380140544
105 57 666553153845552892515341842977531937482169989194023893396503188635485255586858566262806544384
57 105 666553153845552892515341842977531937482169989194023893396503188635485255586858566262806544384
105 81 87655451913229869459301574309400534258632607775775639566505402462579618841441728125261959921664
81 105 87655451913229869459301574309400534258632607775775639566505402462579618841441728125261959921664
105 105 -143990209587321646562090773872635133552392871389622537648527085050299261869226081349905697210368
104 20 73899571050070714988613357514336164146722858647112318573957431395728681363846270550016
20 104 73899571050070714988613357514336164146722858647112318573957431395728681363846270550016
104 44 -5590854992238791172204243891364361428844152152753027843001539242757340216961523949049479168
44 104 -5590854992238791172204243891364361428844152152753027843001539242757340216961523949049479168
104 68 7203625859460506930614009019230846648894476786908965707990179043303524189154439655826428788736
68 104 7203625859460506930614009019230846648894476786908965707990179043303524189154439655826428788736
104 92 -283473921729160201171712039904229179409015726965413184333874068546780530481642734128246808379392
92 104 -283473921729160201171712039904229179409015726965413184333874068546780530481642734128246808379392
103 7 -125729521921389026064521327170086743998393104410818955857506522136775229440
7 103 -125729521921389026064521327170086743998393104410818955857506522136775229440
103 31 -66811781897573180680968872643524161231122575467852152825739542242385779743847343192014848
31 103 -66811781897573180680968872643524161231122575467852152825739542242385779743847343192014848
103 55 194645890032971398492264010862850465162799679751485880517076826290869678550560350973926047744
55 103 194645890032971398492264010862850465162799679751485880517076826290869678550560350973926047744
103 79 -92861198917216643223687594584720394311655940822602064869952762145698935862908495285032144863232
79 103 -92861198917216643223687594584720394311655940822602064869952762145698935862908495285032144863232
103 103 106821865554917124288827638527801629402030173265567593788682175025461250364400413598747734310912
102 18 16056666589221346141394299804901273642710470779957196825608198599719517800841395306496
18 102 16056666589221346141394299804901273642710470779957196825608198599719517800841395306496
102 42 9831849477045115203114866917950853343334991251211219380029734169923194880414723140539645952
42 102 9831849477045115203114866917950853343334991251211219380029734169923194880414723140539645952
102 66 -846230735048074181597094188367204290167652278480947076400206199813889771028204329562605092864
66 102 -846230735048074181597094188367204290167652278480947076400206199813889771028204329562605092864
102 90 218989106668230160625183609613580686440826186780908393978656889944649899026319484391631154577408
90 102 218989106668230160625183609613580686440826186780908393978656889944649899026319484391631154577408
101 5 6371840226065595038063386326179764669099138654563706945932413334716416
5 101 6371840226065595038063386326179764669099138654563706945932413334716416
101 29 -63147353328615126601980342323874885140563690204965957406152508774731030719748405565849600
29 101 -63147353328615126601980342323874885140563690204965957406152508774731030719748405565849600
101 53 -406580423216176312256328478046021109561562064426475620389138753685833195568703107724761628672
53 101 -406580423216176312256328478046021109561562064426475620389138753685833195568703107724761628672
101 77 -12744259040851563065622822812644052542732591777872734308014476890230246554361647189627471134720
77 101 -12744259040851563065622822812644052542732591777872734308014476890230246554361647189627471134720
101 101 55039465571993436110070276534576718914175471853411766588428952611183606716385169826524010905600
100 16 1119355025478036545564618335388543705630086759941040562416498407826170908518075334656
16 100 1119355025478036545564618335388543705630086759941040562416498407826170908518075334656
100 40 -338847067554216912557169786837898242393753542898221539512201220585733645786619567797174272
40 100 -338847067554216912557169786837898242393753542898221539512201220585733645786619567797174272
100 64 -1082588962232998453837505154870294384222969650339740158597419757127072964101704956943966142464
64 100 -1082588962232998453837505154870294384222969650339740158597419757127072964101704956943966142464
100 88 138482135477737742004574927756169784637182598872756178817438556279437850374313020312827692318720
88 100 138482135477737742004574927756169784637182598872756178817438556279437850374313020312827692318720
99 3 -6458813352633285133802099612653126112628729720634459029889875968
3 99 -6458813352633285133802099612653126112628729720634459029889875968
99 27 -15605250745244062430442286097396562553144953363672775449569554708947878797220970886070272
27 99 -15605250745244062430442286097396562553144953363672775449569554708947878797220970886070272
99 51 10003868850125932600462138242620946010813342392833377162228068095845479578490928011870732288
51 99 10003868850125932600462138242620946010813342392833377162228068095845479578490928011870732288
99 75 73126396639552296166076441888680041878713098594790807947589203180354589610971863625909481242624
75 99 73126396639552296166076441888680041878713098594790807947589203180354589610971863625909481242624
99 99 -205660725625013028466597214634648588553422576429305522511072766112664760853122067692789352628224
98 14 24891624542756612781859554978273462823120719137160830501688406401189975996355313664
14 98 24891624542756612781859554978273462823120719137160830501688406401189975996355313664
98 38 -2275107048546852610476474277872024503123616859027537576206724307056808800083204442089848832
38 98 -2275107048546852610476474277872024503123616859027537576206724307056808800083204442089848832
98 62 1354335507510035558437326002330283670288579568311068960688631456104522632327770028498940329984
62 98 1354335507510035558437326002330283670288579568311068960688631456104522632327770028498940329984
98 86 -311832380760088250194259320026858192013345838898559273418113588882430123767535798240101537939456
86 98 -311832380760088250194259320026858192013345838898559273418113588882430123767535798240101537939456
97 1 9962859193502431842000320125960433371927543808
1 97 9962859193502431842000320125960433371927543808
97 25 -3254877170604237335686698029509988844551926846943460965458588132172269975189655360897024
25 97 -3254877170604237335686698029509988844551926846943460965458588132172269975189655360897024
97 49 77185950690304742909804389399739342569711957789261665440519330526211750972914762824978268160
49 97 77185950690304742909804389399739342569711957789261665440519330526211750972914762824978268160
97 73 -28225034107905989909916773867508812777610192941281355173660087614904601357109080793920649035776
73 97 -28225034107905989909916773867508812777610192941281355173660087614904601357109080793920649035776
97 97 168687893682148302964744283672011042634699153256011873359861078696442983559791217437207125032960
96 12 90877583286804811966969548122373535693848497863436048428310872258273093374443520
12 96 90877583286804811966969548122373535693848497863436048428310872258273093374443520
96 36 -1978316144354353336854984742876385190672025991703167750745022364342592791859123925307883520
36 96 -1978316144354353336854984742876385190672025991703167750745022364342592791859123925307883520
96 60 -844201243803445124911477850253495356671100965047111569291203023375537130868157821738995941376
60 96 -844201243803445124911477850253495356671100965047111569291203023375537130868157821738995941376
96 84 75862528583243563104253930378330707173636369314505253536915074550134332170813847083170572271616
84 96 75862528583243563104253930378330707173636369314505253536915074550134332170813847083170572271616
95 23 -1114409393550593125856998456541421603433173860387121273924088516912708600299378551291904
23 95 -1114409393550593125856998456541421603433173860387121273924088516912708600299378551291904
95 47 35880922251887366018964337737294373962941674684950841623115650086955812041115732369188323328
47 95 35880922251887366018964337737294373962941674684950841623115650086955812041115732369188323328
95 71 -30970970900128288579256242878003996473260619598672266621554398222377911074860955350424407244800
71 95 -30970970900128288579256242878003996473260619598672266621554398222377911074860955350424407244800
95 95 70054078645389720222368106933773014824060415373178553331115006820788708801083343200145442340864
94 10 -1040990388553442276141770330858063093516091558617969271613911344371136651591680
10 94 -1040990388553442276141770330858063093516091558617969271613911344371136651591680
94 34 -1869679056338834549593485330257619974548800004976878562365963438081608930280894930802966528
34 94 -1869679056338834549593485330257619974548800004976878562365963438081608930280894930802966528
94 58 -468359213489084669329475916687730977516826424334145726019531781309859411937399754190145716224
58 94 -468359213489084669329475916687730977516826424334145726019531781309859411937399754190145716224
94 82 219578589668393816625034713280940320431733750328854255354178082893347300617252682074089479733248
82 94 219578589668393816625034713280940320431733750328854255354178082893347300617252682074089479733248
93 21 -351658825684270010396590740870508933187586721659909634686775072405590300136884026736640
21 93 -351658825684270010396590740870508933187586721659909634686775072405590300136884026736640
93 45 -11885593540530395683072585069769670235677384432513761921603081516702544909186778980226695168
45 93 -11885593540530395683072585069769670235677384432513761921603081516702544909186778980226695168
93 69 29413228457410894251755010570987282127628281967591438744812501025870136429935125831226004340736
69 93 29413228457410894251755010570987282127628281967591438744812501025870136429935125831226004340736
93 93 -265957517109668209716735764142855801276344014366355549519141087503961172586951177956406807494656
92 8 12949729695655416910017215248354456186001634885928371377605601703597885620224
8 92 12949729695655416910017215248354456186001634885928371377605601703597885620224
92 32 -781632400705233559710522414461300880346076073783472549200456229340145672014525502704320512
32 92 -781632400705233559710522414461300880346076073783472549200456229340145672014525502704320512
92 56 790299141689484377005277812742902087688692982128498103073152012636427462143238982042642284544
56 92 790299141689484377005277812742902087688692982128498103073152012636427462143238982042642284544
92 80 -185722549618645527569346899154005602228722703121344606084016711875699511249594291543889621811200
80 92 -185722549618645527569346899154005602228722703121344606084016711875699511249594291543889621811200
91 19 -78507298159523142213251743891546077139090873954060399399100294960320368010160947331072
19 91 -78507298159523142213251743891546077139090873954060399399100294960320368010160947331072
91 43 -37221741559359975883422028859983564465226263474948883272067767313276696587064550665224192000
43 91 -37221741559359975883422028859983564465226263474948883272067767313276696587064550665224192000
91 67 4190527853704846450072026514185412161247545632793626801812172790750074618079525371850833002496
67 91 4190527853704846450072026514185412161247545632793626801812172790750074618079525371850833002496
91 91 165454384584974670702331914127969050764855531972215083339570739204097697012086548184229853790208
90 6 -3182415975144731327421849361655472657657379785504065294130553060518264832
6 90 -3182415975144731327421849361655472657657379785504065294130553060518264832
90 30 -211583139144466571001352610554904180518698891705381947445973971446692871853659152705388544
30 90 -211583139144466571001352610554904180518698891705381947445973971446692871853659152705388544
90 54 88547322354728437603021556076952712875707700869316862416868429997180411016821176148189773824
54 90 88547322354728437603021556076952712875707700869316862416868429997180411016821176148189773824
90 78 -64717116529507379960837355416483688676305348901410615589785694142777694798247265641130576838656
78 90 -64717116529507379960837355416483688676305348901410615589785694142777694798247265641130576838656
89 17 -8940004248431729455698220199321942843540619038938679337452706472379811052350636818432
17 89 -8940004248431729455698220199321942843540619038938679337452706472379811052350636818432
89 41 -6446542618153588118887656156384246093858690532108353487872041162410352631420696759875141632
41 89 -6446542618153588118887656156384246093858690532108353487872041162410352631420696759875141632
89 65 -15563739032464668115267157664148114058807381568707345012087113048164802071857441347776519602176
65 89 -15563739032464668115267157664148114058807381568707345012087113048164802071857441347776519602176
89 89 128184262489189352918461037291871713593053257643242028451208670439846469871221246220998893633536
88 4 62478670730436323861261194309804346786596395918936055371025967218688
4 88 62478670730436323861261194309804346786596395918936055371025967218688
88 28 -69962938940474217920412897300277166434255362332553249586804246292013793795772891791360000
28 88 -69962938940474217920412897300277166434255362332553249586804246292013793795772891791360000
88 52 -551913020761961090027293356897907791684462174940664568685404159273957060420037673138895454208
52 88 -551913020761961090027293356897907791684462174940664568685404159273957060420037673138895454208
88 76 162004907445911425267932600899043062271310466315141763514242235793391771995128544916294317637632
76 88 162004907445911425267932600899043062271310466315141763514242235793391771995128544916294317637632
87 15 -401222884783664669119767684524017692680714087467330107732971655854323041417637658624
15 87 -401222884783664669119767684524017692680714087467330107732971655854323041417637658624
87 39 4503754506458329189365826113814060762739312519720466695622803786797715616736597745208393728
39 87 4503754506458329189365826113814060762739312519720466695622803786797715616736597745208393728
87 63 2838056347727218858644517481215843021324120402695844097032527593973995502065381598245649645568
63 87 2838056347727218858644517481215843021324120402695844097032527593973995502065381598245649645568
87 87 -251460041953012008242016522362139009530734408284768685108353622802155910727055809442526919655424
86 2 10932657596540520843392584939686039892707980856675291627520
2 86 10932657596540520843392584939686039892707980856675291627520
86 26 -16284327499030328365465841540152502127840569374227045278368350309823230194576691774357504
26 86 -16284327499030328365465841540152502127840569374227045278368350309823230194576691774357504
86 50 -61903593909394720024185764235324652693091749998150124793095899529247652907688814916839407616
50 86 -61903593909394720024185764235324652693091749998150124793095899529247652907688814916839407616
86 74 -35400877181733250479733254580293842359947956231670951471658176952269126911631226477921142046720
74 86 -35400877181733250479733254580293842359947956231670951471658176952269126911631226477921142046720
85 13 -6190174055376026546276006724808559256620229401293671882397440893363631450700644352
13 85 -6190174055376026546276006724808559256620229401293671882397440893363631450700644352
85 37 2721511309440291873846088994753603066435104835895364945626573694136164874210016290865676288
37 85 2721511309440291873846088994753603066435104835895364945626573694136164874210016290865676288
85 61 5304650782719178182982214560219979326178249700588369493621235205964502765297774716863373115392
61 85 5304650782719178182982214560219979326178249700588369493621235205964502765297774716863373115392
85 85 72650360716493355089860622149974624251072752720365015785878046017700847130570853956621919322112
84 24 -589879077965607826276009256296088996900379800504562234767477461567906809707234404073472
24 84 -589879077965607826276009256296088996900379800504562234767477461567906809707234404073472
84 48 92116078465424172269707966450352582254675927363507015672515456154984174595966149724519530496
48 84 92116078465424172269707966450352582254675927363507015672515456154984174595966149724519530496
84 72 -81970624806440569674102742227894401281199775485717108284614958702992400914887009444375876861952
72 84 -81970624806440569674102742227894401281199775485717108284614958702992400914887009444375876861952
83 11 -29371127046137996777162652468883954400858183639556319404675594112197857722236928
11 83 -29371127046137996777162652468883954400858183639556319404675594112197857722236928
83 35 2741590599653011244498817244958467440710612776985927345001638852453963872422897056454017024
35 83 2741590599653011244498817244958467440710612776985927345001638852453963872422897056454017024
83 59 -2749143904433466165912477450218184606335000167748079021021270842570662378673997859152822534144
59 83 -2749143904433466165912477450218184606335000167748079021021270842570662378673997859152822534144
83 83 150044586866842219135672931981217507121958733157349825668034036545757039007969593135990766043136
82 22 504068722814922729711096532315959971375450301391113468511940277291623829013826170257408
22 82 504068722814922729711096532315959971375450301391113468511940277291623829013826170257408
82 46 -22622133140575088835045967209589854802221897119188917037410623711168425257576463117169197056
46 82 -22622133140575088835045967209589854802221897119188917037410623711168425257576463117169197056
82 70 55134176976640437633572947143047482039715384060780426853442821927921268676768928839072091209728
70 82 55134176976640437633572947143047482039715384060780426853442821927921268676768928839072091209728
81 9 -214584342716334474978445693044905220081594124591469565368503066892393210970112
9 81 -214584342716334474978445693044905220081594124591469565368503066892393210970112
81 33 2281902213181543807927873125319235041455921978696339674961952325662733796884582102177153024
33 81 2281902213181543807927873125319235041455921978696339674961952325662733796884582102177153024
81 57 -1475731617756561103720469231366861661572672872646199412148389368003704743198277476482119892992
57 81 -1475731617756561103720469231366861661572672872646199412148389368003704743198277476482119892992
81 81 -147935492441917477068163126698011587646048815710071623467316446985669486240940406075544817369088
80 20 147171329608962428579431464891181724021114664932277735886121742285020007668424764293120
20 80 147171329608962428579431464891181724021114664932277735886121742285020007668424764293120
80 44 1361314147279163977766186103668975964748811352587910570903504342124937995494076496247521280
44 80 1361314147279163977766186103668975964748811352587910570903504342124937995494076496247521280
80 68 20806203687586933781592972298494282401592943821585111081851627303910450955456406184003146612736
68 80 20806203687586933781592972298494282401592943821585111081851627303910450955456406184003146612736
79 7 565774059607721503411981300611054411400978564019312362366456401158253576192
7 79 565774059607721503411981300611054411400978564019312362366456401158253576192
79 31 1308080585659565617982432316315245476502827823804434839601109013256332034310894776926339072
31 79 1308080585659565617982432316315245476502827823804434839601109013256332034310894776926339072
79 55 1482737345489368264490045049396966283727299062716063125833471319436425540730609241849308643328
55 79 1482737345489368264490045049396966283727299062716063125833471319436425540730609241849308643328
79 79 -13532713493646387364087704811890668775294318394858980665782594267866909067821447012347843444736
78 18 24515072969743665524600453225992814093005773414486526801548249658644746753217235255296
18 78 24515072969743665524600453225992814093005773414486526801548249658644746753217235255296
78 42 46093424684572242956653323465837598304584467065559833465176003230926661626331246935918247936
42 78 46093424684572242956653323465837598304584467065559833465176003230926661626331246935918247936
78 66 -33694376834744487045465689411538186195974186468855549530227177754461434434573383364364271091712
66 78 -33694376834744487045465689411538186195974186468855549530227177754461434434573383364364271091712
77 5 -15347818971164557005234112496654716752227708193104321878528387425763328
5 77 -15347818971164557005234112496654716752227708193104321878528387425763328
77 29 553849513601356863075535584088644060428110439948238646303764510274968328422424285217292288
29 77 553849513601356863075535584088644060428110439948238646303764510274968328422424285217292288
77 53 466139422010648935498521453483780510631278130062876368444174619746824507521747431724062605312
53 77 466139422010648935498521453483780510631278130062876368444174619746824507521747431724062605312
77 77 100552504770997933206941326259537441067237674773285612595654874475695566022828504984838182273024
76 16 1977650342657019487462363003417795053008184434227190306752809880653904042756835115008
16 76 1977650342657019487462363003417795053008184434227190306752809880653904042756835115008
76 40 50289915324794085681243464640355721582647877572012609631112501519089074022778102967259103232
40 76 50289915324794085681243464640355721582647877572012609631112501519089074022778102967259103232
76 64 3232103437596244108430634132326410100879785702492887405330272611262826571208412238566481985536
64 76 3232103437596244108430634132326410100879785702492887405330272611262826571208412238566481985536
75 3 35407884156925993511534795657125001409933413494542446690752790528
3 75 35407884156925993511534795657125001409933413494542446690752790528
75 27 159641507497371123972623498268841055467084680645943382355960968779570499306696858033717248
27 75 159641507497371123972623498268841055467084680645943382355960968779570499306696858033717248
75 51 -391843192588661493367653195195299623961007859927707660647981797914061474416182693283808411648
51 75 -391843192588661493367653195195299623961007859927707660647981797914061474416182693283808411648
75 75 -46837757049306583592121517616497562770166849453583273348580401186360539125009284847164618440704
74 14 61367798745974820648085927234765626891395115202555745990741772289513647432074788864
14 74 61367798745974820648085927234765626891395115202555745990741772289513647432074788864
74 38 34238408283467178755232699218664540809210496343205413189728793660315447046195672854751608832
38 74 34238408283467178755232699218664540809210496343205413189728793660315447046195672854751608832
74 62 12478695723363825953822509200335550549264693290772164628923259754592519668496361828671020859392
62 74 12478695723363825953822509200335550549264693290772164628923259754592519668496361828671020859392
73 1 -770389870582124051174442275844376957208873664512
1 73 -770389870582124051174442275844376957208873664512
73 25 29475185137120647255867755843262220934974939824510542096233162097202588462722668728156160
25 73 29475185137120647255867755843262220934974939824510542096233162097202588462722668728156160
73 49 96505444349586097178321805366942121926246489127403682959123243049219226198101120246637133824
49 73 96505444349586097178321805366942121926246489127403682959123243049219226198101120246637133824
73 73 -31432782321798384882153445579455949317914776592135623730223946329847375322174548353350396542976
72 12 655182364549336678072293908606268306397922701975867082775189169643234298205044736
12 72 655182364549336678072293908606268306397922701975867082775189169643234298205044736
72 36 18376863611029404522906772575505129208772268444283736567102546961813074296041119262674255872
36 72 18376863611029404522906772575505129208772268444283736567102546961813074296041119262674255872
72 60 -5795367070655299430125273751107439531955572853320139126146382882768947606735376804757997879296
60 72 -5795367070655299430125273751107439531955572853320139126146382882768947606735376804757997879296
71 23 3701296704800085156266946425414272238703265361248039389490981001561179902786397171351552
23 71 3701296704800085156266946425414272238703265361248039389490981001561179902786397171351552
71 47 174118902001260089132975906963271457390293677788728198411639135265846367404633524640086491136
47 71 174118902001260089132975906963271457390293677788728198411639135265846367404633524640086491136
71 71 37078245958019301456305780415085402431402453707909391671351050968585955368267526796244286439424
70 10 2619426706346961172224203883133363635934291138333141769649113011040660383334400
10 70 2619426706346961172224203883133363635934291138333141769649113011040660383334400
70 34 9220299300401249239653623077973513231808835870311870756090466043857462487670965139742392320
34 70 9220299300401249239653623077973513231808835870311870756090466043857462487670965139742392320
70 58 -3170985761592878032957372441100283697681249512781757505760275745681504723778970540997638881280
58 70 -3170985761592878032957372441100283697681249512781757505760275745681504723778970540997638881280
69 21 356752310773413065766961565993421726979789576023160774174576466728988827221319728758784
21 69 356752310773413065766961565993421726979789576023160774174576466728988827221319728758784
69 45 -83213105170724245404883353930577857770324037161000431730298447651136957073369038067473580032
45 69 -83213105170724245404883353930577857770324037161000431730298447651136957073369038067473580032
69 69 -2127950420066257312835497636885012728259508705974656346046480423076290543169302381908046381056
68 8 -4966438971787179797663128904829137012878020448847937366009730873884474867712
8 68 -4966438971787179797663128904829137012878020448847937366009730873884474867712
68 32 4182506107922599268742468526202135913473410189308682301786473876527418531367216378351190016
32 68 4182506107922599268742468526202135913473410189308682301786473876527418531367216378351190016
68 56 2367946243252478008891438647004921869872786128604037335540214086556455699750832411074239660032
56 68 2367946243252478008891438647004921869872786128604037335540214086556455699750832411074239660032
67 19 17867046227423743871039958945872783670502247281107786879307194729822689006047767560192
19 67 17867046227423743871039958945872783670502247281107786879307194729822689006047767560192
67 43 -115867784956577886395235423955501651118973323251374649387445707748082965972812590684294873088
43 67 -115867784956577886395235423955501651118973323251374649387445707748082965972812590684294873088
67 67 -14195623808656962039016557304645025222274167673782467635759369289408085827133470247582865293312
66 6 10573616363036647576276955425383945289895537919614558328231746312207335424
6 66 10573616363036647576276955425383945289895537919614558328231746312207335424
66 30 1464668871299618880991093949565872506335458682885323090254338335568138554486526509815169024
30 66 1464668871299618880991093949565872506335458682885323090254338335568138554486526509815169024
66 54 130787314826600265971656936641326223946031580329688696084395110537444902010773697271280173056
54 66 130787314826600265971656936641326223946031580329688696084395110537444902010773697271280173056
65 17 -569207671623794983243895816569014512311712623309032250859552869339650852439900291072
17 65 -569207671623794983243895816569014512311712623309032250859552869339650852439900291072
65 41 -57707395450200813487425167331805146824363132141000594053964153992818171204226820878815461376
41 65 -57707395450200813487425167331805146824363132141000594053964153992818171204226820878815461376
65 65 7125506521686421793041118814317755832966057926972778651238617866918594915318577334783951503360
64 4 257544570813153057469377245728620236341036823797031858821626882686976
4 64 257544570813153057469377245728620236341036823797031858821626882686976
64 28 369241574487763757604562480091729289384192654249819705566997178912809947574387353107562496
28 64 369241574487763757604562480091729289384192654249819705566997178912809947574387353107562496
64 52 -712492908541213782354657745839388267820970460371311141877094871446439740384405179889042325504
52 64 -712492908541213782354657745839388267820970460371311141877094871446439740384405179889042325504
63 15 -83444092659295339022465741719443522923983303478110446006191513759737419734963978240
15 63 -83444092659295339022465741719443522923983303478110446006191513759737419734963978240
63 39 -40003303325618398603394271281926337023194968070980920093944673499304547997356761977054035968
39 63 -40003303325618398603394271281926337023194968070980920093944673499304547997356761977054035968
63 63 3432881523901731003571917029727437764394378301266531638202130226548711509577993469008927522816
62 2 83917396994804710128907803239370017545381238370625545830400
2 62 83917396994804710128907803239370017545381238370625545830400
62 26 66913418500188430169906570050123731608762793463832803284200365494792142007838980792385536
26 62 66913418500188430169906570050123731608762793463832803284200365494792142007838980792385536
62 50 248155905046138658056474042027641864703737399700886175387728077484090021294368955609431146496
50 62 248155905046138658056474042027641864703737399700886175387728077484090021294368955609431146496
61 13 -1294898470483869300424304654614921281759936647012739648869031262129139011670769664
13 61 -1294898470483869300424304654614921281759936647012739648869031262129139011670769664
61 37 -29406535379179287155489704924231933293248703536843357772899108196666337547397548356776493056
37 61 -29406535379179287155489704924231933293248703536843357772899108196666337547397548356776493056
61 61 -2844371410204646660525453257515921816946285710079649550298507379260440728443468457825999519744
60 24 8483530322040986475777006905640647868371522745077790702240562839945781686989259890753536
24 60 8483530322040986475777006905640647868371522745077790702240562839945781686989259890753536
60 48 355261186503191490654400278916139414133465393448243709136800849706778090347958649527340105728
48 60 355261186503191490654400278916139414133465393448243709136800849706778090347958649527340105728
59 11 7009280667665347526422565967792727206914784122259072755180777678621748865531904
11 59 7009280667665347526422565967792727206914784122259072755180777678621748865531904
59 35 -13615617477584746305289708822515521039736933536206822656604834110583142755870404560245751808
35 59 -13615617477584746305289708822515521039736933536206822656604834110583142755870404560245751808
59 59 32855454705040696169328989667824998042303336604288227637105620711196690944477331395685908480
58 22 653007614464951436770068762412930161268088957019766771243364945195007459399854869970944
22 58 653007614464951436770068762412930161268088957019766771243364945195007459399854869970944
58 46 125488765098665305534350959072571822945993935921336837138606509782982446634975868487511048192
46 58 125488765098665305534350959072571822945993935921336837138606509782982446634975868487511048192
57 9 132562548688200600887280347385254714804067619503798941863629452818017566064640
9 57 132562548688200600887280347385254714804067619503798941863629452818017566064640
57 33 -3699551302435459276466208938811806235813550750715072664597991251905914808706782693511135232
33 57 -3699551302435459276466208938811806235813550750715072664597991251905914808706782693511135232
57 57 722400187369719502907273040413983514046860894892128534607421310438326618812257189660375121920
56 20 22573836062908311479261438615178326114332294847311501077814277199898683995457492877312
20 56 22573836062908311479261438615178326114332294847311501077814277199898683995457492877312
56 44 88952650337930662829266606691010440131408981455011001150323584702856643726290538313713451008
44 56 88952650337930662829266606691010440131408981455011001150323584702856643726290538313713451008
55 7 39394938277342754782823497014953104987809694381425795884417373164600819712
7 55 39394938277342754782823497014953104987809694381425795884417373164600819712
55 31 -529977678445572626960827169190118466010598281745407178392907121820902426789560446391156736
31 55 -529977678445572626960827169190118466010598281745407178392907121820902426789560446391156736
55 55 -457575711990444627989225914548350638984928835975680934756801111549610718293927140606240358400
54 18 124673231025500407627620341314511881410941590546901476097362408505463180566460366848
18 54 124673231025500407627620341314511881410941590546901476097362408505463180566460366848
54 42 75917880376106400465325195251699309162415966764051317282419156921165869856827688263580909568
42 54 75917880376106400465325195251699309162415966764051317282419156921165869856827688263580909568
53 5 76039664198784013446585016864823839698168158335628030760192518511394816
5 53 76039664198784013446585016864823839698168158335628030760192518511394816
53 29 -9908211317651641809798675863515636461190837816646306452592262918074807483158979573448704
29 53 -9908211317651641809798675863515636461190837816646306452592262918074807483158979573448704
53 53 -437641647524915633735610785995079679330059039121497668395592665472860207084058185232793206784
52 16 15729148934680971591460477156641697060438345823020462883950568113515098442806853632
16 52 15729148934680971591460477156641697060438345823020462883950568113515098442806853632
52 40 32993332069149419991791937505409512451364165066940920436326792866393114514702618329071222784
40 52 32993332069149419991791937505409512451364165066940920436326792866393114514702618329071222784
51 3 -27538069883702148726884565741983393841905401078934835961859670016
3 51 -27538069883702148726884565741983393841905401078934835961859670016
51 27 9730816700669783639479869252505548595246160240375120059905238720483400828385910224584704
27 51 9730816700669783639479869252505548595246160240375120059905238720483400828385910224584704
51 51 -137983604441137512522071545709387250660266443407951094421238270542815651904153897858825715712
50 14 1429346859756451932468772222001195910500157523632985072657394185243556633349455872
14 50 1429346859756451932468772222001195910500157523632985072657394185243556633349455872
50 38 6805611335867649809265699538669269157132600608912745055934175057114336997821804341526265856
38 50 6805611335867649809265699538669269157132600608912745055934175057114336997821804341526265856
49 1 37144121202672605904541892354923110924360980889600
1 49 37144121202672605904541892354923110924360980889600
49 25 1526082361817176641357086721711130578852499055317003530264770664786348834908388638851072
25 49 1526082361817176641357086721711130578852499055317003530264770664786348834908388638851072
49 49 -107355605387369975438031211111166656028316310808003450951243596035549593047492579502380285952
48 12 -13475931645612723369124214337410434335045122187203149316987519114349148310077440
12 48 -13475931645612723369124214337410434335045122187203149316987519114349148310077440
48 36 388225144428524366886182598068839097713135008358520065719220256169881160174002697054191616
36 48 388225144428524366886182598068839097713135008358520065719220256169881160174002697054191616
47 23 81357463846007976708890927407000870144327145926213334120796484312018210019258518208512
23 47 81357463846007976708890927407000870144327145926213334120796484312018210019258518208512
47 47 -82344889775189884872972681526844515478246819553922791026176707601531364332993606504643821568
46 10 -189982780263995907871162251263124018877513975443298390141039910554755458400256
10 46 -189982780263995907871162251263124018877513975443298390141039910554755458400256
46 34 -72966645128066040531381259059963489021212190173480350792344891411050171075393816218304512
34 46 -72966645128066040531381259059963489021212190173480350792344891411050171075393816218304512
45 21 -851357275055118611323464935692876232083878790172236906524392897154058646938076577792
21 45 -851357275055118611323464935692876232083878790172236906524392897154058646938076577792
45 45 -28167556439739618993426084359528866904666381066157663611651066419487082568325568432946806784
44 8 1140524712681496133369726457290533701760717290009457653764816454902697951232
8 44 1140524712681496133369726457290533701760717290009457653764816454902697951232
44 32 -3644434541167022121087463053283828120348901391724764210644950930241447501353677022560256
32 44 -3644434541167022121087463053283828120348901391724764210644950930241447501353677022560256
43 19 -282514761965142263701002617565153342152713877478403918526926531702491453237684600832
19 43 -282514761965142263701002617565153342152713877478403918526926531702491453237684600832
43 43 -3261468370037609019279679074938238143423839197283731586478351336546293404170273980179021824
42 6 1661204664816550771741496094315587000929252666550867869884166414383710208
6 42 1661204664816550771741496094315587000929252666550867869884166414383710208
42 30 2277223017590861670001164941563072828569896599124621307485730422715512579730760972369920
30 42 2277223017590861670001164941563072828569896599124621307485730422715512579730760972369920
41 17 -9405912010790450193395546239807613468188115854763885583536831046416228577355759616
17 41 -9405912010790450193395546239807613468188115854763885583536831046416228577355759616
41 41 277650099220480549025287895867959462646514656569863845763093183259545712498984681283256320
40 4 24970992560991339048718569352630448472889748899736824867950642069504
4 40 24970992560991339048718569352630448472889748899736824867950642069504
40 28 208636571632371140467501020548101403782707268381245025243977109297156900198976046759936
28 40 208636571632371140467501020548101403782707268381245025243977109297156900198976046759936
39 15 278938947204518618623456516510138111662888054534026109878053864536021541438095360
15 39 278938947204518618623456516510138111662888054534026109878053864536021541438095360
39 39 31154026146806831442239511934461740052231188765580825751413642245470383234637953322975232
38 2 120863966937685389683748727299684092195484381229536937771008
2 38 120863966937685389683748727299684092195484381229536937771008
38 26 -9133355042689716706095660028841004257048339379531181187744925299941944135271464304640
26 38 -9133355042689716706095660028841004257048339379531181187744925299941944135271464304640
37 13 -6065225864214631178593496022317195804747000734145033404732272713522158155857920
13 37 -6065225864214631178593496022317195804747000734145033404732272713522158155857920
37 37 -18161309013622643079077004781378421204060302782249693762284537084400033746985647408676864
36 24 -14200434561407722791178643709858958664255188985922114484410316866197966407025557504
24 36 -14200434561407722791178643709858958664255188985922114484410316866197966407025557504
35 11 177022105996336302286376130953813639565473396628136853426902710342141589061632
11 35 177022105996336302286376130953813639565473396628136853426902710342141589061632
35 35 -1454805499670911175585012919678550496031644429575462437310557253444044122789579031838720
34 22 119030979206697932561550384574274442055754478090546847740959419490223446101925560320
22 34 119030979206697932561550384574274442055754478090546847740959419490223446101925560320
33 9 -1772529325582160983801705997848040711416894501735789856369886068180422492160
9 33 -1772529325582160983801705997848040711416894501735789856369886068180422492160
33 33 358391619063399190190924769509107369221397752269937341318943914874727636720744059109376
32 20 -4647613559796372373071653354131171284095114185683978194169837751403925222174228480
20 32 -4647613559796372373071653354131171284095114185683978194169837751403925222174228480
31 7 2883650324999463644305529733613958969959101813618293004485975570535940096
7 31 2883650324999463644305529733613958969959101813618293004485975570535940096
31 31 13584573511900272208749987419960118196626699671602548154922813062731418548474598129664
30 18 -85160848514439770770433515583983954304806853913230003821399858485356590840938496
18 30 -85160848514439770770433515583983954304806853913230003821399858485356590840938496
29 5 -299243034555512357880262459170274473086366936701001058960511713935360
5 29 -299243034555512357880262459170274473086366936701001058960511713935360
29 29 -4515430011590245153306674586432484137306712231729547399559448707244120636141762248704
28 16 16058995579113267580501413756125123113265900835104605552290471834350609305174016
16 28 16058995579113267580501413756125123113265900835104605552290471834350609305174016
27 3 823615305725546417801736750688101917214309881487402425116524544
3 27 823615305725546417801736750688101917214309881487402425116524544
27 27 132630111805176365805973622516699585456840128893781163097482154859926764261902123008
26 14 -429990685039352335494090460426216542959269578651626262613190053065887945064448
14 26 -429990685039352335494090460426216542959269578651626262613190053065887945064448
25 1 -1014282136307646625233357273905100415641217184825344
1 25 -1014282136307646625233357273905100415641217184825344
25 25 25989729412109545821266077397008983334997199395282325079699274226145211832804048896
24 12 4160268218687157509111639084185629571474589114144148017697605658985338241024
12 24 4160268218687157509111639084185629571474589114144148017697605658985338241024
23 23 -2907737051457399537357948086115537941393895483053707158549402238393244047021965312
22 10 70711662898446430031703223034592013996107395656216142665079264478704435200
10 22 70711662898446430031703223034592013996107395656216142665079264478704435200
21 21 148054523097874085503512909563017720017153634372949285990893629835037926871793664
20 8 118112603730048021495374244893007508945388804247475374898383065612025856
8 20 118112603730048021495374244893007508945388804247475374898383065612025856
19 19 -4333492119463860480959369849635832756139883233699654467011775587604455330152448
18 6 38964567038029909978623813574142531725391967795753515030417187536896
6 18 38964567038029909978623813574142531725391967795753515030417187536896
17 17 75625594643208835352020512823178879441426144884296252770839803041593325256704
16 4 2173899463601217420409864706340664895400165960662581697662943232
4 16 2173899463601217420409864706340664895400165960662581697662943232
15 15 -696459430223346729640258311595226758305697854613496940103709029072122150912
14 2 6118312131349533666867648413359390523214324653616047063040
2 14 6118312131349533666867648413359390523214324653616047063040
13 13 2979974332406922718776550091531160256424880717055217406105332026160709632
11 11 -6096273040320889707648352200157225118533976817496968441711037421453312
9 9 6432266107958540922230632349177794034410521340788214455741609672704
7 7 -3687189788094948752538639461416310304402725758338972816580280320
5 5 1156113378155689349882660581080360904533237700464535853334528
3 3 -185913858456646395818773454877709285785372545109746253824
1 1 11972621413014756705924586149611790497021399392059392
