# Weber-f modular polynomial Phi_337^f(X,Y); r=q^(1/48).
338 0 1
0 338 1
337 1 -7414
1 337 -7414
337 25 109372602871
25 337 109372602871
337 49 -12950430148059
49 337 -12950430148059
337 73 84622476976736
73 337 84622476976736
337 97 -117435161440854
97 337 -117435161440854
337 121 58743055986047
121 337 58743055986047
337 145 -13811974664088
145 337 -13811974664088
337 169 1773065116677
169 337 1773065116677
337 193 -135779808628
193 337 -135779808628
337 217 6526719777
217 337 6526719777
337 241 -201560374
241 337 -201560374
337 265 3989406
265 337 3989406
337 289 -48865
289 337 -48865
337 313 337
313 337 337
337 337 -1
336 2 25766683
2 336 25766683
336 26 149858538357415287
26 336 149858538357415287
336 50 2128254052294492352532
50 336 2128254052294492352532
336 74 314603311277155315699750
74 336 314603311277155315699750
336 98 4085360185437754607800151
98 336 4085360185437754607800151
336 122 9824609664654403704753760
122 336 9824609664654403704753760
336 146 6368298021540465630215709
146 336 6368298021540465630215709
336 170 1364517152415593471374083
170 336 1364517152415593471374083
336 194 107502022963257471581952
194 336 107502022963257471581952
336 218 3230006457643616363762
218 336 3230006457643616363762
336 242 35896772754378388073
242 336 35896772754378388073
336 266 130576731139528529
266 336 130576731139528529
336 290 114640561241139
290 336 114640561241139
336 314 10055580566
314 336 10055580566
335 3 -55788656912
3 335 -55788656912
335 27 13481966364014316913483
27 335 13481966364014316913483
335 51 -3076377409473618655463507584
51 335 -3076377409473618655463507584
335 75 2880741713015728113022342890172
75 335 2880741713015728113022342890172
335 99 -106691664280286767065425924802652
99 335 -106691664280286767065425924802652
335 123 395084677083991078792329626828815
123 335 395084677083991078792329626828815
335 147 -234006056643973126691332642371478
147 335 -234006056643973126691332642371478
335 171 30301918078640060497525186378860
171 335 30301918078640060497525186378860
335 195 -1146748461815183507538298335391
195 335 -1146748461815183507538298335391
335 219 15788006004430770240895919797
219 335 15788006004430770240895919797
335 243 -76290692799652121859819685
243 335 -76290692799652121859819685
335 267 92423647797189563356035
267 335 92423647797189563356035
335 291 -13887676796807607251
291 335 -13887676796807607251
335 315 42485717683234
315 335 42485717683234
334 4 84357619121101
4 334 84357619121101
334 28 276946111702006852471566389
28 334 276946111702006852471566389
334 52 371508130441461813576506321530458
52 334 371508130441461813576506321530458
334 76 844345055878959005453542962904136207
76 334 844345055878959005453542962904136207
334 100 34687504198941000168271526014205018763
100 334 34687504198941000168271526014205018763
334 124 63284050534609274550038351881958199687
124 334 63284050534609274550038351881958199687
334 148 4832853048185291220828371239873819586
148 334 4832853048185291220828371239873819586
334 172 -170526980295744890954150950994932135
172 334 -170526980295744890954150950994932135
334 196 1872998950216902270476396086646623
196 334 1872998950216902270476396086646623
334 220 -17616278920115313086709976917619
220 334 -17616278920115313086709976917619
334 244 106383523436158418480809335646
244 334 106383523436158418480809335646
334 268 443445244034388621599639883
268 334 443445244034388621599639883
334 292 42211256537182242920539
292 334 42211256537182242920539
334 316 17136939446268992
316 334 17136939446268992
333 5 -94651713577414286
5 333 -94651713577414286
333 29 2031661714346467115456373640886
29 333 2031661714346467115456373640886
333 53 -7750811808562799906843688489032894561
53 333 -7750811808562799906843688489032894561
333 77 20180740278675900510588711816791518842541
77 333 20180740278675900510588711816791518842541
333 101 -371575384385947887004516720160179696969851
101 333 -371575384385947887004516720160179696969851
333 125 109866627383779473382023397453005594308235
125 333 109866627383779473382023397453005594308235
333 149 -2521211406622293124651419588807066047540
149 333 -2521211406622293124651419588807066047540
333 173 134849105860541796495221823587724863163
173 333 134849105860541796495221823587724863163
333 197 -2370018470228468536960577561707534926
197 333 -2370018470228468536960577561707534926
333 221 3217325678458976395164614208772673
221 333 3217325678458976395164614208772673
333 245 5706176742933839326500816009594
245 333 5706176742933839326500816009594
333 269 101104167728718210322871535817
269 333 101104167728718210322871535817
333 293 -17159514627483637741120237
293 333 -17159514627483637741120237
333 317 1813345589370359102
317 333 1813345589370359102
332 6 81737205507201533809
6 332 81737205507201533809
332 30 6611309604824483498946252001609171
30 332 6611309604824483498946252001609171
332 54 39379178863949462807137141394996341493637
54 332 39379178863949462807137141394996341493637
332 78 57887981413105237052273517692191444963344566
78 332 57887981413105237052273517692191444963344566
332 102 141371483445858459106872506516242450853289689
102 332 141371483445858459106872506516242450853289689
332 126 -9937429878805377911450168463964075758997037
126 332 -9937429878805377911450168463964075758997037
332 150 1733103393854993221901565528663486488516241
150 332 1733103393854993221901565528663486488516241
332 174 -45159659502463523071198299395879416594026
174 332 -45159659502463523071198299395879416594026
332 198 860065335170218865206798526781070625456
198 332 860065335170218865206798526781070625456
332 222 -251593016240107085630921788873210155
222 332 -251593016240107085630921788873210155
332 246 3681026799369667865905045677871358
246 332 3681026799369667865905045677871358
332 270 -1714354937016132155843847478568
270 332 -1714354937016132155843847478568
332 294 1783442846907516817329753110
294 332 1783442846907516817329753110
332 318 75485589807352960130
318 332 75485589807352960130
331 7 -55611520550683970280488
7 331 -55611520550683970280488
331 31 10775474112929802761837335871510360543
31 331 10775474112929802761837335871510360543
331 55 -57733709765105363558369762168368675849054398
55 331 -57733709765105363558369762168368675849054398
331 79 22771028846082675970014739146322836566426748622
79 331 22771028846082675970014739146322836566426748622
331 103 2951416125329961598719321102760186596065568561
103 331 2951416125329961598719321102760186596065568561
331 127 2691479026853822572787511714972191081199088641
127 331 2691479026853822572787511714972191081199088641
331 151 -176569969847040564807142681044820505666687303
151 331 -176569969847040564807142681044820505666687303
331 175 9364516296996344550201750022746503620884650
175 331 9364516296996344550201750022746503620884650
331 199 -124111038581914198628666440925249894197314
199 331 -124111038581914198628666440925249894197314
331 223 392207139335534117244923710187731747343
223 331 392207139335534117244923710187731747343
331 247 -596125429301318904797193030569117998
247 331 -596125429301318904797193030569117998
331 271 189037711408623687442186024374628
271 331 189037711408623687442186024374628
331 295 -69466966583367617076733777154
295 331 -69466966583367617076733777154
331 319 1526268221830244965058
319 331 1526268221830244965058
330 8 30270291423459720907852691
8 330 30270291423459720907852691
330 32 9460799397957917122259139215604575833017
32 330 9460799397957917122259139215604575833017
330 56 25939848731270742293203575252595437676770545751
56 330 25939848731270742293203575252595437676770545751
330 80 1358384921276528338852806103237238875129531454956
80 330 1358384921276528338852806103237238875129531454956
330 104 280944601522148406292926814819027036201810977168
104 330 280944601522148406292926814819027036201810977168
330 128 -111276403640084983342685613134538806235693755517
128 330 -111276403640084983342685613134538806235693755517
330 152 16407926138378081643116444019317365648324122532
152 330 16407926138378081643116444019317365648324122532
330 176 -726197503193534571363803751725147480276398624
176 330 -726197503193534571363803751725147480276398624
330 200 10360962140565079084432891398691643550410991
200 330 10360962140565079084432891398691643550410991
330 224 -42255820353282081242906484682570726473262
224 330 -42255820353282081242906484682570726473262
330 248 31874429679872743016216288465449991815
248 330 31874429679872743016216288465449991815
330 272 -14842335427231152455012988688794858
272 330 -14842335427231152455012988688794858
330 296 1328415362213128757985483856883
296 330 1328415362213128757985483856883
330 320 16984417437851629473315
320 330 16984417437851629473315
329 9 -13311836765296404139055035454
9 329 -13311836765296404139055035454
329 33 4677858735851615453241033135745921353813163
33 329 4677858735851615453241033135745921353813163
329 57 -3353917624448131867756198675450795592690490318669
57 329 -3353917624448131867756198675450795592690490318669
329 81 26430170336770233388380447062702700075186432652245
81 329 26430170336770233388380447062702700075186432652245
329 105 -1035712938286830329928671478127123383076435481818
105 329 -1035712938286830329928671478127123383076435481818
329 129 733056927929082395044544504082014190884336413087
129 329 733056927929082395044544504082014190884336413087
329 153 -940880308429825742841393674088560748776460819022
153 329 -940880308429825742841393674088560748776460819022
329 177 36101340593522250854346760689489289432113205862
177 329 36101340593522250854346760689489289432113205862
329 201 -459410546294602616313037036442998614065410569
201 329 -459410546294602616313037036442998614065410569
329 225 1950135833591552849269209932267424687527361
225 329 1950135833591552849269209932267424687527361
329 249 -1704465936992103726181412952158083970889
249 329 -1704465936992103726181412952158083970889
329 273 648609439395295739087264068527248068
273 329 648609439395295739087264068527248068
329 297 -15189261318833709299659270851533
297 329 -15189261318833709299659270851533
329 321 112650371470288037480414
321 329 112650371470288037480414
328 10 4756856327316920606109860371977
10 328 4756856327316920606109860371977
328 34 1337008607968354778700907585221095178058323002
34 328 1337008607968354778700907585221095178058323002
328 58 76487776370263829245339844993105685134683809487949
58 328 76487776370263829245339844993105685134683809487949
328 82 127521125860947803061801080514923986059784044323324
82 328 127521125860947803061801080514923986059784044323324
328 106 -607413673968671979754090921660854129795722860906942
106 328 -607413673968671979754090921660854129795722860906942
328 130 23383180848524155846974781019047549896577880306475
130 328 23383180848524155846974781019047549896577880306475
328 154 32929699350255370597486216351334574448344684194229
154 328 32929699350255370597486216351334574448344684194229
328 178 -1126051096322405258306642244437404563484321822190
178 328 -1126051096322405258306642244437404563484321822190
328 202 12606632957923432767031837180461841463090600817
202 328 12606632957923432767031837180461841463090600817
328 226 -52470445978230216478093170028606822987228911
226 328 -52470445978230216478093170028606822987228911
328 250 82017548055593726773088289978924494060890
250 328 82017548055593726773088289978924494060890
328 274 -17728778342168390436517626799221246515
274 328 -17728778342168390436517626799221246515
328 298 118805060838701993747885638284390
298 328 118805060838701993747885638284390
328 322 469435228878137618352455
322 328 469435228878137618352455
327 11 -1384615974087972687916149465049944
11 327 -1384615974087972687916149465049944
327 35 223966234986923671605948179736809065381230964792
35 327 223966234986923671605948179736809065381230964792
327 59 1680348775079212809033540342485164567393733637974988
59 327 1680348775079212809033540342485164567393733637974988
327 83 5405882974019218025811460940783719718258511484166689
83 327 5405882974019218025811460940783719718258511484166689
327 107 376914896865676520807961650866180071197450280863300
107 327 376914896865676520807961650866180071197450280863300
327 131 -1191214848278703484935185575759404723963730558686242
131 327 -1191214848278703484935185575759404723963730558686242
327 155 -689387332537423447476790420207886719011762817932189
155 327 -689387332537423447476790420207886719011762817932189
327 179 22537089865533438978833091356300144180925205299096
179 327 22537089865533438978833091356300144180925205299096
327 203 -232394443521327031425949515352908724303756077514
203 327 -232394443521327031425949515352908724303756077514
327 227 1000162270448788486079704837939347054359197108
227 327 1000162270448788486079704837939347054359197108
327 251 -2929658142142501338843956907985581291381861
251 327 -2929658142142501338843956907985581291381861
327 275 329779484232806258058788524483227322705
275 327 329779484232806258058788524483227322705
327 299 -693896332214669794861417850742539
299 327 -693896332214669794861417850742539
327 323 1272911850635282242519922
323 327 1272911850635282242519922
326 12 328162562893450677340879735785381922
12 326 328162562893450677340879735785381922
326 36 22122098236102576605197165714932302919812818912686
36 326 22122098236102576605197165714932302919812818912686
326 60 938209067194267720549501355449661915784768289726694
60 326 938209067194267720549501355449661915784768289726694
326 84 -110270317345390151745515402491404054985903605643889890
84 326 -110270317345390151745515402491404054985903605643889890
326 108 224665656170386330965758068248321509496240717306912121
108 326 224665656170386330965758068248321509496240717306912121
326 132 64197405947064903708317276578190691131519415961035281
132 326 64197405947064903708317276578190691131519415961035281
326 156 8494305708968699524779328943402157222368909566201355
156 326 8494305708968699524779328943402157222368909566201355
326 180 -291552172606514080963680522184613011506673300023984
180 326 -291552172606514080963680522184613011506673300023984
326 204 2954316697486881178312113838434435041481457575286
204 326 2954316697486881178312113838434435041481457575286
326 228 -16172489196194146787978051748567451455746348326
228 326 -16172489196194146787978051748567451455746348326
326 252 77235682232763850139873977547136753680198720
252 326 77235682232763850139873977547136753680198720
326 276 -4445273553949606954479792313620331052910
276 326 -4445273553949606954479792313620331052910
326 300 3209527375284669779146432355074270
300 326 3209527375284669779146432355074270
326 324 2296803085543965205393035
324 326 2296803085543965205393035
325 13 -63130893830349070439277942390203705364
13 325 -63130893830349070439277942390203705364
325 37 1292522941729719905780154055561299687741215119887844
37 325 1292522941729719905780154055561299687741215119887844
325 61 -233537369822119758094826219325657104593137383945139994
61 325 -233537369822119758094826219325657104593137383945139994
325 85 -1123303329443214180369693296342615183710585588263478312
85 325 -1123303329443214180369693296342615183710585588263478312
325 109 -3575291310725696623677484583206297432198422558347169480
109 325 -3575291310725696623677484583206297432198422558347169480
325 133 -1789800840477940449695431018115762355870641709340333073
133 325 -1789800840477940449695431018115762355870641709340333073
325 157 -52678037375364486714172589451399676441272017202132729
157 325 -52678037375364486714172589451399676441272017202132729
325 181 2261744156974955853705208713801912020098507076616658
181 325 2261744156974955853705208713801912020098507076616658
325 205 -25644098150945550345557979778402478662250848864031
205 325 -25644098150945550345557979778402478662250848864031
325 229 253985467804746240954824079561117076901182691983
229 325 253985467804746240954824079561117076901182691983
325 253 -1559646530601456103297454626186622631471371651
253 325 -1559646530601456103297454626186622631471371651
325 277 45545874017137080356876067035014237826507
277 325 45545874017137080356876067035014237826507
325 301 -12239135996061014039664579269175729
301 325 -12239135996061014039664579269175729
325 325 2792433873328748655720402
324 14 9799656610958777027949749709627607745070
14 324 9799656610958777027949749709627607745070
324 38 44927762242259232420044053630057531000689501997999614
38 324 44927762242259232420044053630057531000689501997999614
324 62 -1821753711620081047738252665118564262241113651271877026
62 324 -1821753711620081047738252665118564262241113651271877026
324 86 61395838431435725639285831756735683431576518933017546867
86 324 61395838431435725639285831756735683431576518933017546867
324 110 48920039195430013193834986623023964178377969284367213146
110 324 48920039195430013193834986623023964178377969284367213146
324 134 28625236652006879514952340153672609626712552549450362132
134 324 28625236652006879514952340153672609626712552549450362132
324 158 -55122860514373922828745377722656635831927425428149097
158 324 -55122860514373922828745377722656635831927425428149097
324 182 -5507635416965686874836052354872105109014516775633101
182 324 -5507635416965686874836052354872105109014516775633101
324 206 145636319834967433619512620291784938061772136876324
206 324 145636319834967433619512620291784938061772136876324
324 230 -3868914096197335962857188869489133937011445135883
230 324 -3868914096197335962857188869489133937011445135883
324 254 24994355935606584902943712432602427373165273240
254 324 24994355935606584902943712432602427373165273240
324 278 -367947457395761071880433679397867957550569
278 324 -367947457395761071880433679397867957550569
324 302 39537706952623939688963526194497224
302 324 39537706952623939688963526194497224
323 15 -1216311711568998406252884349081018313981912
15 323 -1216311711568998406252884349081018313981912
323 39 938737501287439806070105898715468230294137367773947500
39 323 938737501287439806070105898715468230294137367773947500
323 63 2532162762326036232048574294657695976779617519418551414
63 323 2532162762326036232048574294657695976779617519418551414
323 87 -692266874424182422501530891197507260747541732074614469191
87 323 -692266874424182422501530891197507260747541732074614469191
323 111 -959682214272164354848406117555231664689740636859930532933
111 323 -959682214272164354848406117555231664689740636859930532933
323 135 -292626413244397612932051101278951289290643140157565485933
135 323 -292626413244397612932051101278951289290643140157565485933
323 159 3721791941711331961328998699141398820875163895068016003
159 323 3721791941711331961328998699141398820875163895068016003
323 183 -99877184535580672477188423626800429802080449365780388
183 323 -99877184535580672477188423626800429802080449365780388
323 207 -548540315690611914944881953605618991513526607692601
207 323 -548540315690611914944881953605618991513526607692601
323 231 52343961649531994185077748020843264480534750638213
231 323 52343961649531994185077748020843264480534750638213
323 255 -327148503783330483921271597267430294211005949468
255 323 -327148503783330483921271597267430294211005949468
323 279 2410746967659139846299266126533757693450350
279 323 2410746967659139846299266126533757693450350
323 303 -110397023858632569912959300274242591
303 323 -110397023858632569912959300274242591
322 16 119153311294740367553208236693492425614946612
16 322 119153311294740367553208236693492425614946612
322 40 11764053951597048836824669619522988084727862962535307330
40 322 11764053951597048836824669619522988084727862962535307330
322 64 85928035598908528039510487973296729538259009633213954428
64 322 85928035598908528039510487973296729538259009633213954428
322 88 112193922074916366943925720077998800992350704690999557914
88 322 112193922074916366943925720077998800992350704690999557914
322 112 16118207300322437410197431541549561672301461087823933728947
112 322 16118207300322437410197431541549561672301461087823933728947
322 136 1973328346233193135310231863118808177258697473307911587525
136 322 1973328346233193135310231863118808177258697473307911587525
322 160 -21991152774609425465034175041050133391377077313862344759
160 322 -21991152774609425465034175041050133391377077313862344759
322 184 1540411938155918777442997928415656524200409654240490316
184 322 1540411938155918777442997928415656524200409654240490316
322 208 3335993348956140857587212426436972979784052874738379
208 322 3335993348956140857587212426436972979784052874738379
322 232 -587186223206364306083133492606416474772669237742007
232 322 -587186223206364306083133492606416474772669237742007
322 256 3578928033854677987824567191128896973156440611811
256 322 3578928033854677987824567191128896973156440611811
322 280 -13089261768035699806055395066184699256178797
280 322 -13089261768035699806055395066184699256178797
322 304 270917239756331569660358583910222764
304 322 270917239756331569660358583910222764
321 17 -9046617351214840582839377751020241446888326864
17 321 -9046617351214840582839377751020241446888326864
321 41 80460528367126697757451280909952561210419245652603598546
41 321 80460528367126697757451280909952561210419245652603598546
321 65 142500848813826761431820941798622727962463006568940375486
65 321 142500848813826761431820941798622727962463006568940375486
321 89 63392454525712663190421690407862802616592197326256395737666
89 321 63392454525712663190421690407862802616592197326256395737666
321 113 -191638272066873734502039452429983813357476405702937218381322
113 321 -191638272066873734502039452429983813357476405702937218381322
321 137 -8258056788028659499971682794807331589051637701796408104124
137 321 -8258056788028659499971682794807331589051637701796408104124
321 161 -131692529710050463815578703430875618885144557119777924461
161 321 -131692529710050463815578703430875618885144557119777924461
321 185 -12843022419450399206598397695826758568878660733399517246
185 321 -12843022419450399206598397695826758568878660733399517246
321 209 -51197893257450343346905803041456807037818476066268226
209 321 -51197893257450343346905803041456807037818476066268226
321 233 5264919358924055524811806744852910642349757002820308
233 321 5264919358924055524811806744852910642349757002820308
321 257 -33344499433451754449394830430326160111976833973034
257 321 -33344499433451754449394830430326160111976833973034
321 281 59850681551549349911367314387818130680226745
281 321 59850681551549349911367314387818130680226745
321 305 -591655583102891212719028311689891992
305 321 -591655583102891212719028311689891992
320 18 518664486220706783270513096547311436847221524544
18 320 518664486220706783270513096547311436847221524544
320 42 115517349186230612981712925969301972293232674758505944144
42 320 115517349186230612981712925969301972293232674758505944144
320 66 -483455046961962735508069810028094845861571730750495636868
66 320 -483455046961962735508069810028094845861571730750495636868
320 90 -581724797197216711930008587029797280365037904685392127096672
90 320 -581724797197216711930008587029797280365037904685392127096672
320 114 1651294876991558327851219352522165023907733893875993940483819
114 320 1651294876991558327851219352522165023907733893875993940483819
320 138 15913642529090022042451364439948793319190969111984268483493
138 320 15913642529090022042451364439948793319190969111984268483493
320 162 3401867456316979080368908527418319445733498964278664079800
162 320 3401867456316979080368908527418319445733498964278664079800
320 186 88978160084547859672263650409914129820959548008941266739
186 320 88978160084547859672263650409914129820959548008941266739
320 210 595350532297291233104624699430604524839451206992591136
210 320 595350532297291233104624699430604524839451206992591136
320 234 -36361244606241081658078234634761711354045014544786534
234 320 -36361244606241081658078234634761711354045014544786534
320 258 268726165128355407278903710454964632102613444850792
258 320 268726165128355407278903710454964632102613444850792
320 282 -233054642583669269977811974030654605610647814
282 320 -233054642583669269977811974030654605610647814
320 306 1158860339700652717946044316695980307
306 320 1158860339700652717946044316695980307
319 19 -21589470064027477082453810418928692793863430685912
19 319 -21589470064027477082453810418928692793863430685912
319 43 -2712191329250512912660585929621199953862281962789587165866
43 319 -2712191329250512912660585929621199953862281962789587165866
319 67 2166750712234236981540370474011394635496809822851494394990
67 319 2166750712234236981540370474011394635496809822851494394990
319 91 1455144900654422761996928640299321977098653136146034557816053
91 319 1455144900654422761996928640299321977098653136146034557816053
319 115 -10669661504479779948119965393215147464341613272859609551128921
115 319 -10669661504479779948119965393215147464341613272859609551128921
319 139 -14849976228629956933058014359408351440873157926026572266739
139 319 -14849976228629956933058014359408351440873157926026572266739
319 163 -32267935626652894898161794343065220909945925682234357602035
163 319 -32267935626652894898161794343065220909945925682234357602035
319 187 -688947929621019697971428158452102007773813266149835029768
187 319 -688947929621019697971428158452102007773813266149835029768
319 211 -4647149998438030869060768570398425512150124647725657727
211 319 -4647149998438030869060768570398425512150124647725657727
319 235 175066691919195507104550520874524679750378339890276852
235 319 175066691919195507104550520874524679750378339890276852
319 259 -1897907918754438639940447567770584708049974499865648
259 319 -1897907918754438639940447567770584708049974499865648
319 283 777459640965937172488836370116547853375528985
283 319 777459640965937172488836370116547853375528985
319 307 -2047755797016973359978151090970316052
307 319 -2047755797016973359978151090970316052
318 20 610538485666154624593701279104048794703554632673220
20 318 610538485666154624593701279104048794703554632673220
318 44 -19824410904679894714180069264004887817909918298543079687592
44 318 -19824410904679894714180069264004887817909918298543079687592
318 68 -207222382295693958072003201201904485400848690125096182348210
68 318 -207222382295693958072003201201904485400848690125096182348210
318 92 12917794594200501724674857158606848273413661205442738671593973
92 318 12917794594200501724674857158606848273413661205442738671593973
318 116 52411556739193018534945059940585903504344384630233116857896878
116 318 52411556739193018534945059940585903504344384630233116857896878
318 140 855736884573022429861840520571433065530115847682590346228662
140 318 855736884573022429861840520571433065530115847682590346228662
318 164 202066891277352143117460255264267173623205511719211350607386
164 318 202066891277352143117460255264267173623205511719211350607386
318 188 6091545784108781958562390682771666076279596924351666551829
188 318 6091545784108781958562390682771666076279596924351666551829
318 212 29356697061235549689435274785585778725717333165892148526
212 318 29356697061235549689435274785585778725717333165892148526
318 236 -316465731693085175865765544658350179020255725194058323
236 318 -316465731693085175865765544658350179020255725194058323
318 260 11877541301027711893628838774415682921628474154400732
260 318 11877541301027711893628838774415682921628474154400732
318 284 -2220336859795477472870476843201404203944951887
284 318 -2220336859795477472870476843201404203944951887
318 308 3286628518266862050377507575482574504
308 318 3286628518266862050377507575482574504
317 21 -10184662347364508033942762764888347431874945304343480
21 317 -10184662347364508033942762764888347431874945304343480
317 45 -2851658041244340862143485987835108654274733318428352909912
45 317 -2851658041244340862143485987835108654274733318428352909912
317 69 -185717053776863031825750493701590151498439216824715243008744
69 317 -185717053776863031825750493701590151498439216824715243008744
317 93 -137492270410799206893166784746345207663825167341492301955545508
93 317 -137492270410799206893166784746345207663825167341492301955545508
317 117 -192732396515402507445323876152382035418857837724012233612833134
117 317 -192732396515402507445323876152382035418857837724012233612833134
317 141 -13375336410113522839931346706006392738860203586628605031937593
141 317 -13375336410113522839931346706006392738860203586628605031937593
317 165 -1014398246560066731510686067608855615300503959591992830156847
165 317 -1014398246560066731510686067608855615300503959591992830156847
317 189 -50593632021941410207256892310554502782528183130168806015215
189 317 -50593632021941410207256892310554502782528183130168806015215
317 213 -217695431944983593762349843544258722202944598735536021293
213 317 -217695431944983593762349843544258722202944598735536021293
317 237 -4074042153929745118914271839919510317784789769347048172
237 317 -4074042153929745118914271839919510317784789769347048172
317 261 -66493477800929155847408912704023121486655414024517798
261 317 -66493477800929155847408912704023121486655414024517798
317 285 5363790982272115834114384817833228915219725007
285 317 5363790982272115834114384817833228915219725007
317 309 -4821583508391754423589955523044759413
309 317 -4821583508391754423589955523044759413
316 22 56973702640922648562275942788510725523128116629265664
22 316 56973702640922648562275942788510725523128116629265664
316 46 559196812591262035806890805896112413383470078262692852287444
46 316 559196812591262035806890805896112413383470078262692852287444
316 70 18513958559816421633718918604075226763364738595770981936399760
70 316 18513958559816421633718918604075226763364738595770981936399760
316 94 536236551679945308507413099857952408118621070002115276956012610
94 316 536236551679945308507413099857952408118621070002115276956012610
316 118 485305108402072360355150089823699966842268261475851244639668413
118 316 485305108402072360355150089823699966842268261475851244639668413
316 142 111487106522388531710106121924267644522725947618952757679975183
142 316 111487106522388531710106121924267644522725947618952757679975183
316 166 5387125760502083131735076303920887960431745687893734083231140
166 316 5387125760502083131735076303920887960431745687893734083231140
316 190 354661735048369862234822774796871906399556240202917049989606
190 316 354661735048369862234822774796871906399556240202917049989606
316 214 2187068707534061682078916641169256856105073107360341069709
214 316 2187068707534061682078916641169256856105073107360341069709
316 238 56641356873298258306259254877141260842848270225265735313
238 316 56641356873298258306259254877141260842848270225265735313
316 262 335722120451820860354111715923275749290334356412354235
262 316 335722120451820860354111715923275749290334356412354235
316 286 -10554770872492052666493936778377640611739800038
286 316 -10554770872492052666493936778377640611739800038
316 310 6482910494089764411384514647896511735
310 316 6482910494089764411384514647896511735
315 23 806049423079210263406152988504313009723120602186890456
23 315 806049423079210263406152988504313009723120602186890456
315 47 1768161389754723824685390385418395332362552468706118264865594
47 315 1768161389754723824685390385418395332362552468706118264865594
315 71 -60652308316628555218534593619654192913063922720225890527050120
71 315 -60652308316628555218534593619654192913063922720225890527050120
315 95 -100169059565996034709699364508683508341672248720457496195061245
95 315 -100169059565996034709699364508683508341672248720457496195061245
315 119 -412267173395425842784647948308235228842689339008010946240360638
119 315 -412267173395425842784647948308235228842689339008010946240360638
315 143 -630037412832910436532534341341555166715543068670806695020063018
143 315 -630037412832910436532534341341555166715543068670806695020063018
315 167 -37637394081153369042699785288537284500403388989496900350175449
167 315 -37637394081153369042699785288537284500403388989496900350175449
315 191 -2079505931953386280301027358729781906765622012831026049834565
191 315 -2079505931953386280301027358729781906765622012831026049834565
315 215 -22047803013800644928982529321474455375171183817526551308231
215 315 -22047803013800644928982529321474455375171183817526551308231
315 239 -446659214807560937734818095075531898844833932053581246329
239 315 -446659214807560937734818095075531898844833932053581246329
315 263 -1539589679851814931564013243471696677146299809108833503
263 315 -1539589679851814931564013243471696677146299809108833503
315 287 14910500792757515881730344993854304431809393038
287 315 14910500792757515881730344993854304431809393038
315 311 -7988803663651731087211542901254667535
311 315 -7988803663651731087211542901254667535
314 24 -5882393969591957527636273649335486603626578536071159423
24 314 -5882393969591957527636273649335486603626578536071159423
314 48 -8554601363867113933093232758119772129072474403850977537898644
48 314 -8554601363867113933093232758119772129072474403850977537898644
314 72 -583752459307776966336988838518796528008576411888166820832839189
72 314 -583752459307776966336988838518796528008576411888166820832839189
314 96 -10021964977239970599324946382679984057581555275077303859751122176
96 314 -10021964977239970599324946382679984057581555275077303859751122176
314 120 -4077504268394951393666931986642470674832820851629842496892239473
120 314 -4077504268394951393666931986642470674832820851629842496892239473
314 144 2604376647401490516484909728627845332760910972983198073349846425
144 314 2604376647401490516484909728627845332760910972983198073349846425
314 168 292051444279307424674542057415585181240508540032430961980745949
168 314 292051444279307424674542057415585181240508540032430961980745949
314 192 10587236055204897475804427504557764909571803156931752655466620
192 314 10587236055204897475804427504557764909571803156931752655466620
314 216 186693184562100509980069853247735229884223556025034738641784
216 314 186693184562100509980069853247735229884223556025034738641784
314 240 2691240253594922822645594777723026656154828930489671479516
240 314 2691240253594922822645594777723026656154828930489671479516
314 264 6452592640509246644392067358722337914950171082530205215
264 314 6452592640509246644392067358722337914950171082530205215
314 288 -5348388218333712201014623900833676160182955495
288 314 -5348388218333712201014623900833676160182955495
314 312 9033883278496451360143961176429249323
312 314 9033883278496451360143961176429249323
313 1 447990181359616
1 313 447990181359616
313 25 -158906809522746251419778678632388694243132636556003731222
25 313 -158906809522746251419778678632388694243132636556003731222
313 49 -53838768396230554007320518632514753810673084264406971776623664
49 313 -53838768396230554007320518632514753810673084264406971776623664
313 73 4830748971869125579862532229479714363190204366462651255271478509
73 313 4830748971869125579862532229479714363190204366462651255271478509
313 97 57022803385984158663243933389014932254338081743803625866727873779
97 313 57022803385984158663243933389014932254338081743803625866727873779
313 121 34306558972832536347770145570039237548043403826505643966389068352
121 313 34306558972832536347770145570039237548043403826505643966389068352
313 145 -8081191790517136136799209690941655452578993639683816662046863527
145 313 -8081191790517136136799209690941655452578993639683816662046863527
313 169 -2048641462512596920321246102484227455427854001508672273677262345
169 313 -2048641462512596920321246102484227455427854001508672273677262345
313 193 -50247627038847892408970253782117637828775560583020160979470179
193 313 -50247627038847892408970253782117637828775560583020160979470179
313 217 -1296564035647742457196748710711689085316765447678082924832491
217 313 -1296564035647742457196748710711689085316765447678082924832491
313 241 -13384570281053743274172630743254149019947966926025687176037
241 313 -13384570281053743274172630743254149019947966926025687176037
313 265 -24849271468527275830202984439701994909315102785176400641
265 313 -24849271468527275830202984439701994909315102785176400641
313 289 -54866301306968620929164580145591682218535887215
289 313 -54866301306968620929164580145591682218535887215
313 313 -9405847056388410633776498340438272387
312 2 613820573111973015552
2 312 613820573111973015552
312 26 954868378409008024693353338107669096874224382735778058491
26 312 954868378409008024693353338107669096874224382735778058491
312 50 79372780871367193685447773640236549813796609430348921163713020
50 312 79372780871367193685447773640236549813796609430348921163713020
312 74 -4695110932632155327591756702162715688110426037080326935186752591
74 312 -4695110932632155327591756702162715688110426037080326935186752591
312 98 -147749528376737219037293842116927443700568988226530706652737342164
98 312 -147749528376737219037293842116927443700568988226530706652737342164
312 122 -178115440410103715010859551553641292491920106606259304650094968303
122 312 -178115440410103715010859551553641292491920106606259304650094968303
312 146 19545102002408152892147530271951082322972250528621921569326277552
146 312 19545102002408152892147530271951082322972250528621921569326277552
312 170 12318520419900156470011116610067741863310591454368603656709172432
170 312 12318520419900156470011116610067741863310591454368603656709172432
312 194 242486690936763219074559035193228050568633951598793006675099134
194 312 242486690936763219074559035193228050568633951598793006675099134
312 218 7488033294836746656436523794511512872608807563324462876078222
218 312 7488033294836746656436523794511512872608807563324462876078222
312 242 56698017873327557038159182081624414646190539639037753937546
242 312 56698017873327557038159182081624414646190539639037753937546
312 266 88349753738182034517968978130804680903549879489888669767
266 312 88349753738182034517968978130804680903549879489888669767
312 290 246483223384850204255295183024311601951052283324
290 312 246483223384850204255295183024311601951052283324
311 3 55222134227002642077626368
3 311 55222134227002642077626368
311 27 13410670405935597493594859158223713211914100686679832326408
27 311 13410670405935597493594859158223713211914100686679832326408
311 51 1028962402607343992192803123296537177286857921156472960579519918
51 311 1028962402607343992192803123296537177286857921156472960579519918
311 75 -100808370579532040361722451185314618959998458990749658801868502622
75 311 -100808370579532040361722451185314618959998458990749658801868502622
311 99 -49105067035998275953644129921915900271773164362059105777235885898
99 311 -49105067035998275953644129921915900271773164362059105777235885898
311 123 658067762699989203340841096635523042116385038737396410862118416981
123 311 658067762699989203340841096635523042116385038737396410862118416981
311 147 -45608284935766062823748740989833651600090313236776305290475899841
147 311 -45608284935766062823748740989833651600090313236776305290475899841
311 171 -64355163053893451646219342738785687559741081044519305318079148459
171 311 -64355163053893451646219342738785687559741081044519305318079148459
311 195 -1242300825047342197854198310896389917458881885728566189346552159
195 311 -1242300825047342197854198310896389917458881885728566189346552159
311 219 -36515445999619895214977706476828650921509945063986654402767414
219 311 -36515445999619895214977706476828650921509945063986654402767414
311 243 -207400561435706152050504329114881686307413975166551908019646
243 311 -207400561435706152050504329114881686307413975166551908019646
311 267 -291225329047738451228582296769518211958762328097465233304
267 311 -291225329047738451228582296769518211958762328097465233304
311 291 -717043935284228420369973126255485774087741518075
291 311 -717043935284228420369973126255485774087741518075
310 4 1134371273531420067723535929344
4 310 1134371273531420067723535929344
310 28 -24457472590109164491104755470247900093185411445347839864717
28 310 -24457472590109164491104755470247900093185411445347839864717
310 52 -314318429233109570607271649041881291970415343954802538230551492
52 310 -314318429233109570607271649041881291970415343954802538230551492
310 76 580059686479056421762249780697473248349472384315864115950407527049
76 310 580059686479056421762249780697473248349472384315864115950407527049
310 100 2277790193080648871682335357114366579771642654556854228925645652503
100 310 2277790193080648871682335357114366579771642654556854228925645652503
310 124 -1362754488698744541910437374957962782069816921211130294475104764050
124 310 -1362754488698744541910437374957962782069816921211130294475104764050
310 148 159801865408071068216971836676127297109870649010443095967212542677
148 310 159801865408071068216971836676127297109870649010443095967212542677
310 172 301017882047775733460306031439420790366648507241423049949271831171
172 310 301017882047775733460306031439420790366648507241423049949271831171
310 196 6512998100537286162241344707758080146739559273662177425216614580
196 310 6512998100537286162241344707758080146739559273662177425216614580
310 220 151761013048559500783465827243794247563575004670798380956078124
220 310 151761013048559500783465827243794247563575004670798380956078124
310 244 656982598156050503651165515976939676553969731577395264381442
244 310 656982598156050503651165515976939676553969731577395264381442
310 268 893299377793233244714147193660971379331011002244071734637
268 310 893299377793233244714147193660971379331011002244071734637
310 292 1694206668355003878230139239539586375034356551209
292 310 1694206668355003878230139239539586375034356551209
309 5 8321686381963129304909306433069056
5 309 8321686381963129304909306433069056
309 29 -936872004940133619512031809082404170828639986968852470614090
29 309 -936872004940133619512031809082404170828639986968852470614090
309 53 -15232720240385805194580819086582960350704823265483552228943850388
53 309 -15232720240385805194580819086582960350704823265483552228943850388
309 77 -854508451451177427883456318687689566459100590890506336983198620253
77 309 -854508451451177427883456318687689566459100590890506336983198620253
309 101 -11347628581381186921635002612934182484979330935273367986130307126060
101 309 -11347628581381186921635002612934182484979330935273367986130307126060
309 125 -1607405629239391633590454941108164490731025590495836271699354696563
125 309 -1607405629239391633590454941108164490731025590495836271699354696563
309 149 -710727343424755469311392127114995696375781217837088963970502152738
149 309 -710727343424755469311392127114995696375781217837088963970502152738
309 173 -1300523561215055436267397069880854969971823017414015149234138557697
173 309 -1300523561215055436267397069880854969971823017414015149234138557697
309 197 -32716431024852376425741107868885827632893498736526959164643488211
197 309 -32716431024852376425741107868885827632893498736526959164643488211
309 221 -538177339380199109572932787463903339110226181077078257766670389
221 309 -538177339380199109572932787463903339110226181077078257766670389
309 245 -1786182173458074008046736978347668293832337722993765069686212
245 309 -1786182173458074008046736978347668293832337722993765069686212
309 269 -2558241747324774579084252596813978613245809852880161659646
269 309 -2558241747324774579084252596813978613245809852880161659646
309 293 -3471560743146236556451996566525472958060843974514
293 309 -3471560743146236556451996566525472958060843974514
308 6 27079924141361084411683848198591164416
6 308 27079924141361084411683848198591164416
308 30 92277695905851913000104121611500594477180481281703292558319
30 308 92277695905851913000104121611500594477180481281703292558319
308 54 -4415247895102014707678721652016461679167502965163749434658783716
54 308 -4415247895102014707678721652016461679167502965163749434658783716
308 78 -5609125279954824857292833290177901718507604103424954195441241415618
78 308 -5609125279954824857292833290177901718507604103424954195441241415618
308 102 30963174352986781424742091463284825002685729645857936324092026717539
102 308 30963174352986781424742091463284825002685729645857936324092026717539
308 126 25403561216290720852351343874985511970248491104765550996699384515858
126 308 25403561216290720852351343874985511970248491104765550996699384515858
308 150 2447901565878556014454521185892190379443262001724748295553376565013
150 308 2447901565878556014454521185892190379443262001724748295553376565013
308 174 5318748096164118061718685799310404031289391994901698981553772328569
174 308 5318748096164118061718685799310404031289391994901698981553772328569
308 198 150646302022952611946060975228493640684093881674847227724759071567
198 308 150646302022952611946060975228493640684093881674847227724759071567
308 222 1611222113544522646025659190228337020386658573226056349804959409
222 308 1611222113544522646025659190228337020386658573226056349804959409
308 246 4042247181406192554476957153845722221808802475635620809418596
246 308 4042247181406192554476957153845722221808802475635620809418596
308 270 6860244861107491062071173503500956050875416611389613947687
270 308 6860244861107491062071173503500956050875416611389613947687
308 294 6350023067478823432029068505955722245493767633565
294 308 6350023067478823432029068505955722245493767633565
307 7 44136341966560472112485727729706436784128
7 307 44136341966560472112485727729706436784128
307 31 34340411545929575689333402770998147814431737184188237394475024
31 307 34340411545929575689333402770998147814431737184188237394475024
307 55 206914286960068998743991274328198407657884345263301306645355919590
55 307 206914286960068998743991274328198407657884345263301306645355919590
307 79 39664642358824358990845558041025850945317325559399213107247409762300
79 307 39664642358824358990845558041025850945317325559399213107247409762300
307 103 -21668143602951303233454773119494229987311686045016013007778842841918
103 307 -21668143602951303233454773119494229987311686045016013007778842841918
307 127 -98856980778745988799298889126967663153470046683863380564970450739980
127 307 -98856980778745988799298889126967663153470046683863380564970450739980
307 151 -4078801783960120163790871929731559126752437723585383230152417108983
151 307 -4078801783960120163790871929731559126752437723585383230152417108983
307 175 -20849915386285594221232687601723333967618014266042147060649669005096
175 307 -20849915386285594221232687601723333967618014266042147060649669005096
307 199 -623873438639978082008815753015819027872065334219674257084781953421
199 307 -623873438639978082008815753015819027872065334219674257084781953421
307 223 -3936932439329739135259481394398729613844359865762838090765353204
223 307 -3936932439329739135259481394398729613844359865762838090765353204
307 247 -6918025173099241658861512860846699234015527432820677657205970
247 307 -6918025173099241658861512860846699234015527432820677657205970
307 271 -17271571035843333499712077057075401391107571828610105094117
271 307 -17271571035843333499712077057075401391107571828610105094117
307 295 -10531708591491146937334581203174048769998698061967
295 307 -10531708591491146937334581203174048769998698061967
306 8 38751434334035628532773434227116342612037632
8 306 38751434334035628532773434227116342612037632
306 32 55545231501023028695238199790804819608832992888629962540922704
32 306 55545231501023028695238199790804819608832992888629962540922704
306 56 1294387196594571669272996081992189144463721149480238202090717932
56 306 1294387196594571669272996081992189144463721149480238202090717932
306 80 -112915907128002217980291919213743999734742519474532008338757905136808
80 306 -112915907128002217980291919213743999734742519474532008338757905136808
306 104 -264954308073576172493411308181721203189797792101914513915370681673356
104 306 -264954308073576172493411308181721203189797792101914513915370681673356
306 128 161110711142814313819675332154176961534246925666697302540730633761108
128 306 161110711142814313819675332154176961534246925666697302540730633761108
306 152 -12051564383745995733917727293410178919116335496788486883753890988798
152 306 -12051564383745995733917727293410178919116335496788486883753890988798
306 176 78366908998810400248417483114257840489899298104915048534117451044334
176 306 78366908998810400248417483114257840489899298104915048534117451044334
306 200 2309888142877395095384683913017754840526578426976079335762100415874
200 306 2309888142877395095384683913017754840526578426976079335762100415874
306 224 7084515189692558332905242784660254736997792335723864950918626690
224 306 7084515189692558332905242784660254736997792335723864950918626690
306 248 5234714122196093309924529730549205656126741457841537202504689
248 306 5234714122196093309924529730549205656126741457841537202504689
306 272 40920339222574971145477890426472129767991036915095575988311
272 306 40920339222574971145477890426472129767991036915095575988311
306 296 15988774438999215987622313821787296303596779009374
296 306 15988774438999215987622313821787296303596779009374
305 9 19160509382048216896475271724015293865218715648
9 305 19160509382048216896475271724015293865218715648
305 33 -1087979060896200084297327765238232262395433131551013397084789916
33 305 -1087979060896200084297327765238232262395433131551013397084789916
305 57 -2443536901041031138162576097898388252238355246093658562085244990313
57 305 -2443536901041031138162576097898388252238355246093658562085244990313
305 81 29540334328742011943670402469081167298495429298068009187653629390888
81 305 29540334328742011943670402469081167298495429298068009187653629390888
305 105 1585959797912777719161539865024032059255427846941642791744448089710827
105 305 1585959797912777719161539865024032059255427846941642791744448089710827
305 129 245359804173419180610576323661407851892407729044945782249422122178250
129 305 245359804173419180610576323661407851892407729044945782249422122178250
305 153 124618212799064634461885615274648185237163603732143149528741144947440
153 305 124618212799064634461885615274648185237163603732143149528741144947440
305 177 -280556468021668230697175011062718440693086190654776141571507781545011
177 305 -280556468021668230697175011062718440693086190654776141571507781545011
305 201 -7628935647181767377161920891737866107713794697528016192994189101597
201 305 -7628935647181767377161920891737866107713794697528016192994189101597
305 225 -5320576659070817408777992717801003629086443496559941412915058114
225 305 -5320576659070817408777992717801003629086443496559941412915058114
305 249 20970639262664592364330600180142190396694134412092080253410264
249 305 20970639262664592364330600180142190396694134412092080253410264
305 273 -91427470522976263486592693834415291952198098275941377518096
273 305 -91427470522976263486592693834415291952198098275941377518096
305 297 -22356719638910971099588376183420205268137765423831
297 305 -22356719638910971099588376183420205268137765423831
304 10 5476387258238381173558917469065605849326891016192
10 304 5476387258238381173558917469065605849326891016192
304 34 -1527107493114032016466794423411806017353890185695330924903836944
34 304 -1527107493114032016466794423411806017353890185695330924903836944
304 58 5040701343933680921865528413551567411551173307942192035846254219027
58 304 5040701343933680921865528413551567411551173307942192035846254219027
304 82 1258901805716227098409368533212431626204873335047052170452414778693160
82 304 1258901805716227098409368533212431626204873335047052170452414778693160
304 106 -4640128184693398133666894462079202086812920948695706530387819131909326
106 304 -4640128184693398133666894462079202086812920948695706530387819131909326
304 130 -1966781908604839292670367244580163799612826106604326198979878558727052
130 304 -1966781908604839292670367244580163799612826106604326198979878558727052
304 154 -548594408142878741435128022348658995727216850654116675782475761899677
154 304 -548594408142878741435128022348658995727216850654116675782475761899677
304 178 949991726930990251702325980016062456741250176632904199398553803054654
178 304 949991726930990251702325980016062456741250176632904199398553803054654
304 202 22379974375463753972735998750990320902171586709381883107184243587111
202 304 22379974375463753972735998750990320902171586709381883107184243587111
304 226 -22253450747185635346220145953032101151815623098518077160398680857
226 304 -22253450747185635346220145953032101151815623098518077160398680857
304 250 -129307205429096487337495290713216460347978228432264427545975013
250 304 -129307205429096487337495290713216460347978228432264427545975013
304 274 193003304644958169770105305204876874482009297740597251969712
274 304 193003304644958169770105305204876874482009297740597251969712
304 298 28912681658730612577266806879418651699727675616038
298 304 28912681658730612577266806879418651699727675616038
303 11 917365698506439358897963744201969931801522031788032
11 303 917365698506439358897963744201969931801522031788032
303 35 22493546251138768914599040011721259530798209887850151475057013456
35 303 22493546251138768914599040011721259530798209887850151475057013456
303 59 -6239973908434866736787603681476563982682881816412802697003006386691
59 303 -6239973908434866736787603681476563982682881816412802697003006386691
303 83 -6434819451543843097621553775901269362946922009233313115456113957211852
83 303 -6434819451543843097621553775901269362946922009233313115456113957211852
303 107 4457114787281507360536555418778089877963846981285033792250610418219067
107 303 4457114787281507360536555418778089877963846981285033792250610418219067
303 131 3537874598595178565492821518659734685817776804100537211351924039842094
131 303 3537874598595178565492821518659734685817776804100537211351924039842094
303 155 1597376150891811468303964571889821198270246657447505352581933700220963
155 303 1597376150891811468303964571889821198270246657447505352581933700220963
303 179 -3031661293965920653387088956821618858756175369785493488888092326950634
179 303 -3031661293965920653387088956821618858756175369785493488888092326950634
303 203 -57638863433029655855403371655462507703152904029631699759110205644012
203 303 -57638863433029655855403371655462507703152904029631699759110205644012
303 227 122185634936026497263532817610276481707191167745603725695869220408
227 303 122185634936026497263532817610276481707191167745603725695869220408
303 251 460156320445660780665555720949666350693788003943004393234194800
251 303 460156320445660780665555720949666350693788003943004393234194800
303 275 -385601851975099486436900124584441683555416783112023238224873
275 303 -385601851975099486436900124584441683555416783112023238224873
303 299 -34680125672281767709404620360143161189862265642233
299 303 -34680125672281767709404620360143161189862265642233
302 12 90612114375076153774887590768362712759553306266361856
12 302 90612114375076153774887590768362712759553306266361856
302 36 46433748716488774539921526095089425935301069233635387619100165451
36 302 46433748716488774539921526095089425935301069233635387619100165451
302 60 24973825668789851241156764932802727198273670988661615225712565907129
60 302 24973825668789851241156764932802727198273670988661615225712565907129
302 84 16316752928543942123487801607474386034852970932005080167665238057734494
84 302 16316752928543942123487801607474386034852970932005080167665238057734494
302 108 25477132741714666255037834913832082430699977905957017191693500430266925
108 302 25477132741714666255037834913832082430699977905957017191693500430266925
302 132 6045391868877415136599950046583046201248503254612836404479306136134923
132 302 6045391868877415136599950046583046201248503254612836404479306136134923
302 156 -2938976863063460379171055460772338762883405317625325641882225767374632
156 302 -2938976863063460379171055460772338762883405317625325641882225767374632
302 180 9123138061522913132858997047828201731936653235183171604952380116606801
180 302 9123138061522913132858997047828201731936653235183171604952380116606801
302 204 126528666919325944229632148228675580363625335934708618936032146250493
204 302 126528666919325944229632148228675580363625335934708618936032146250493
302 228 -339915763274589301871400485861265392058762892230661919627718670696
228 302 -339915763274589301871400485861265392058762892230661919627718670696
302 252 -1317756779398829684396432013443081492125608632158789353198323915
252 302 -1317756779398829684396432013443081492125608632158789353198323915
302 276 730229181993220392143732574224059654586850006468250097780891
276 302 730229181993220392143732574224059654586850006468250097780891
302 300 38652580138037706394850013739245952667854470956485
300 302 38652580138037706394850013739245952667854470956485
301 13 5294173969324932734075511011579083520988017131060609024
13 301 5294173969324932734075511011579083520988017131060609024
301 37 -497354252340060854796430483530073333189592168368812023584430571890
37 301 -497354252340060854796430483530073333189592168368812023584430571890
301 61 204543262500644871051336277731074339431695689229201402818496171126374
61 301 204543262500644871051336277731074339431695689229201402818496171126374
301 85 -6146005061066750340034465280986183487764233891164908860319656623818707
85 301 -6146005061066750340034465280986183487764233891164908860319656623818707
301 109 -138937567253843830044707704823364017022651755222705632232689490372291123
109 301 -138937567253843830044707704823364017022651755222705632232689490372291123
301 133 -43673361778334981041601965304114490439558379579401492834677449454928925
133 301 -43673361778334981041601965304114490439558379579401492834677449454928925
301 157 691866381897620860767635713094271153457165322053970258651061746375420
157 301 691866381897620860767635713094271153457165322053970258651061746375420
301 181 -25977795048990258266102262869884359395892749140364091567534677120099714
181 301 -25977795048990258266102262869884359395892749140364091567534677120099714
301 205 -217725956688683019479735525456897365676346553705013981614792425143116
205 301 -217725956688683019479735525456897365676346553705013981614792425143116
301 229 527727706808080285890525192999030538442333222850675848010314345776
229 301 527727706808080285890525192999030538442333222850675848010314345776
301 253 3309507185950045556283383365965684640572364236246912308761394641
253 301 3309507185950045556283383365965684640572364236246912308761394641
301 277 -1312547638291168667918336711758382806266874559263654429851337
277 301 -1312547638291168667918336711758382806266874559263654429851337
301 301 -40070936718040522997284238595590927265416732176680
300 14 184024114144293815992500443668715646978824200183806418944
14 300 184024114144293815992500443668715646978824200183806418944
300 38 -344701154700667581207648828102974885077993814021367124560092475401
38 300 -344701154700667581207648828102974885077993814021367124560092475401
300 62 -2425370064241585907002424595238441264470599310777569159801080799644061
62 300 -2425370064241585907002424595238441264470599310777569159801080799644061
300 86 -141051719977921560084952755382637907359380760948227868843518428733532645
86 300 -141051719977921560084952755382637907359380760948227868843518428733532645
300 110 311222947658305445413931152570161959129865994253487699091370879923652079
110 300 311222947658305445413931152570161959129865994253487699091370879923652079
300 134 60002515903935680062906790921263566094253024263706401165327438066030561
134 300 60002515903935680062906790921263566094253024263706401165327438066030561
300 158 20121567649676886889509069925614701672235481925193975800681734304827825
158 300 20121567649676886889509069925614701672235481925193975800681734304827825
300 182 70293925718426365504960569058528551756959785107349579690340897133100742
182 300 70293925718426365504960569058528551756959785107349579690340897133100742
300 206 198166349417857150091971464130749428694256723708712364200165487874032
206 300 198166349417857150091971464130749428694256723708712364200165487874032
300 230 315302704144915899220675911871221869534114478837197739976162539855
230 300 315302704144915899220675911871221869534114478837197739976162539855
300 254 -7586241920461561825403771651683036155836698200917175878331703331
254 300 -7586241920461561825403771651683036155836698200917175878331703331
300 278 2241990204773860470603623386312604733094197775518873199606076
278 300 2241990204773860470603623386312604733094197775518873199606076
299 15 3845068805273353445663153761138557871284786658402088960000
15 299 3845068805273353445663153761138557871284786658402088960000
299 39 6766832776356050017507056506544016399285762308033492494003844201128
39 299 6766832776356050017507056506544016399285762308033492494003844201128
299 63 9355961736451728531108278713669590222913735247680655041811348664667269
63 299 9355961736451728531108278713669590222913735247680655041811348664667269
299 87 690549653833943181806721119542139877289831405261152587647732403310246238
87 299 690549653833943181806721119542139877289831405261152587647732403310246238
299 111 -112629961755817436670026796189118019657905963668178824630633914148981989
111 299 -112629961755817436670026796189118019657905963668178824630633914148981989
299 135 241662071351914870734898962372129740116720044131645137836691930564881513
135 299 241662071351914870734898962372129740116720044131645137836691930564881513
299 159 -101713431446524718956131235802948753532734185150797671965950776043803762
159 299 -101713431446524718956131235802948753532734185150797671965950776043803762
299 183 -181324480291093008724075954467538811600812717898206673916571118232460999
183 299 -181324480291093008724075954467538811600812717898206673916571118232460999
299 207 455468408297084344172675022161175269823076492930009079807057181460363
207 299 455468408297084344172675022161175269823076492930009079807057181460363
299 231 -5690230827962471694827789693875165312397508367408272034307217964473
231 299 -5690230827962471694827789693875165312397508367408272034307217964473
299 255 16265893305228955857716026044877626459590087110592416730261033139
255 299 16265893305228955857716026044877626459590087110592416730261033139
299 279 -3643208877741438372760040499883423160407021885744418596277906
279 299 -3643208877741438372760040499883423160407021885744418596277906
298 16 48185564985741512035633846761566159195045326694544618823680
16 298 48185564985741512035633846761566159195045326694544618823680
298 40 4940080206600175810059422094189721416675004162147759538542995511875
40 298 4940080206600175810059422094189721416675004162147759538542995511875
298 64 -11138399306464955528765949243590825364030074946021162736833196423840383
64 298 -11138399306464955528765949243590825364030074946021162736833196423840383
298 88 -1708834121183384490158312467546990990797158037603423489710280371068137065
88 298 -1708834121183384490158312467546990990797158037603423489710280371068137065
298 112 -1391645764587481891765785472914955419533960619133110734963190346532329844
112 298 -1391645764587481891765785472914955419533960619133110734963190346532329844
298 136 -1394900732292043928370326646997385402305418184488975969765571623534260008
136 298 -1394900732292043928370326646997385402305418184488975969765571623534260008
298 160 351066489693049623814266463055455914773564986754953639468730872655767454
160 298 351066489693049623814266463055455914773564986754953639468730872655767454
298 184 446186136025261231903697892202839140557640972768226700085241756627789645
184 298 446186136025261231903697892202839140557640972768226700085241756627789645
298 208 -3266682320024312494390075915875895619339433214021737141077203973867103
208 298 -3266682320024312494390075915875895619339433214021737141077203973867103
298 232 24772260330040963393083320474494530820177094517072183146906935200222
232 298 24772260330040963393083320474494530820177094517072183146906935200222
298 256 -33172012851420405043875698844604931795621662490827041527212036830
256 298 -33172012851420405043875698844604931795621662490827041527212036830
298 280 5637436679784385452942333247795915615841569469940974974729976
280 298 5637436679784385452942333247795915615841569469940974974729976
297 17 329566324191750954014520446607165690717877230193064339644416
17 297 329566324191750954014520446607165690717877230193064339644416
297 41 -108737242939449437492815845283009335293713877353063340091132337978534
41 297 -108737242939449437492815845283009335293713877353063340091132337978534
297 65 -62806244530343130758019041412518691089954728153542227254593584986683703
65 297 -62806244530343130758019041412518691089954728153542227254593584986683703
297 89 1251218577744983233889324591573097496751431545855550941425855619071042135
89 297 1251218577744983233889324591573097496751431545855550941425855619071042135
297 113 3930365156398463175419286417923051268490475907729765139300913170176180015
113 297 3930365156398463175419286417923051268490475907729765139300913170176180015
297 137 2903424556828860880200326427344256131277206637975148317375323656601770522
137 297 2903424556828860880200326427344256131277206637975148317375323656601770522
297 161 -1057259020414625861223166895722547823765241394951866459439282108436853851
161 297 -1057259020414625861223166895722547823765241394951866459439282108436853851
297 185 -1045281146253519697543793416745255867190585226730567030019637990456529496
185 297 -1045281146253519697543793416745255867190585226730567030019637990456529496
297 209 11924593654933278999831229120577026103884562506240973729573262598781862
209 297 11924593654933278999831229120577026103884562506240973729573262598781862
297 233 -76942516544688191089748757528275420980269025697242029942210253779835
233 297 -76942516544688191089748757528275420980269025697242029942210253779835
297 257 65022996373117235709252429832683604711346282795078786987267227019
257 297 65022996373117235709252429832683604711346282795078786987267227019
297 281 -8313663383120022315574755664933921030852015428747659651122933
281 297 -8313663383120022315574755664933921030852015428747659651122933
296 18 473159062266800590773096144770260878513081035810840347213824
18 296 473159062266800590773096144770260878513081035810840347213824
296 42 113021129633770176507299877227314586134494347826891612064029018099169
42 296 113021129633770176507299877227314586134494347826891612064029018099169
296 66 455477913192198047950238307838733398585619556321833045295235809749112880
66 296 455477913192198047950238307838733398585619556321833045295235809749112880
296 90 9025009835232129363700683338808289198999456783695276614821287849996707837
90 296 9025009835232129363700683338808289198999456783695276614821287849996707837
296 114 -2838201059579144826842817021411277994308969062505380987925754462115661194
114 296 -2838201059579144826842817021411277994308969062505380987925754462115661194
296 138 173428443792538342669514719504613859949936152600543589571412512359837386
138 296 173428443792538342669514719504613859949936152600543589571412512359837386
296 162 3094059658543978329310672099039062807591724760343285157267341417712924396
162 296 3094059658543978329310672099039062807591724760343285157267341417712924396
296 186 2322303148602345846056345087949028088565730010107630273181789530762586172
186 296 2322303148602345846056345087949028088565730010107630273181789530762586172
296 210 -34136840648181396919590204687036484490361252411134950968688811379452786
210 296 -34136840648181396919590204687036484490361252411134950968688811379452786
296 234 195371256523118962809204267979011439316023474062791452121063444550388
234 296 195371256523118962809204267979011439316023474062791452121063444550388
296 258 -123052008438017705727713706066630990467144548116492369186592060626
258 296 -123052008438017705727713706066630990467144548116492369186592060626
296 282 11693268848613183209046857776498948821382513065332021860992543
282 296 11693268848613183209046857776498948821382513065332021860992543
295 19 -11109135684610100890257759967728435011019906919586149031387136
19 295 -11109135684610100890257759967728435011019906919586149031387136
295 43 777533726621227855770575951072960454981467291942631962390896318205752
43 295 777533726621227855770575951072960454981467291942631962390896318205752
295 67 -1651117022638976386418897526238969168426361694199733567349845909231548208
67 295 -1651117022638976386418897526238969168426361694199733567349845909231548208
295 91 -47508618910338695093655511526848333081231277515725252713028254466377686536
91 295 -47508618910338695093655511526848333081231277515725252713028254466377686536
295 115 -3257727376781768679396030524965907002977965836043479572308109279403144958
115 295 -3257727376781768679396030524965907002977965836043479572308109279403144958
295 139 -18892098420698696014406668635245715101843728116461100712237239113048206340
139 295 -18892098420698696014406668635245715101843728116461100712237239113048206340
295 163 -9116939541583098923939131710269487434195296625221546542563870105742838765
163 295 -9116939541583098923939131710269487434195296625221546542563870105742838765
295 187 -4870576555512811207999379272170980526890565472862109702028339719418674593
187 295 -4870576555512811207999379272170980526890565472862109702028339719418674593
295 211 83949946502319830770505573293292241410746149868601470934710016884327841
211 295 83949946502319830770505573293292241410746149868601470934710016884327841
295 235 -423654265722979334120184070240171219271400340476117992641950553742343
235 295 -423654265722979334120184070240171219271400340476117992641950553742343
295 259 224580048907039325231203941711780309760945979858225261623631757551
259 295 224580048907039325231203941711780309760945979858225261623631757551
295 283 -15695972396400388848909034497259884967528720172694068805278265
283 295 -15695972396400388848909034497259884967528720172694068805278265
294 20 -81200787065568848749281563705364020502159025350832454400376832
20 294 -81200787065568848749281563705364020502159025350832454400376832
294 44 -1321105084937187408989250263846687411118898046791971776824355244940836
44 294 -1321105084937187408989250263846687411118898046791971776824355244940836
294 68 3224832299953326090289341385673517530996032209440060153745404701264227384
68 294 3224832299953326090289341385673517530996032209440060153745404701264227384
294 92 125110247014642888484981097234325886667849538073822106215877495125739890452
92 294 125110247014642888484981097234325886667849538073822106215877495125739890452
294 116 -27228676924734353042549133648818055382088396060542466594525554320564624219
116 294 -27228676924734353042549133648818055382088396060542466594525554320564624219
294 140 56168561320387301863406128864906079561520386964581977360064462697919180655
140 294 56168561320387301863406128864906079561520386964581977360064462697919180655
294 164 26389735178328110263574245138909845425637634365027755888440337828562689155
164 294 26389735178328110263574245138909845425637634365027755888440337828562689155
294 188 9601838600554766490765748866915584751804338724288345255453082509494035896
188 294 9601838600554766490765748866915584751804338724288345255453082509494035896
294 212 -183597380731000687764846043771597496844411269468930025395948732260516390
212 294 -183597380731000687764846043771597496844411269468930025395948732260516390
294 236 796145654974452663759143466803738733874873408294022893285262951214371
236 294 796145654974452663759143466803738733874873408294022893285262951214371
294 260 -393262882367450392691848093586837165902963237643895329518352171134
260 294 -393262882367450392691848093586837165902963237643895329518352171134
294 284 20117971043420259962887926017491675197519111931044737016533422
284 294 20117971043420259962887926017491675197519111931044737016533422
293 21 -11680391336936820171339718606172605047909307672282533518999552
21 293 -11680391336936820171339718606172605047909307672282533518999552
293 45 -5616051034096097447458752897623242112306730295388367675575781086119728
45 293 -5616051034096097447458752897623242112306730295388367675575781086119728
293 69 2698950991573172236567346867889307343633602555941639580071779206229356680
69 293 2698950991573172236567346867889307343633602555941639580071779206229356680
293 93 -151089502443841488993701692816327694195196723175865193867716402815187066252
93 293 -151089502443841488993701692816327694195196723175865193867716402815187066252
293 117 198104855221822930876176425566313130663015871010911017855751529191223087012
117 293 198104855221822930876176425566313130663015871010911017855751529191223087012
293 141 -63407674069194222241969816001151110209761231325571465264482698160448700082
141 293 -63407674069194222241969816001151110209761231325571465264482698160448700082
293 165 -71865768749827314836683167473409216394011898604733012988361488646082576692
165 293 -71865768749827314836683167473409216394011898604733012988361488646082576692
293 189 -17729340583845881896031132204942895228847493235401527852814789942160745961
189 293 -17729340583845881896031132204942895228847493235401527852814789942160745961
293 213 362965095685932369252426019436881310066360867819493538288413148607277972
213 293 362965095685932369252426019436881310066360867819493538288413148607277972
293 237 -1294937329774496066847704544535072267687956932595799835844330036130731
237 293 -1294937329774496066847704544535072267687956932595799835844330036130731
293 261 655832590493648231190909569935052702336123747966577135546764174020
261 293 655832590493648231190909569935052702336123747966577135546764174020
293 285 -24633120372488186795524306357729181885294134565182974036065358
285 293 -24633120372488186795524306357729181885294134565182974036065358
292 22 2290470144373809298665024740950476445218693440563989922969370624
22 292 2290470144373809298665024740950476445218693440563989922969370624
292 46 17246013383074459529000768912527211932361946528926758451264000976158320
46 292 17246013383074459529000768912527211932361946528926758451264000976158320
292 70 -48163823065747337568052590025837727376783051928734280605454878423604396120
70 292 -48163823065747337568052590025837727376783051928734280605454878423604396120
292 94 -304646803643370405757369979726623172391308847247517787438402550231041764678
94 292 -304646803643370405757369979726623172391308847247517787438402550231041764678
292 118 -391793103075795427627926761112750725201193097374497085346163645387428917603
118 292 -391793103075795427627926761112750725201193097374497085346163645387428917603
292 142 -91593360293244690088071878739059874715088785886143864159635981507481415648
142 292 -91593360293244690088071878739059874715088785886143864159635981507481415648
292 166 178614146393070311147702450853398348347235833992169316528397099449560252649
166 292 178614146393070311147702450853398348347235833992169316528397099449560252649
292 190 30565476731613113969049918050819999754515759746991901492693026714468857740
190 292 30565476731613113969049918050819999754515759746991901492693026714468857740
292 214 -654018208154283734489328845832329901874879053205094497050368700889166219
214 292 -654018208154283734489328845832329901874879053205094497050368700889166219
292 238 1792479619710049166086420502876157875511014299147267181870951544227397
238 292 1792479619710049166086420502876157875511014299147267181870951544227397
292 262 -1032810448399270882298371157364586145753674192510029165119708346428
262 292 -1032810448399270882298371157364586145753674192510029165119708346428
292 286 28823849044469477739378064849435285648787167975024523412166825
286 292 28823849044469477739378064849435285648787167975024523412166825
291 23 7242389052435348785911359018673747281357014911820260412889473024
23 291 7242389052435348785911359018673747281357014911820260412889473024
291 47 4092884892519826980981664658476297428266211930279199573132597453739752
47 291 4092884892519826980981664658476297428266211930279199573132597453739752
291 71 198897418233438543213331309057765444195426907616942810738327038888747308680
71 291 198897418233438543213331309057765444195426907616942810738327038888747308680
291 95 2247637977924024869011497370053016580350167537657755242211744465311677507786
95 291 2247637977924024869011497370053016580350167537657755242211744465311677507786
291 119 -625490268522004975073534344266166948992503895779781059721527505497758957290
119 291 -625490268522004975073534344266166948992503895779781059721527505497758957290
291 143 485039159929448052609067178891250703340240581431267319472022744966106486801
143 291 485039159929448052609067178891250703340240581431267319472022744966106486801
291 167 -400085153863430384612660371202711073584430141233309682015216805547091498819
167 291 -400085153863430384612660371202711073584430141233309682015216805547091498819
291 191 -49010667576289889171467963765067802508500241437634099771600100509331821321
191 291 -49010667576289889171467963765067802508500241437634099771600100509331821321
291 215 1077748594211906636027918917329674173940693256405722260743586121099731115
215 291 1077748594211906636027918917329674173940693256405722260743586121099731115
291 239 -2023772684687014550122332363831136397153458913109255639774783480595964
239 291 -2023772684687014550122332363831136397153458913109255639774783480595964
291 263 1521784227627876969110555256022796621875307265482182279075289720147
263 291 1521784227627876969110555256022796621875307265482182279075289720147
291 287 -32240623832886390179849972235268305397184196305138161221817568
287 291 -32240623832886390179849972235268305397184196305138161221817568
290 24 -35039647186399698669949881377258586640680855158173603995232845824
24 290 -35039647186399698669949881377258586640680855158173603995232845824
290 48 -81351606709993182671770235042125234820134562415766025226005831952601839
48 290 -81351606709993182671770235042125234820134562415766025226005831952601839
290 72 -454486425385885704967284049830943773242362561895825179636551014189546577072
72 290 -454486425385885704967284049830943773242362561895825179636551014189546577072
290 96 -6508787548135121028685258405989574360088728228747113798851311357883592578280
96 290 -6508787548135121028685258405989574360088728228747113798851311357883592578280
290 120 5603285473231770889038554152739748176542151561574100709650679566595425685762
120 290 5603285473231770889038554152739748176542151561574100709650679566595425685762
290 144 -619189688829141746036255429895625546808051386358386411239828046374241176214
144 290 -619189688829141746036255429895625546808051386358386411239828046374241176214
290 168 808006514923108452466538785675119544903383797648547019278508075657050285848
168 290 808006514923108452466538785675119544903383797648547019278508075657050285848
290 192 72586714832483308287982687704761266636321721498447064071975298667761057218
192 290 72586714832483308287982687704761266636321721498447064071975298667761057218
290 216 -1622892568995628098485668472512856255619196374372736317845094838504204146
216 290 -1622892568995628098485668472512856255619196374372736317845094838504204146
290 240 1676818995100669976810344717020973002593554725770010520869955180898528
240 290 1676818995100669976810344717020973002593554725770010520869955180898528
290 264 -2075017430365058330127097351827103338511365402617873087065569464607
264 290 -2075017430365058330127097351827103338511365402617873087065569464607
290 288 34479425252395313474173977005802879731408893019236103559379862
288 290 34479425252395313474173977005802879731408893019236103559379862
289 1 -217272163886897823744
1 289 -217272163886897823744
289 25 -220523595350960349213984844318780431608516953147010956397050527744
25 289 -220523595350960349213984844318780431608516953147010956397050527744
289 49 406575453246861049359809181663294970309983686768470480485541532717565418
49 289 406575453246861049359809181663294970309983686768470480485541532717565418
289 73 263807491214057608880037903956399174533392360542238733627250271316817179757
73 289 263807491214057608880037903956399174533392360542238733627250271316817179757
289 97 9619303980130083351755361252372823129893587563279361767530061916419337966632
97 289 9619303980130083351755361252372823129893587563279361767530061916419337966632
289 121 -14196677904887082389067117949555178758038368342391678845822814759079931113697
121 289 -14196677904887082389067117949555178758038368342391678845822814759079931113697
289 145 -1326038509440691738994917016981721537496649384533716834446039661309815463234
145 289 -1326038509440691738994917016981721537496649384533716834446039661309815463234
289 169 -1484700620429120867527259747051491873420185184956346326714164542004798154925
169 289 -1484700620429120867527259747051491873420185184956346326714164542004798154925
289 193 -97862590042522093683079256926169475468679519984581484517332837328282781512
193 289 -97862590042522093683079256926169475468679519984581484517332837328282781512
289 217 2218428247506198761271662841140421271140255059898179618537868890067717500
217 289 2218428247506198761271662841140421271140255059898179618537868890067717500
289 241 -710112478299718604220136386189240905777368558753456198432022403627444
241 289 -710112478299718604220136386189240905777368558753456198432022403627444
289 265 2577902071239669628522996454663803996718216312269022945261566702863
265 289 2577902071239669628522996454663803996718216312269022945261566702863
289 289 -35259258549900822178170093300903670964238495631174896702537962
288 2 35706177938219993808777510912
2 288 35706177938219993808777510912
288 26 325110910449120025335594080830408908037310912226709181086568529920
26 288 325110910449120025335594080830408908037310912226709181086568529920
288 50 -2409595672446807083525172261968709564235237148215303388610673191343207161
50 288 -2409595672446807083525172261968709564235237148215303388610673191343207161
288 74 2708777544454252534799605639414348232007646617301678019839611856711870239957
74 288 2708777544454252534799605639414348232007646617301678019839611856711870239957
288 98 5276402012287747824478608387821213063092770157724432119262666375446025057896
98 288 5276402012287747824478608387821213063092770157724432119262666375446025057896
288 122 8932906985918661444748050572733689694868548936860430791658289036425042984934
122 288 8932906985918661444748050572733689694868548936860430791658289036425042984934
288 146 8463937119350655990063195421872812418208674199523820736764635665597797672399
146 288 8463937119350655990063195421872812418208674199523820736764635665597797672399
288 170 2516007500053787459013575624194393142900624795913595839894089048775116252210
170 288 2516007500053787459013575624194393142900624795913595839894089048775116252210
288 194 116285891723018036381919065355204303062501001410563752039877635830771205247
194 288 116285891723018036381919065355204303062501001410563752039877635830771205247
288 218 -2704171811906217190512667709040286946776884278204689147387500152860589456
218 288 -2704171811906217190512667709040286946776884278204689147387500152860589456
288 242 -55699500050791993429738819219011377148560723209191709638572809148862
242 288 -55699500050791993429738819219011377148560723209191709638572809148862
288 266 -2839052887523810914688173473761739753443853939976226308828513810605
266 288 -2839052887523810914688173473761739753443853939976226308828513810605
287 3 -51613048296259346484340846854406144
3 287 -51613048296259346484340846854406144
287 27 4214630001079680992021721593022616278166970045056913246533713584128
27 287 4214630001079680992021721593022616278166970045056913246533713584128
287 51 6991832786949775291977171242056615035749669271945961090739249782327743768
51 287 6991832786949775291977171242056615035749669271945961090739249782327743768
287 75 -13934896700064824084316793277149897177875669511642390918679919442624226492031
75 287 -13934896700064824084316793277149897177875669511642390918679919442624226492031
287 99 -73690946865069202950397747529718815980328155233519002769174780793332222245830
99 287 -73690946865069202950397747529718815980328155233519002769174780793332222245830
287 123 55046085921461081048562027009096258218481123957340735508344726037811858548499
123 287 55046085921461081048562027009096258218481123957340735508344726037811858548499
287 147 -22964024717657162483264250281733409881528784879528870532890574525350400577725
147 287 -22964024717657162483264250281733409881528784879528870532890574525350400577725
287 171 -3969647341865595012824583849011136718254133007149680781812566339864110456982
171 287 -3969647341865595012824583849011136718254133007149680781812566339864110456982
287 195 -112105564142627156727748105259706192414028311755159293472783461891451745485
195 287 -112105564142627156727748105259706192414028311755159293472783461891451745485
287 219 2804001425598646833787778702587323736091695975183038989283345937638718000
219 287 2804001425598646833787778702587323736091695975183038989283345937638718000
287 243 -1785006534821437665858268874466550812589222793163314710352138565434829
243 287 -1785006534821437665858268874466550812589222793163314710352138565434829
287 267 2603617902929080280694822557218150537120993652533021935558509514399
267 287 2603617902929080280694822557218150537120993652533021935558509514399
286 4 6232872150172580202124779081681944444928
4 286 6232872150172580202124779081681944444928
286 28 -1287448286138816801207384674475545771910821248838871196592338911232
28 286 -1287448286138816801207384674475545771910821248838871196592338911232
286 52 -566514864255738394024484610045680485809246638599560246205257738708942585
52 286 -566514864255738394024484610045680485809246638599560246205257738708942585
286 76 38106744036705601002011662687955919816925549173597561519720200660838266976191
76 286 38106744036705601002011662687955919816925549173597561519720200660838266976191
286 100 218219903581653723505162898894853680447318312315717767761028751384495426926314
100 286 218219903581653723505162898894853680447318312315717767761028751384495426926314
286 124 -206223740589621076171355208460085905001567486518116240262548734861862504079428
124 286 -206223740589621076171355208460085905001567486518116240262548734861862504079428
286 148 42239672391861132117389778971671087455147403233755329784662041584725466114278
148 286 42239672391861132117389778971671087455147403233755329784662041584725466114278
286 172 5756969034128698402020473751649634697784907658565066215501565102659747145579
172 286 5756969034128698402020473751649634697784907658565066215501565102659747145579
286 196 62472264937878301420154790210884872381371795917797577621622463917493222617
196 286 62472264937878301420154790210884872381371795917797577621622463917493222617
286 220 -2104572171953337742868242615286604195890855079327268383741908448106831207
220 286 -2104572171953337742868242615286604195890855079327268383741908448106831207
286 244 10641729752659914849688156484250453775624147877710992966437184681803701
244 286 10641729752659914849688156484250453775624147877710992966437184681803701
286 268 -1596233211472334549480175165223043196433701937004041600393302505296
268 286 -1596233211472334549480175165223043196433701937004041600393302505296
285 5 -130037043887608743601896440017218503155122176
5 285 -130037043887608743601896440017218503155122176
285 29 -62393222104620258077003034978643805596486956095420629929754011189248
29 285 -62393222104620258077003034978643805596486956095420629929754011189248
285 53 -50461163915237022963290873274879467828320393889061200896424496680795094682
53 285 -50461163915237022963290873274879467828320393889061200896424496680795094682
285 77 -53751894945093687272368144015421295391822699134948164588381319429153187856522
77 285 -53751894945093687272368144015421295391822699134948164588381319429153187856522
285 101 -333988357783183801567877981952221656450317414418740787275965672340782560130112
101 285 -333988357783183801567877981952221656450317414418740787275965672340782560130112
285 125 309991502067188981407761043941317189712185123199228411144581926133949933256056
125 285 309991502067188981407761043941317189712185123199228411144581926133949933256056
285 149 -59428122101322996428718607930076969621128843991409151848482646442770730329195
149 285 -59428122101322996428718607930076969621128843991409151848482646442770730329195
285 173 -7135681899681588410136493356154687194666652250395381947562902238378600467864
173 285 -7135681899681588410136493356154687194666652250395381947562902238378600467864
285 197 56756212812230066414592883578114407288203832057586252624881558663437104222
197 285 56756212812230066414592883578114407288203832057586252624881558663437104222
285 221 42350584414883390008026562829962343712828666190780981360502224616844701
221 285 42350584414883390008026562829962343712828666190780981360502224616844701
285 245 -32372744634499591140705837867319685028699945649516702635689098419210934
245 285 -32372744634499591140705837867319685028699945649516702635689098419210934
285 269 -410740824822378716107523908421957337582725325975345722353078455051
269 285 -410740824822378716107523908421957337582725325975345722353078455051
284 6 660672989703114750599306162806394940448510574592
6 284 660672989703114750599306162806394940448510574592
284 30 -18084855378337852242652043886659427037870092145310717684362378100736
30 284 -18084855378337852242652043886659427037870092145310717684362378100736
284 54 115053806834116088944352922991831574918985570707476361004570387128240739559
54 284 115053806834116088944352922991831574918985570707476361004570387128240739559
284 78 -56902235081908543155767770787377206996787545025394039962822106030097787303643
78 284 -56902235081908543155767770787377206996787545025394039962822106030097787303643
284 102 17540920838408105060550063446233426417425870626208040236812578361233843128000
102 284 17540920838408105060550063446233426417425870626208040236812578361233843128000
284 126 76032579779073833229468805415269245178574691417382416325908675273497299870119
126 284 76032579779073833229468805415269245178574691417382416325908675273497299870119
284 150 77720634678114904341601480332159150033324195873216051564469117483451440713625
150 284 77720634678114904341601480332159150033324195873216051564469117483451440713625
284 174 5569387704575957185909664188964517206778970311878346582977825545436338897668
174 284 5569387704575957185909664188964517206778970311878346582977825545436338897668
284 198 -256759734167274268307217545953466795898402279833742060357350459343773273546
198 284 -256759734167274268307217545953466795898402279833742060357350459343773273546
284 222 4090953140610902904242652696242979826380445885122952356083524951876352520
222 284 4090953140610902904242652696242979826380445885122952356083524951876352520
284 246 72185734344750100102904148991105749914973642669819317425330064620135677
246 284 72185734344750100102904148991105749914973642669819317425330064620135677
284 270 3520547517892221182222295195868661711187021580396206987097856177772
270 284 3520547517892221182222295195868661711187021580396206987097856177772
283 7 -968610919210481947177298107767349642353569030995968
7 283 -968610919210481947177298107767349642353569030995968
283 31 847520919388442618855388259648300677766694278198482152019377846640640
31 283 847520919388442618855388259648300677766694278198482152019377846640640
283 55 22430634486446356722481252608965675077560550628458679698470883040051316768
55 283 22430634486446356722481252608965675077560550628458679698470883040051316768
283 79 603187800808030654788331777573077409084221610387015255832720136045289330889921
79 283 603187800808030654788331777573077409084221610387015255832720136045289330889921
283 103 1420621737566184614219312485541467895279411994543051346868790226980447025026048
103 283 1420621737566184614219312485541467895279411994543051346868790226980447025026048
283 127 -1455194863621255339153898193665377764617660037571726776328668716752901571231779
127 283 -1455194863621255339153898193665377764617660037571726776328668716752901571231779
283 151 -140730468290094902735199524643988801936925883279479182505845602461237565000503
151 283 -140730468290094902735199524643988801936925883279479182505845602461237565000503
283 175 5004002862786891661791253089589085834452128984401197462699435734579139051757
175 283 5004002862786891661791253089589085834452128984401197462699435734579139051757
283 199 516127468794961675734542196904869579353632700463515378822828220209616574389
199 283 516127468794961675734542196904869579353632700463515378822828220209616574389
283 223 -11095808351908004818030385096800303333194339691910790660389361253407618065
223 283 -11095808351908004818030385096800303333194339691910790660389361253407618065
283 247 -131106519995921454473626177507317140212216471148998904493119224738145477
247 283 -131106519995921454473626177507317140212216471148998904493119224738145477
283 271 -7651665803510271644656954046369662119047209718195799527995496346288
271 283 -7651665803510271644656954046369662119047209718195799527995496346288
282 8 435198445171855197933411713985048218517717628502409216
8 282 435198445171855197933411713985048218517717628502409216
282 32 5301809957251365557342191951840006735723401828271055675763580649472
32 282 5301809957251365557342191951840006735723401828271055675763580649472
282 56 -372772294619990145028305110520643307894188162782959233636904454399766743236
56 282 -372772294619990145028305110520643307894188162782959233636904454399766743236
282 80 -1995738309575635386819679963709031295385707824981061320330619738925024175675225
80 282 -1995738309575635386819679963709031295385707824981061320330619738925024175675225
282 104 -4320887131614153725328901955801034742564541907941498316093886836951961690149071
104 282 -4320887131614153725328901955801034742564541907941498316093886836951961690149071
282 128 3407433768244310348155327013686336003974002493429692145576250552526385705125826
128 282 3407433768244310348155327013686336003974002493429692145576250552526385705125826
282 152 359549661505561903605743828197531593914558834168694089801504479795300278887254
152 282 359549661505561903605743828197531593914558834168694089801504479795300278887254
282 176 -35581529616141336911061580296519882242980083608729018956590176135818342876183
176 282 -35581529616141336911061580296519882242980083608729018956590176135818342876183
282 200 -769333404010795267274527590761543875845431455103249713134341321923679256751
200 282 -769333404010795267274527590761543875845431455103249713134341321923679256751
282 224 21707325075096624410726469364284799393022766233267362918890906827636772505
224 282 21707325075096624410726469364284799393022766233267362918890906827636772505
282 248 202348556749605769119703487620611704151557494422064010984747589845585898
248 282 202348556749605769119703487620611704151557494422064010984747589845585898
282 272 12516635114732281904224312479175334215388789199195233727172758543681
272 282 12516635114732281904224312479175334215388789199195233727172758543681
281 9 -56269400431573189141829180516951895030416377222218645504
9 281 -56269400431573189141829180516951895030416377222218645504
281 33 -10008727146664063541913911696991798281168303087999625470301163480322048
33 281 -10008727146664063541913911696991798281168303087999625470301163480322048
281 57 -859482240035293977049261527744365108429780044925350502956692562589606810652
57 281 -859482240035293977049261527744365108429780044925350502956692562589606810652
281 81 3848109705048030751295905779527812935768568789022864326643829517042703272453831
81 281 3848109705048030751295905779527812935768568789022864326643829517042703272453831
281 105 7232032732487265192350560300859245296617251459980494274051541384902342389765659
105 281 7232032732487265192350560300859245296617251459980494274051541384902342389765659
281 129 -3567564438789430562355417201976797769615571269945590873935626736332961676355438
129 281 -3567564438789430562355417201976797769615571269945590873935626736332961676355438
281 153 -898470148242185125927274184700290443125290811176282552872416870878171369362624
153 281 -898470148242185125927274184700290443125290811176282552872416870878171369362624
281 177 101288953992385158649096450673607582066122388920236329067377051976988963645152
177 281 101288953992385158649096450673607582066122388920236329067377051976988963645152
281 201 923537109629152871779622551467369430279008767675064888667139619758766662968
201 281 923537109629152871779622551467369430279008767675064888667139619758766662968
281 225 -36243631602306626381118623293979420069160019074615765565784157960773449215
225 281 -36243631602306626381118623293979420069160019074615765565784157960773449215
281 249 -270114385415427661031522280821507488219413566176233219578409122245224962
249 281 -270114385415427661031522280821507488219413566176233219578409122245224962
281 273 -17650897867488409503456840661264996117608505448533179802193713284450
273 281 -17650897867488409503456840661264996117608505448533179802193713284450
280 10 1283251945523612240236183572855852590332579363482169769984
10 280 1283251945523612240236183572855852590332579363482169769984
280 34 20646712704752357055961204381907220117713605869331218578826257281134592
34 280 20646712704752357055961204381907220117713605869331218578826257281134592
280 58 10276476208017096562093252868964662121252614743580741672815247886668458454572
58 280 10276476208017096562093252868964662121252614743580741672815247886668458454572
280 82 -2322197959228351606505305323929146759541560938872538945593958408508300181424824
82 280 -2322197959228351606505305323929146759541560938872538945593958408508300181424824
280 106 -5401040285970705424238608635774129935735243785764178152596378225523265861932077
106 280 -5401040285970705424238608635774129935735243785764178152596378225523265861932077
280 130 -1139922438158349623250865195791107352395803586692794048832188136337470485944764
130 280 -1139922438158349623250865195791107352395803586692794048832188136337470485944764
280 154 1894928435576214579856629750432583352533694560012970368797824391857246014321858
154 280 1894928435576214579856629750432583352533694560012970368797824391857246014321858
280 178 -216430166633017108953334590374244641694563487320971650889104200525040169793138
178 280 -216430166633017108953334590374244641694563487320971650889104200525040169793138
280 202 -912341329130707173438222135949251312007691091947621181563122798021756105594
202 280 -912341329130707173438222135949251312007691091947621181563122798021756105594
280 226 53956993132305117901213736260130598597934997021573661107647936918940514656
226 280 53956993132305117901213736260130598597934997021573661107647936918940514656
280 250 313535651715895932321369053201172260579898513412951499747502607553151926
250 280 313535651715895932321369053201172260579898513412951499747502607553151926
280 274 22485455903324078522874554860771615366100667703904036842598958452085
274 280 22485455903324078522874554860771615366100667703904036842598958452085
279 11 28191574354839370407122457570587582742711226290772176273408
11 279 28191574354839370407122457570587582742711226290772176273408
279 35 -25558933128949214153882024679328006073069083920026839846924314159886336
35 279 -25558933128949214153882024679328006073069083920026839846924314159886336
279 59 -42463672699918334107390814260752513120690833524276595429969488688226201247584
59 279 -42463672699918334107390814260752513120690833524276595429969488688226201247584
279 83 -14046274504280528981119456762171552774920008425411750491868165108900996847014446
83 279 -14046274504280528981119456762171552774920008425411750491868165108900996847014446
279 107 -9279995035190060748383440643865362145507333065082162944572248014124980782255106
107 279 -9279995035190060748383440643865362145507333065082162944572248014124980782255106
279 131 9384218699809952774608585482056119388113776618896946678109953797532675186395717
131 279 9384218699809952774608585482056119388113776618896946678109953797532675186395717
279 155 -3338717251048592139860056967761411616508588881603929008490689078563399525171533
155 279 -3338717251048592139860056967761411616508588881603929008490689078563399525171533
279 179 385329979553879145204169855835473063361825988036278868968945574497137574829511
179 279 385329979553879145204169855835473063361825988036278868968945574497137574829511
279 203 757342679481105495282859331514214017534829661747041219402122485418796937659
203 279 757342679481105495282859331514214017534829661747041219402122485418796937659
279 227 -72029815869524133026132423125763624239621624350832960206886126671072037386
227 279 -72029815869524133026132423125763624239621624350832960206886126671072037386
279 251 -316700092546292694945864339624220985832164324526978098298440585971886339
251 279 -316700092546292694945864339624220985832164324526978098298440585971886339
279 275 -26443356295898409870787709076094172967134360141864699982712154233580
275 279 -26443356295898409870787709076094172967134360141864699982712154233580
278 12 15740536173476743509486622932671755088094867106695326203904
12 278 15740536173476743509486622932671755088094867106695326203904
278 36 102292789939363230683778109164759970604128956369557975964518669955600384
36 278 102292789939363230683778109164759970604128956369557975964518669955600384
278 60 102055893289496039148976458972269031568956960830245958708606554458186213805255
60 278 102055893289496039148976458972269031568956960830245958708606554458186213805255
278 84 64295671206789443031247831208094117929468751466382673823275040803751021492163488
84 278 64295671206789443031247831208094117929468751466382673823275040803751021492163488
278 108 45899917815129991604785560107150535645914874290156060586694175085013039842302179
108 278 45899917815129991604785560107150535645914874290156060586694175085013039842302179
278 132 -10360128362995025692456389607717819563600134272633340911382548625752333457819867
132 278 -10360128362995025692456389607717819563600134272633340911382548625752333457819867
278 156 4973667824090137691465892077814437001582983121536540805204406218003490969157939
156 278 4973667824090137691465892077814437001582983121536540805204406218003490969157939
278 180 -592120806727378768628246280018426043708902695775836766311007856681713840379701
180 278 -592120806727378768628246280018426043708902695775836766311007856681713840379701
278 204 -563682240963728858042654577428175708133819453405517848176044185652383093082
204 278 -563682240963728858042654577428175708133819453405517848176044185652383093082
278 228 84334820215997907443173700279276433435087593097275219645596403247603064738
228 278 84334820215997907443173700279276433435087593097275219645596403247603064738
278 252 282044880877256914773839221208146904461261389415335760226163803901311499
252 278 282044880877256914773839221208146904461261389415335760226163803901311499
278 276 29035627650342060365359676646058198646218088717536430367800065192243
276 278 29035627650342060365359676646058198646218088717536430367800065192243
277 13 -3918106897577584759424647964089923585693658008122545829576704
13 277 -3918106897577584759424647964089923585693658008122545829576704
277 37 837809203202641391826273393586480494312225543082808945944560316933627904
37 277 837809203202641391826273393586480494312225543082808945944560316933627904
277 61 -46356947837240827833879510063918288223319256360051481113985162351468752533082
61 277 -46356947837240827833879510063918288223319256360051481113985162351468752533082
277 85 -153870488017773711508024535648562692236367887479833563379647176520944657722712420
85 277 -153870488017773711508024535648562692236367887479833563379647176520944657722712420
277 109 -109193629264826058077264000687190258034589139708707676315954442000447875257568355
109 277 -109193629264826058077264000687190258034589139708707676315954442000447875257568355
277 133 -11533844040678810193604240319571716457762916094421299636063246335256485107754520
133 277 -11533844040678810193604240319571716457762916094421299636063246335256485107754520
277 157 -6263548342388166111778243344699073713665818398423175882870585268914307300287009
157 277 -6263548342388166111778243344699073713665818398423175882870585268914307300287009
277 181 794442349252876142423368760717835859014808567714747596741550256987624623831598
181 277 794442349252876142423368760717835859014808567714747596741550256987624623831598
277 205 377134907724286540185267428863823589707832223299791746958948708174269366425
205 277 377134907724286540185267428863823589707832223299791746958948708174269366425
277 229 -80455808402101833560218091699228567329552692830434937787428858209818911925
229 277 -80455808402101833560218091699228567329552692830434937787428858209818911925
277 253 -240377468252679041913624258538630638387321614094609182703187418185218080
253 277 -240377468252679041913624258538630638387321614094609182703187418185218080
277 277 -29937537280432510492243695282911685215296580294853506833030275482742
276 14 -30563955518651809675410976425269818237499807807936955590639616
14 276 -30563955518651809675410976425269818237499807807936955590639616
276 38 -9934315783133535875081931142096655419271574776944923278545226955342073856
38 276 -9934315783133535875081931142096655419271574776944923278545226955342073856
276 62 -805805161639229286811901305896473410543128424807216887885173930289146189927881
62 276 -805805161639229286811901305896473410543128424807216887885173930289146189927881
276 86 207372266771647023771215111471363814261079110787502064689363895365181300765502416
86 276 207372266771647023771215111471363814261079110787502064689363895365181300765502416
276 110 186020967201464991896500787251117345548327107510179559484751651044060675784714462
110 276 186020967201464991896500787251117345548327107510179559484751651044060675784714462
276 134 60261226477929604492950903966361380414903614333222162954015170751695188703805488
134 276 60261226477929604492950903966361380414903614333222162954015170751695188703805488
276 158 6424722797939070436508853257759356998194636162918379049139969231326217536338970
158 276 6424722797939070436508853257759356998194636162918379049139969231326217536338970
276 182 -923189239306273833532588589319595819053434622428784854712078356256594423401817
182 276 -923189239306273833532588589319595819053434622428784854712078356256594423401817
276 206 69489059192230875983324273038323909231394938514331183541549585914768460244
206 276 69489059192230875983324273038323909231394938514331183541549585914768460244
276 230 45991452768245829882088378494892028456921244823303387210150530265089475603
230 276 45991452768245829882088378494892028456921244823303387210150530265089475603
276 254 249197890011920952056095306898779573594989092017512640523499279318841061
254 276 249197890011920952056095306898779573594989092017512640523499279318841061
275 15 42482641610700572288905053433519811464762627520669231479783424
15 275 42482641610700572288905053433519811464762627520669231479783424
275 39 38322019272506280063419509611190641553054659574499963051259284130477133824
39 275 38322019272506280063419509611190641553054659574499963051259284130477133824
275 63 3957746415758945340145588860118289307680474853784580263110700310822326897573528
63 275 3957746415758945340145588860118289307680474853784580263110700310822326897573528
275 87 46766498482273729004903865288203843214851643919125139943645194219939753856539330
87 275 46766498482273729004903865288203843214851643919125139943645194219939753856539330
275 111 -209476489120449039021117795980389678592384776645799585642878628194778124897648052
111 275 -209476489120449039021117795980389678592384776645799585642878628194778124897648052
275 135 -123228691102076408001166205512413195910160627598235274787728963484270269423782291
135 275 -123228691102076408001166205512413195910160627598235274787728963484270269423782291
275 159 -4579450151453197099711064576366774366339038001898792423236338053409055482613743
159 275 -4579450151453197099711064576366774366339038001898792423236338053409055482613743
275 183 882968267420755113985128192751792635122241482198676255466870161277757677807661
183 275 882968267420755113985128192751792635122241482198676255466870161277757677807661
275 207 -1510213488565630439835394459568177735286937088599302264498147649353285806864
207 275 -1510213488565630439835394459568177735286937088599302264498147649353285806864
275 231 34486717993474401581339399420335695682123535412927468527717730357318414430
231 275 34486717993474401581339399420335695682123535412927468527717730357318414430
275 255 -374320535464600801938780100103726357911713833310151699272904028772145319
255 275 -374320535464600801938780100103726357911713833310151699272904028772145319
274 16 1441633213698577739160923990993401463556951668562511287652712448
16 274 1441633213698577739160923990993401463556951668562511287652712448
274 40 -45622883559280457845825328101748020691067186978902682570068772552050208768
40 274 -45622883559280457845825328101748020691067186978902682570068772552050208768
274 64 -10084134585239688530762395784865774205067946013991810446844546054699111974693648
64 274 -10084134585239688530762395784865774205067946013991810446844546054699111974693648
274 88 -1145276993717256828531770835890088222617351097512224651261579233688135428232787208
88 274 -1145276993717256828531770835890088222617351097512224651261579233688135428232787208
274 112 -4883735220391288801944243739129905859017685747394625824296041553252401222908712
112 274 -4883735220391288801944243739129905859017685747394625824296041553252401222908712
274 136 210788476828302766576756001278995935384739581719000757169864373139795156684014498
136 274 210788476828302766576756001278995935384739581719000757169864373139795156684014498
274 160 203579240505291111865221572358999890110898899210819862585723117572330014056569
160 274 203579240505291111865221572358999890110898899210819862585723117572330014056569
274 184 -542057230556121397097615237460273795846662796364116741782519560083861680896120
184 274 -542057230556121397097615237460273795846662796364116741782519560083861680896120
274 208 4861288531710941913880564725383156211126763211090149314412941827388342437725
208 274 4861288531710941913880564725383156211126763211090149314412941827388342437725
274 232 -170899763781694332426834153070493550827927180823109090455510423392529773898
232 274 -170899763781694332426834153070493550827927180823109090455510423392529773898
274 256 658118879926000255050964806335520125223228966503205915811943803944893320
256 274 658118879926000255050964806335520125223228966503205915811943803944893320
273 17 2390767520732915363122129213878922009535481753216531570649726976
17 273 2390767520732915363122129213878922009535481753216531570649726976
273 41 -257254377596285463584845993625676558704454566516908962834815324105456447488
41 273 -257254377596285463584845993625676558704454566516908962834815324105456447488
273 65 12440185393577710851038091945816646072497634931352242572838208144473568283995300
65 273 12440185393577710851038091945816646072497634931352242572838208144473568283995300
273 89 3625941799067881876510537773906766557243913994040796856115379154492210936017967035
89 273 3625941799067881876510537773906766557243913994040796856115379154492210936017967035
273 113 795013060504676781956363204564181745584910415901167202928957979126205569042035408
113 273 795013060504676781956363204564181745584910415901167202928957979126205569042035408
273 137 -413604996919814908598388405630396801679484139050270653670207954222202540884307895
137 273 -413604996919814908598388405630396801679484139050270653670207954222202540884307895
273 161 6013195018552415021893543343061115591938789658669065717775883099214909462194204
161 273 6013195018552415021893543343061115591938789658669065717775883099214909462194204
273 185 -292981211730547760184889615833520683824725731580592385281990157597978636573022
185 273 -292981211730547760184889615833520683824725731580592385281990157597978636573022
273 209 -10292792680847750557725340523934418338393920371511198179879372981726801739681
209 273 -10292792680847750557725340523934418338393920371511198179879372981726801739681
273 233 358442144437349385663756637610001796795247968566768090042805462239965100623
233 273 358442144437349385663756637610001796795247968566768090042805462239965100623
273 257 -1087529240111168181558202461188998479749798379031371295249359711042924892
257 273 -1087529240111168181558202461188998479749798379031371295249359711042924892
272 18 -8111029749170992597569756945920313297506295026294907406791999488
18 272 -8111029749170992597569756945920313297506295026294907406791999488
272 42 1865637532435243204404176108907452000606697702694228153529285876732366356480
42 272 1865637532435243204404176108907452000606697702694228153529285876732366356480
272 66 14888724911856810970477320200056670475849074721336693630199192406276973829372820
66 272 14888724911856810970477320200056670475849074721336693630199192406276973829372820
272 90 -6932863399814071434770815203017258340323620330576060015371302496222963273473350645
90 272 -6932863399814071434770815203017258340323620330576060015371302496222963273473350645
272 114 -2497898142453835873912156603475537368616453271464418700855613993078901446223840824
114 272 -2497898142453835873912156603475537368616453271464418700855613993078901446223840824
272 138 845275842869181272903279481273326985334123010454330710952199200531615166626222466
138 272 845275842869181272903279481273326985334123010454330710952199200531615166626222466
272 162 -11135985971143346117920272118461113046940356890448661769551455324977174820521327
162 272 -11135985971143346117920272118461113046940356890448661769551455324977174820521327
272 186 1897588172809302886338133854593935709234707657973551849652821291946180623436339
186 272 1897588172809302886338133854593935709234707657973551849652821291946180623436339
272 210 15947942335554312681619180651235472630622599603056905358884894473913195764957
210 272 15947942335554312681619180651235472630622599603056905358884894473913195764957
272 234 -569543011351052164102219744974429208488838353474168609937869163193192295008
234 272 -569543011351052164102219744974429208488838353474168609937869163193192295008
272 258 1580182629927493991787338701752216878658100081115496024013922689343149776
258 272 1580182629927493991787338701752216878658100081115496024013922689343149776
271 19 36352044717307636434490808162511554260971245708901257387536547840
19 271 36352044717307636434490808162511554260971245708901257387536547840
271 43 -6762975324729247278771804267474817713874377499442108691864968844212421459968
43 271 -6762975324729247278771804267474817713874377499442108691864968844212421459968
271 67 -123362328794622338791676170040399281885212943114731986140585972792568057921049512
67 271 -123362328794622338791676170040399281885212943114731986140585972792568057921049512
271 91 7107160334434903324322441670634966135979880115103163871812135259189925249042014005
91 271 7107160334434903324322441670634966135979880115103163871812135259189925249042014005
271 115 4899386421253242039338777214522637234051272620117154631912642871404502251842604692
115 271 4899386421253242039338777214522637234051272620117154631912642871404502251842604692
271 139 -1353350662321439061396368078513756813931151215041095927400181308288134847695454774
139 271 -1353350662321439061396368078513756813931151215041095927400181308288134847695454774
271 163 9289553975423485377465808488684923193767129503317017875624428590160960384536519
163 271 9289553975423485377465808488684923193767129503317017875624428590160960384536519
271 187 -4588693162504737983489480392892009701822666129852594461996257707034102802542935
187 271 -4588693162504737983489480392892009701822666129852594461996257707034102802542935
271 211 -17256663645898077847187805795966200326184733366673244091374388333549087533250
211 271 -17256663645898077847187805795966200326184733366673244091374388333549087533250
271 235 753402175205360388448735019742324720939498575179026449007663445177302811879
235 271 753402175205360388448735019742324720939498575179026449007663445177302811879
271 259 -2002503829622780386321104070182197647926507396085939697151453079443365549
259 271 -2002503829622780386321104070182197647926507396085939697151453079443365549
270 20 -3476614667809433404468941259255811162938885057545805672031306383360
20 270 -3476614667809433404468941259255811162938885057545805672031306383360
270 44 13208913100608823665825142315718727806959747929866486389741177656378275364864
44 270 13208913100608823665825142315718727806959747929866486389741177656378275364864
270 68 359119280447379364532744322688900489951695170481153245285894881766861134799451141
68 270 359119280447379364532744322688900489951695170481153245285894881766861134799451141
270 92 5886646991815813380560530160733320107913515886342978228315857415482012115273674705
92 270 5886646991815813380560530160733320107913515886342978228315857415482012115273674705
270 116 -6286702038865162691782201501347656421364604142169930909681838564490471018628675474
116 270 -6286702038865162691782201501347656421364604142169930909681838564490471018628675474
270 140 1170769382063475871597593419581237362190172243426903355738931513574393484255677664
140 270 1170769382063475871597593419581237362190172243426903355738931513574393484255677664
270 164 8482893535462729414341224507321790445870439490403152497654788224499186322050703
164 270 8482893535462729414341224507321790445870439490403152497654788224499186322050703
270 188 8553525734404454437163403186753661375169950207831854699192346062288910430181696
188 270 8553525734404454437163403186753661375169950207831854699192346062288910430181696
270 212 8071142934852460607930642509101846482127051938664423316199121771184856485192
212 270 8071142934852460607930642509101846482127051938664423316199121771184856485192
270 236 -848901720659013014883848491606695189041211150585449563293109807728972260251
236 270 -848901720659013014883848491606695189041211150585449563293109807728972260251
270 260 2219063804262267756390168456736968123775202559398682315378715043237031618
260 270 2219063804262267756390168456736968123775202559398682315378715043237031618
269 21 -3115815126098046887355490394938217515162038403539081770450187976704
21 269 -3115815126098046887355490394938217515162038403539081770450187976704
269 45 11054903261483713480979852770874602879523236069136955719974007628715444961280
45 269 11054903261483713480979852770874602879523236069136955719974007628715444961280
269 69 -641060524317377778674897440658784093840812469220014539332530273342693123066611598
69 269 -641060524317377778674897440658784093840812469220014539332530273342693123066611598
269 93 -47122889763254988472906465473371881861436008466715203621249066786942614060711219058
93 269 -47122889763254988472906465473371881861436008466715203621249066786942614060711219058
269 117 2619654726546232026063866587955244868328416070159997595516736312744703838220690843
117 269 2619654726546232026063866587955244868328416070159997595516736312744703838220690843
269 141 984629937720709692683687862486683257757138886342299573829187900551434547941521085
141 269 984629937720709692683687862486683257757138886342299573829187900551434547941521085
269 165 -53732494325637402751703547762631963816510052590182382983651754112715178511125225
165 269 -53732494325637402751703547762631963816510052590182382983651754112715178511125225
269 189 -13526446443502566510479644725240099848912580581804109995636264704588404502764056
189 269 -13526446443502566510479644725240099848912580581804109995636264704588404502764056
269 213 15794864057250447107840350997320310443233978618228151575025738027848123839540
213 269 15794864057250447107840350997320310443233978618228151575025738027848123839540
269 237 810990988906514564703097235751130158570637098360219481906012569470554022205
237 269 810990988906514564703097235751130158570637098360219481906012569470554022205
269 261 -2154308037094139085956948554990904453882265486120067301917076380252991501
261 269 -2154308037094139085956948554990904453882265486120067301917076380252991501
268 22 310612681773089026095975180706988559657951106204786450479077035868160
22 268 310612681773089026095975180706988559657951106204786450479077035868160
268 46 -197279019277301094678743408745831331335303380700095613359943182023083606507520
46 268 -197279019277301094678743408745831331335303380700095613359943182023083606507520
268 70 546132467081903182027447708641369189469516918001134316779467802642398921595960917
70 268 546132467081903182027447708641369189469516918001134316779467802642398921595960917
268 94 123792998067216526178465606867078836592848118478248644260907065923047981922736157635
94 268 123792998067216526178465606867078836592848118478248644260907065923047981922736157635
268 118 12142571405362120959606613913918602825190094140669723882622194546234060225094602281
118 268 12142571405362120959606613913918602825190094140669723882622194546234060225094602281
268 142 -6091024465196123421086461711801809448094160281799199082359737768327921794334447495
142 268 -6091024465196123421086461711801809448094160281799199082359737768327921794334447495
268 166 137781067526943525560729994501559452756194601277191575854484854783280660314699314
166 268 137781067526943525560729994501559452756194601277191575854484854783280660314699314
268 190 18418466109744958103654275862362760528216602913046798846202416819283681739913465
190 268 18418466109744958103654275862362760528216602913046798846202416819283681739913465
268 214 -51661115720528605835265405458901300720835359629392063463828400061189997564367
214 268 -51661115720528605835265405458901300720835359629392063463828400061189997564367
268 238 -641013482020335148722676251429533469783554773602398809680187870165156790176
238 268 -641013482020335148722676251429533469783554773602398809680187870165156790176
268 262 1836527910855450209053765060535179571193246808678426909802763830651187039
262 268 1836527910855450209053765060535179571193246808678426909802763830651187039
267 23 -1017576877526673662669282080629160239808142653284537334164673706065920
23 267 -1017576877526673662669282080629160239808142653284537334164673706065920
267 47 814683825084164273001805041900607259424468613598997752784187551288308976353280
47 267 814683825084164273001805041900607259424468613598997752784187551288308976353280
267 71 731948126845216868536035440939346197008787570686220932702978522382972855022766672
71 267 731948126845216868536035440939346197008787570686220932702978522382972855022766672
267 95 -203537184901143282105297174863226203067106700573565206581881322461757507072781214571
95 267 -203537184901143282105297174863226203067106700573565206581881322461757507072781214571
267 119 -43754308704178574061356468419119199169707089087866665440540532201656812682144151758
119 267 -43754308704178574061356468419119199169707089087866665440540532201656812682144151758
267 143 14004022547307192000994723721350638458952609074614281419657152916966217275890079328
143 267 14004022547307192000994723721350638458952609074614281419657152916966217275890079328
267 167 -262095384047562513785513377375022395088622992425255442521280530733763323382521299
167 267 -262095384047562513785513377375022395088622992425255442521280530733763323382521299
267 191 -21148902547221004331536104262860421142725500072878006670285158799861689182040496
191 267 -21148902547221004331536104262860421142725500072878006670285158799861689182040496
267 215 86522880201101794710428808212124063612768725678217979864246919186992112541631
215 267 86522880201101794710428808212124063612768725678217979864246919186992112541631
267 239 403366331826957394846994573919637078798770865430613081812619470302884234929
239 267 403366331826957394846994573919637078798770865430613081812619470302884234929
267 263 -1398068367537011657079333218249872024966501105681056865872966535926329801
263 267 -1398068367537011657079333218249872024966501105681056865872966535926329801
266 24 -9793741100337784644060390533418969410449936314752742597145842967117824
24 266 -9793741100337784644060390533418969410449936314752742597145842967117824
266 48 -1861576398380587847545995468107545695200717053525299935791312954120382779686912
48 266 -1861576398380587847545995468107545695200717053525299935791312954120382779686912
266 72 -3693746418983091780778297004894138036458994778664086698451256654464459989540836324
72 266 -3693746418983091780778297004894138036458994778664086698451256654464459989540836324
266 96 173824692490300747012890445833369393860675403189940715234412194666075915373115546881
96 266 173824692490300747012890445833369393860675403189940715234412194666075915373115546881
266 120 94152751450158462813615803545892486215497242395393982397415263003119198160978303893
120 266 94152751450158462813615803545892486215497242395393982397415263003119198160978303893
266 144 -23934049527088479959488952992126632810532622706579226050672584055296857798216323728
144 266 -23934049527088479959488952992126632810532622706579226050672584055296857798216323728
266 168 398857711716066234089479383827935952503779847208084813091539499070261235440634466
168 266 398857711716066234089479383827935952503779847208084813091539499070261235440634466
266 192 18958013844690427811100462696814452924996967982785194465002597379614483899254354
192 266 18958013844690427811100462696814452924996967982785194465002597379614483899254354
266 216 -98343058078299392266863881872707740379707402882124324948884351793907800889229
216 266 -98343058078299392266863881872707740379707402882124324948884351793907800889229
266 240 -211820876164269652291039255725937597491367097840330964569500782070946516755
240 266 -211820876164269652291039255725937597491367097840330964569500782070946516755
266 264 1025597182644722084868033157714431135115940756257452335770715599473528599
264 266 1025597182644722084868033157714431135115940756257452335770715599473528599
265 1 5815212337945505165213696
1 265 5815212337945505165213696
265 25 81046518942826243584478953520942735489544507740287056042360733584850944
25 265 81046518942826243584478953520942735489544507740287056042360733584850944
265 49 1080555484012779965972635254605411018888775108781009852937217111313683168284672
49 265 1080555484012779965972635254605411018888775108781009852937217111313683168284672
265 73 7495889047182160831102966254002813929598398741584811652611607616239469608632505612
73 265 7495889047182160831102966254002813929598398741584811652611607616239469608632505612
265 97 165861910654272361496971780000008676355035438490651756159311123054079346714255427897
97 265 165861910654272361496971780000008676355035438490651756159311123054079346714255427897
265 121 -158888123339270789819579811337480831816517774837117927648281101029970146954416837911
121 265 -158888123339270789819579811337480831816517774837117927648281101029970146954416837911
265 145 36024452261966470797531150388570192506774696350504253949983331052955329724816240584
145 265 36024452261966470797531150388570192506774696350504253949983331052955329724816240584
265 169 -469253735656077517694903737242272636818972099936651454778617476011181355257258740
169 265 -469253735656077517694903737242272636818972099936651454778617476011181355257258740
265 193 -9277476970518585154690881516253676848528263744132514751085708331390013681692269
193 265 -9277476970518585154690881516253676848528263744132514751085708331390013681692269
265 217 63504968388144759083004132230727099474668705295039738445558388253806433216373
217 265 63504968388144759083004132230727099474668705295039738445558388253806433216373
265 241 182679774256907147236658140017506726703371593373154681847458165558180757402
241 265 182679774256907147236658140017506726703371593373154681847458165558180757402
265 265 -880308009415797951786532750767892492645994174326379051884674221343175360
264 2 21619374930379041165487705686016000
2 264 21619374930379041165487705686016000
264 26 -78770890260731118476557662011631548246017249476120654342246148557766656
26 264 -78770890260731118476557662011631548246017249476120654342246148557766656
264 50 11095152822084618382539184699041170358303320544467673169263050165091820502863872
50 264 11095152822084618382539184699041170358303320544467673169263050165091820502863872
264 74 -12456724571199492278888604032430013432555685032038350753096862203291863388182373100
74 264 -12456724571199492278888604032430013432555685032038350753096862203291863388182373100
264 98 -1017816070166103674941786964800240640073055220946039844427010897643733859337849889136
98 264 -1017816070166103674941786964800240640073055220946039844427010897643733859337849889136
264 122 225367362726109585873155170783139464269847008365731834524652855420244918230685131159
122 264 225367362726109585873155170783139464269847008365731834524652855420244918230685131159
264 146 -51062103932558152884049593571076224729825660902946693678473869934044918823032223038
146 264 -51062103932558152884049593571076224729825660902946693678473869934044918823032223038
264 170 340024929805746172641483037427216845264016321088741537241272100419104428815563470
170 264 340024929805746172641483037427216845264016321088741537241272100419104428815563470
264 194 -9140444727004165253132391173086121138456023149817871657297122754576151076516502
194 264 -9140444727004165253132391173086121138456023149817871657297122754576151076516502
264 218 32039530941336117476925909214996752127682788171288917555542230150541141127360
218 264 32039530941336117476925909214996752127682788171288917555542230150541141127360
264 242 -373759135053715984356218020071679766407301588955740051828189480793806477880
242 264 -373759135053715984356218020071679766407301588955740051828189480793806477880
263 3 197963063130009116464940070889389757038592
3 263 197963063130009116464940070889389757038592
263 27 -1691283807820854220069335695585479390249589506154949027645249072085860352
27 263 -1691283807820854220069335695585479390249589506154949027645249072085860352
263 51 -57077336883465519449361585263205978840578742319687233202912950036988831711358976
51 263 -57077336883465519449361585263205978840578742319687233202912950036988831711358976
263 75 32430617860562583555604642795778803253034802076692502607085450801094225646250473872
75 263 32430617860562583555604642795778803253034802076692502607085450801094225646250473872
263 99 2380560188053987300795071250554362868992112220724620280835959640405862597306054906416
99 263 2380560188053987300795071250554362868992112220724620280835959640405862597306054906416
263 123 -264366540238373868057321820112825401214880270066979045236424727837194642665835795424
123 263 -264366540238373868057321820112825401214880270066979045236424727837194642665835795424
263 147 65584010083852977945741582454419171365299104694489313082657848009304429469326972104
147 263 65584010083852977945741582454419171365299104694489313082657848009304429469326972104
263 171 144008857215923673680153633390461248798455354221718456693125826263914764061938839
171 263 144008857215923673680153633390461248798455354221718456693125826263914764061938839
263 195 35398076273631046103015429713314079748625669700736136016297278624952882387523751
195 263 35398076273631046103015429713314079748625669700736136016297278624952882387523751
263 219 -183944472135552439336339483273867909961393857797936380781124161729535588218667
219 263 -183944472135552439336339483273867909961393857797936380781124161729535588218667
263 243 744321167353931490987525527740922361874620911739547610255336284605289084748
243 263 744321167353931490987525527740922361874620911739547610255336284605289084748
262 4 58022950424630743407162442768067299075111780352
4 262 58022950424630743407162442768067299075111780352
262 28 9731786652951409064092365216714139341780741677702264499949032369326915584
28 262 9731786652951409064092365216714139341780741677702264499949032369326915584
262 52 156085223574346141704239770369867447570127049415055611984773941906793541534478336
52 262 156085223574346141704239770369867447570127049415055611984773941906793541534478336
262 76 -111245978567276004857452818081372532284021896003380916769838443986183173887135097255
76 262 -111245978567276004857452818081372532284021896003380916769838443986183173887135097255
262 100 -3784154523790189897231160281817382740279084659730096759264116616011411305903859229112
100 262 -3784154523790189897231160281817382740279084659730096759264116616011411305903859229112
262 124 206471572197082230347953651695301018091192098406169898810176011029086180206119154924
124 262 206471572197082230347953651695301018091192098406169898810176011029086180206119154924
262 148 -65638302326107833899283224650229993024291538981147194833671416076088884097916128762
148 262 -65638302326107833899283224650229993024291538981147194833671416076088884097916128762
262 172 -1101138173555316237292501910208654355763138345554815519132248732735983310333627580
172 262 -1101138173555316237292501910208654355763138345554815519132248732735983310333627580
262 196 -66332933178405755994100446546732058277190302647005339606311030622704548874736771
196 262 -66332933178405755994100446546732058277190302647005339606311030622704548874736771
262 220 369124742167079036296081709565910881847021863060573491191204148983144822840202
220 262 369124742167079036296081709565910881847021863060573491191204148983144822840202
262 244 -1167085480305187302510498730826273123090625953452615153318198571319663003025
244 262 -1167085480305187302510498730826273123090625953452615153318198571319663003025
261 5 1386809912095726702021251503358213073262101896626176
5 261 1386809912095726702021251503358213073262101896626176
261 29 -14336272863821917161925169485188204397430685779097657164935911622886555648
29 261 -14336272863821917161925169485188204397430685779097657164935911622886555648
261 53 -220167761695103743067619917887165625924905775656747682154009884381811457460314112
53 261 -220167761695103743067619917887165625924905775656747682154009884381811457460314112
261 77 297341479857434027339467551966829821551280008340666100346217793497079402644917517530
77 261 297341479857434027339467551966829821551280008340666100346217793497079402644917517530
261 101 4066121071015424242956590303565962079070500286527619379207211526844474730461658973592
101 261 4066121071015424242956590303565962079070500286527619379207211526844474730461658973592
261 125 77179727125697583872635861092389793490956767203304682927543108111698411578483000740
125 261 77179727125697583872635861092389793490956767203304682927543108111698411578483000740
261 149 28355224152370373486165934962050375648572009538580484614764084533609771575060558016
149 261 28355224152370373486165934962050375648572009538580484614764084533609771575060558016
261 173 2565317991872367781790555928791460148742652554596998072247419611709603667122942505
173 261 2565317991872367781790555928791460148742652554596998072247419611709603667122942505
261 197 96946049784868237233435811334902232293072933341275567805567541056937758377470688
197 261 96946049784868237233435811334902232293072933341275567805567541056937758377470688
261 221 -555320021611749218331724900140800290752483135953020138875102556772773407529468
221 261 -555320021611749218331724900140800290752483135953020138875102556772773407529468
261 245 1495753682749298470498046534111190825357264077125984357427357141544930130153
245 261 1495753682749298470498046534111190825357264077125984357427357141544930130153
260 6 3978031792011885743133475214957434411016781275989016576
6 260 3978031792011885743133475214957434411016781275989016576
260 30 -94105506392862566872971039361305335558173271685646796327023922537968959488
30 260 -94105506392862566872971039361305335558173271685646796327023922537968959488
260 54 -233071554895497392766024789145097039858841784424013987687719346299280536795721728
54 260 -233071554895497392766024789145097039858841784424013987687719346299280536795721728
260 78 -482168453100331093609383107336597028723590437450842092937995898892637971165479829079
78 260 -482168453100331093609383107336597028723590437450842092937995898892637971165479829079
260 102 -1219364056125410876665606383796650742919021382524439825241436486743475622805588293704
102 260 -1219364056125410876665606383796650742919021382524439825241436486743475622805588293704
260 126 -720111313486417231372310942112027921712418903617827036089929481654319767875466535266
126 260 -720111313486417231372310942112027921712418903617827036089929481654319767875466535266
260 150 64865016707464628756908224523834706639310588033114501255387138915549867218073941018
150 260 64865016707464628756908224523834706639310588033114501255387138915549867218073941018
260 174 -4475629046225670468884432884908391779193286735286498947730116602668787185513452165
174 260 -4475629046225670468884432884908391779193286735286498947730116602668787185513452165
260 198 -120783279499007563438037086392214820616480927160607564151027520139830178919737317
198 260 -120783279499007563438037086392214820616480927160607564151027520139830178919737317
260 222 714666261612343652689307245919946029297116301950352103231049798295346153306907
222 260 714666261612343652689307245919946029297116301950352103231049798295346153306907
260 246 -1654017127064447996033377125033159668712417014252446240503861830475658276465
246 260 -1654017127064447996033377125033159668712417014252446240503861830475658276465
259 7 1564813187043163376054054100342840667372093070577649057792
7 259 1564813187043163376054054100342840667372093070577649057792
259 31 665462272416745776850957949894827562893392959452361428530320959022615756800
31 259 665462272416745776850957949894827562893392959452361428530320959022615756800
259 55 2470657232109693562013006960939325067608971716145214487890821677241505099325116416
55 259 2470657232109693562013006960939325067608971716145214487890821677241505099325116416
259 79 37548680614970585834673525090812779599191644646559923030907743402693927370068154168
79 259 37548680614970585834673525090812779599191644646559923030907743402693927370068154168
259 103 -7623883140373940322159072118960748848769072168023348799060878027898640702605713861864
103 259 -7623883140373940322159072118960748848769072168023348799060878027898640702605713861864
259 127 1666995488429311701981479875253927418104864848823917102605866442478277527417341369678
127 259 1666995488429311701981479875253927418104864848823917102605866442478277527417341369678
259 151 -215691376491739535540111475059606034182338163182784705001550973146947544374170416520
151 259 -215691376491739535540111475059606034182338163182784705001550973146947544374170416520
259 175 6673407180704212599684016244288172086949270928082790782358086905598206494216295549
175 259 6673407180704212599684016244288172086949270928082790782358086905598206494216295549
259 199 129960116838471612161225514753110540827442677007683613598424913913986515429009481
199 259 129960116838471612161225514753110540827442677007683613598424913913986515429009481
259 223 -831019177553779158723620488034367512708886833866767282844608632872362561408499
223 259 -831019177553779158723620488034367512708886833866767282844608632872362561408499
259 247 1690206716515796530306147546836270606462135720200770350243501541993413285652
247 259 1690206716515796530306147546836270606462135720200770350243501541993413285652
258 8 93347500996195580604640133939730251168338645805429073903616
8 258 93347500996195580604640133939730251168338645805429073903616
258 32 -1894414563722432859534441271703533252253717953608430002813142546187737366528
32 258 -1894414563722432859534441271703533252253717953608430002813142546187737366528
258 56 -8174544116021802544413409131352192185899859251122427168074218450636899023565721600
56 258 -8174544116021802544413409131352192185899859251122427168074218450636899023565721600
258 80 2559021058525465588519370191568031618752921649965015186930366706190963829269560548756
80 258 2559021058525465588519370191568031618752921649965015186930366706190963829269560548756
258 104 25490668181705261434661556593964304861972308672135820713110897610018313776785891534800
104 258 25490668181705261434661556593964304861972308672135820713110897610018313776785891534800
258 128 -2433721693624004231821413010580029447923742489315498032196716225644053999099681803524
128 258 -2433721693624004231821413010580029447923742489315498032196716225644053999099681803524
258 152 413805654261344754752293039666887291005919326530817160548612264650524491735189388150
152 258 413805654261344754752293039666887291005919326530817160548612264650524491735189388150
258 176 -8840670756378643570489941689636535027115303929860178104060718781734407522407504121
176 258 -8840670756378643570489941689636535027115303929860178104060718781734407522407504121
258 200 -115490032362217642182635047141098860609629747553323565918683892766011518825518090
200 258 -115490032362217642182635047141098860609629747553323565918683892766011518825518090
258 224 894462262163195995272523169845524136808518513759637934985230771444675539901861
224 258 894462262163195995272523169845524136808518513759637934985230771444675539901861
258 248 -1755314477045005434385251340213391186644199585884635695134341329711652157996
248 258 -1755314477045005434385251340213391186644199585884635695134341329711652157996
257 9 1816267475586199338710100584642677731101159509508781055672320
9 257 1816267475586199338710100584642677731101159509508781055672320
257 33 495604569745519742653538175030708065298994292346415372831249473474876407808
33 257 495604569745519742653538175030708065298994292346415372831249473474876407808
257 57 15761857351876733957308030072945921784908057759837652281933125701806912603970891776
57 257 15761857351876733957308030072945921784908057759837652281933125701806912603970891776
257 81 -9352212329208730179223414572385342876268471459768301760615156948059039965532297352684
81 257 -9352212329208730179223414572385342876268471459768301760615156948059039965532297352684
257 105 -52789543574738868169788661347000711918418593573402801747226467447705840177298394981955
105 257 -52789543574738868169788661347000711918418593573402801747226467447705840177298394981955
257 129 2142502092778006202062955323265605761718098209763614061021496144264288858238417637470
129 257 2142502092778006202062955323265605761718098209763614061021496144264288858238417637470
257 153 -652223027189751681207658706281256874955704575441924845649320260021172227162535262032
153 257 -652223027189751681207658706281256874955704575441924845649320260021172227162535262032
257 177 10354735163139224635555874287830254369865184456348036294208803862027200368139193348
177 257 10354735163139224635555874287830254369865184456348036294208803862027200368139193348
257 201 69305246219346020961912845679379595569082525473182472021027416524222309307600401
201 257 69305246219346020961912845679379595569082525473182472021027416524222309307600401
257 225 -887613472448219791914913474136324283966680089028367709603566203864110902495335
225 257 -887613472448219791914913474136324283966680089028367709603566203864110902495335
257 249 2008212509613159125321822970672513468848259987936750459596250045981652978031
249 257 2008212509613159125321822970672513468848259987936750459596250045981652978031
256 10 8763185041949930523415748922704981760843717939060656480190464
10 256 8763185041949930523415748922704981760843717939060656480190464
256 34 21120867517291176735067232305308139278070420194724764426948980463727343042560
34 256 21120867517291176735067232305308139278070420194724764426948980463727343042560
256 58 -9511722840999328180245730606813785127082233605621919521152853641249997543116079104
58 256 -9511722840999328180245730606813785127082233605621919521152853641249997543116079104
256 82 20426420964217875022986400740580653052457186895983061541801046223281956178381587099392
82 256 20426420964217875022986400740580653052457186895983061541801046223281956178381587099392
256 106 81547211349016246310640697725270299576066102782801715414203879231487843947494991364661
106 256 81547211349016246310640697725270299576066102782801715414203879231487843947494991364661
256 130 -99991408229717021131993795859158339290494833290520581717677682784065938619940817668
130 256 -99991408229717021131993795859158339290494833290520581717677682784065938619940817668
256 154 916322833681050463578685310562158310694912890300241119244165553487821103137283879654
154 256 916322833681050463578685310562158310694912890300241119244165553487821103137283879654
256 178 -10128399012689697131571036599228285862756268885302494426136414396931393930286803233
178 256 -10128399012689697131571036599228285862756268885302494426136414396931393930286803233
256 202 11227058397050099630760292306494170925308397727212971490328447562903329792471110
202 256 11227058397050099630760292306494170925308397727212971490328447562903329792471110
256 226 778995664019932786566297281713294447296774859733897353006598793413957429229828
226 256 778995664019932786566297281713294447296774859733897353006598793413957429229828
256 250 -2502615726337797631365574872654584621785938095869312308766550194213780723724
250 256 -2502615726337797631365574872654584621785938095869312308766550194213780723724
255 11 371489449270652145541662537642359500786410254370181617081647104
11 255 371489449270652145541662537642359500786410254370181617081647104
255 35 -107958355859552589118905893953911190776342907084061288533640162380757998764032
35 255 -107958355859552589118905893953911190776342907084061288533640162380757998764032
255 59 -57533540369533046706665294897854680166072354510486530014692004286058483085371170816
59 255 -57533540369533046706665294897854680166072354510486530014692004286058483085371170816
255 83 -28409010071726173461985080758847791805483987874973335408473766737895963133619445817224
83 255 -28409010071726173461985080758847791805483987874973335408473766737895963133619445817224
255 107 -88893990455301018567841067936826699248542562691536291767855655553206853777079738676223
107 255 -88893990455301018567841067936826699248542562691536291767855655553206853777079738676223
255 131 -3405009007962727881542552004383364322427660467913263796309002091603405897227124795818
131 255 -3405009007962727881542552004383364322427660467913263796309002091603405897227124795818
255 155 -1130426294817681824346464502724455620960247416887651343865728501206148942298786500764
155 255 -1130426294817681824346464502724455620960247416887651343865728501206148942298786500764
255 179 6565396833323507471392224292585308479637691699747775810079167663984400246629319003
179 255 6565396833323507471392224292585308479637691699747775810079167663984400246629319003
255 203 -117456428274356332969535092196149734256484909299857616130951656245227201564707484
203 255 -117456428274356332969535092196149734256484909299857616130951656245227201564707484
255 227 -538134284839914380204080967002015902430694164656455534929419096409843030869785
227 255 -538134284839914380204080967002015902430694164656455534929419096409843030869785
255 251 3129706618147483459126168682611243345722309667928647621499490455910865348793
251 255 3129706618147483459126168682611243345722309667928647621499490455910865348793
254 12 -7577718507487875809719455493837717396579867635983809596400599040
12 254 -7577718507487875809719455493837717396579867635983809596400599040
254 36 273749688300814282497253520933744988974111821567970543070235914586032076488704
36 254 273749688300814282497253520933744988974111821567970543070235914586032076488704
254 60 263355069263009558655991116628353507039104006006303431980134567132164184031901646848
60 254 263355069263009558655991116628353507039104006006303431980134567132164184031901646848
254 84 12175110893850189974883066374000849048487588639362038024884168463981143059368021163699
84 254 12175110893850189974883066374000849048487588639362038024884168463981143059368021163699
254 108 36212060943053952775075635705137633048694541049504556986842119688857157191092384347135
108 254 36212060943053952775075635705137633048694541049504556986842119688857157191092384347135
254 132 7026858854575603559678976531747521161593506088525224252824416537913620466586271533278
132 254 7026858854575603559678976531747521161593506088525224252824416537913620466586271533278
254 156 1120490043753004545445374306390561862748038844487697593305407535045809968083027419506
156 254 1120490043753004545445374306390561862748038844487697593305407535045809968083027419506
254 180 2236107846061347672313093116215147185549953189084477110230032230142486911026575556
180 254 2236107846061347672313093116215147185549953189084477110230032230142486911026575556
254 204 225505664045436712586160355048852613760912071421587390709753918638277713112448867
204 254 225505664045436712586160355048852613760912071421587390709753918638277713112448867
254 228 171241629331539563472414004627453308763119363332162481747907336311948597713690
228 254 171241629331539563472414004627453308763119363332162481747907336311948597713690
254 252 -3660464838511047300790871274075455699791911218825754058939830294255290152533
252 254 -3660464838511047300790871274075455699791911218825754058939830294255290152533
253 13 -77192817015144300700980446357471498002399952489608972499924549632
13 253 -77192817015144300700980446357471498002399952489608972499924549632
253 37 -103112854446610060872831671463605893389853909066594167569896708223637192179712
37 253 -103112854446610060872831671463605893389853909066594167569896708223637192179712
253 61 -630253518920801122336868498016512787400162867117398275603034835029789318032230072320
61 253 -630253518920801122336868498016512787400162867117398275603034835029789318032230072320
253 85 62612820415441802304567448161030050730510977409469880053293307648234840661196000772478
85 253 62612820415441802304567448161030050730510977409469880053293307648234840661196000772478
253 109 119613404692387306133526157996671975693459850066062252153573154402838694948246608307054
109 253 119613404692387306133526157996671975693459850066062252153573154402838694948246608307054
253 133 -9464038958631338828876952453200022322171386264307956197553170976988272309205621338662
133 253 -9464038958631338828876952453200022322171386264307956197553170976988272309205621338662
253 157 -683696678851834533343005400016843398721185588276117330828293828824471427697650138404
157 253 -683696678851834533343005400016843398721185588276117330828293828824471427697650138404
253 181 -17889024405440427421687723411100078865232805624218068102439933500535918434868684287
181 253 -17889024405440427421687723411100078865232805624218068102439933500535918434868684287
253 205 -298030793468824748295202108078858472116823610432072406043214622058044530516795348
205 253 -298030793468824748295202108078858472116823610432072406043214622058044530516795348
253 229 245366590076118353508691762751321463698215771589557729232490215127968102656298
229 253 245366590076118353508691762751321463698215771589557729232490215127968102656298
253 253 3868630193997984201531074019645804876530058810640086082308872217442411948462
252 14 4219089890776262079148181443061407808877283240621362854206596186112
14 252 4219089890776262079148181443061407808877283240621362854206596186112
252 38 -2366455173241105244602230726849678821556320652672783772807378878843083628216320
38 252 -2366455173241105244602230726849678821556320652672783772807378878843083628216320
252 62 849396804696666209366897096586706183213380037785608456967634515415782607935497895936
62 252 849396804696666209366897096586706183213380037785608456967634515415782607935497895936
252 86 -226292403724835912782032596150970651146459626702167853815617039299313516382441856188189
86 252 -226292403724835912782032596150970651146459626702167853815617039299313516382441856188189
252 110 -402788642615645193191024380445116713830036306147671133688199766917858324153442619584915
110 252 -402788642615645193191024380445116713830036306147671133688199766917858324153442619584915
252 134 10461838433232700463185856399865970482656324737777613998236425730456851406948762593786
134 252 10461838433232700463185856399865970482656324737777613998236425730456851406948762593786
252 158 -249039720651673894604323459828541974624984000601417145561855158232242790690992223474
158 252 -249039720651673894604323459828541974624984000601417145561855158232242790690992223474
252 182 40603926157096827613558760541686611764349701223112353721982335874806006985009189551
182 252 40603926157096827613558760541686611764349701223112353721982335874806006985009189551
252 206 293856554994984980527734820181329280120283575831955662660552423820221332994035124
206 252 293856554994984980527734820181329280120283575831955662660552423820221332994035124
252 230 -566280670508022934892592626614159994809342344136163723472118353795191816297717
230 252 -566280670508022934892592626614159994809342344136163723472118353795191816297717
251 15 -47572217372096037378914075002032447386131780026490614031739913240576
15 251 -47572217372096037378914075002032447386131780026490614031739913240576
251 39 11585500701097292892898630474320301823504996089649893371924938440535116148113408
39 251 11585500701097292892898630474320301823504996089649893371924938440535116148113408
251 63 191555577783393194004086232220482941808032333492736573209170715524873231796385095680
63 251 191555577783393194004086232220482941808032333492736573209170715524873231796385095680
251 87 470066266121741399865868896097661910038208032649629713632315483360271054451557930405792
87 251 470066266121741399865868896097661910038208032649629713632315483360271054451557930405792
251 111 788345326867922798951317705616526174802549584990582728032584972092972900493688349018585
111 251 788345326867922798951317705616526174802549584990582728032584972092972900493688349018585
251 135 -9710355707858216681271930787143420368749407297383706725273412401119167688188102676828
135 251 -9710355707858216681271930787143420368749407297383706725273412401119167688188102676828
251 159 1528199041977952620355438342001637063106686883406244846206934485234190934153233316388
159 251 1528199041977952620355438342001637063106686883406244846206934485234190934153233316388
251 183 -67701887379584519737931603385705450126059218231199235762677723885297385579628395175
183 251 -67701887379584519737931603385705450126059218231199235762677723885297385579628395175
251 207 -184338693979040749887838644566537368978473951344601338970431563456343261747288701
207 251 -184338693979040749887838644566537368978473951344601338970431563456343261747288701
251 231 628607945723266017400930088003963183903258272464856358360303234531411528812985
231 251 628607945723266017400930088003963183903258272464856358360303234531411528812985
250 16 7709907617947812127348742937412086710229737964966350188657407688704
16 250 7709907617947812127348742937412086710229737964966350188657407688704
250 40 -28669479159263817202435882463528858002657932583008758226343151205970286257111040
40 250 -28669479159263817202435882463528858002657932583008758226343151205970286257111040
250 64 -4691054566265883969666133343805801359840670095410072171567428541186602714041496403968
64 250 -4691054566265883969666133343805801359840670095410072171567428541186602714041496403968
250 88 -707167166465315304522354585883568003310337852654111506285983525636401473566152272877660
88 250 -707167166465315304522354585883568003310337852654111506285983525636401473566152272877660
250 112 -1165750093301744670297038775402377006347666528161761915905066416905304157783932033775281
112 250 -1165750093301744670297038775402377006347666528161761915905066416905304157783932033775281
250 136 4317952175996631496928808164948003397945880871754668294742446753694976311280869208065
136 250 4317952175996631496928808164948003397945880871754668294742446753694976311280869208065
250 160 -2920533040098625740728804710278986807745021852589380095403904283766974802823521178734
160 250 -2920533040098625740728804710278986807745021852589380095403904283766974802823521178734
250 184 92532300995946293582768378313657911619450194479086670998040075995444936399289696694
184 250 92532300995946293582768378313657911619450194479086670998040075995444936399289696694
250 208 -28730864887503161078301399549152878908645307173298771401189043582179390041141479
208 250 -28730864887503161078301399549152878908645307173298771401189043582179390041141479
250 232 -335347246935019230120404148141064536579939897788401185235582766843346528201544
232 250 -335347246935019230120404148141064536579939897788401185235582766843346528201544
249 17 4356296304017649271934786892012922215890667431760797788865748245938176
17 249 4356296304017649271934786892012922215890667431760797788865748245938176
249 41 20991964342040376631339718766933636492058065354032482943304927705968593243996160
41 249 20991964342040376631339718766933636492058065354032482943304927705968593243996160
249 65 14851857608982044166187162721922115818471071719591103922648593016800095993929592975360
65 249 14851857608982044166187162721922115818471071719591103922648593016800095993929592975360
249 89 744137428739344016447232737470049818052641794823326265668048360758659954634199198001668
89 249 744137428739344016447232737470049818052641794823326265668048360758659954634199198001668
249 113 1294291962977904586853092363826395575487708835633545754315648154674618761255939700993379
113 249 1294291962977904586853092363826395575487708835633545754315648154674618761255939700993379
249 137 10599427326460355938957829278454617989033917787301524654047241927174983368244515593767
137 249 10599427326460355938957829278454617989033917787301524654047241927174983368244515593767
249 161 4328672369666926543256167966040853672569273496587186124292386848181737168060367867560
161 249 4328672369666926543256167966040853672569273496587186124292386848181737168060367867560
249 185 -105062244563830732583089354550444314314027954904348202471552846150979390196080722760
185 249 -105062244563830732583089354550444314314027954904348202471552846150979390196080722760
249 209 302294983212668672715931947561732194706619262046655462546271133975736948190968666
209 249 302294983212668672715931947561732194706619262046655462546271133975736948190968666
249 233 -277639175396047989778127797637273562802513404307360521890234858406990479746170
233 249 -277639175396047989778127797637273562802513404307360521890234858406990479746170
248 18 -39975823667748451839424638756674385546841291878785989677057306727022592
18 248 -39975823667748451839424638756674385546841291878785989677057306727022592
248 42 151414539407813844474748923722787850482080870342720933946605547657570366670241792
42 248 151414539407813844474748923722787850482080870342720933946605547657570366670241792
248 66 -28397008485638436596821259071558690161965548874039541822960855024529257568146844241920
66 248 -28397008485638436596821259071558690161965548874039541822960855024529257568146844241920
248 90 -247926960577911826347490756778966950107963221638679366918047497265705387960817869235676
90 248 -247926960577911826347490756778966950107963221638679366918047497265705387960817869235676
248 114 -777703916070488442431337816729006225816074169054134446776594759213548564045066375667236
114 248 -777703916070488442431337816729006225816074169054134446776594759213548564045066375667236
248 138 -35608211843177462787496667438432459716148051736176489229700081087182115764086512319917
138 248 -35608211843177462787496667438432459716148051736176489229700081087182115764086512319917
248 162 -5765956370921970546693044384235580834464315720053912512134945957823019203925802427822
162 248 -5765956370921970546693044384235580834464315720053912512134945957823019203925802427822
248 186 94867678733122057533798154917785271188244576135551904356808257886559371642160280674
186 248 94867678733122057533798154917785271188244576135551904356808257886559371642160280674
248 210 -557397940597955522615921635502446081015919420026037113169209833208567112947213892
210 248 -557397940597955522615921635502446081015919420026037113169209833208567112947213892
248 234 1037681638721943952394279079553333361636480731310441924526153996081294660880207
234 248 1037681638721943952394279079553333361636480731310441924526153996081294660880207
247 19 99996796148030636168556802600501368681804418966320862494492301100843008
19 247 99996796148030636168556802600501368681804418966320862494492301100843008
247 43 -797062361320436920744398746476424283343762688837265961421061039285383184594763776
43 247 -797062361320436920744398746476424283343762688837265961421061039285383184594763776
247 67 29110928729845364016424721082920821292973588951462559218942506021641933820076089364480
67 247 29110928729845364016424721082920821292973588951462559218942506021641933820076089364480
247 91 -1309326450795631107356894206268147869856035856564239825807455305956065178677572577707616
91 247 -1309326450795631107356894206268147869856035856564239825807455305956065178677572577707616
247 115 -856346639019219981625664014417717715256062099112269263420968588957698791611016750253018
115 247 -856346639019219981625664014417717715256062099112269263420968588957698791611016750253018
247 139 61916886473992246733874155926107932269124898044425782803369092831133322098956448627570
139 247 61916886473992246733874155926107932269124898044425782803369092831133322098956448627570
247 163 7020996943102727549694504936726270413114632852200461548662618511564853386248650765624
163 247 7020996943102727549694504936726270413114632852200461548662618511564853386248650765624
247 187 -55583649372278949510044843114811427084749910148383231209440063948589136564179942333
187 247 -55583649372278949510044843114811427084749910148383231209440063948589136564179942333
247 211 704581630793984875124827804005544623879424553786570460182202135158505885441283715
211 247 704581630793984875124827804005544623879424553786570460182202135158505885441283715
247 235 -1704932083265843196955069427163026455156753004416988070090955768945269650683517
235 247 -1704932083265843196955069427163026455156753004416988070090955768945269650683517
246 20 887704085096587938788321723675006372095131858512007996722729571611312128
20 246 887704085096587938788321723675006372095131858512007996722729571611312128
246 44 2099001637978018902976440624217288015018031955764737421558719365263485301929541632
44 246 2099001637978018902976440624217288015018031955764737421558719365263485301929541632
246 68 24111706078477571606775931538363679162013761070460838823181751973814321624160971591680
68 246 24111706078477571606775931538363679162013761070460838823181751973814321624160971591680
246 92 4632952077919189924074646754601060798111656128405721822134877519906489256025712461907531
92 246 4632952077919189924074646754601060798111656128405721822134877519906489256025712461907531
246 116 3883782234719863840933977778542326708732826757459221229876999732130685754117537412842572
116 246 3883782234719863840933977778542326708732826757459221229876999732130685754117537412842572
246 140 -79607621036186013825191150191552389720753658488317268717238718622225485900248907432491
140 246 -79607621036186013825191150191552389720753658488317268717238718622225485900248907432491
246 164 -7451835618420570857926382674241559720447122996921716088751853823929868776529504093258
164 246 -7451835618420570857926382674241559720447122996921716088751853823929868776529504093258
246 188 -11581563861518827311788306851761449474168867051553514741322493741113480610313565471
188 246 -11581563861518827311788306851761449474168867051553514741322493741113480610313565471
246 212 -681942482404743971678326841414055340957441018564465842239099452961621540469036883
212 246 -681942482404743971678326841414055340957441018564465842239099452961621540469036883
246 236 2079455382996791637902984419696048399689843048285324566573794875753377544326115
236 246 2079455382996791637902984419696048399689843048285324566573794875753377544326115
245 21 -9448396877874737261262225701744389159079322495894987211757196843195301888
21 245 -9448396877874737261262225701744389159079322495894987211757196843195301888
245 45 -2534861217832856530608955939945178052294761587213696344400553516773401490916114432
45 245 -2534861217832856530608955939945178052294761587213696344400553516773401490916114432
245 69 -193015356470292432785024882578931228104441890679665474032636177559316947192673153261568
69 245 -193015356470292432785024882578931228104441890679665474032636177559316947192673153261568
245 93 -10223534400861495312268038974134328965437016379200023300032787167381062443637438929810802
93 245 -10223534400861495312268038974134328965437016379200023300032787167381062443637438929810802
245 117 -7970153189186113507775858150072859139050385911153730728713000006192292314250488564606004
117 245 -7970153189186113507775858150072859139050385911153730728713000006192292314250488564606004
245 141 96534248001103886767114115852696977440981878700321971022987111669494647258901685258551
141 245 96534248001103886767114115852696977440981878700321971022987111669494647258901685258551
245 165 6343522582151848273497882980003148937613922608318946672956730928869373736197030583776
165 245 6343522582151848273497882980003148937613922608318946672956730928869373736197030583776
245 189 97239825329869557068215405458255095550527235349932185255585353578414200931216532491
189 245 97239825329869557068215405458255095550527235349932185255585353578414200931216532491
245 213 487234690680273328864179165794145405670545831151638874976015752435534161140447526
213 245 487234690680273328864179165794145405670545831151638874976015752435534161140447526
245 237 -2086441512075190686052042420599565537752376888491723187155907521345547917536441
237 245 -2086441512075190686052042420599565537752376888491723187155907521345547917536441
244 22 36849895238162863345727517399230205414302758148409788245568905448217640960
22 244 36849895238162863345727517399230205414302758148409788245568905448217640960
244 46 -5111125228434412265399039741789177913814225052982611383696166280177037591023976448
46 244 -5111125228434412265399039741789177913814225052982611383696166280177037591023976448
244 70 507056120083318891226995125727554914684305893286906446892675342020804533955527301672960
70 244 507056120083318891226995125727554914684305893286906446892675342020804533955527301672960
244 94 17344050170131724152156371315380881660708679285720906493290439886657303600954479345764363
94 244 17344050170131724152156371315380881660708679285720906493290439886657303600954479345764363
244 118 11860943487415219521632958811876076224459150707006412319217522572859734058135984767875468
118 244 11860943487415219521632958811876076224459150707006412319217522572859734058135984767875468
244 142 -140859860986200893469084417072082934556874773041355034245616661797144563867125715528758
142 244 -140859860986200893469084417072082934556874773041355034245616661797144563867125715528758
244 166 -3502272925597325254679056088038985894980336262077332816679705447164800075341492090918
166 244 -3502272925597325254679056088038985894980336262077332816679705447164800075341492090918
244 190 -186001873265825564449809908143205958261521541983094847576185349014746357498701146512
190 244 -186001873265825564449809908143205958261521541983094847576185349014746357498701146512
244 214 -183870714120983790855868562526923858298820306649111279032337282531433521714219483
214 244 -183870714120983790855868562526923858298820306649111279032337282531433521714219483
244 238 1796739801417466997401804170857960041568432111011961298860956925506776957971791
238 244 1796739801417466997401804170857960041568432111011961298860956925506776957971791
243 23 -6883565358512462763901433992908460421472408035282284677053319743872696320
23 243 -6883565358512462763901433992908460421472408035282284677053319743872696320
243 47 37709107845434596816777597860811390620116116415472293773718754631338520870467403776
47 243 37709107845434596816777597860811390620116116415472293773718754631338520870467403776
243 71 -833688309355082883503297228239774527762869045549323086159385896803358748970111854882816
71 243 -833688309355082883503297228239774527762869045549323086159385896803358748970111854882816
243 95 -22565469600409955264854506827653411443925031568823449791785457498195489537365867296635208
95 243 -22565469600409955264854506827653411443925031568823449791785457498195489537365867296635208
243 119 -13412998277119904664428872625586847032384871301074261885743423982686659222797917239182962
119 243 -13412998277119904664428872625586847032384871301074261885743423982686659222797917239182962
243 143 223778673095767608060572309954706015757686362576340142721035142154002732249782333295496
143 243 223778673095767608060572309954706015757686362576340142721035142154002732249782333295496
243 167 -787274101210069144048031577050526269881087822081766633867511039260080600647179847096
167 243 -787274101210069144048031577050526269881087822081766633867511039260080600647179847096
243 191 259824676474042572669425653615688889982984096987009843398606866909854786687714061881
191 243 259824676474042572669425653615688889982984096987009843398606866909854786687714061881
243 215 -126117559099057979680610685198038345047183606266633363968288558472572373934623675
215 243 -126117559099057979680610685198038345047183606266633363968288558472572373934623675
243 239 -1381562292077989917306469765007981116476520448178795125056262002386607009872164
239 243 -1381562292077989917306469765007981116476520448178795125056262002386607009872164
242 24 -688704189102448929089634630249024517777826572148372863191770247123525697536
24 242 -688704189102448929089634630249024517777826572148372863191770247123525697536
242 48 -109199334593173322684394776293102782787270372658987737579909002534466335541800468480
48 242 -109199334593173322684394776293102782787270372658987737579909002534466335541800468480
242 72 711985940440271859764799266133481037253326451465997169600152349352246949368281280024576
72 242 711985940440271859764799266133481037253326451465997169600152349352246949368281280024576
242 96 18916736169931930239692924806903703571397443586422517534738323841974458530887325030429605
96 242 18916736169931930239692924806903703571397443586422517534738323841974458530887325030429605
242 120 9926579145103419361900949141289751459122420090561271269787183371075861080684530041912844
120 242 9926579145103419361900949141289751459122420090561271269787183371075861080684530041912844
242 144 -287719886663691910532311762040706432004965086603586157366738916305051309966919954759724
144 242 -287719886663691910532311762040706432004965086603586157366738916305051309966919954759724
242 168 6555358367067948811511837478159645921865846527359489850506277868056015182758308947766
168 242 6555358367067948811511837478159645921865846527359489850506277868056015182758308947766
242 192 -301553277615640988823855044056408638252171088824425004133381061333157500897115653791
192 242 -301553277615640988823855044056408638252171088824425004133381061333157500897115653791
242 216 348264787928858221284093498971149752413489160242444421724271424243553296786886254
216 242 348264787928858221284093498971149752413489160242444421724271424243553296786886254
242 240 1034725198287319337013689730443816696507493057748271088330421319269940228407658
240 242 1034725198287319337013689730443816696507493057748271088330421319269940228407658
241 1 -33055059331576507158415540224
1 241 -33055059331576507158415540224
241 25 3918577210704640419723324338819545275008601843472179579901053958598734905344
25 241 3918577210704640419723324338819545275008601843472179579901053958598734905344
241 49 161385140644302116490403674889089366180020775564051520715993635265141179643185856512
49 241 161385140644302116490403674889089366180020775564051520715993635265141179643185856512
241 73 679370386039899592691596410880035538350225156057709593228538360029509004141590232666112
73 241 679370386039899592691596410880035538350225156057709593228538360029509004141590232666112
241 97 3102652437855051981393454022422285130497212525870759273312303991985125727199712902332614
97 241 3102652437855051981393454022422285130497212525870759273312303991985125727199712902332614
241 121 1384056901411024637822852995924281005162900376335512218936209928635226059566303820873862
121 241 1384056901411024637822852995924281005162900376335512218936209928635226059566303820873862
241 145 207541047080260782984863644065311641999201807247418083929294087178266716702064831546867
145 241 207541047080260782984863644065311641999201807247418083929294087178266716702064831546867
241 169 -14410779208296202986724185582742300867890952593677614034102367522375998355364468888368
169 241 -14410779208296202986724185582742300867890952593677614034102367522375998355364468888368
241 193 298884063936462640881211522924809500689284307884959249622713677362631090822792618184
193 241 298884063936462640881211522924809500689284307884959249622713677362631090822792618184
241 217 -434514589900547523509392300753617277643302199638478232606793093769260452246742334
217 241 -434514589900547523509392300753617277643302199638478232606793093769260452246742334
241 241 -901442557290498326385194204289834449157414143575600746835001353201753068186280
240 2 1149926663050733255666889854082200109056
2 240 1149926663050733255666889854082200109056
240 26 -10153270278040165167218650499750252459181200336396134793812424215557469896704
26 240 -10153270278040165167218650499750252459181200336396134793812424215557469896704
240 50 88523336262986199404807700301888260941529032974496866142207514516795058737733697536
50 240 88523336262986199404807700301888260941529032974496866142207514516795058737733697536
240 74 -4168974623400360652561559407821785661739234184994979202773036636748733887847833145901056
74 240 -4168974623400360652561559407821785661739234184994979202773036636748733887847833145901056
240 98 -52247038368770003829604992683380082924892902040705574673461690791523891216910325740927701
98 240 -52247038368770003829604992683380082924892902040705574673461690791523891216910325740927701
240 122 -22485917251162598111673111591034500390815893529076049550009387696985158195989837126138318
122 240 -22485917251162598111673111591034500390815893529076049550009387696985158195989837126138318
240 146 128170681886000823672356347630437385969480951039690424981976678547908086680872926095480
146 240 128170681886000823672356347630437385969480951039690424981976678547908086680872926095480
240 170 24142933450602926476104919230513613587817084401937326498353939968723931483253762194130
170 240 24142933450602926476104919230513613587817084401937326498353939968723931483253762194130
240 194 -248064880042429100063811083822528438397884038544107111041832855331743572079106211937
194 240 -248064880042429100063811083822528438397884038544107111041832855331743572079106211937
240 218 394492874912378525711553481195382802227786306246742411334246704516930969210221155
218 240 394492874912378525711553481195382802227786306246742411334246704516930969210221155
239 3 -30031033718514846403629825349251602452905459712
3 239 -30031033718514846403629825349251602452905459712
239 27 -3374474511800003998932556000592061205274612045847625000515724659351961468928
27 239 -3374474511800003998932556000592061205274612045847625000515724659351961468928
239 51 -1236328932799788872846660296219558994966217211234278749563043439122386052378295009280
51 239 -1236328932799788872846660296219558994966217211234278749563043439122386052378295009280
239 75 9750774530269131984056611842270670311391691656088044670304090687102413198565600896679936
75 239 9750774530269131984056611842270670311391691656088044670304090687102413198565600896679936
239 99 131715604308763873676299542565071538231266855087901109375986598259368564657967984783858856
99 239 131715604308763873676299542565071538231266855087901109375986598259368564657967984783858856
239 123 52431373318531778733040076885839278507040597470695556425786583633736811266215783833576920
123 239 52431373318531778733040076885839278507040597470695556425786583633736811266215783833576920
239 147 -730795791818978917084929638564375538486232117580109836578699445458577426060837562332760
147 239 -730795791818978917084929638564375538486232117580109836578699445458577426060837562332760
239 171 -32842416973071318281184425566265941482586341761878957211010191760555188612443765590260
171 239 -32842416973071318281184425566265941482586341761878957211010191760555188612443765590260
239 195 154416101196223381700319202850002291469871144125908860250323887161674196658773982031
195 239 154416101196223381700319202850002291469871144125908860250323887161674196658773982031
239 219 -278531590311781482517712309653814587198612673330872822489173422002796225370353287
219 239 -278531590311781482517712309653814587198612673330872822489173422002796225370353287
238 4 9763664436547700231782839161914902906545856502038528
4 238 9763664436547700231782839161914902906545856502038528
238 28 156528550182894598309358893755370966269993285592325028573999124690959448670208
28 238 156528550182894598309358893755370966269993285592325028573999124690959448670208
238 52 3661122457888578156450395069945121485259635946476257184764615744187978828554986061824
52 238 3661122457888578156450395069945121485259635946476257184764615744187978828554986061824
238 76 -15499896929444617819058832514323999704183130766254476325945821659182740708982207402442752
76 238 -15499896929444617819058832514323999704183130766254476325945821659182740708982207402442752
238 100 -233494337186119936872852123378311846000732322538992272589274772499880111917054817538182782
100 238 -233494337186119936872852123378311846000732322538992272589274772499880111917054817538182782
238 124 -84244079182491832893520252740359708178703993777715127781982724055207425592784930695120762
124 238 -84244079182491832893520252740359708178703993777715127781982724055207425592784930695120762
238 148 1518150373089973900439071176263602637351501648485567874866744174383409802995911215748380
148 238 1518150373089973900439071176263602637351501648485567874866744174383409802995911215748380
238 172 35383642818463060474068511368616060478690511747716126295190995574495363743351469244472
172 238 35383642818463060474068511368616060478690511747716126295190995574495363743351469244472
238 196 -27630493628427662759761321856514828324097395263514914134447256380448816892882646401
196 238 -27630493628427662759761321856514828324097395263514914134447256380448816892882646401
238 220 147623449036259845126388958381784900621888771231081880978265479675256088947432998
220 238 147623449036259845126388958381784900621888771231081880978265479675256088947432998
237 5 -104589172666287732598027237285767130642428745678382432256
5 237 -104589172666287732598027237285767130642428745678382432256
237 29 -779803098306993157409364017142829765975715801647363333123248811213815189340160
29 237 -779803098306993157409364017142829765975715801647363333123248811213815189340160
237 53 -5603394820013755806605427564856524410144768530264728636138927693446534620335877128192
53 237 -5603394820013755806605427564856524410144768530264728636138927693446534620335877128192
237 77 16654831906879177699150193883406180675872769173617128977232738413954968495970955155832832
77 237 16654831906879177699150193883406180675872769173617128977232738413954968495970955155832832
237 101 331514962843834874568339244568838157217566108014398714923929345682196098521225494339364260
101 237 331514962843834874568339244568838157217566108014398714923929345682196098521225494339364260
237 125 103310432300479884406859110292350172407068606843136030108183966967371695436843142255109908
125 237 103310432300479884406859110292350172407068606843136030108183966967371695436843142255109908
237 149 -2375958467902383206060456566076812864491116763896847186791005596463321732168594887711102
149 237 -2375958467902383206060456566076812864491116763896847186791005596463321732168594887711102
237 173 -28020247495305999190153132432974377233081358256095210813061746380517745863044149667586
173 237 -28020247495305999190153132432974377233081358256095210813061746380517745863044149667586
237 197 -124592094002645962082138404831325938162810402480282839591185271955705459628654060659
197 237 -124592094002645962082138404831325938162810402480282839591185271955705459628654060659
237 221 -46355406066258205575369325076661088080151319759453819381527644650759493732721234
221 237 -46355406066258205575369325076661088080151319759453819381527644650759493732721234
236 6 39792535010473900016203909321772775454917689885917901225984
6 236 39792535010473900016203909321772775454917689885917901225984
236 30 2127773139622786978233081089111185729913893135917719973984411386339011753672704
30 236 2127773139622786978233081089111185729913893135917719973984411386339011753672704
236 54 294287817744873874751541493251162581425259995483947551989695778683346212668571648000
54 236 294287817744873874751541493251162581425259995483947551989695778683346212668571648000
236 78 -4994515173889682950822323748031081442996311582820105524188923849701276151011689651011584
78 236 -4994515173889682950822323748031081442996311582820105524188923849701276151011689651011584
236 102 -373906322928062086665042134104982098093879916784733872322214068685964934663903237749448314
102 236 -373906322928062086665042134104982098093879916784733872322214068685964934663903237749448314
236 126 -90701259099734231295977369757709416328504847943655008730102970795385985628935543417065978
126 236 -90701259099734231295977369757709416328504847943655008730102970795385985628935543417065978
236 150 3110215130661948096517862442552142696921603525849257061689242326727848554603098046399086
150 236 3110215130661948096517862442552142696921603525849257061689242326727848554603098046399086
236 174 11683395248433134100487197575761921360638899711181552942315115820254104928075238601594
174 236 11683395248433134100487197575761921360638899711181552942315115820254104928075238601594
236 198 296699628045493404741124047115394302446052813465683051386749828956889602027552517822
198 236 296699628045493404741124047115394302446052813465683051386749828956889602027552517822
236 222 -14140590519414750764340181207832776399800635312848311148841722013514378082950573
222 236 -14140590519414750764340181207832776399800635312848311148841722013514378082950573
235 7 830749785140705511042931728035194913486220770747402227286016
7 235 830749785140705511042931728035194913486220770747402227286016
235 31 -1489023490235319303492276858293241885699298984351413754635531577708184126619648
31 235 -1489023490235319303492276858293241885699298984351413754635531577708184126619648
235 55 23834077745443193568634076941426083836168075385439593745508617296739987515419412922368
55 235 23834077745443193568634076941426083836168075385439593745508617296739987515419412922368
235 79 -31227425342971659559563559399263227284558119600223636680953356402272832317873003978194944
79 235 -31227425342971659559563559399263227284558119600223636680953356402272832317873003978194944
235 103 278985577592107522678286997691182462804820308404058756820081866665028808224898772281964104
103 235 278985577592107522678286997691182462804820308404058756820081866665028808224898772281964104
235 127 31434600505365636913581334991291941290131133081475037999191921393959284657960897719316396
127 235 31434600505365636913581334991291941290131133081475037999191921393959284657960897719316396
235 151 -3263411262150600665540708506895993830026278976962940664160815978431979422472655679547620
151 235 -3263411262150600665540708506895993830026278976962940664160815978431979422472655679547620
235 175 8941103406435321160567365842951928388744571398877821967634189098639223313054200540560
175 235 8941103406435321160567365842951928388744571398877821967634189098639223313054200540560
235 199 -476053041017157792604587094107714175024834498438655322688819818181879251351272332985
199 235 -476053041017157792604587094107714175024834498438655322688819818181879251351272332985
235 223 61604488544360395747951763410710067916316433959282183852852778208088555438189172
223 235 61604488544360395747951763410710067916316433959282183852852778208088555438189172
234 8 79078875170431252869063721993448277870286353393933529758302208
8 234 79078875170431252869063721993448277870286353393933529758302208
234 32 -18207521409765094761984901505873116683039238366891678980068063832068649193046016
32 234 -18207521409765094761984901505873116683039238366891678980068063832068649193046016
234 56 -72492456718711085707047659155296412899509713530586632612743415743099842899356036366336
56 234 -72492456718711085707047659155296412899509713530586632612743415743099842899356036366336
234 80 104409776872264750836373735808877792714638576321068321640902236610635013229715011726540800
80 234 104409776872264750836373735808877792714638576321068321640902236610635013229715011726540800
234 104 54268544821522657530763436895972413995871361560442936134222286764563587508853831416167379
104 234 54268544821522657530763436895972413995871361560442936134222286764563587508853831416167379
234 128 77494317290629957774576732487019197531429180114463259705407250867474035294521119481822330
128 234 77494317290629957774576732487019197531429180114463259705407250867474035294521119481822330
234 152 2087757932484100497184491663228266032807053536423782309420905200613690580081012425298022
152 234 2087757932484100497184491663228266032807053536423782309420905200613690580081012425298022
234 176 -29389582550472103092499382682304003988683704569219945387890179558576258342267615311910
176 234 -29389582550472103092499382682304003988683704569219945387890179558576258342267615311910
234 200 632625241085575115179384671232252360406390847239171633206376673657829537499401950046
200 234 632625241085575115179384671232252360406390847239171633206376673657829537499401950046
234 224 -152395476479850897519768833716739413764779371909745895436538560444652999294035812
224 234 -152395476479850897519768833716739413764779371909745895436538560444652999294035812
233 9 -291527275183210662103910580963506537160387478333837320134852608
9 233 -291527275183210662103910580963506537160387478333837320134852608
233 33 108986327436898389829060580180455551176921547409632790576904693358042816993820672
33 233 108986327436898389829060580180455551176921547409632790576904693358042816993820672
233 57 121333375272009065381346897888540543938331697070408108222525904947445737179054650425344
57 233 121333375272009065381346897888540543938331697070408108222525904947445737179054650425344
233 81 -216225970482130404023454356877314916017842559276657875956639610665803121366214225846087680
81 233 -216225970482130404023454356877314916017842559276657875956639610665803121366214225846087680
233 105 -709008529046800209859754186922505872595713558001521877314382229883476890257137182216888010
105 233 -709008529046800209859754186922505872595713558001521877314382229883476890257137182216888010
233 129 -224226086495477692306300017437831245642999090932017079629983802128378068664385476982369864
129 233 -224226086495477692306300017437831245642999090932017079629983802128378068664385476982369864
233 153 1008670919488996447299062046852556408818369243671369324875919690970185397325585729444230
153 233 1008670919488996447299062046852556408818369243671369324875919690970185397325585729444230
233 177 46927776692949619296562382764730741807232636715040879153715093019693470722889585407658
177 233 46927776692949619296562382764730741807232636715040879153715093019693470722889585407658
233 201 -721055862749123049717701377993090051605617382620607544380975214410462923187578791320
201 233 -721055862749123049717701377993090051605617382620607544380975214410462923187578791320
233 225 341488865604182198545389421628503640048023217683217739953017540242893543541677723
225 233 341488865604182198545389421628503640048023217683217739953017540242893543541677723
232 10 -170971749734065942141035782520430034347567929640542063124075773952
10 232 -170971749734065942141035782520430034347567929640542063124075773952
232 34 -318867180840095884339307972360218961994183173518101654458069013893018643318439936
34 232 -318867180840095884339307972360218961994183173518101654458069013893018643318439936
232 58 -90614419502432294574822772621847905143896303806423341928590398307300544391060633157632
58 232 -90614419502432294574822772621847905143896303806423341928590398307300544391060633157632
232 82 334017377685570544888384297882707147063566756998355826336579089332174208808939484629651456
82 232 334017377685570544888384297882707147063566756998355826336579089332174208808939484629651456
232 106 1684123569283624117716481898057496678794064904293416091994958434587789486343054314796986265
106 232 1684123569283624117716481898057496678794064904293416091994958434587789486343054314796986265
232 130 381819960403115629383698010151920325536699063973281369273030444892264742831977015699544718
130 232 381819960403115629383698010151920325536699063973281369273030444892264742831977015699544718
232 154 -5755692263845765153818981117252507843195334239932381502145751771855207045611123125689054
154 232 -5755692263845765153818981117252507843195334239932381502145751771855207045611123125689054
232 178 -57580344059805755988496504608612064325353095788901474655227374229858445154079582842054
178 232 -57580344059805755988496504608612064325353095788901474655227374229858445154079582842054
232 202 698298545234292974636939271990062585487853822751939414150856763354314833608409841630
202 232 698298545234292974636939271990062585487853822751939414150856763354314833608409841630
232 226 -640970927967363741509075556059555208921169221472143016706598544351854246335107558
226 232 -640970927967363741509075556059555208921169221472143016706598544351854246335107558
231 11 106092111817165606865158719857781209709936673744085853577989324800
11 231 106092111817165606865158719857781209709936673744085853577989324800
231 35 306290595934273133745404584578295684915253661679480707071539679716604405258125312
35 231 306290595934273133745404584578295684915253661679480707071539679716604405258125312
231 59 -155692481184311250228750634505308255633399956416825505468284632538545853579742880464896
59 231 -155692481184311250228750634505308255633399956416825505468284632538545853579742880464896
231 83 -364109784904912972053877014269242160122030336784532651081136765145935273070918609617809408
83 231 -364109784904912972053877014269242160122030336784532651081136765145935273070918609617809408
231 107 -2818611259788728413047814920958271701548368035336849241704012417786731721771322410716526696
107 231 -2818611259788728413047814920958271701548368035336849241704012417786731721771322410716526696
231 131 -504457647860653585414290241789959962695195105185136652129881323401791578562792435684995180
131 231 -504457647860653585414290241789959962695195105185136652129881323401791578562792435684995180
231 155 10788391646416850563027638427730232328039988184200234525919255880031308751077435265333376
155 231 10788391646416850563027638427730232328039988184200234525919255880031308751077435265333376
231 179 54527503195179699114121937742899038626221756461758989255968258786248244861151763202226
179 231 54527503195179699114121937742899038626221756461758989255968258786248244861151763202226
231 203 -544067985395257627077505623457595912733243468133605772097556708521566669983704084281
203 231 -544067985395257627077505623457595912733243468133605772097556708521566669983704084281
231 227 992656015883795248874495678438151655034156288602617559552373041377502842506969859
227 231 992656015883795248874495678438151655034156288602617559552373041377502842506969859
230 12 63237760338243740970736877500804424674817298646746317091045036261376
12 230 63237760338243740970736877500804424674817298646746317091045036261376
230 36 1750775230744244904463076739160892353206921463904127238720533555260133942807756800
36 230 1750775230744244904463076739160892353206921463904127238720533555260133942807756800
230 60 770072835566683937231673975598647681047213363578794902172054901343082132250909594353664
60 230 770072835566683937231673975598647681047213363578794902172054901343082132250909594353664
230 84 148324601622748990566709803848243744967452840138770665418105322245558915854714406285864960
84 230 148324601622748990566709803848243744967452840138770665418105322245558915854714406285864960
230 108 3750216879093401654101436519633558361445532184915671372994114083693266731864357761229101527
108 230 3750216879093401654101436519633558361445532184915671372994114083693266731864357761229101527
230 132 524336912342987402313193921707011189052975230284753016118972850066063494492943395234910658
132 230 524336912342987402313193921707011189052975230284753016118972850066063494492943395234910658
230 156 -14287085308218170434050428048378571233723342606547292806837825894190761335977445155138888
156 230 -14287085308218170434050428048378571233723342606547292806837825894190761335977445155138888
230 180 -33941125677156523293913972153897673391394846881400234228950603894809763394673752972142
180 230 -33941125677156523293913972153897673391394846881400234228950603894809763394673752972142
230 204 268551303422341257417874623906343146669021642647801920791658706322997823474832003396
204 230 268551303422341257417874623906343146669021642647801920791658706322997823474832003396
230 228 -1281882507539754473507979524064193809381297178444003826944077363828101303949699511
228 230 -1281882507539754473507979524064193809381297178444003826944077363828101303949699511
229 13 -1006355038420326221447981664594509056739967124825030310675698553978880
13 229 -1006355038420326221447981664594509056739967124825030310675698553978880
229 37 -9547716920656956485334428961529118557047625278056286193190477172350355806017814528
37 229 -9547716920656956485334428961529118557047625278056286193190477172350355806017814528
229 61 -1831965103999907978790802828553139392142037468147165766410851919600986099937279926599680
61 229 -1831965103999907978790802828553139392142037468147165766410851919600986099937279926599680
229 85 489936505620018405922923143154368412440411545870590984821035640434027294508018107625693184
85 229 489936505620018405922923143154368412440411545870590984821035640434027294508018107625693184
229 109 -3951126309330276380716552438513852452639399339771183689109920716871881881118305552910561314
109 229 -3951126309330276380716552438513852452639399339771183689109920716871881881118305552910561314
229 133 -367577905100295937304804226612255994728559169827796554405107268489609661242532757200866100
133 229 -367577905100295937304804226612255994728559169827796554405107268489609661242532757200866100
229 157 14862187518755669501113698868084340263215296953735084801488714863571853435562372041910664
157 229 14862187518755669501113698868084340263215296953735084801488714863571853435562372041910664
229 181 3554111235266856243675045422915104216079837675569473984452180755663435965688372612736
181 229 3554111235266856243675045422915104216079837675569473984452180755663435965688372612736
229 205 93300444469606837251171998783288231786318801611555149339543529787206777438272537861
205 229 93300444469606837251171998783288231786318801611555149339543529787206777438272537861
229 229 1394256335090017152571600269689575444029995974894952970511587969176737524145601654
228 14 13769766893218041647881897663953987618105516910395372635208500721483776
14 228 13769766893218041647881897663953987618105516910395372635208500721483776
228 38 21387078111314266733304759729350911358177008994900057624571629521261258498998534144
38 228 21387078111314266733304759729350911358177008994900057624571629521261258498998534144
228 62 3120913947267893685485843351882041947610922321353504668260527155922831474746124027297792
62 228 3120913947267893685485843351882041947610922321353504668260527155922831474746124027297792
228 86 -1649822280153682711310435862303198059847828709980860963586866245295547695732500969819811840
86 228 -1649822280153682711310435862303198059847828709980860963586866245295547695732500969819811840
228 110 2842655841444105730680538495841797236933566219357879416982379843768255540730540115237119347
110 228 2842655841444105730680538495841797236933566219357879416982379843768255540730540115237119347
228 134 -2103874878326466954371255415861345732486240152912312147295669510945026392929970285538830
134 228 -2103874878326466954371255415861345732486240152912312147295669510945026392929970285538830
228 158 -11704723841415488660814084072571973774158827292750236328719836100469784549662806861911420
158 228 -11704723841415488660814084072571973774158827292750236328719836100469784549662806861911420
228 182 18670307132374386685190382804573433173775155597840160920089699951853133053406215971976
182 228 18670307132374386685190382804573433173775155597840160920089699951853133053406215971976
228 206 -488027062927721930822019445436071728876998785116119469162471694539225800945971052739
206 228 -488027062927721930822019445436071728876998785116119469162471694539225800945971052739
227 15 -270126528911888242914809827336260909370315507108125984147314177420034048
15 227 -270126528911888242914809827336260909370315507108125984147314177420034048
227 39 -7739872036655466051909059729214709208239859548771075962692671056293589031168507904
39 227 -7739872036655466051909059729214709208239859548771075962692671056293589031168507904
227 63 -3514432304895423544649721824606929401915015352898335141041073607007482673482819260383232
63 227 -3514432304895423544649721824606929401915015352898335141041073607007482673482819260383232
227 87 3229062458851011784504597322205291211991243100121426854021468045692817000422147477580124160
87 227 3229062458851011784504597322205291211991243100121426854021468045692817000422147477580124160
227 111 56015810608537163422287669499181546104525245382081739284914871402824361216150360343792480
111 227 56015810608537163422287669499181546104525245382081739284914871402824361216150360343792480
227 135 539387277478507100199721857197016306287751712617743141053207265846238514603823375197440792
135 227 539387277478507100199721857197016306287751712617743141053207265846238514603823375197440792
227 159 4134761385516819081510316589853444915336260832910377460927424267881370354842443410758980
159 227 4134761385516819081510316589853444915336260832910377460927424267881370354842443410758980
227 183 -19182912128260414657679617929301928766133769742575003672824242985589208463693057179326
183 227 -19182912128260414657679617929301928766133769742575003672824242985589208463693057179326
227 207 844090142162301685775921463925054340933022730961876793380900152001556080658346027563
207 227 844090142162301685775921463925054340933022730961876793380900152001556080658346027563
226 16 4536872024475783589514766278600571784113018924251242769409552778350559232
16 226 4536872024475783589514766278600571784113018924251242769409552778350559232
226 40 -95633168744322394498020164766746037059141126728457959638614820834868218986636509184
40 226 -95633168744322394498020164766746037059141126728457959638614820834868218986636509184
226 64 -81935480679312256748599797168030082656405261604161074693392737083891037835403609505792
64 226 -81935480679312256748599797168030082656405261604161074693392737083891037835403609505792
226 88 -4774912382163946169536670824048136218000042099350576807547152043644125830282985610343550976
88 226 -4774912382163946169536670824048136218000042099350576807547152043644125830282985610343550976
226 112 -4970691188614645213101504261210568431982816527455674820636836593565602766807464882294122520
112 226 -4970691188614645213101504261210568431982816527455674820636836593565602766807464882294122520
226 136 -1119053231358864942100898897509565185361557360310985057429589509387227494788891808827959402
136 226 -1119053231358864942100898897509565185361557360310985057429589509387227494788891808827959402
226 160 8117298676500917017673025432860936150881899894922877875912879983821090675039637373600680
160 226 8117298676500917017673025432860936150881899894922877875912879983821090675039637373600680
226 184 2190427472318259572090505664761665050952632795629345378702198382613512187588752374474
184 226 2190427472318259572090505664761665050952632795629345378702198382613512187588752374474
226 208 -1078161615402472935941909136237331485188954821744851239697022570833466395092523923439
208 226 -1078161615402472935941909136237331485188954821744851239697022570833466395092523923439
225 17 -53941378166893642687948147490064184651266727581171269244615920664268767232
17 225 -53941378166893642687948147490064184651266727581171269244615920664268767232
225 41 270092636929109191729378340042183895083166548978804078064932901901478011562140631040
41 225 270092636929109191729378340042183895083166548978804078064932901901478011562140631040
225 65 13338105838908031381066808057425463008935088388223716815654960670723842092221141119664128
65 225 13338105838908031381066808057425463008935088388223716815654960670723842092221141119664128
225 89 5301419880357497187750266322232916277197655390755003409676894841547238446104329015268880384
89 225 5301419880357497187750266322232916277197655390755003409676894841547238446104329015268880384
225 113 11648148656588720956660626160390339891996201025849870024707611394817858231542256574701085748
113 225 11648148656588720956660626160390339891996201025849870024707611394817858231542256574701085748
225 137 1588887398825576361103766267526310788844382584084540424448513455201589322132129127359597147
137 225 1588887398825576361103766267526310788844382584084540424448513455201589322132129127359597147
225 161 -23360671814609609563381470546229216127791124324380850840871615941208896150589826434034732
161 225 -23360671814609609563381470546229216127791124324380850840871615941208896150589826434034732
225 185 14915464053445119296934549289358667872283494702650092183121201427517471177893766728292
185 225 14915464053445119296934549289358667872283494702650092183121201427517471177893766728292
225 209 1120808172007754564058379709185825215032377634617887071997456334428343813048425484160
209 225 1120808172007754564058379709185825215032377634617887071997456334428343813048425484160
224 18 464798187043624444637834973859348079758460531223306479460166731181812875264
18 224 464798187043624444637834973859348079758460531223306479460166731181812875264
224 42 -195039691685839592878999712631577132017943939886982258674580580654605372762340982784
42 224 -195039691685839592878999712631577132017943939886982258674580580654605372762340982784
224 66 -41907776681946774485173016362335441149349857689265188858694020774507234606009761853865984
66 224 -41907776681946774485173016362335441149349857689265188858694020774507234606009761853865984
224 90 -3185475240224720660198759697322009500942639796445734693996932133738694918328591874732998656
90 224 -3185475240224720660198759697322009500942639796445734693996932133738694918328591874732998656
224 114 -19016761097016722898599898492943910233406030045513088590163316842761871829962221798698544640
114 224 -19016761097016722898599898492943910233406030045513088590163316842761871829962221798698544640
224 138 -1816400764306554180829171678158183888059944365902508005217128523309274409392424455804203923
138 224 -1816400764306554180829171678158183888059944365902508005217128523309274409392424455804203923
224 162 36908887199764852802779483906785625115614537047739854764376346818753299711428576419077672
162 224 36908887199764852802779483906785625115614537047739854764376346818753299711428576419077672
224 186 -19456648655092119532298374122321741494391351236377023736046907105747843354095977727146
186 224 -19456648655092119532298374122321741494391351236377023736046907105747843354095977727146
224 210 -951786655780708162187392197675949676451020524816756321229000079964024249425865179975
210 224 -951786655780708162187392197675949676451020524816756321229000079964024249425865179975
223 19 -3003242723484028919509931002987206321842720288198593571810702496547970482176
19 223 -3003242723484028919509931002987206321842720288198593571810702496547970482176
223 43 -223869320680985059312688962191140513484283805990592684753718345450090143906516697088
43 223 -223869320680985059312688962191140513484283805990592684753718345450090143906516697088
223 67 82198064256832632394267162503924621765320755822591448564998902584413557651649776920297472
67 223 82198064256832632394267162503924621765320755822591448564998902584413557651649776920297472
223 91 -3507595833422725044738719803054971761688830357963854902972287340370734250438724609036361728
91 223 -3507595833422725044738719803054971761688830357963854902972287340370734250438724609036361728
223 115 24927909347132237405920213382737100079704467260291719024463296573964136239203370431016085920
115 223 24927909347132237405920213382737100079704467260291719024463296573964136239203370431016085920
223 139 1680864196145813450436680205550039224409991222866651871552877290272270333437561676905821023
139 223 1680864196145813450436680205550039224409991222866651871552877290272270333437561676905821023
223 163 -42844347637807605301630454886810677008240663839867346032206753367374639820708151611214764
163 223 -42844347637807605301630454886810677008240663839867346032206753367374639820708151611214764
223 187 12005881932447425994390103730756579227048751957714012598162697860179865351430623932038
187 223 12005881932447425994390103730756579227048751957714012598162697860179865351430623932038
223 211 614130613650408760136693457092014239921451631867716418391911167647194674085616890529
211 223 614130613650408760136693457092014239921451631867716418391911167647194674085616890529
222 20 14752541712533580417539169688064895131960667400312998445764665039290491731968
20 222 14752541712533580417539169688064895131960667400312998445764665039290491731968
222 44 -1871140430481342396887466007916907150726183124178002080682555975089544980402152669184
44 222 -1871140430481342396887466007916907150726183124178002080682555975089544980402152669184
222 68 -105473358033681229355171419543633922875020978447679639576808696873586562221273312221200384
68 222 -105473358033681229355171419543633922875020978447679639576808696873586562221273312221200384
222 92 15907972033412562292465572980909370198969658398552970157576190902807288848865433243003174912
92 222 15907972033412562292465572980909370198969658398552970157576190902807288848865433243003174912
222 116 -26434398625135737342998352883880649118457160442341243948320208177750044854574887857340557917
116 222 -26434398625135737342998352883880649118457160442341243948320208177750044854574887857340557917
222 140 -1057613116934082427425107298092877824339631216149383020658148242033236771732073321325555553
140 222 -1057613116934082427425107298092877824339631216149383020658148242033236771732073321325555553
222 164 37823158795822379502336956056880225697597689637001837484470585904701936947711042532064404
164 222 37823158795822379502336956056880225697597689637001837484470585904701936947711042532064404
222 188 4837378293319087048076795925346970329590862838220089791867590553648683548362054944596
188 222 4837378293319087048076795925346970329590862838220089791867590553648683548362054944596
222 212 -189137662966318237040433809446819065199653041944475303446023948896435243582217525834
212 222 -189137662966318237040433809446819065199653041944475303446023948896435243582217525834
221 21 -54249346820561838391562243683282790293301367583402073605474237575016327675904
21 221 -54249346820561838391562243683282790293301367583402073605474237575016327675904
221 45 13613661989704709017856741973335890807888447403533076493704397814052679823307237752832
45 221 13613661989704709017856741973335890807888447403533076493704397814052679823307237752832
221 69 43950513192687068687391119541308141488837395346945434219464916733961449149857585942233088
69 221 43950513192687068687391119541308141488837395346945434219464916733961449149857585942233088
221 93 -32645747462906320927849914982698431033550380692085681064808448025363629319170001160626192384
93 221 -32645747462906320927849914982698431033550380692085681064808448025363629319170001160626192384
221 117 20819677931097644153186246112177234206005203105429774816716535822199899534891444199566954110
117 221 20819677931097644153186246112177234206005203105429774816716535822199899534891444199566954110
221 141 -108327426616723351064249670823132434182915239630032981559182007026239194366906093644728818
141 221 -108327426616723351064249670823132434182915239630032981559182007026239194366906093644728818
221 165 -23006119579408697404191539925070395119969159439138842966538015990639695078004997219963604
165 221 -23006119579408697404191539925070395119969159439138842966538015990639695078004997219963604
221 189 -38500229285458206706008395527227080284696272084177879852141188909264440586767202389692
189 221 -38500229285458206706008395527227080284696272084177879852141188909264440586767202389692
221 213 -247367172020309946971330974476830922285076375929050019420207179971511507464102206047
213 221 -247367172020309946971330974476830922285076375929050019420207179971511507464102206047
220 22 136601244085035703097812358330073334631879578320735947291903337307781283708928
22 220 136601244085035703097812358330073334631879578320735947291903337307781283708928
220 46 -26923817032142373933572484724199502933430517974470535136145499136050375210073019383808
46 220 -26923817032142373933572484724199502933430517974470535136145499136050375210073019383808
220 70 203718543263183861557447436662417806016424450458350342239111204296190814953420762902429696
70 220 203718543263183861557447436662417806016424450458350342239111204296190814953420762902429696
220 94 48582424524452739160608599293444408215384681295898264859514972458433470702124993609217916928
94 220 48582424524452739160608599293444408215384681295898264859514972458433470702124993609217916928
220 118 -6789254436617942633572123825294789478819277816958383489416767571595224058490991577325500657
118 220 -6789254436617942633572123825294789478819277816958383489416767571595224058490991577325500657
220 142 1656076221340797195860681450170207916715622440009701678767729110646440058193553749517472801
142 220 1656076221340797195860681450170207916715622440009701678767729110646440058193553749517472801
220 166 1850812568353571750190882818265630019365510698999671481803160244316203641554699363762940
166 220 1850812568353571750190882818265630019365510698999671481803160244316203641554699363762940
220 190 96030607040639174627388442538061750566195164762423411223781983289053809179430253078850
190 220 96030607040639174627388442538061750566195164762423411223781983289053809179430253078850
220 214 647851024808087115797174969554387467306682462951911301216939669975372134021397252063
214 220 647851024808087115797174969554387467306682462951911301216939669975372134021397252063
219 23 -116042893030045467984088302148476523993787704261165979802819827823784417558528
23 219 -116042893030045467984088302148476523993787704261165979802819827823784417558528
219 47 -42983363956292313988642003260095874643182470104428033112706936052437358765625772605440
47 219 -42983363956292313988642003260095874643182470104428033112706936052437358765625772605440
219 71 -734075488060684039599374723664741334217196490358382025295683665502151904239871777180745728
71 219 -734075488060684039599374723664741334217196490358382025295683665502151904239871777180745728
219 95 -54939640943083129505500662274403725444648432849200176684005064633084556176580269011693412352
95 219 -54939640943083129505500662274403725444648432849200176684005064633084556176580269011693412352
219 119 -15177946467426203536321552148876168202092728341462863521199912632653076815131462663620776872
119 219 -15177946467426203536321552148876168202092728341462863521199912632653076815131462663620776872
219 143 -3170138437203769871073942157448962352974594261702108326622370604637046311766772875908470045
143 219 -3170138437203769871073942157448962352974594261702108326622370604637046311766772875908470045
219 167 23129669790487997282870348101324468304828242182499884577051174269754505245325836073079576
167 219 23129669790487997282870348101324468304828242182499884577051174269754505245325836073079576
219 191 -160372595732583016350534600296349484110028886016119912678734079586089882098244933109694
191 219 -160372595732583016350534600296349484110028886016119912678734079586089882098244933109694
219 215 -980568275635659199703309517801218749169776145317832381812194101425272267470064328923
215 219 -980568275635659199703309517801218749169776145317832381812194101425272267470064328923
218 24 -1147715418984069375414048810551588971678663693118802612832380529720378982924288
24 218 -1147715418984069375414048810551588971678663693118802612832380529720378982924288
218 48 385054845722917430345366959506275315480386805158977485256960965163244918136738605432832
48 218 385054845722917430345366959506275315480386805158977485256960965163244918136738605432832
218 72 1579621048073621764852000077103004154014419783071882247781633709100139461293535775726501888
72 218 1579621048073621764852000077103004154014419783071882247781633709100139461293535775726501888
218 96 40659268178343605706346287682722821976565432690938967121048303087926726986483835051675009024
96 218 40659268178343605706346287682722821976565432690938967121048303087926726986483835051675009024
218 120 43370148176691999518682766927975052646055625616010325791680844521456135453678912100216790881
120 218 43370148176691999518682766927975052646055625616010325791680844521456135453678912100216790881
218 144 4177496585138464844079801367955527210064316598531653610005422775130372777646153702735912827
144 218 4177496585138464844079801367955527210064316598531653610005422775130372777646153702735912827
218 168 -49760228591342354531868013701178488679198141969856346651724840092865539785638684343706226
168 218 -49760228591342354531868013701178488679198141969856346651724840092865539785638684343706226
218 192 188843731340613702526306309871570613876383751776504762067173805119480694001631896753074
192 218 188843731340613702526306309871570613876383751776504762067173805119480694001631896753074
218 216 1208119928543955281421628705971063503803972598203585366011460982990835390502905068960
216 218 1208119928543955281421628705971063503803972598203585366011460982990835390502905068960
217 1 67726132492637556140819320143872
1 217 67726132492637556140819320143872
217 25 9656437887900784793905008328604241278115620337966317489033102739619749310758912
25 217 9656437887900784793905008328604241278115620337966317489033102739619749310758912
217 49 -975588277013373078942413112677025128211339026300383857045504249614630770932183562452992
49 217 -975588277013373078942413112677025128211339026300383857045504249614630770932183562452992
217 73 -2665700365097587323293691524048164811245391076281692289627584060697631629005993443669835776
73 217 -2665700365097587323293691524048164811245391076281692289627584060697631629005993443669835776
217 97 5669097068179556916522405871305854997147239941470258048762715867689885939983580450299338752
97 217 5669097068179556916522405871305854997147239941470258048762715867689885939983580450299338752
217 121 -74853464825451020726443239170523298890893184317838741443408962905457706664921271374018895082
121 217 -74853464825451020726443239170523298890893184317838741443408962905457706664921271374018895082
217 145 -4419249005109673554553739770370276540636762122548702675226421075721347825871264915251488669
145 217 -4419249005109673554553739770370276540636762122548702675226421075721347825871264915251488669
217 169 72419447399344295695900071897241763667549966060140018244962021436300290818072794066799402
169 217 72419447399344295695900071897241763667549966060140018244962021436300290818072794066799402
217 193 -147044316090943288964793473882613957950544824825850493909333010689330626240958069631754
193 217 -147044316090943288964793473882613957950544824825850493909333010689330626240958069631754
217 217 -1290106685686007171965127891239921045298834823470903038925849372331416424693957588216
216 2 11327003756748325424883775902168056080629760
2 216 11327003756748325424883775902168056080629760
216 26 -50135039441242179760275197707689350985676698558052254506539982006225575522336768
26 216 -50135039441242179760275197707689350985676698558052254506539982006225575522336768
216 50 613864693803689334740623810714324264909962187244657906666299856300174598010972011495424
50 216 613864693803689334740623810714324264909962187244657906666299856300174598010972011495424
216 74 3781036923806289361864472901745619950179505546305689985896358280402219766058542273442873344
74 216 3781036923806289361864472901745619950179505546305689985896358280402219766058542273442873344
216 98 -92102317060762001865413065076877313600781899895095498956838452006851207970774372868662550528
98 216 -92102317060762001865413065076877313600781899895095498956838452006851207970774372868662550528
216 122 103943769406296782221020360021921052230081857385969421664369063307876441472089925438293476611
122 216 103943769406296782221020360021921052230081857385969421664369063307876441472089925438293476611
216 146 3880513663776859460361745057564538293839902900008409056330938995202561579416471781839293720
146 216 3880513663776859460361745057564538293839902900008409056330938995202561579416471781839293720
216 170 -81701328271082832669186065960307851104363028558632570478211816229828623729713617831369814
170 216 -81701328271082832669186065960307851104363028558632570478211816229828623729713617831369814
216 194 43319837916221494780389198970937130715895818791830859485524752106285814702155869794522
194 216 43319837916221494780389198970937130715895818791830859485524752106285814702155869794522
215 3 455501620350785270436191661203339106374034852413440
3 215 455501620350785270436191661203339106374034852413440
215 27 185229608180012960179945894784686299397770731003629451138864104486514593194049536
27 215 185229608180012960179945894784686299397770731003629451138864104486514593194049536
215 51 3782738220887701882246068701304593977029562403041608930190824534823705469868499758219264
51 215 3782738220887701882246068701304593977029562403041608930190824534823705469868499758219264
215 75 -4435334548751889873153188557546016126468708705052041909405268726665827354047542960360259584
75 215 -4435334548751889873153188557546016126468708705052041909405268726665827354047542960360259584
215 99 214758905112706165690532154924397684764838287239968999120021846563785978946419850582331064320
99 215 214758905112706165690532154924397684764838287239968999120021846563785978946419850582331064320
215 123 -120953446409707559364707953869573728450071554991482100399644290551541545711011432890669598392
123 215 -120953446409707559364707953869573728450071554991482100399644290551541545711011432890669598392
215 147 -2551426748339925032659630015239028534127256544656572260867786763644584471604348987396578508
147 215 -2551426748339925032659630015239028534127256544656572260867786763644584471604348987396578508
215 171 70944241787657869197888291842644419747711878038288847747844821398343698915721978653544828
171 215 70944241787657869197888291842644419747711878038288847747844821398343698915721978653544828
215 195 78887524587154980825215618094236744803300832190099619500166395288476179736569172350372
195 215 78887524587154980825215618094236744803300832190099619500166395288476179736569172350372
214 4 72961542759977463562537961511673012571858611686460096512
4 214 72961542759977463562537961511673012571858611686460096512
214 28 -383581287968821045085066355441699358230120947076904604530470056608959464000716800
28 214 -383581287968821045085066355441699358230120947076904604530470056608959464000716800
214 52 -14171587543859364467012728197365303733316722933315682615266004317405992522716957542187008
52 214 -14171587543859364467012728197365303733316722933315682615266004317405992522716957542187008
214 76 3464018164610043148309373572480831365535837532453568125036465935053361127932985583897411584
76 214 3464018164610043148309373572480831365535837532453568125036465935053361127932985583897411584
214 100 -345063748331486547531858955224513364699971558513521163395001237730129615228047076127214641152
100 214 -345063748331486547531858955224513364699971558513521163395001237730129615228047076127214641152
214 124 114581386665168513839854056688588366402379582659757017142872421694618393355231641131319513006
124 214 114581386665168513839854056688588366402379582659757017142872421694618393355231641131319513006
214 148 317239736846071330777144258995905530769028928098214667276230603137786492809448938117840408
148 214 317239736846071330777144258995905530769028928098214667276230603137786492809448938117840408
214 172 -43087524443018301730144835979724438499587194517645377816534578821445214402071506892985258
172 214 -43087524443018301730144835979724438499587194517645377816534578821445214402071506892985258
214 196 -182870763518492295910692305107304369834874144260279255971871322800493091389473156613780
196 214 -182870763518492295910692305107304369834874144260279255971871322800493091389473156613780
213 5 126667597349386846247095746827462370615866682802475221647360
5 213 126667597349386846247095746827462370615866682802475221647360
213 29 -452444462054735113172223199138360360060731394865149064715914363931334318728675328
29 213 -452444462054735113172223199138360360060731394865149064715914363931334318728675328
213 53 21302453814663889116766171588972420367623404109414670692800340805408042858178293023113216
53 213 21302453814663889116766171588972420367623404109414670692800340805408042858178293023113216
213 77 1294860952808887515309328330893019521593175730031558579286903074101316377909110255743139840
77 213 1294860952808887515309328330893019521593175730031558579286903074101316377909110255743139840
213 101 423159530702765606530494915757466306179353013629485179323121528698354464509309510676930183168
101 213 423159530702765606530494915757466306179353013629485179323121528698354464509309510676930183168
213 125 -77790169627480900297653073596532015140261274059961566348877954402317645809961834921329325724
125 213 -77790169627480900297653073596532015140261274059961566348877954402317645809961834921329325724
213 149 2721243429048138401504345133135566002887843654087369286649370961280609168971861088066144360
149 213 2721243429048138401504345133135566002887843654087369286649370961280609168971861088066144360
213 173 8472089042312599960391739914705373399669912756682703941551585435836623396678840047887578
173 213 8472089042312599960391739914705373399669912756682703941551585435836623396678840047887578
213 197 262023502250933629341460340436061744567978742223467530366684669600294117012709231403368
197 213 262023502250933629341460340436061744567978742223467530366684669600294117012709231403368
212 6 -11457076607797333296122597124627562533079969776565904696410112
6 212 -11457076607797333296122597124627562533079969776565904696410112
212 30 7150466801723154660662592578827890614995110742479008646971002744926299971909582848
30 212 7150466801723154660662592578827890614995110742479008646971002744926299971909582848
212 54 5224919097306128302238825323372305713225343672495189824723747804517676135783458442051584
54 212 5224919097306128302238825323372305713225343672495189824723747804517676135783458442051584
212 78 -12081463050405334956855237094976988640600341828479465635120542338482560078716563162929299456
78 212 -12081463050405334956855237094976988640600341828479465635120542338482560078716563162929299456
212 102 -371512357272511411388323306527577769281555857177210915758501768377900997136119985836302245888
102 212 -371512357272511411388323306527577769281555857177210915758501768377900997136119985836302245888
212 126 11491924848316071857328426597224012387927154503774896220810287145087453624306601399258865882
126 212 11491924848316071857328426597224012387927154503774896220810287145087453624306601399258865882
212 150 -5850853156040646033131250816242640249166782064154752164475531541072243446352473928130368392
150 212 -5850853156040646033131250816242640249166782064154752164475531541072243446352473928130368392
212 174 25095240482313619758778177332509777899951014087850546762942052141621180412532406295778132
174 212 25095240482313619758778177332509777899951014087850546762942052141621180412532406295778132
212 198 -317039827955147542430703149468868725459697339035745899360861374345565360189235435351512
198 212 -317039827955147542430703149468868725459697339035745899360861374345565360189235435351512
211 7 3103064049258081417180992501179999234306887481130873459746799616
7 211 3103064049258081417180992501179999234306887481130873459746799616
211 31 -27825766362383295039679433049994435290313397333051734127971538641524693381551226880
31 211 -27825766362383295039679433049994435290313397333051734127971538641524693381551226880
211 55 -100000229576967548994102096843300349864294972886667164137266225370751992984760083854393344
55 211 -100000229576967548994102096843300349864294972886667164137266225370751992984760083854393344
211 79 27967543380404063155470915866788195141867628219526203196512784172609637385426658304823656448
79 211 27967543380404063155470915866788195141867628219526203196512784172609637385426658304823656448
211 103 128756123669977648798029148124331791524377121101721755644690110029657229959007837058319958016
103 211 128756123669977648798029148124331791524377121101721755644690110029657229959007837058319958016
211 127 78532828917062157705472255189180789819364150537654492821689492283615629501487435352338623784
127 211 78532828917062157705472255189180789819364150537654492821689492283615629501487435352338623784
211 151 7953209502114217312372861557483789627663223219794437124771674339595394165919977534276964068
151 211 7953209502114217312372861557483789627663223219794437124771674339595394165919977534276964068
211 175 -57494894421125322216336477913410052183243554161373811659891159327588793453872937599755424
175 211 -57494894421125322216336477913410052183243554161373811659891159327588793453872937599755424
211 199 324349026937717056611268323065581828734353311998391923748233843593860162823171780943116
199 211 324349026937717056611268323065581828734353311998391923748233843593860162823171780943116
210 8 -128292958711965602732405009018753770881021378812848636365574766592
8 210 -128292958711965602732405009018753770881021378812848636365574766592
210 32 45348633666760885092757431447724181394963859356189190438509332394758133299541966848
32 210 45348633666760885092757431447724181394963859356189190438509332394758133299541966848
210 56 234157065566325700534424055231490520626170667896047722249569075158444108489557155759783936
56 210 234157065566325700534424055231490520626170667896047722249569075158444108489557155759783936
210 80 -40831074537815741782181919503711439334177379271623802633739262608335033058559167148991709184
80 210 -40831074537815741782181919503711439334177379271623802633739262608335033058559167148991709184
210 104 317416723622420307044666296266830633088733921748841511753348099553173648566358505397544263680
104 210 317416723622420307044666296266830633088733921748841511753348099553173648566358505397544263680
210 128 -186608063747818621823338268759919262746972159498302483511006224400692652370343354791259781936
128 210 -186608063747818621823338268759919262746972159498302483511006224400692652370343354791259781936
210 152 -8320618709983904767714337837031174361461432343622718359556892966898243269377321593483512232
152 210 -8320618709983904767714337837031174361461432343622718359556892966898243269377321593483512232
210 176 89341046622529695516425762380431724497597608000349624751708873094333897718218128577352512
176 210 89341046622529695516425762380431724497597608000349624751708873094333897718218128577352512
210 200 -248392868342080290905992619774627708146144401450643015002498083351272649135970801984690
200 210 -248392868342080290905992619774627708146144401450643015002498083351272649135970801984690
209 9 845157096310470660184291990528789157903302195145475640896532774912
9 209 845157096310470660184291990528789157903302195145475640896532774912
209 33 69062645165444280694967017264752735105548478509591524072122307684237314130706432000
33 209 69062645165444280694967017264752735105548478509591524072122307684237314130706432000
209 57 -245161161455571169532470489774818767540873937548376008047193210269012565868287082908090368
57 209 -245161161455571169532470489774818767540873937548376008047193210269012565868287082908090368
209 81 35945220390988650101349847056776893235189064774417462042394821455489135261059312202043883520
81 209 35945220390988650101349847056776893235189064774417462042394821455489135261059312202043883520
209 105 -918430050285476627686604871425356782153724276457541958164413653517836569249322913719786962944
105 209 -918430050285476627686604871425356782153724276457541958164413653517836569249322913719786962944
209 129 303694645771723606327829511936819995496098680646426838439301962685887980376998654377694109368
129 209 303694645771723606327829511936819995496098680646426838439301962685887980376998654377694109368
209 153 7147556488162902227495475430065712511735930659413649327457694039030904816891962915812690614
153 209 7147556488162902227495475430065712511735930659413649327457694039030904816891962915812690614
209 177 -112625986279986016609344102716662407431129667622880682404735751705695817612925961301834472
177 209 -112625986279986016609344102716662407431129667622880682404735751705695817612925961301834472
209 201 89550086777530204997662218458029860165569405589377045558739766360149218209834508275854
201 209 89550086777530204997662218458029860165569405589377045558739766360149218209834508275854
208 10 26958972046374478526612556421240318483948818271020537350874306969600
10 208 26958972046374478526612556421240318483948818271020537350874306969600
208 34 -553599891919486697429729268451340240136449922826278707969036581062856129281483866112
34 208 -553599891919486697429729268451340240136449922826278707969036581062856129281483866112
208 58 -78334873469867105619142195514039086818641978439760819817562800603017999303967824679010304
58 208 -78334873469867105619142195514039086818641978439760819817562800603017999303967824679010304
208 82 -1677577454014140082408024423789005036477918564999054551923129502447755610469489005232652288
82 208 -1677577454014140082408024423789005036477918564999054551923129502447755610469489005232652288
208 106 1563934557811161617955627049582265653398319366034560488542332702278716386639777856305335164928
106 208 1563934557811161617955627049582265653398319366034560488542332702278716386639777856305335164928
208 130 -405743999462752082644152560769982336951363799553903884342719942449227614462383349297651386732
130 208 -405743999462752082644152560769982336951363799553903884342719942449227614462383349297651386732
208 154 -4990445967653531547342064023398109709921565216398669706337392856363021827680575228866168018
154 208 -4990445967653531547342064023398109709921565216398669706337392856363021827680575228866168018
208 178 113994759292788453011218872337740141839269122175567488933091647079605466750274533578335968
178 208 113994759292788453011218872337740141839269122175567488933091647079605466750274533578335968
208 202 96024000992452803554463827894164824361785067427937780043468430378237608997671814403786
202 208 96024000992452803554463827894164824361785067427937780043468430378237608997671814403786
207 11 -1373377215187499761465745511557217759145382737468807013965504490504192
11 207 -1373377215187499761465745511557217759145382737468807013965504490504192
207 35 995823170244799331177061583775898942021578679192073405647261119138889382897767153664
35 207 995823170244799331177061583775898942021578679192073405647261119138889382897767153664
207 59 644878598627126217315973341540022841737923227283389465227809450439581526671364938071539712
59 207 644878598627126217315973341540022841737923227283389465227809450439581526671364938071539712
207 83 -57126571608536405617861808168772650044062504044841895975656130835282127073453273758394482688
83 207 -57126571608536405617861808168772650044062504044841895975656130835282127073453273758394482688
207 107 -2066258525637237085856932830371676007199519150838319727123993900653738305793197816565740257280
107 207 -2066258525637237085856932830371676007199519150838319727123993900653738305793197816565740257280
207 131 450762750259279525655338088440675144841187686756970242377891145726392038902131025647650303912
131 207 450762750259279525655338088440675144841187686756970242377891145726392038902131025647650303912
207 155 1882422347104886455069697806064505591703581969715181918658355300097800888180380857478185450
155 207 1882422347104886455069697806064505591703581969715181918658355300097800888180380857478185450
207 179 -89093941889298531732583844818514811242165526645583663918587837092288552060542922156555152
179 207 -89093941889298531732583844818514811242165526645583663918587837092288552060542922156555152
207 203 -238141276088576445411694138430837701947782690610786527785904799209097895853473019479902
203 207 -238141276088576445411694138430837701947782690610786527785904799209097895853473019479902
206 12 74014569856346614835029084712835110558181475319510977428823018104160256
12 206 74014569856346614835029084712835110558181475319510977428823018104160256
206 36 1701626535499059576485455992278735911807834904822526345152878855026875965667947839488
36 206 1701626535499059576485455992278735911807834904822526345152878855026875965667947839488
206 60 -711942600022810431356479156342116867553465099554703152217710087883776249552366787585114112
60 206 -711942600022810431356479156342116867553465099554703152217710087883776249552366787585114112
206 84 117891128804727489251103079932059019992625155844502808738073846330548999909938660148456194048
84 206 117891128804727489251103079932059019992625155844502808738073846330548999909938660148456194048
206 108 2147683992956876399874842303311917830360986543246348354023312793870596073443096146882194055168
108 206 2147683992956876399874842303311917830360986543246348354023312793870596073443096146882194055168
206 132 -398142000849252424884580318831139893786558073823107031771957617673199932264085325629302685660
132 206 -398142000849252424884580318831139893786558073823107031771957617673199932264085325629302685660
206 156 2527383227230693251703503907854233218974499716502037425977312637494433148246755106733259914
156 206 2527383227230693251703503907854233218974499716502037425977312637494433148246755106733259914
206 180 49151279724892551975633358180496140649855340930906516277911043694565810933576986984548740
180 206 49151279724892551975633358180496140649855340930906516277911043694565810933576986984548740
206 204 309176295244470058240322245682279695049621407865829444505429324087422593101760912365412
204 206 309176295244470058240322245682279695049621407865829444505429324087422593101760912365412
205 13 -2063499877950426409771589227940028415797115072572522422876753872182837248
13 205 -2063499877950426409771589227940028415797115072572522422876753872182837248
205 37 -12292958489432892696589792472629145152887711660525725088384154344987869765922770124800
37 205 -12292958489432892696589792472629145152887711660525725088384154344987869765922770124800
205 61 -792599727230079734747546248631761774602827039154104479723333523160295284955467190338846720
61 205 -792599727230079734747546248631761774602827039154104479723333523160295284955467190338846720
205 85 -158780225841373035901255668729066665703890936375727671644888220965863273998361497612941524992
85 205 -158780225841373035901255668729066665703890936375727671644888220965863273998361497612941524992
205 109 -1505599099290812159200478112203800554408178359614654686843319371733441172449414173494747545600
109 205 -1505599099290812159200478112203800554408178359614654686843319371733441172449414173494747545600
205 133 236054215704935110957030336730443539707947639561268757003840727143307182291476310124667045448
133 205 236054215704935110957030336730443539707947639561268757003840727143307182291476310124667045448
205 157 -7761687754561155091650267799203611119836802683875888636814475102019449385371460529661556692
157 205 -7761687754561155091650267799203611119836802683875888636814475102019449385371460529661556692
205 181 -8943841189753407916931257892450961409850961653951825947345613692320145619187071424949266
181 205 -8943841189753407916931257892450961409850961653951825947345613692320145619187071424949266
205 205 -327460993389980105092077382765360244340794125603835455794223276077636190654883642194386
204 14 33002650910558834448280381663136990620813913106990347218445129249909112832
14 204 33002650910558834448280381663136990620813913106990347218445129249909112832
204 38 16889206766641061793477682115584768564995764568831654150205448888324374398994550358016
38 204 16889206766641061793477682115584768564995764568831654150205448888324374398994550358016
204 62 4141119951032910673399020721106541007990814952854176579038046564262185152694291227285127168
62 204 4141119951032910673399020721106541007990814952854176579038046564262185152694291227285127168
204 86 175520523151446593934169160965533757837149413891838390013036133547832374734283290968667979776
86 204 175520523151446593934169160965533757837149413891838390013036133547832374734283290968667979776
204 110 -8617471501625208645104662183368072120263639666328830555323062316830828105441158289567047680
110 204 -8617471501625208645104662183368072120263639666328830555323062316830828105441158289567047680
204 134 14273765284562496611884351147936659128747153952383246117738068303528994107974064284963131168
134 204 14273765284562496611884351147936659128747153952383246117738068303528994107974064284963131168
204 158 11954253150444417311477087762403285915937919632949712619572614078695362655268035996644008942
158 204 11954253150444417311477087762403285915937919632949712619572614078695362655268035996644008942
204 182 -29216617236097462485901405046407921165065680460133108478995776171902850679713735528170006
182 204 -29216617236097462485901405046407921165065680460133108478995776171902850679713735528170006
203 15 -337375284645435869450719245840818548280308704635071171720127981892411588608
15 203 -337375284645435869450719245840818548280308704635071171720127981892411588608
203 39 68021825905629126772815202173100478671768244213061555695517960149615830922035124502528
39 203 68021825905629126772815202173100478671768244213061555695517960149615830922035124502528
203 63 -8468211171396869920930585320579673575567693594260088520429907844430704281604059271503282176
63 203 -8468211171396869920930585320579673575567693594260088520429907844430704281604059271503282176
203 87 -162912735147570198636502337552955186505308456100182682610564698910654918044952447239321550848
87 203 -162912735147570198636502337552955186505308456100182682610564698910654918044952447239321550848
203 111 2209330288551965082418060727078978790554631014882275905753936960906192955817260544808717484032
111 203 2209330288551965082418060727078978790554631014882275905753936960906192955817260544808717484032
203 135 -322457603139991475768279263042058309315120211629781548601014502058993817658436242206505312360
135 203 -322457603139991475768279263042058309315120211629781548601014502058993817658436242206505312360
203 159 -13180292514705501460499188016879119150551342973653002748590412309466406340043090626825637958
159 203 -13180292514705501460499188016879119150551342973653002748590412309466406340043090626825637958
203 183 73164820062135965516389540210021760609560869265208031814795067503258297642722119933224884
183 203 73164820062135965516389540210021760609560869265208031814795067503258297642722119933224884
202 16 2275092686022514103851042271202631482405090759100669813964097501364905574400
16 202 2275092686022514103851042271202631482405090759100669813964097501364905574400
202 40 -392629651135580064536718182035692381825241848609757348670538705130308938623922888245248
40 202 -392629651135580064536718182035692381825241848609757348670538705130308938623922888245248
202 64 14485273829619427034135822388240347427110170895357243421500879990255376545552609198397718528
64 202 14485273829619427034135822388240347427110170895357243421500879990255376545552609198397718528
202 88 72443216334365501896377951205896281776071999695696368989245693555239415689242379371455447040
88 202 72443216334365501896377951205896281776071999695696368989245693555239415689242379371455447040
202 112 -4583642035645910802845281884199178999240938947833794795231598630450083818655300848959321710592
112 202 -4583642035645910802845281884199178999240938947833794795231598630450083818655300848959321710592
202 136 663692383383880643465859081587678997345007731294346901823131894010720015263322953462622053883
136 202 663692383383880643465859081587678997345007731294346901823131894010720015263322953462622053883
202 160 11329610477746301205522954247729530930998373647418697411070450766867008835785449545896678586
160 202 11329610477746301205522954247729530930998373647418697411070450766867008835785449545896678586
202 184 -121942692249457726793306783726680935587851248851394222755493677219165045339545772541027034
184 202 -121942692249457726793306783726680935587851248851394222755493677219165045339545772541027034
201 17 -9520891257182788095262705504091679915536181750263479380387170708145542529024
17 201 -9520891257182788095262705504091679915536181750263479380387170708145542529024
201 41 817241359514550334219496714008533415839864273000030121746526611866893607743445304082432
41 201 817241359514550334219496714008533415839864273000030121746526611866893607743445304082432
201 65 -28422718963724572268852918407810184427462116021946063319393368526454800482979285257913630720
65 201 -28422718963724572268852918407810184427462116021946063319393368526454800482979285257913630720
201 89 177828881732327907024778316695757272199507670043799736250275852016470965765445778931997212672
89 201 177828881732327907024778316695757272199507670043799736250275852016470965765445778931997212672
201 113 6508082785589560775081026631787768991106591064410277578541111112505709863453200905664909914112
113 201 6508082785589560775081026631787768991106591064410277578541111112505709863453200905664909914112
201 137 -993422641016447664371257381779687512010988338049381940464572363407590124430620321360123218386
137 201 -993422641016447664371257381779687512010988338049381940464572363407590124430620321360123218386
201 161 -8001809502245084020486306190652337221649534330565913117405165880557960561614948690650842422
161 201 -8001809502245084020486306190652337221649534330565913117405165880557960561614948690650842422
201 185 156540652314811986257016560229466417940418516900440353491063097260626023452611028317377838
185 201 156540652314811986257016560229466417940418516900440353491063097260626023452611028317377838
200 18 18347180688413977810499450845192834614003662992406489616445607422251832967168
18 200 18347180688413977810499450845192834614003662992406489616445607422251832967168
200 42 48815767177470043133811560052354570622946507011352170924059092393046661971845333385216
42 200 48815767177470043133811560052354570622946507011352170924059092393046661971845333385216
200 66 58086913619551493974643781491468541425989279403878664081729993368970127275475458359847550976
66 200 58086913619551493974643781491468541425989279403878664081729993368970127275475458359847550976
200 90 -597406661466746419517793688894748078069114551957007973928351875617169187511084459877908611072
90 200 -597406661466746419517793688894748078069114551957007973928351875617169187511084459877908611072
200 114 -7439977530599645924676287193735921205493532122736672789369358431474787980871370570974019268608
114 200 -7439977530599645924676287193735921205493532122736672789369358431474787980871370570974019268608
200 138 1214237071096047911827689823689189362580067663603808925324788556611621935901441891815083514137
138 200 1214237071096047911827689823689189362580067663603808925324788556611621935901441891815083514137
200 162 4310956068523742169246445906809327803095546638149243722481150661398688173717817813360205024
162 200 4310956068523742169246445906809327803095546638149243722481150661398688173717817813360205024
200 186 -155882405237648999673563301384739277385757792235153125931661709008598360957844725288934974
186 200 -155882405237648999673563301384739277385757792235153125931661709008598360957844725288934974
199 19 -17120856936887960974732447222339163539943583530343195128713074131172027531264
19 199 -17120856936887960974732447222339163539943583530343195128713074131172027531264
199 43 -5317652962981586459146465223159925918043479838747269976242339773407172565516933964759040
43 199 -5317652962981586459146465223159925918043479838747269976242339773407172565516933964759040
199 67 -93001549355048323333669391846319132830903226627714724866921104377088526651038707554833137664
67 199 -93001549355048323333669391846319132830903226627714724866921104377088526651038707554833137664
199 91 1038792978421646305779501230789992818992478545469308954061208798151975269651765713217645445120
91 199 1038792978421646305779501230789992818992478545469308954061208798151975269651765713217645445120
199 115 6884819747413251892988642121932960663183324048861806065880585380955219285760252628606242910208
115 199 6884819747413251892988642121932960663183324048861806065880585380955219285760252628606242910208
199 139 -1202002894124066109913388705576486438899865982296167127042535929521921263549268598572397147864
139 199 -1202002894124066109913388705576486438899865982296167127042535929521921263549268598572397147864
199 163 437778407107611358599799329959475082629767849911392879316785491041937540439482991786184232
163 199 437778407107611358599799329959475082629767849911392879316785491041937540439482991786184232
199 187 119264989871858234123312279971854060305924188481141034628684443022774081870283302204102712
187 199 119264989871858234123312279971854060305924188481141034628684443022774081870283302204102712
198 20 986597456509504758316847397927189567049351668207807615685686280403304539226112
20 198 986597456509504758316847397927189567049351668207807615685686280403304539226112
198 44 15810044489527069216408153793543091901451736321238257046158657699143667427858242527559680
44 198 15810044489527069216408153793543091901451736321238257046158657699143667427858242527559680
198 68 80454659313932125833548144150499527773121547490008014071221836236572801246618023507162824704
68 198 80454659313932125833548144150499527773121547490008014071221836236572801246618023507162824704
198 92 -1335594253370236570124218168052115817661263811248732293799156905888299377653430373758906925056
92 198 -1335594253370236570124218168052115817661263811248732293799156905888299377653430373758906925056
198 116 -4331983326962001622733239492988427568495129461347872852615775199368137817014572324149475545088
116 198 -4331983326962001622733239492988427568495129461347872852615775199368137817014572324149475545088
198 140 893805012646025844883502960462604160310635863663726131213972870985200490042308885043819295357
140 198 893805012646025844883502960462604160310635863663726131213972870985200490042308885043819295357
198 164 -7075714979368818578001164011282321525294280278743996355211838092903589630510568380339702480
164 198 -7075714979368818578001164011282321525294280278743996355211838092903589630510568380339702480
198 188 -65721622147493023702114191475655751868693023661933598292351488496578686647173482627439388
188 198 -65721622147493023702114191475655751868693023661933598292351488496578686647173482627439388
197 21 -15420712978570826016812086653153605946248925635087717836133380754429583732768768
21 197 -15420712978570826016812086653153605946248925635087717836133380754429583732768768
197 45 -17847673581903310068214409353237726278779940930323753980510416336123758348723979437473792
45 197 -17847673581903310068214409353237726278779940930323753980510416336123758348723979437473792
197 69 67663254098767438591786397472839197241242397237920603696497592369716987988694034889110978560
69 197 67663254098767438591786397472839197241242397237920603696497592369716987988694034889110978560
197 93 1619575930112088146731415218309721373074480231041100977398395737695232307906401496346725974016
93 197 1619575930112088146731415218309721373074480231041100977398395737695232307906401496346725974016
197 117 -443709139422098845959166651691550450413220821524615092466409500779475740126847359568809238528
117 197 -443709139422098845959166651691550450413220821524615092466409500779475740126847359568809238528
197 141 -344423717123996207692252871456104357342050421271911527394891131073323817273395400607808953542
141 197 -344423717123996207692252871456104357342050421271911527394891131073323817273395400607808953542
197 165 14016415262154862532281110125694975150721159497108056673387259363543731794075437333382782272
165 197 14016415262154862532281110125694975150721159497108056673387259363543731794075437333382782272
197 189 10939879319512754298809211672630188222551112122786083233925699501843989854151832814746228
189 197 10939879319512754298809211672630188222551112122786083233925699501843989854151832814746228
196 22 128535882596056009107668598853892035550507682801927436878640419951988947558596608
22 196 128535882596056009107668598853892035550507682801927436878640419951988947558596608
196 46 -25781238955391773157223568433580597555177957170697619119584251991785043364147537366745088
46 196 -25781238955391773157223568433580597555177957170697619119584251991785043364147537366745088
196 70 -418572014034451845112735837448719181011011647022555265563652547553671179364993441236065976320
70 196 -418572014034451845112735837448719181011011647022555265563652547553671179364993441236065976320
196 94 -2363236313495465409123818587452422962974552352265790342226107788169642531224563428580527177728
94 196 -2363236313495465409123818587452422962974552352265790342226107788169642531224563428580527177728
196 118 6783288202611905314245351219897171626867189514279738076232618437207818478360796158023568592896
118 196 6783288202611905314245351219897171626867189514279738076232618437207818478360796158023568592896
196 142 -325406603309837691038787791050058726275701421286288644772232669010401681898560284461302137199
142 196 -325406603309837691038787791050058726275701421286288644772232669010401681898560284461302137199
196 166 -17729614274663211779071431670183947791028345787427867951734301215385487485915806532129565136
166 196 -17729614274663211779071431670183947791028345787427867951734301215385487485915806532129565136
196 190 46758157907179129623001585964578378293877266192070963600666065349945143465992935890140316
190 196 46758157907179129623001585964578378293877266192070963600666065349945143465992935890140316
195 23 -726383681961924299928901329439763551167929190967224899136439747240818573802733568
23 195 -726383681961924299928901329439763551167929190967224899136439747240818573802733568
195 47 136526386244897541540205756835751743414817997325554025035590642997498740032389163260051456
47 195 136526386244897541540205756835751743414817997325554025035590642997498740032389163260051456
195 71 962349101650096040157842205628102546078740710229458600191486772973454507788449600073690513408
71 195 962349101650096040157842205628102546078740710229458600191486772973454507788449600073690513408
195 95 3754383134721081846235562727729053042866107765197575063901634323508409103544764158682528219136
95 195 3754383134721081846235562727729053042866107765197575063901634323508409103544764158682528219136
195 119 -12984887038786641391918867076910949797783938095931835705845229996593341692996701699721093304320
119 195 -12984887038786641391918867076910949797783938095931835705845229996593341692996701699721093304320
195 143 1027348389528239962840941224054732354198871056952563488745101218862325222543548539712870746496
143 195 1027348389528239962840941224054732354198871056952563488745101218862325222543548539712870746496
195 167 16318056774315452569896063138300426707163871287970740340858027579031893158875098231401538264
167 195 16318056774315452569896063138300426707163871287970740340858027579031893158875098231401538264
195 191 -112152083109965428439668381511030744794755460761798685979667353532299361706324549495284660
191 195 -112152083109965428439668381511030744794755460761798685979667353532299361706324549495284660
194 24 3002641842885062230948131695455392915776878520963564644416478708101403693075660800
24 194 3002641842885062230948131695455392915776878520963564644416478708101403693075660800
194 48 -174286403242661008570715648930882022080688809174416108526362183063367662217180158187536384
48 194 -174286403242661008570715648930882022080688809174416108526362183063367662217180158187536384
194 72 -1644735359675028600389703327591443734589410861853836478730079797140976957038426840721740791808
72 194 -1644735359675028600389703327591443734589410861853836478730079797140976957038426840721740791808
194 96 -4827138686052278540453269411097532602336612330407071336751770014455767718397968935714117648384
96 194 -4827138686052278540453269411097532602336612330407071336751770014455767718397968935714117648384
194 120 17111026012727152001350866403145839452423440787585653186582211686934006897238645566406298939392
120 194 17111026012727152001350866403145839452423440787585653186582211686934006897238645566406298939392
194 144 -1711975837705740475054751658325189399240345045659336782949826014307272286136549477482819190263
144 194 -1711975837705740475054751658325189399240345045659336782949826014307272286136549477482819190263
194 168 -11635184060500154621794885383279122212440648228943305528353056003596749988151756022610288384
168 194 -11635184060500154621794885383279122212440648228943305528353056003596749988151756022610288384
194 192 171457164444975654194246805364859511114678490114345297692976181812697233965373187917337120
192 194 171457164444975654194246805364859511114678490114345297692976181812697233965373187917337120
193 1 -65225206215933897956730546576949248
1 193 -65225206215933897956730546576949248
193 25 -9316979798139516333162644123688751300775012229702173681832687353533137709644644352
25 193 -9316979798139516333162644123688751300775012229702173681832687353533137709644644352
193 49 -373246658562251703622076759944093409825714786543261582181688057662313197626007250224021504
49 193 -373246658562251703622076759944093409825714786543261582181688057662313197626007250224021504
193 73 2475581509143347467582965255362666704272345268251941181184915625881350165071718926687167053824
73 193 2475581509143347467582965255362666704272345268251941181184915625881350165071718926687167053824
193 97 3481960975731704492466182087030851525135280547780298636387895628112611211721349324865401782272
97 193 3481960975731704492466182087030851525135280547780298636387895628112611211721349324865401782272
193 121 -18101243924929222879452118099436652710448177653959486157727420726154640694768701092870097588224
121 193 -18101243924929222879452118099436652710448177653959486157727420726154640694768701092870097588224
193 145 2267782022846866977341594396477206713748798512902554251155537885947392756830806426366976594502
145 193 2267782022846866977341594396477206713748798512902554251155537885947392756830806426366976594502
193 169 6796581258938127929373351652897763428043274750412316221052744171879664438761828394013217706
169 193 6796581258938127929373351652897763428043274750412316221052744171879664438761828394013217706
193 193 -196232870421644974165979170653791564534281789377217620374537683478185165330262659060989568
192 2 30073437129847768792626042855566021567881150464
2 192 30073437129847768792626042855566021567881150464
192 26 22533968408310705300049612691368753737630952757346346428286306733628104097767882752
26 192 22533968408310705300049612691368753737630952757346346428286306733628104097767882752
192 50 2382386503549682727876553953129309956194233915177290225245928491129093049062432890100383744
50 192 2382386503549682727876553953129309956194233915177290225245928491129093049062432890100383744
192 74 -3508961063284644100082577350877827787803962389755870070086003368916489653438371352038204243968
74 192 -3508961063284644100082577350877827787803962389755870070086003368916489653438371352038204243968
192 98 2150347214868723194929035673166936198885351323478310833054418842960820318391728149655904583680
98 192 2150347214868723194929035673166936198885351323478310833054418842960820318391728149655904583680
192 122 15894583966830016349641707755784348851568242278434443494731526124349692229289868418413747077120
122 192 15894583966830016349641707755784348851568242278434443494731526124349692229289868418413747077120
192 146 -2476160034896864873606956769503973334296819115852261820688751412664880568523713368477516311565
146 192 -2476160034896864873606956769503973334296819115852261820688751412664880568523713368477516311565
192 170 -2206439698472257866221173255814800364511290301979298633998092372825288066682302633446356070
170 192 -2206439698472257866221173255814800364511290301979298633998092372825288066682302633446356070
191 3 -1105062358683994347932195120599525957206560329525362688
3 191 -1105062358683994347932195120599525957206560329525362688
191 27 -52582772490681202336730874848123406766075928689327613921689104174417182283389730816
27 191 -52582772490681202336730874848123406766075928689327613921689104174417182283389730816
191 51 -6463798322585478535956273711415543833017015700042271871898950692571099524092944782563737600
51 191 -6463798322585478535956273711415543833017015700042271871898950692571099524092944782563737600
191 75 4506898855210924127186709745744284027030069182734586737784326431323219652459167685078148972544
75 191 4506898855210924127186709745744284027030069182734586737784326431323219652459167685078148972544
191 99 -12260718851238042191379954890996458314299829262778900032005541595538772529746700924170178396160
99 191 -12260718851238042191379954890996458314299829262778900032005541595538772529746700924170178396160
191 123 -10450643961200332933773844542419060875785242806913319980514454583888217995691413452376385568768
123 191 -10450643961200332933773844542419060875785242806913319980514454583888217995691413452376385568768
191 147 2148468979527205344310325255395908648640971459757633798022192040863263200196351902601861574704
147 191 2148468979527205344310325255395908648640971459757633798022192040863263200196351902601861574704
191 171 -4306415987739953562328014028793928063080672946967839383405662478420471975966113788490294102
171 191 -4306415987739953562328014028793928063080672946967839383405662478420471975966113788490294102
190 4 22822503251384617708499223186574189155281204761942720249856
4 190 22822503251384617708499223186574189155281204761942720249856
190 28 184239007105254148489644702006842115243440663544754709012079804598611752880808394752
28 190 184239007105254148489644702006842115243440663544754709012079804598611752880808394752
190 52 11889410802764851381385581924712174786223404728208836833497460966620390365539874154236346368
52 190 11889410802764851381385581924712174786223404728208836833497460966620390365539874154236346368
190 76 -4510629789689501977069145723426541742682244695896581797964142266508966476634947756539439480832
76 190 -4510629789689501977069145723426541742682244695896581797964142266508966476634947756539439480832
190 100 25470336729811079562028791963548534385015811080998445119300338230372133081379849583433172910080
100 190 25470336729811079562028791963548534385015811080998445119300338230372133081379849583433172910080
190 124 1299413962121508170863182884847229054029942489490287277163440550452373474547502850530674311168
124 190 1299413962121508170863182884847229054029942489490287277163440550452373474547502850530674311168
190 148 -1317451759795790134295278714943693303622874612780997991170226276525091928878174803733964534626
148 190 -1317451759795790134295278714943693303622874612780997991170226276525091928878174803733964534626
190 172 13116089660472263916337008089612353823326203593731477206362600567436922752571011796085061582
172 190 13116089660472263916337008089612353823326203593731477206362600567436922752571011796085061582
189 5 -11906084242861749318317748653845746421480995956907709395107840
5 189 -11906084242861749318317748653845746421480995956907709395107840
189 29 -819412838146496325628542395618259133909035773442345227004707851998404862542545420288
29 189 -819412838146496325628542395618259133909035773442345227004707851998404862542545420288
189 53 -16727529284427911528059451227919275739416749378462574978290870759930660283346310857144401920
53 189 -16727529284427911528059451227919275739416749378462574978290870759930660283346310857144401920
189 77 1948556166482881200038211185460309832242105121107251706947886429235734107854648094371690315776
77 189 1948556166482881200038211185460309832242105121107251706947886429235734107854648094371690315776
189 101 -39861968423027349962848788867688962019146196029118406971785047749073984778086664847624903852032
101 189 -39861968423027349962848788867688962019146196029118406971785047749073984778086664847624903852032
189 125 11146213085381174892561797665323278347828607607141864598115823457405375156108743016718927298560
125 189 11146213085381174892561797665323278347828607607141864598115823457405375156108743016718927298560
189 149 229572528856201316656921448731125370885133567172009580546221419393535318762234503065465659628
149 189 229572528856201316656921448731125370885133567172009580546221419393535318762234503065465659628
189 173 -20334049610786325255452869458178050505907464680172953468051730173300934021550085056176084356
173 189 -20334049610786325255452869458178050505907464680172953468051730173300934021550085056176084356
188 6 8184349378488449830751429789584277352280479331612277054411636736
6 188 8184349378488449830751429789584277352280479331612277054411636736
188 30 2822238356462161544332218805857026185308665903475983508253205709130862554619406450688
30 188 2822238356462161544332218805857026185308665903475983508253205709130862554619406450688
188 54 21876413835959795782604997937844110390741220159714826899399933636995039826352686799781888000
54 188 21876413835959795782604997937844110390741220159714826899399933636995039826352686799781888000
188 78 4457490006608866873403231334452723800409488697420091966643819287380729368940321228514287157248
78 188 4457490006608866873403231334452723800409488697420091966643819287380729368940321228514287157248
188 102 52180751053583726196069026056984889289076277419534569163485743391855688415863970193615488024576
102 188 52180751053583726196069026056984889289076277419534569163485743391855688415863970193615488024576
188 126 -23965094527142486151705603343329854460587139334777864865691777192231909156259733209621988933632
126 188 -23965094527142486151705603343329854460587139334777864865691777192231909156259733209621988933632
188 150 883658034639057779936843109350413051042748225627143277357602533354623364317398586377295161214
150 188 883658034639057779936843109350413051042748225627143277357602533354623364317398586377295161214
188 174 21317906147531260822993890203750519490163406379324709964802052490775951198491916563613741114
174 188 21317906147531260822993890203750519490163406379324709964802052490775951198491916563613741114
187 7 -833828107486968259299525259572565229551040480866647104565844901888
7 187 -833828107486968259299525259572565229551040480866647104565844901888
187 31 -4702538289756393343558102632690606791641228283777313839309816573543118612108995985408
31 187 -4702538289756393343558102632690606791641228283777313839309816573543118612108995985408
187 55 -39612105284434175458278303752564109954863472539158204696194068735356597001508264905925459968
55 187 -39612105284434175458278303752564109954863472539158204696194068735356597001508264905925459968
187 79 -14822198528979912308720135705205241079318408186924345251050704943089822485033131617345570078720
79 187 -14822198528979912308720135705205241079318408186924345251050704943089822485033131617345570078720
187 103 -54750955641933251895520223413231578021018168072766279517809468406404660078378998429397203025920
103 187 -54750955641933251895520223413231578021018168072766279517809468406404660078378998429397203025920
187 127 32576346120659834111479240939453602314908562308278014463064778094982734503608227980398444822528
127 187 32576346120659834111479240939453602314908562308278014463064778094982734503608227980398444822528
187 151 -1963803338436192560246050036504009782186502841736817361853555698118209669893611812161535173696
151 187 -1963803338436192560246050036504009782186502841736817361853555698118209669893611812161535173696
187 175 -15975562810191034444530070728795603169147603657677347933414096834674208356507387504809645110
175 187 -15975562810191034444530070728795603169147603657677347933414096834674208356507387504809645110
186 8 77484240449277421027830572137224222824774907318458373547612828598272
8 186 77484240449277421027830572137224222824774907318458373547612828598272
186 32 -13894507742174721957871571026617186209135331676610666256329360141678749586977716174848
32 186 -13894507742174721957871571026617186209135331676610666256329360141678749586977716174848
186 56 101204232598602284930837657672891814627887206303165871733207785296252598505992041348804378624
56 186 101204232598602284930837657672891814627887206303165871733207785296252598505992041348804378624
186 80 28436508031237740138275826982043386383815335197827277451389937517735992979994571431527999078400
80 186 28436508031237740138275826982043386383815335197827277451389937517735992979994571431527999078400
186 104 35026765788999170606971608484179876537867023504145663342133361466219219419184442957908779466752
104 186 35026765788999170606971608484179876537867023504145663342133361466219219419184442957908779466752
186 128 -34081254236094073928557927780479690184546026879478654400745033592415204431369509246908466102272
128 186 -34081254236094073928557927780479690184546026879478654400745033592415204431369509246908466102272
186 152 2988688986044957976082306985657718814184842962509866526135890663178628449306296355182428179520
152 186 2988688986044957976082306985657718814184842962509866526135890663178628449306296355182428179520
186 176 8701384904156283977057746235464123521655115195579527011631953080654368893469061976341926494
176 186 8701384904156283977057746235464123521655115195579527011631953080654368893469061976341926494
185 9 -4443181632921063193981763127035996923579990072734543860096958371725312
9 185 -4443181632921063193981763127035996923579990072734543860096958371725312
185 33 143675017401713833748644263290153431681820919383983068840086516350116914647891642941440
33 185 143675017401713833748644263290153431681820919383983068840086516350116914647891642941440
185 57 -252896864051688702177134791734906782674090201218511330046274523686528668906029478362788921344
57 185 -252896864051688702177134791734906782674090201218511330046274523686528668906029478362788921344
185 81 -44820425143649636114366590851322688891358601602570111349658854422738415731945149229987688087552
81 185 -44820425143649636114366590851322688891358601602570111349658854422738415731945149229987688087552
185 105 16922689889185503019568980557447459022930085568831196179217477854060049970977174109403406663680
105 185 16922689889185503019568980557447459022930085568831196179217477854060049970977174109403406663680
185 129 29276391375515247523821467361549158448070371980958307645266714783870586129989480103168780754944
129 185 29276391375515247523821467361549158448070371980958307645266714783870586129989480103168780754944
185 153 -3734297104061779365439307089497371596341355695455247691171271644043983771097560086489586021480
153 185 -3734297104061779365439307089497371596341355695455247691171271644043983771097560086489586021480
185 177 -2816846694159897843688399248527041452033100917795514620571580139189832028229598537574776338
177 185 -2816846694159897843688399248527041452033100917795514620571580139189832028229598537574776338
184 10 155506108502620295678455085669965306161867422432626141631933912274960384
10 184 155506108502620295678455085669965306161867422432626141631933912274960384
184 34 -632486290454990463097030658133354882272096554402546048350306658902689353856323002826752
34 184 -632486290454990463097030658133354882272096554402546048350306658902689353856323002826752
184 58 533374937272174807348845290906490460695839170449166635486656239958619608327043660379322318848
58 184 533374937272174807348845290906490460695839170449166635486656239958619608327043660379322318848
184 82 62969225651810544575937480504641173113748126358533939649090036656638885956372436182110876729344
82 184 62969225651810544575937480504641173113748126358533939649090036656638885956372436182110876729344
184 106 -96564492340069392670894271104066650626982252735541389855903740958797529328939664682280407793664
106 184 -96564492340069392670894271104066650626982252735541389855903740958797529328939664682280407793664
184 130 -20440866683508865217913094239838657371838731126368951117157961139662937406179636137435824201728
130 184 -20440866683508865217913094239838657371838731126368951117157961139662937406179636137435824201728
184 154 3823006219175090255339106229730160753287844261532946528369399759070358637054905453462037604432
154 184 3823006219175090255339106229730160753287844261532946528369399759070358637054905453462037604432
184 178 -2961321472791428654825485948489331608979433054613933646822210720028783437256627483546519264
178 184 -2961321472791428654825485948489331608979433054613933646822210720028783437256627483546519264
183 11 -3255539632889638893129105581226614150895994177636382664227403643742060544
11 183 -3255539632889638893129105581226614150895994177636382664227403643742060544
183 35 1841649315309281106024670656088309527463287574106346286992939786845198052499933928357888
35 183 1841649315309281106024670656088309527463287574106346286992939786845198052499933928357888
183 59 -939765360482367894162086474103664752964329992984860499415742278070054133641619900018508955648
59 183 -939765360482367894162086474103664752964329992984860499415742278070054133641619900018508955648
183 83 -77682303468486363489626905798823036662842156345615050050460066046328100180452465300282544226304
83 183 -77682303468486363489626905798823036662842156345615050050460066046328100180452465300282544226304
183 107 180999176944531127935636303871930497497709738403775121892004954458555353679516364172515361161216
107 183 180999176944531127935636303871930497497709738403775121892004954458555353679516364172515361161216
183 131 7710401933741614919965482213640214903617871747953385138824623309200592437986839992230647603200
131 183 7710401933741614919965482213640214903617871747953385138824623309200592437986839992230647603200
183 155 -3079027052088343403337470565584192375187022142103094389381398119648687897844981872187603703488
155 183 -3079027052088343403337470565584192375187022142103094389381398119648687897844981872187603703488
183 179 11149818163185574119800510967588864474478241408627533220469633717079710708240042003160732700
179 183 11149818163185574119800510967588864474478241408627533220469633717079710708240042003160732700
182 12 40113224575282065726422468930776755479637606081232839066028786027939758080
12 182 40113224575282065726422468930776755479637606081232839066028786027939758080
182 36 -3388409626967836009682330562296826201199015438141563705111869489380602511967102888312832
36 182 -3388409626967836009682330562296826201199015438141563705111869489380602511967102888312832
182 60 1399963034952310609738658268687793787925378677939859359486602857770125893721436498412368297984
60 182 1399963034952310609738658268687793787925378677939859359486602857770125893721436498412368297984
182 84 76999489494604217990835654406818352057082680403396656601354142447579642795958505271192679612416
84 182 76999489494604217990835654406818352057082680403396656601354142447579642795958505271192679612416
182 108 -239697516226402820496877786260105739359563003152046945635564481997231548138142168495918633975808
108 182 -239697516226402820496877786260105739359563003152046945635564481997231548138142168495918633975808
182 132 10352161698736919558977552006570939264919550838792345296803072563177198175218708917179432607744
132 182 10352161698736919558977552006570939264919550838792345296803072563177198175218708917179432607744
182 156 1745416425334253345032434854905080233347184220627515989112838353264762199125434252182125549894
156 182 1745416425334253345032434854905080233347184220627515989112838353264762199125434252182125549894
182 180 -20020326263183737088496088774111700860990737575930866458442385589434855355539309720174909136
180 182 -20020326263183737088496088774111700860990737575930866458442385589434855355539309720174909136
181 13 -248764998084775707662527674802872574437196162504954278538603083138160656384
13 181 -248764998084775707662527674802872574437196162504954278538603083138160656384
181 37 797667630004300438468629521816116363188511895078620480995769080084350435008882587729920
37 181 797667630004300438468629521816116363188511895078620480995769080084350435008882587729920
181 61 -1763032123799777049804998939103210803146782034775417709224597279890886838270476620179548667904
61 181 -1763032123799777049804998939103210803146782034775417709224597279890886838270476620179548667904
181 85 -46983278016839106404986075894779843946575685183879119260261353380475630503165374727920858169344
85 181 -46983278016839106404986075894779843946575685183879119260261353380475630503165374727920858169344
181 109 249346130234667918444796766468806482813459891496955524492893290828555516608771997219496262631424
109 181 249346130234667918444796766468806482813459891496955524492893290828555516608771997219496262631424
181 133 -31791873042682491255399496905537991146851543793155639856392090017871664682481502329493736210432
133 181 -31791873042682491255399496905537991146851543793155639856392090017871664682481502329493736210432
181 157 -240434930813782027568963876596305674838567394007818101366117338026713776565489303938308962244
157 181 -240434930813782027568963876596305674838567394007818101366117338026713776565489303938308962244
181 181 24017129103493906491288167772146013821047712111448046547612694890567800825786622865613130088
180 14 -260310348932978024192879308467957275868766227187334771597392579754314432512
14 180 -260310348932978024192879308467957275868766227187334771597392579754314432512
180 38 23198588049713934027276524906273495185396873514297699438068211768111379661369027801907200
38 180 23198588049713934027276524906273495185396873514297699438068211768111379661369027801907200
180 62 1808398699922320505270827034642972445588500864195190189810499241573899503269155158119227064320
62 180 1808398699922320505270827034642972445588500864195190189810499241573899503269155158119227064320
180 86 -17113879289662642959720321922706520774041090353701295543069431195142207339993357465778456100864
86 180 -17113879289662642959720321922706520774041090353701295543069431195142207339993357465778456100864
180 110 -196372680107777399008028624327699679555397863797165948937979693742179276863155637888570066206720
110 180 -196372680107777399008028624327699679555397863797165948937979693742179276863155637888570066206720
180 134 48964620904220333307810151474803859111681718816562022889769427266336205435977875442253860626432
134 180 48964620904220333307810151474803859111681718816562022889769427266336205435977875442253860626432
180 158 -1250270608347655902761846691103987068182401348589032574341809767527713354510881398187375711738
158 180 -1250270608347655902761846691103987068182401348589032574341809767527713354510881398187375711738
179 15 17575665521751930322236985690901695852171723673626108214072259943383682777088
15 179 17575665521751930322236985690901695852171723673626108214072259943383682777088
179 39 -117267602422052662843986965811092441664047592940581176033268276726766606572933604507123712
39 179 -117267602422052662843986965811092441664047592940581176033268276726766606572933604507123712
179 63 -1289000624727898745595564746659554289545202333532585942036818324238643665834837461247520145408
63 179 -1289000624727898745595564746659554289545202333532585942036818324238643665834837461247520145408
179 87 105017038513181402519425785194263909832075333170271787146037332199927119411325224744705293549568
87 179 105017038513181402519425785194263909832075333170271787146037332199927119411325224744705293549568
179 111 69369784873274945363420187656354653688698160626077311303510957265887612819188319070080131399680
111 179 69369784873274945363420187656354653688698160626077311303510957265887612819188319070080131399680
179 135 -53986478140233733982204674117136872040658300820082699258226328819574400368816499207477813075968
135 179 -53986478140233733982204674117136872040658300820082699258226328819574400368816499207477813075968
179 159 2788014139149049734197081306215959328058199110220334337889839589476893500235813475029054743280
159 179 2788014139149049734197081306215959328058199110220334337889839589476893500235813475029054743280
178 16 -103850282782481352211451248329851553338585210555499554456159700309068180619264
16 178 -103850282782481352211451248329851553338585210555499554456159700309068180619264
178 40 404752105513954908279740639672281857429853506152912866418286627805313463968924384419119104
40 178 404752105513954908279740639672281857429853506152912866418286627805313463968924384419119104
178 64 57302461979999852325804717708122659179325330900442907879204112727036416812134180386729099264
64 178 57302461979999852325804717708122659179325330900442907879204112727036416812134180386729099264
178 88 -200697502305776866735583862973104054004484933818827526826770060951895367407729150755614410932224
88 178 -200697502305776866735583862973104054004484933818827526826770060951895367407729150755614410932224
178 112 136185673232170009003576165060601423765554225027498425465811584670642943610725804778571306106880
112 178 136185673232170009003576165060601423765554225027498425465811584670642943610725804778571306106880
178 136 46406084516848849737822020598700158693369338459826984595744566341087268191377201339992795488256
136 178 46406084516848849737822020598700158693369338459826984595744566341087268191377201339992795488256
178 160 -4273195895424179585176735696549569008833388972646115802547429171246785370792651375856530875024
160 178 -4273195895424179585176735696549569008833388972646115802547429171246785370792651375856530875024
177 17 -621900388347057266993106363038828283613263300216941521414434867587949690617856
17 177 -621900388347057266993106363038828283613263300216941521414434867587949690617856
177 41 -1218936660575591590906046827114125495499884533858281560460453951605863634038920750433304576
41 177 -1218936660575591590906046827114125495499884533858281560460453951605863634038920750433304576
177 65 1692563927803673692133909636841865215780636774747775968524513035462060239468957177004188237824
65 177 1692563927803673692133909636841865215780636774747775968524513035462060239468957177004188237824
177 89 297464100205092350657913132230852881977704351397144512264012682475537251220590971918391349084160
89 177 297464100205092350657913132230852881977704351397144512264012682475537251220590971918391349084160
177 113 -391927036938817375320516621751725544486635295672991600821084728914704951840014045486310450266112
113 177 -391927036938817375320516621751725544486635295672991600821084728914704951840014045486310450266112
177 137 -32775411721195864147911910156911973259876492617997980128891559446765406460374829836905850560512
137 177 -32775411721195864147911910156911973259876492617997980128891559446765406460374829836905850560512
177 161 5214983993810528950445835029219079362772321008750855245242326479983073067836234289818364215752
161 177 5214983993810528950445835029219079362772321008750855245242326479983073067836234289818364215752
176 18 16064864854876318927643565042264830758141674503061379540440806757771070196940800
18 176 16064864854876318927643565042264830758141674503061379540440806757771070196940800
176 42 3567207916871870692923273171826666774708541699310127893256187116984447597773252589829226496
42 176 3567207916871870692923273171826666774708541699310127893256187116984447597773252589829226496
176 66 -3134501391877765287410147543234059854437924582656917967155297596865381518581023974065556160512
66 176 -3134501391877765287410147543234059854437924582656917967155297596865381518581023974065556160512
176 90 -396233504692363341854749865295492442297418011146403929543436736441236205389460419808846248148992
90 176 -396233504692363341854749865295492442297418011146403929543436736441236205389460419808846248148992
176 114 619228372870090084680436801872666298259690060789933855190571075869136959971374895155372623921152
114 176 619228372870090084680436801872666298259690060789933855190571075869136959971374895155372623921152
176 138 17657676056673247925233442434291006681479359029859302287282793109089026759548181763523399778304
138 176 17657676056673247925233442434291006681479359029859302287282793109089026759548181763523399778304
176 162 -5088967983897784154152202543778415839537203886503901567839698149026767157123139070066893601672
162 176 -5088967983897784154152202543778415839537203886503901567839698149026767157123139070066893601672
175 19 -152381017674700952488917389475597350164111937848141885320383211498445009699471360
19 175 -152381017674700952488917389475597350164111937848141885320383211498445009699471360
175 43 -10511115653691644143553215170559305784384289009387964523497437987771812566700144498195824640
43 175 -10511115653691644143553215170559305784384289009387964523497437987771812566700144498195824640
175 67 2614776988884707406417091809581526624862318903724822711242215677849024084543794919681728446464
67 175 2614776988884707406417091809581526624862318903724822711242215677849024084543794919681728446464
175 91 482479236095075001509377815906398091654076121587970943801783344718323889231564978599687056523264
91 175 482479236095075001509377815906398091654076121587970943801783344718323889231564978599687056523264
175 115 -718808874698587960588199293814278279273487397224843875729075657903171685194221932542098118017024
115 175 -718808874698587960588199293814278279273487397224843875729075657903171685194221932542098118017024
175 139 1793140355512776124824778055514009938451529113237065233681553371307776165640122334356210614272
139 175 1793140355512776124824778055514009938451529113237065233681553371307776165640122334356210614272
175 163 3878734761679492614643437898513456939539599480037001578565482161649499894264390874873960735344
163 175 3878734761679492614643437898513456939539599480037001578565482161649499894264390874873960735344
174 20 954233914665832431214540601333566652329180541098852369405848575383600977365958656
20 174 954233914665832431214540601333566652329180541098852369405848575383600977365958656
174 44 30425293187974284080967089570461221522563801204305516606856264320540802106548763460139745280
44 174 30425293187974284080967089570461221522563801204305516606856264320540802106548763460139745280
174 68 2387722260333346099133991658687090033503685565771182626093664313149352262488443652591392391168
68 174 2387722260333346099133991658687090033503685565771182626093664313149352262488443652591392391168
174 92 -512086244420548592135111615383176329653620732305092468374179930130421257484252039354259905445888
92 174 -512086244420548592135111615383176329653620732305092468374179930130421257484252039354259905445888
174 116 634567304919811958544679616548787832657347120140941419873859665369739811790128866145631431819264
116 174 634567304919811958544679616548787832657347120140941419873859665369739811790128866145631431819264
174 140 -28982128555494680895492767790212388967605372021735409070947688828533103126571288085871421358080
140 174 -28982128555494680895492767790212388967605372021735409070947688828533103126571288085871421358080
174 164 -2087405627473984474257857537694589719008672366904401840244823505039740291308905254704079941598
164 174 -2087405627473984474257857537694589719008672366904401840244823505039740291308905254704079941598
173 21 -4790360279836997512471934040125076486245859401795525669912885829354505042512576512
21 173 -4790360279836997512471934040125076486245859401795525669912885829354505042512576512
173 45 -82855590236778632005538278345767947823785598112500032029294110204876340607669530679828283392
45 173 -82855590236778632005538278345767947823785598112500032029294110204876340607669530679828283392
173 69 -15124352588914243611718264155516322150886016334566092019474837442864427136980406339871807897600
69 173 -15124352588914243611718264155516322150886016334566092019474837442864427136980406339871807897600
173 93 435923552508474586250039534789576746625103070032078295960274671401050599247481244314075331035136
93 173 435923552508474586250039534789576746625103070032078295960274671401050599247481244314075331035136
173 117 -385978637505568868628760770695529834133068501248871222439689066486416142497826687438728896446464
117 173 -385978637505568868628760770695529834133068501248871222439689066486416142497826687438728896446464
173 141 57411236913786316932223427074846618217353869300154600134194214353075125428532991317535876186112
141 173 57411236913786316932223427074846618217353869300154600134194214353075125428532991317535876186112
173 165 190527222757268116400198288974155954386562625337574210742960435580300540310056090025005084372
165 173 190527222757268116400198288974155954386562625337574210742960435580300540310056090025005084372
172 22 25439982130398685005682375442699353835602364538285142083642406691600423395461693440
22 172 25439982130398685005682375442699353835602364538285142083642406691600423395461693440
172 46 205928090403566252915613101457748428935784458986860836451557600021869176550841967945841639424
46 172 205928090403566252915613101457748428935784458986860836451557600021869176550841967945841639424
172 70 38781922773315750534989439845692713899623243703733298726287160522932198024211242791969419689984
70 172 38781922773315750534989439845692713899623243703733298726287160522932198024211242791969419689984
172 94 -240674362833708051742742669988434259071133356939280471528750371239773955935520712997367497883648
94 172 -240674362833708051742742669988434259071133356939280471528750371239773955935520712997367497883648
172 118 31051482234782637624450482272731220210979355947428472379251688901505720794349767040913417175040
118 172 31051482234782637624450482272731220210979355947428472379251688901505720794349767040913417175040
172 142 -72620500069020515447076584121073450152052104345304547130303697778218956742311143555602698797056
142 172 -72620500069020515447076584121073450152052104345304547130303697778218956742311143555602698797056
172 166 1734707182541226129808323825487603418972460577020508623876312880002339477200180351407575080738
166 172 1734707182541226129808323825487603418972460577020508623876312880002339477200180351407575080738
171 23 -177737568311395037487287080022474176858026403441824866072536248581458363576697749504
23 171 -177737568311395037487287080022474176858026403441824866072536248581458363576697749504
171 47 -461266777563088035391444298496937817413818567420064725377432401339884178074648205429617721344
47 171 -461266777563088035391444298496937817413818567420064725377432401339884178074648205429617721344
171 71 -73773292120758098671981632841071166368856589870047418782509148637956430687908729797242880262144
71 171 -73773292120758098671981632841071166368856589870047418782509148637956430687908729797242880262144
171 95 -54101064282960655993360138825717031499650272075920869285839454568656291489658782046521609158656
95 171 -54101064282960655993360138825717031499650272075920869285839454568656291489658782046521609158656
171 119 388051466083691875822128930091110490835257261996111983524256193777313601473964542178647831740416
119 171 388051466083691875822128930091110490835257261996111983524256193777313601473964542178647831740416
171 143 66838760547596093726294274614478547792543216795528152436154480963714634378752402355820700729344
143 171 66838760547596093726294274614478547792543216795528152436154480963714634378752402355820700729344
171 167 -3715459792142916002781847522585621831962653111567067187041157981344254381786533145633101219680
167 171 -3715459792142916002781847522585621831962653111567067187041157981344254381786533145633101219680
170 24 1379173951738273169127300912680650555078188786504700107505107393616994080255591317504
24 170 1379173951738273169127300912680650555078188786504700107505107393616994080255591317504
170 48 931568086917284951542221643354251284363463196937309162651711194905648531267566254438794395648
48 170 931568086917284951542221643354251284363463196937309162651711194905648531267566254438794395648
170 72 112268465116145288032039357068556121354164224664705510868414287236234897810658504275422343069696
72 170 112268465116145288032039357068556121354164224664705510868414287236234897810658504275422343069696
170 96 450480796801868856883926564569004696021657314149826850290694279775827012896422400046706276171776
96 170 450480796801868856883926564569004696021657314149826850290694279775827012896422400046706276171776
170 120 -834838103286326411929728549355630959124461934626945416746864414803465219940253905190177594146816
120 170 -834838103286326411929728549355630959124461934626945416746864414803465219940253905190177594146816
170 144 -47657713911808633330871850529911284582156895145751779444134117390732287951469592668611741220864
144 170 -47657713911808633330871850529911284582156895145751779444134117390732287951469592668611741220864
170 168 5384894027663259327434664614555845130379553134759148485984295620882742748676975378954789219312
168 170 5384894027663259327434664614555845130379553134759148485984295620882742748676975378954789219312
169 1 34296067190541605325223906666119954432
1 169 34296067190541605325223906666119954432
169 25 -9674435777986538441754730588709334220940549807859157785788932589388013297753779077120
25 169 -9674435777986538441754730588709334220940549807859157785788932589388013297753779077120
169 49 -1711743273195861237760048889366679751212100287072003138190929422246841832674592745006615756800
49 169 -1711743273195861237760048889366679751212100287072003138190929422246841832674592745006615756800
169 73 -132083184315182746313718029177568506927721391165562006406757415620581028734886474868992707133440
73 169 -132083184315182746313718029177568506927721391165562006406757415620581028734886474868992707133440
169 97 -990301206552143419343326388001806147574144926146107658300484755596439378426242880575200557006848
97 169 -990301206552143419343326388001806147574144926146107658300484755596439378426242880575200557006848
169 121 1214996711619437507257985820635554873271437971383638076339668745433440219917623969782211996024832
121 169 1214996711619437507257985820635554873271437971383638076339668745433440219917623969782211996024832
169 145 27838796836610571998713248370269239001265253377688847241432040128019105541168449101878139723776
145 169 27838796836610571998713248370269239001265253377688847241432040128019105541168449101878139723776
169 169 -6059992049520184050721675809346546051373890050000850156765542630290060184497090006498533841432
168 2 26393600269795859472217342892858502632616102985728
2 168 26393600269795859472217342892858502632616102985728
168 26 58172567949481807023518546471124022444584099117460830908940566074627199507749952028672
26 168 58172567949481807023518546471124022444584099117460830908940566074627199507749952028672
168 50 2900759152564124261143230721913050841169955177168775995689619139549644486796692325542091816960
50 168 2900759152564124261143230721913050841169955177168775995689619139549644486796692325542091816960
168 74 95708509198114845122385646628938732713360922030006600744830876564670474837793513109079793336320
74 168 95708509198114845122385646628938732713360922030006600744830876564670474837793513109079793336320
168 98 1659089753597504011148210456956439290279289624582280581633669919974664777169914884683992850759680
98 168 1659089753597504011148210456956439290279289624582280581633669919974664777169914884683992850759680
168 122 -1370720831890863237582791172806332244473737072542347299548182934640140463296130984498342945357824
122 168 -1370720831890863237582791172806332244473737072542347299548182934640140463296130984498342945357824
168 146 -9037577004942368220041925655817422293038245076907207204856186359092379921130711586596274462720
146 168 -9037577004942368220041925655817422293038245076907207204856186359092379921130711586596274462720
167 3 586124338385844551101902050307146039943601902046685429760
3 167 586124338385844551101902050307146039943601902046685429760
167 27 -303908665005317355179838040891403075620005598888520838427412365468821961551868764094464
27 167 -303908665005317355179838040891403075620005598888520838427412365468821961551868764094464
167 51 -4576691786142252453238193031349308585190028188614137334977809992464177065831738422677504786432
51 167 -4576691786142252453238193031349308585190028188614137334977809992464177065831738422677504786432
167 75 40534889730980301300592529877736139125206878892744789486244182872325605069788507790194071568384
75 167 40534889730980301300592529877736139125206878892744789486244182872325605069788507790194071568384
167 99 -2256913709134985995092704639226535992101729461816786251709954315748371166296921469588109378191360
99 167 -2256913709134985995092704639226535992101729461816786251709954315748371166296921469588109378191360
167 123 1190246868427762205632718616115083441302027683614028269056706103081434278948033431817910745038848
123 167 1190246868427762205632718616115083441302027683614028269056706103081434278948033431817910745038848
167 147 -17639079885782849791295545461939929346378436390780270114429593511610253213557202077656244641792
147 167 -17639079885782849791295545461939929346378436390780270114429593511610253213557202077656244641792
166 4 -3298471510727057786817962380166000178400986932654458965852160
4 166 -3298471510727057786817962380166000178400986932654458965852160
166 28 1421516756926824406705670330138529930166102188989099752333939847564967794000297528918016
28 166 1421516756926824406705670330138529930166102188989099752333939847564967794000297528918016
166 52 6637333400802685540506482656626576103096717034069399734075103484629279185156844743035247919104
52 166 6637333400802685540506482656626576103096717034069399734075103484629279185156844743035247919104
166 76 -309942841756696922430444096085275377281966297348930249030780230437338672023781330461892521492480
76 166 -309942841756696922430444096085275377281966297348930249030780230437338672023781330461892521492480
166 100 2431545419498305755523112198265762888581341645791113042074415489058213103701099165416913100603392
100 166 2431545419498305755523112198265762888581341645791113042074415489058213103701099165416913100603392
166 124 -722888704485797740079813624516408525186290273256552315029609000356411794189864518589102558281728
124 166 -722888704485797740079813624516408525186290273256552315029609000356411794189864518589102558281728
166 148 53723503249294393001316385135052201260344129919924130637261211924221635594530864316764412239872
148 166 53723503249294393001316385135052201260344129919924130637261211924221635594530864316764412239872
165 5 2608361053228086172106367014719552745700792338816366565295915008
5 165 2608361053228086172106367014719552745700792338816366565295915008
165 29 -6141548875664247076310592934475608277132273867492377148861226628773239668700880790618112
29 165 -6141548875664247076310592934475608277132273867492377148861226628773239668700880790618112
165 53 -8226881112176741013443242055031848357551180403480209595834702722519960365968551384491453579264
53 165 -8226881112176741013443242055031848357551180403480209595834702722519960365968551384491453579264
165 77 722072822017701539274719365419383268503518461446387215897572963298952242752042334307176708833280
77 165 722072822017701539274719365419383268503518461446387215897572963298952242752042334307176708833280
165 101 -1925536745890642880548963024505309795552822448275016369669212325327521440470622685222578260279296
101 165 -1925536745890642880548963024505309795552822448275016369669212325327521440470622685222578260279296
165 125 142138067834111629057083665164833625886916455020021167491462323999485171436734582112860239822848
125 165 142138067834111629057083665164833625886916455020021167491462323999485171436734582112860239822848
165 149 -83288267205780788246334953300697294872196975329988417405139886789840625752269148390097241522176
149 165 -83288267205780788246334953300697294872196975329988417405139886789840625752269148390097241522176
164 6 -873514854040532662343757972284207419958330682500266185715630473216
6 164 -873514854040532662343757972284207419958330682500266185715630473216
164 30 25117077740152167730434966741423550540216280882109661327167270478420132523051319530881024
30 164 25117077740152167730434966741423550540216280882109661327167270478420132523051319530881024
164 54 6421066852098586327712078625450660902922099285775917241637206930254110685456685513232999251968
54 164 6421066852098586327712078625450660902922099285775917241637206930254110685456685513232999251968
164 78 -1259777581551906121287704565788735874504485751410270022588122021411492153377696121928770901770240
78 164 -1259777581551906121287704565788735874504485751410270022588122021411492153377696121928770901770240
164 102 802876807972193699269998260073406952417086334799177846491775951591097521213369312339888055517184
102 164 802876807972193699269998260073406952417086334799177846491775951591097521213369312339888055517184
164 126 421028270143719778434889377193820365939504552770911598759979604263241133956025287424029608640512
126 164 421028270143719778434889377193820365939504552770911598759979604263241133956025287424029608640512
164 150 87318143580288044330982974274562127831709312529714012015829207002218296109022890244561883602944
150 164 87318143580288044330982974274562127831709312529714012015829207002218296109022890244561883602944
163 7 181136088634253727976067773663034868450926028187739624316175017574400
7 163 181136088634253727976067773663034868450926028187739624316175017574400
163 31 -98460941590863201751451990627365481075912482455494009639018217630760977266800378632994816
31 163 -98460941590863201751451990627365481075912482455494009639018217630760977266800378632994816
163 55 5769222509621232771374998983491332262909437385939532209042235198080351175012503448770242936832
55 163 5769222509621232771374998983491332262909437385939532209042235198080351175012503448770242936832
163 79 1878397130769442758005488989185667623358771170322622342144867501386638046587374962817457553670144
79 163 1878397130769442758005488989185667623358771170322622342144867501386638046587374962817457553670144
163 103 614427947532702405182297617605536072476670538491475463211187402722162915718536979154091544412160
103 163 614427947532702405182297617605536072476670538491475463211187402722162915718536979154091544412160
163 127 -964604262600414493893075818632509742049548688773067294961312516529371946955012310665618295619584
127 163 -964604262600414493893075818632509742049548688773067294961312516529371946955012310665618295619584
163 151 -65435905270542477084795169705146790580828584581846417135264140634825557428254259219700306370560
151 163 -65435905270542477084795169705146790580828584581846417135264140634825557428254259219700306370560
162 8 -14046702588005457108037250580201164854036248030374319695928362411229184
8 162 -14046702588005457108037250580201164854036248030374319695928362411229184
162 32 370077264422077819329096651735394515823924136203258901084888739473417559873200659799998464
32 162 370077264422077819329096651735394515823924136203258901084888739473417559873200659799998464
162 56 -41022710661254756477081642485155369554203765299250169030060828939386015798925316798974795972608
56 162 -41022710661254756477081642485155369554203765299250169030060828939386015798925316798974795972608
162 80 -2488427595258256262961231970561943146870780959119752744774931052350815762296118796922403344613376
80 162 -2488427595258256262961231970561943146870780959119752744774931052350815762296118796922403344613376
162 104 -2019636734357919234282004984330951280980001043406806938750309690298443934433385315912996628725760
104 162 -2019636734357919234282004984330951280980001043406806938750309690298443934433385315912996628725760
162 128 1498894036852251168093306563421177215148686550505193729978366133020228178140452678258015801966592
128 162 1498894036852251168093306563421177215148686550505193729978366133020228178140452678258015801966592
162 152 35640872567424139170028528580461049944699351841093742639644479818360294987649277855096530919424
152 162 35640872567424139170028528580461049944699351841093742639644479818360294987649277855096530919424
161 9 698301484259372326137564135435791308318738445113622531607439892012859392
9 161 698301484259372326137564135435791308318738445113622531607439892012859392
161 33 -1324890461137815491955081423173619753691484018300395326792294549570334354667939976137670656
33 161 -1324890461137815491955081423173619753691484018300395326792294549570334354667939976137670656
161 57 116778213236954397089476948705161892845089176269490008305940589600274953601200540322042428260352
57 161 116778213236954397089476948705161892845089176269490008305940589600274953601200540322042428260352
161 81 2914598838889624011047567284431633338723995167557049088570022086750065252341972717107986235916288
81 161 2914598838889624011047567284431633338723995167557049088570022086750065252341972717107986235916288
161 105 3224852258723354378470175347173641572926145775279191156292711702738901451192707967118239007244288
105 161 3224852258723354378470175347173641572926145775279191156292711702738901451192707967118239007244288
161 129 -1889550499032361877634553629603632008552067557717275750931651129288827162388663244768518132989952
129 161 -1889550499032361877634553629603632008552067557717275750931651129288827162388663244768518132989952
161 153 -11537804059278941567747683321966761787527581359290427885861192250121551987628435609906283880448
153 161 -11537804059278941567747683321966761787527581359290427885861192250121551987628435609906283880448
160 10 -21780995912792248335326218705589224371946251323466336194494704290669527040
10 160 -21780995912792248335326218705589224371946251323466336194494704290669527040
160 34 4486209090262360850084140745152217272004776041613033675192894757049978380438046075397341184
34 160 4486209090262360850084140745152217272004776041613033675192894757049978380438046075397341184
160 58 -249526993356848693448632916074091676451246313522128934405174939805827497655838271157044340850688
58 160 -249526993356848693448632916074091676451246313522128934405174939805827497655838271157044340850688
160 82 -2850890876213063724318235773796649967201636796422985392290410494002718289839700298047295846350848
82 160 -2850890876213063724318235773796649967201636796422985392290410494002718289839700298047295846350848
160 106 -3956891114068697441330378232068833539655037601050994454565991164179123338338903828607114615455744
106 160 -3956891114068697441330378232068833539655037601050994454565991164179123338338903828607114615455744
160 130 1912514699523119118475069444486691311508055344869885684408088110850310110450173909142995455705088
130 160 1912514699523119118475069444486691311508055344869885684408088110850310110450173909142995455705088
160 154 -12129572752553691770165190445012302270379757791698672217383775109237896959003146172606542905344
154 160 -12129572752553691770165190445012302270379757791698672217383775109237896959003146172606542905344
159 11 435930717398697048539264948384632013475981158873317565847949363263974670336
11 159 435930717398697048539264948384632013475981158873317565847949363263974670336
159 35 -14316615682037882277671613603202953073631753226164647751971123960537960923350350004972683264
35 159 -14316615682037882277671613603202953073631753226164647751971123960537960923350350004972683264
159 59 444255219797383925977439285597912160366716496343653134853123670969888756259523023645806465908736
59 159 444255219797383925977439285597912160366716496343653134853123670969888756259523023645806465908736
159 83 1847994920755948917728297544931779229130120742787307834771369642407606099210879588934374253395968
83 159 1847994920755948917728297544931779229130120742787307834771369642407606099210879588934374253395968
159 107 3747101487293317000612382309790390834071411392750904535814384708816013859456750141540750470414336
107 159 3747101487293317000612382309790390834071411392750904535814384708816013859456750141540750470414336
159 131 -1494748307368209555360413402630703787409039348286712575633554557870136972246973682291711601016832
131 159 -1494748307368209555360413402630703787409039348286712575633554557870136972246973682291711601016832
159 155 45669655196408111594702892923243988887462876809738376071043619705158495060951212044946361139200
155 159 45669655196408111594702892923243988887462876809738376071043619705158495060951212044946361139200
158 12 -5639439187660093940751745730896555601961389926450687371811647846831246802944
12 158 -5639439187660093940751745730896555601961389926450687371811647846831246802944
158 36 43082801400328152202702145477426458080326789812951320828327184084879060514054424854051946496
36 158 43082801400328152202702145477426458080326789812951320828327184084879060514054424854051946496
158 60 -682668811401149568893735980189903825238068903107923596683598225386751763487720246522072243634176
60 158 -682668811401149568893735980189903825238068903107923596683598225386751763487720246522072243634176
158 84 629408403892632988042556840787757266486132258992864190116565841706216764405658668229788734324736
84 158 629408403892632988042556840787757266486132258992864190116565841706216764405658668229788734324736
158 108 -2332416396365009949126763299815122978344484402856665547201321922042530526745947353678923025088512
108 158 -2332416396365009949126763299815122978344484402856665547201321922042530526745947353678923025088512
158 132 824621636620942921286427586999550738849003423551459699402029608849168636247782763268962873507840
132 158 824621636620942921286427586999550738849003423551459699402029608849168636247782763268962873507840
158 156 -82003256374000587114479979618761526726618061111012829013780011374325167536289012613836427821056
156 158 -82003256374000587114479979618761526726618061111012829013780011374325167536289012613836427821056
157 13 43748494539672752200439144411906508621941330903802957560512584872277393276928
13 157 43748494539672752200439144411906508621941330903802957560512584872277393276928
157 37 -122676668638208608707094786899941758853675436976938914585773449315144783791385625638358482944
37 157 -122676668638208608707094786899941758853675436976938914585773449315144783791385625638358482944
157 61 915929668624024175698912262685590082374971332469271560752239431263635917700323081278734779547648
61 157 915929668624024175698912262685590082374971332469271560752239431263635917700323081278734779547648
157 85 -5035312727897701105821966216420943600628248843540330451584961228912497010349474124084941812662272
85 157 -5035312727897701105821966216420943600628248843540330451584961228912497010349474124084941812662272
157 109 244236664349076950389083631083757785479913922264952783026318861143280388089947815986611089309696
109 157 244236664349076950389083631083757785479913922264952783026318861143280388089947815986611089309696
157 133 -150052755510189911358465770813354548980734111476067037513021987568612624204555241703801624723456
133 157 -150052755510189911358465770813354548980734111476067037513021987568612624204555241703801624723456
157 157 98374160807911040988316335194710072611011428808491198659021598271765712182422007257551380840448
156 14 -106533162569500846575533611876398775167831678758726751475434729491808875708416
14 156 -106533162569500846575533611876398775167831678758726751475434729491808875708416
156 38 331953678762025214298638443008043566084026927336869115561413055305147127744533392531686162432
38 156 331953678762025214298638443008043566084026927336869115561413055305147127744533392531686162432
156 62 -1064364726817839742940990283118765531255900321591086750621680729897824753715800657872624279355392
62 156 -1064364726817839742940990283118765531255900321591086750621680729897824753715800657872624279355392
156 86 11428989169430025529300392522602200577404490577388421681610621509434038704207431688585866385555456
86 156 11428989169430025529300392522602200577404490577388421681610621509434038704207431688585866385555456
156 110 1283013736637176538255208666869818475388892450400557110194600490874591696952261104043996359950336
110 156 1283013736637176538255208666869818475388892450400557110194600490874591696952261104043996359950336
156 134 -490173498159330125177864827167075717497278575266632549703543599923667256869304159122982275383296
134 156 -490173498159330125177864827167075717497278575266632549703543599923667256869304159122982275383296
155 15 -1931905714807654889890178669631451705142168957257459144451042546450701492420608
15 155 -1931905714807654889890178669631451705142168957257459144451042546450701492420608
155 39 -856280648250415193954173593656924066660848698671575344716179620023582785440685745279340642304
39 155 -856280648250415193954173593656924066660848698671575344716179620023582785440685745279340642304
155 63 1017993103394837809819669990178609016325028352710690689075976685346148569201595485680505387483136
63 155 1017993103394837809819669990178609016325028352710690689075976685346148569201595485680505387483136
155 87 -19056387173436008060831840811512481852973607790990307128829178116510208904318547467278037601484800
87 155 -19056387173436008060831840811512481852973607790990307128829178116510208904318547467278037601484800
155 111 -1318239683726723813218127908034032386564258774488863673629760121265008794273409343479410837159936
111 155 -1318239683726723813218127908034032386564258774488863673629760121265008794273409343479410837159936
155 135 1227501989783588514837018856244220442446894368810156434691688843236745163344239834097619455442944
135 155 1227501989783588514837018856244220442446894368810156434691688843236745163344239834097619455442944
154 16 29795900238068857215585094058484394933553378633952880577809207236336183574265856
16 154 29795900238068857215585094058484394933553378633952880577809207236336183574265856
154 40 2107054453886809984447932806065852268964453335358711187428682039640478138153075440158160977920
40 154 2107054453886809984447932806065852268964453335358711187428682039640478138153075440158160977920
154 64 -624949437835784028730280862503598988623612497706551883232750131782999019964464505618567392133120
64 154 -624949437835784028730280862503598988623612497706551883232750131782999019964464505618567392133120
154 88 26045527267817393980073892511751625804165741464028250628823043702639207828930510515764548037771264
88 154 26045527267817393980073892511751625804165741464028250628823043702639207828930510515764548037771264
154 112 150525029725869922652282818916065456453563704037201442230634831626066077654257736732930803236864
112 154 150525029725869922652282818916065456453563704037201442230634831626066077654257736732930803236864
154 136 -2045858887490678165280295264847811019439467377849592776321032609340211305311352767807679411257344
136 154 -2045858887490678165280295264847811019439467377849592776321032609340211305311352767807679411257344
153 17 -248420182476210106577818123790635369930003788740537959244115377487629956715380736
17 153 -248420182476210106577818123790635369930003788740537959244115377487629956715380736
153 41 -4936200650243185040013629725532671351958569204093954472078430824142430897241881674147447177216
41 153 -4936200650243185040013629725532671351958569204093954472078430824142430897241881674147447177216
153 65 -337784339449920328779692889052538344672685009253883794289329745908061191437734689382029403881472
65 153 -337784339449920328779692889052538344672685009253883794289329745908061191437734689382029403881472
153 89 -29572392841773500394641187172509752508278029703180342906827954228702475666206866252119595873730560
89 153 -29572392841773500394641187172509752508278029703180342906827954228702475666206866252119595873730560
153 113 1024982885027366136178438436004728309209336233415542247326252853366656850842821220164272927014912
113 153 1024982885027366136178438436004728309209336233415542247326252853366656850842821220164272927014912
153 137 2626316336666500692822998346546767658532676588438338305635919652370531090685520986062764541739008
137 153 2626316336666500692822998346546767658532676588438338305635919652370531090685520986062764541739008
152 18 1721087921728219257578049079766913802033065336915772730175006070497077625066881024
18 152 1721087921728219257578049079766913802033065336915772730175006070497077625066881024
152 42 10966766552022362987921596623776400512785483300030045103304476741733081052625211721390554611712
42 152 10966766552022362987921596623776400512785483300030045103304476741733081052625211721390554611712
152 66 2187770211319459033271193217434125910313739435118682607209004829694834902313834474215993050660864
66 152 2187770211319459033271193217434125910313739435118682607209004829694834902313834474215993050660864
152 90 26702877661999526647162043763066752762118243231437782523773673967813039172182882404598470246662144
90 152 26702877661999526647162043763066752762118243231437782523773673967813039172182882404598470246662144
152 114 -1337050714614128596136709321109513332930832335767815719554195237458192013253970751731783702675456
114 152 -1337050714614128596136709321109513332930832335767815719554195237458192013253970751731783702675456
152 138 -2615272783271568599707300997004869960384773804012286786830689730966400559035727850633124468752384
138 152 -2615272783271568599707300997004869960384773804012286786830689730966400559035727850633124468752384
151 19 -13326191047822289526139798211301292206142870341729380865964230425779154457815154688
19 151 -13326191047822289526139798211301292206142870341729380865964230425779154457815154688
151 43 -23000647478004385559691865261552117905045191377228107949719087585653863802790129773322570825728
43 151 -23000647478004385559691865261552117905045191377228107949719087585653863802790129773322570825728
151 67 -5290403025094113492508495733704495839245787757833259134585466552982125095228754859370545214914560
67 151 -5290403025094113492508495733704495839245787757833259134585466552982125095228754859370545214914560
151 91 -15645406412555486306951353117675739711805160451358358589889026531743430533711833162016420106600448
91 151 -15645406412555486306951353117675739711805160451358358589889026531743430533711833162016420106600448
151 115 825037924151983614164572399834353553872117572095962544480652431945627237793249225615650186067968
115 151 825037924151983614164572399834353553872117572095962544480652431945627237793249225615650186067968
151 139 2000934496317977915265380756540269490229516189772815064428918696432773690739426942271507285409792
139 151 2000934496317977915265380756540269490229516189772815064428918696432773690739426942271507285409792
150 20 117827631676379970757106058171901011559165250218019731902956891342016783010406334464
20 150 117827631676379970757106058171901011559165250218019731902956891342016783010406334464
150 44 45343400781183808862982886451764995839397371779629604209059070601615805542446098667614414831616
44 150 45343400781183808862982886451764995839397371779629604209059070601615805542446098667614414831616
150 68 9861543759402969380055426631952817391917869911668500268595639748098873145931900878481405348151296
68 150 9861543759402969380055426631952817391917869911668500268595639748098873145931900878481405348151296
150 92 -3259920418193987088705281930266420542512279110798166707918209706049345280149217870027150879358976
92 150 -3259920418193987088705281930266420542512279110798166707918209706049345280149217870027150879358976
150 116 332422105090972386625072291133300720292401551209232392100075971043834069018692165670318590918656
116 150 332422105090972386625072291133300720292401551209232392100075971043834069018692165670318590918656
150 140 -1102625850638874317143489447052435290743466495669370956208012070428615886875945307512798139383808
140 150 -1102625850638874317143489447052435290743466495669370956208012070428615886875945307512798139383808
149 21 -978623168950503481597708892779837991066697142283607084898670884926606618224167485440
21 149 -978623168950503481597708892779837991066697142283607084898670884926606618224167485440
149 45 -83724443736534339500275844920136654773383513333349928022216669498656639416703012603236613881856
45 149 -83724443736534339500275844920136654773383513333349928022216669498656639416703012603236613881856
149 69 -15594930985626913129387711093132927389984770636145445943974540515379419452202114197827375025094656
69 149 -15594930985626913129387711093132927389984770636145445943974540515379419452202114197827375025094656
149 93 27370577570073290968530341562062309203304093541023996411284848309428916357794873510682061329924096
93 149 27370577570073290968530341562062309203304093541023996411284848309428916357794873510682061329924096
149 117 -2645715610712711138833823127853967798213389726314588048185019551037578939774402954066243000205312
117 149 -2645715610712711138833823127853967798213389726314588048185019551037578939774402954066243000205312
149 141 183540718357398493626050687021437955930396079124200640209549988493529016084913795928885452341248
141 149 183540718357398493626050687021437955930396079124200640209549988493529016084913795928885452341248
148 22 6860155659668751837276645075560983680408039589647881633661214421511638320942464106496
22 148 6860155659668751837276645075560983680408039589647881633661214421511638320942464106496
148 46 144341382850301799743071120524449558169370098444505881360711884338332726823835577244439323607040
46 148 144341382850301799743071120524449558169370098444505881360711884338332726823835577244439323607040
148 70 21235045659797376614539287579715462718327953709841104698924395914021664284912209647664264736931840
70 148 21235045659797376614539287579715462718327953709841104698924395914021664284912209647664264736931840
148 94 -52354872945636639621295229428815211746136951227474467566768681284578930012457912680234645687631872
94 148 -52354872945636639621295229428815211746136951227474467566768681284578930012457912680234645687631872
148 118 6599173066473161567377061545429607262565083452927042574574447290568074003358040526186624948633600
118 148 6599173066473161567377061545429607262565083452927042574574447290568074003358040526186624948633600
148 142 784471714970852208377096176070299801566090372393872043656512322246145260079952139903036351840256
142 148 784471714970852208377096176070299801566090372393872043656512322246145260079952139903036351840256
147 23 -40223494610883692695830244210580413088853713144640614608660114243983986789876540375040
23 147 -40223494610883692695830244210580413088853713144640614608660114243983986789876540375040
147 47 -231446333865337443016601301872312126758027434106424583463147071105629475421596312916873934012416
47 147 -231446333865337443016601301872312126758027434106424583463147071105629475421596312916873934012416
147 71 -24383024545525618890804883639313434392682037883724055176140995357185751359114513735599172507140096
71 147 -24383024545525618890804883639313434392682037883724055176140995357185751359114513735599172507140096
147 95 73134144759384863049442040308223700827338092907547814410787093567166931857099198351161114216103936
95 147 73134144759384863049442040308223700827338092907547814410787093567166931857099198351161114216103936
147 119 -11020720861537171469289270086228047079024731696872748060312618024046676162055325547261492969078784
119 147 -11020720861537171469289270086228047079024731696872748060312618024046676162055325547261492969078784
147 143 -1881599723185841745464859404980969188062488032380221103197050798359749368009135532985081722306560
143 147 -1881599723185841745464859404980969188062488032380221103197050798359749368009135532985081722306560
146 24 204786928407874144844447307993637697898503051998646253870923865373007561574378813521920
24 146 204786928407874144844447307993637697898503051998646253870923865373007561574378813521920
146 48 342781069226536109015627807291693869732986124853412869032726180327590833125925855786214493257728
48 146 342781069226536109015627807291693869732986124853412869032726180327590833125925855786214493257728
146 72 21857101846177923818993893120819830094987359112781317341045285253470353769276687892291609379733504
72 146 21857101846177923818993893120819830094987359112781317341045285253470353769276687892291609379733504
146 96 -84879701793884530611031829306862094287173676400483793551853910775017087092011984077586656076496896
96 146 -84879701793884530611031829306862094287173676400483793551853910775017087092011984077586656076496896
146 120 12977242402600737422719330889229403948059392010013917668268365570176751251846277874958422679486464
120 146 12977242402600737422719330889229403948059392010013917668268365570176751251846277874958422679486464
146 144 2876573882640876665158184610916206827625361799202235757979363085126893036839602494297755007057920
144 146 2876573882640876665158184610916206827625361799202235757979363085126893036839602494297755007057920
145 1 -10757584744134895078656583624929216299008
1 145 -10757584744134895078656583624929216299008
145 25 -971930459226070250956304980718977910543491103830143149592318057153363732419847666008064
25 145 -971930459226070250956304980718977910543491103830143149592318057153363732419847666008064
145 49 -462143015143619022983810581345431871693676947563708790194384606765241868764310566016720517988352
49 145 -462143015143619022983810581345431871693676947563708790194384606765241868764310566016720517988352
145 73 -10696202707805659700967128325727643220648024666804516985781174802303259802199263719986156005228544
73 145 -10696202707805659700967128325727643220648024666804516985781174802303259802199263719986156005228544
145 97 84128384935702040707766426784262460046741704540939544652824941890397540686017332936081074452168704
97 145 84128384935702040707766426784262460046741704540939544652824941890397540686017332936081074452168704
145 121 -10104808458772607806311450651520913478251347328145228267616519521342295293377829196410787089874944
121 145 -10104808458772607806311450651520913478251347328145228267616519521342295293377829196410787089874944
145 145 -3292241253363948806897052397559522297169584985248085496029619615853143806741527967800579156082688
144 2 8517187745945139635370843694336110711243049241935872
2 144 8517187745945139635370843694336110711243049241935872
144 26 4690374745381851944903712779474560183931291263984318765184711391537002614085281952825344
26 144 4690374745381851944903712779474560183931291263984318765184711391537002614085281952825344
144 50 549144597503389072048725082961600533305927916435208413973180986403187106394917622333510791462912
50 144 549144597503389072048725082961600533305927916435208413973180986403187106394917622333510791462912
144 74 -10538215287433362859783560365658441215511315648188552874662941707065426258783952009162191852797952
74 144 -10538215287433362859783560365658441215511315648188552874662941707065426258783952009162191852797952
144 98 -69824056332674405313595317822427910042344658118072303317530221055058763627756251065867292662300672
98 144 -69824056332674405313595317822427910042344658118072303317530221055058763627756251065867292662300672
144 122 2976916593891073727584100987708989294349593744864892375262403131120075042791607063390499679240192
122 144 2976916593891073727584100987708989294349593744864892375262403131120075042791607063390499679240192
143 3 -90854773495676011096773296825721649109094279566267175141376
3 143 -90854773495676011096773296825721649109094279566267175141376
143 27 -24029592690052611378396739343678995348442413815582737454269504693503170104993239734943744
27 143 -24029592690052611378396739343678995348442413815582737454269504693503170104993239734943744
143 51 -529403558650335619639404080352799813315286259311682983351183612282775196875285059327975028162560
51 143 -529403558650335619639404080352799813315286259311682983351183612282775196875285059327975028162560
143 75 40811203357582636757052237027611855651026645278056263656924576098802419341941088657993952422526976
75 143 40811203357582636757052237027611855651026645278056263656924576098802419341941088657993952422526976
143 99 43464268487957276466439510360165570011998213462745485217089157121113124979114424682337839230222336
99 143 43464268487957276466439510360165570011998213462745485217089157121113124979114424682337839230222336
143 123 5421109410627624709244930749810762640186800433696990731764136549155418842297319847786163094945792
123 143 5421109410627624709244930749810762640186800433696990731764136549155418842297319847786163094945792
142 4 148394265216831232670170174536264369101053808296798954694115328
4 142 148394265216831232670170174536264369101053808296798954694115328
142 28 125979705069448986577937737971724783592805214517971153412836577745181398652984399002337280
28 142 125979705069448986577937737971724783592805214517971153412836577745181398652984399002337280
142 52 295016930051589009013606284146996445708980713969703471691703576902651423012447566289392665362432
52 142 295016930051589009013606284146996445708980713969703471691703576902651423012447566289392665362432
142 76 -76476665125033004431500903485743660741087884869769282172798867113261464485134678051501796277354496
76 142 -76476665125033004431500903485743660741087884869769282172798867113261464485134678051501796277354496
142 100 -7777292550565605373043800941491728691432836390950132660024057082082427034456771884366371336749056
100 142 -7777292550565605373043800941491728691432836390950132660024057082082427034456771884366371336749056
142 124 -12566783179303588834630047794475616626538773917982168259622400437574031363067622501217139247022080
124 142 -12566783179303588834630047794475616626538773917982168259622400437574031363067622501217139247022080
141 5 -187772208521069260934723362546609812521455677299747147474729435136
5 141 -187772208521069260934723362546609812521455677299747147474729435136
141 29 -632827811065362264395550552036106000491375254856981502345343883717795822202511162318258176
29 141 -632827811065362264395550552036106000491375254856981502345343883717795822202511162318258176
141 53 268023637079091994128574818314450606511240443327588814609450883894049063903667807646996613824512
53 141 268023637079091994128574818314450606511240443327588814609450883894049063903667807646996613824512
141 77 111771185583660581660094355015256857546978958012216028258451563314438048277100627816461505541439488
77 141 111771185583660581660094355015256857546978958012216028258451563314438048277100627816461505541439488
141 101 -35069556757726635269111186358019902716365308041718142132168605887799027938998189754155349315682304
101 141 -35069556757726635269111186358019902716365308041718142132168605887799027938998189754155349315682304
141 125 18006117967218277175810530864862585151298789546768117866284760702045257992812533843756187908046848
125 141 18006117967218277175810530864862585151298789546768117866284760702045257992812533843756187908046848
140 6 68141396147751327706542360625626194551267624371606911932564521353216
6 140 68141396147751327706542360625626194551267624371606911932564521353216
140 30 2913923266320175287679770307215295362436079664920446705808474180961449148239864924494364672
30 140 2913923266320175287679770307215295362436079664920446705808474180961449148239864924494364672
140 54 -1212513562782056059843506401364818571580413335430354505416160956963149992741427153571884633686016
54 140 -1212513562782056059843506401364818571580413335430354505416160956963149992741427153571884633686016
140 78 -139253640331345134461692663324591214129209711562816028823870098292780358074367684031546305535803392
78 140 -139253640331345134461692663324591214129209711562816028823870098292780358074367684031546305535803392
140 102 83513520894165553875964338414536731338377110364087721918960629389946692212542233311179384377311232
102 140 83513520894165553875964338414536731338377110364087721918960629389946692212542233311179384377311232
140 126 -21786811081549203993514277972047855135465642195468045003536110483261065994291625057265060866424832
126 140 -21786811081549203993514277972047855135465642195468045003536110483261065994291625057265060866424832
139 7 -9833089534582029443427044294459645923187390274016232480657795400597504
7 139 -9833089534582029443427044294459645923187390274016232480657795400597504
139 31 -12067467330298121050351209772207337396175659882067487024503880129838370319541738959888449536
31 139 -12067467330298121050351209772207337396175659882067487024503880129838370319541738959888449536
139 55 2437343059525675730857924818380496450717098904728050428192943993429369165453564581246745385631744
55 139 2437343059525675730857924818380496450717098904728050428192943993429369165453564581246745385631744
139 79 149833813444292320058257989254214921490997133944342937701508433457740497375895857057651170220179456
79 139 149833813444292320058257989254214921490997133944342937701508433457740497375895857057651170220179456
139 103 -133997018633341455178678418065084034780186814618441329748528850791814762618858928744706674429788160
103 139 -133997018633341455178678418065084034780186814618441329748528850791814762618858928744706674429788160
139 127 22289095410990684592748448522358982682014728747878043473427041535936136091564125282252148101349376
127 139 22289095410990684592748448522358982682014728747878043473427041535936136091564125282252148101349376
138 8 820879992276830189293748396765131590465926342490890818991322954492542976
8 138 820879992276830189293748396765131590465926342490890818991322954492542976
138 32 44679734661538696403117232312538254027397972288421873124438355865070468654893282101699805184
32 138 44679734661538696403117232312538254027397972288421873124438355865070468654893282101699805184
138 56 -3633074281252591048875899740696389636030105775696554625020314448322719641060115797021785845661696
56 138 -3633074281252591048875899740696389636030105775696554625020314448322719641060115797021785845661696
138 80 -133150941878141413697691354045408716655933974310317454599989980075654702590602995682440084549795840
80 138 -133150941878141413697691354045408716655933974310317454599989980075654702590602995682440084549795840
138 104 178068175001135392820225005082786916490559747410229595652246433432708222674713771704726041107890176
104 138 178068175001135392820225005082786916490559747410229595652246433432708222674713771704726041107890176
138 128 -17069427937421897440758472197590222353009967883584107321705066020742369728292436027762167083171840
128 138 -17069427937421897440758472197590222353009967883584107321705066020742369728292436027762167083171840
137 9 -36398253422595736084555112665713418085514265899363210381334634821985501184
9 137 -36398253422595736084555112665713418085514265899363210381334634821985501184
137 33 -147565076480903673424269015682029116461714019044120292022222131852307437285779690782197809152
33 137 -147565076480903673424269015682029116461714019044120292022222131852307437285779690782197809152
137 57 4361280692199020598805764056151067255850088159218817850084601217358625698097254657162207169609728
57 137 4361280692199020598805764056151067255850088159218817850084601217358625698097254657162207169609728
137 81 79903508748356407472969650275959646686504534295860576986764600926505933408088592106977061163237376
81 137 79903508748356407472969650275959646686504534295860576986764600926505933408088592106977061163237376
137 105 -202959182174391379638177592165954740920587317952159952323684408392386227425195522925698001844305920
105 137 -202959182174391379638177592165954740920587317952159952323684408392386227425195522925698001844305920
137 129 6153835105015268129874159755712732768041179875592544251006229495864349598259310057872548423532544
129 137 6153835105015268129874159755712732768041179875592544251006229495864349598259310057872548423532544
136 10 998800364748038662253940430274843971723997221592887652997916477393849024512
10 136 998800364748038662253940430274843971723997221592887652997916477393849024512
136 34 432891661836990679306256395465494209849082137811920096287738619892181268892300342010971160576
34 136 432891661836990679306256395465494209849082137811920096287738619892181268892300342010971160576
136 58 -4308410113623595022937187422237474473291548759865563257899272075907314880834677834814486871015424
58 136 -4308410113623595022937187422237474473291548759865563257899272075907314880834677834814486871015424
136 82 12943917059435936467271261150908488477511682359139083847103059875087673241266255482641240670863360
82 136 12943917059435936467271261150908488477511682359139083847103059875087673241266255482641240670863360
136 106 196553566756907580374922798480449053764061519803066646813168724147384711304695115963786155293409280
106 136 196553566756907580374922798480449053764061519803066646813168724147384711304695115963786155293409280
136 130 6598719102298501345438955129926567517879214988546361632152613870127735052195772528083881737322496
130 136 6598719102298501345438955129926567517879214988546361632152613870127735052195772528083881737322496
135 11 -18412184738719723058709726426430720186284340245620780451747531668227782344704
11 135 -18412184738719723058709726426430720186284340245620780451747531668227782344704
135 35 -1114897763478896886706026725976566175353363175455620821421758661962123670797866274991261089792
35 135 -1114897763478896886706026725976566175353363175455620821421758661962123670797866274991261089792
135 59 3576449685628261179568231239103232706301626218754180649489956362742939621353101452543691444977664
59 135 3576449685628261179568231239103232706301626218754180649489956362742939621353101452543691444977664
135 83 -135418042011817106349215223684575085453301568460046905373804316049175170644301347475821140989968384
83 135 -135418042011817106349215223684575085453301568460046905373804316049175170644301347475821140989968384
135 107 -153141523518143669324510049730983682898169080554419319584576987765508234167165510938035661974798336
107 135 -153141523518143669324510049730983682898169080554419319584576987765508234167165510938035661974798336
135 131 -16364943882050282115826489288245515003992354494211430426845702437960354053649290026952800308559872
131 135 -16364943882050282115826489288245515003992354494211430426845702437960354053649290026952800308559872
134 12 234065083427095334344700360286352186147597951774822322333370730312444564996096
12 134 234065083427095334344700360286352186147597951774822322333370730312444564996096
134 36 2447420357763080546896868903922109069733395584550665826935800522121088316030818345493922316288
36 134 2447420357763080546896868903922109069733395584550665826935800522121088316030818345493922316288
134 60 -2661914121715964099856310250488197114768402199193249784000839381698397251853527869678953349251072
60 134 -2661914121715964099856310250488197114768402199193249784000839381698397251853527869678953349251072
134 84 259990329488631049308496921760389699844044382725637430108611444518281432201073936915221110893576192
84 134 259990329488631049308496921760389699844044382725637430108611444518281432201073936915221110893576192
134 108 75590471876419818380413430366604072183213542046990866585102357184573870211306915999251230701387776
108 134 75590471876419818380413430366604072183213542046990866585102357184573870211306915999251230701387776
134 132 21246433228375027599894389659306695951407632703443433921034653462317841316857253097929064665055232
132 134 21246433228375027599894389659306695951407632703443433921034653462317841316857253097929064665055232
133 13 -2031734775834859664736862293150826212197964334636656840296422918573257880764416
13 133 -2031734775834859664736862293150826212197964334636656840296422918573257880764416
133 37 -4211432490259925958841761417881890763413924180146244798006927394698891367039709991744785350656
37 133 -4211432490259925958841761417881890763413924180146244798006927394698891367039709991744785350656
133 61 1780969247757307222154761385561393247002375408345589563455626993495781178304511792023335652556800
61 133 1780969247757307222154761385561393247002375408345589563455626993495781178304511792023335652556800
133 85 -343606110825249891688362699207152614872550773978129734928346884078321194137304809693820366144667648
85 133 -343606110825249891688362699207152614872550773978129734928346884078321194137304809693820366144667648
133 109 26261740434176437909702460862966972210473003460299421261085767106851959490932323703057075002146816
109 133 26261740434176437909702460862966972210473003460299421261085767106851959490932323703057075002146816
133 133 -22502948117210187607377846842855940657636477570198232556823082823606825533579937054564056716804096
132 14 11538498015864178645022025495695914415842952005439309957993330167457446430244864
14 132 11538498015864178645022025495695914415842952005439309957993330167457446430244864
132 38 3833094662240351171154812297222760192345401605106093272331822007956916022543157884392006746112
38 132 3833094662240351171154812297222760192345401605106093272331822007956916022543157884392006746112
132 62 328152804055535911279910951220684441972426886985731016220472141734389373184844270859254260301824
62 132 328152804055535911279910951220684441972426886985731016220472141734389373184844270859254260301824
132 86 338793541523402757983931073195302466112458086455927378112009719993287357733139481769025737037185024
86 132 338793541523402757983931073195302466112458086455927378112009719993287357733139481769025737037185024
132 110 -137367406171750380644764740145904650435748730549401333431120457798233397934316030163464763719286784
110 132 -137367406171750380644764740145904650435748730549401333431120457798233397934316030163464763719286784
131 15 -43459841277161664768369347948134894969663591859168400495699595379048723498663936
15 131 -43459841277161664768369347948134894969663591859168400495699595379048723498663936
131 39 8810040300945972127798425349629228146323944667605338797026434417319274921054022985681844830208
39 131 8810040300945972127798425349629228146323944667605338797026434417319274921054022985681844830208
131 63 -7131781560379973378267823729484880816793322718128927066744999313519034197618877444158007063609344
63 131 -7131781560379973378267823729484880816793322718128927066744999313519034197618877444158007063609344
131 87 -212528044419576784838945047853180912146007164764623724474446226148916059372383773488444928400818176
87 131 -212528044419576784838945047853180912146007164764623724474446226148916059372383773488444928400818176
131 111 237590253106828179177029702242962780279941808515046929226289343619931328186779850364328318051811328
111 131 237590253106828179177029702242962780279941808515046929226289343619931328186779850364328318051811328
130 16 264304623197602068577136686089910782809689709137687097576794336378237454169145344
16 130 264304623197602068577136686089910782809689709137687097576794336378237454169145344
130 40 -63186825618496165449220078951084529727663007972022745342791463403964154999314363137799957250048
40 130 -63186825618496165449220078951084529727663007972022745342791463403964154999314363137799957250048
130 64 22956786025710342510756185563579058438022136479907095488412240050327728613717864138284583197081600
64 130 22956786025710342510756185563579058438022136479907095488412240050327728613717864138284583197081600
130 88 -33124431974756173749995384824322362610256414076187193079918526884414663866213226181455638119317504
88 130 -33124431974756173749995384824322362610256414076187193079918526884414663866213226181455638119317504
130 112 -303475515585734320940358218281316989219482457854158158619198677994935525653702583600291043799465984
112 130 -303475515585734320940358218281316989219482457854158158619198677994935525653702583600291043799465984
129 17 -4056315007389234171871946106735442280044396713520711091094474140116474577798823936
17 129 -4056315007389234171871946106735442280044396713520711091094474140116474577798823936
129 41 230655186525785933793033818752227340159885533157978729726094165576079528779591928579189890875392
41 129 230655186525785933793033818752227340159885533157978729726094165576079528779591928579189890875392
129 65 -48606339171161418469363421012478172871008899113583512095231821423681250580725136974237507807870976
65 129 -48606339171161418469363421012478172871008899113583512095231821423681250580725136974237507807870976
129 89 348522386880651514423914774672118424166004074033755240405027023735178039545968498002751669472854016
89 129 348522386880651514423914774672118424166004074033755240405027023735178039545968498002751669472854016
129 113 315479454112995640018565718717439022552595137941055893068203448831690377297063150797466241031208960
113 129 315479454112995640018565718717439022552595137941055893068203448831690377297063150797466241031208960
128 18 47168528725803569105423238298526107387596739385222609300430782043822601145937821696
18 128 47168528725803569105423238298526107387596739385222609300430782043822601145937821696
128 42 -660302528954506949219962232289235820348215520515908309149979132034285091573462247934003433701376
42 128 -660302528954506949219962232289235820348215520515908309149979132034285091573462247934003433701376
128 66 75312028356159534818640571786318443009016632199455784510771673795390600684969937599644312453251072
66 128 75312028356159534818640571786318443009016632199455784510771673795390600684969937599644312453251072
128 90 -642636072338952795139951327031591585361413310546788135577338070784915105136123042759400765985390592
90 128 -642636072338952795139951327031591585361413310546788135577338070784915105136123042759400765985390592
128 114 -267904126769387988865195266050868580587858460666280331999957868231188087297477032312686450940313600
114 128 -267904126769387988865195266050868580587858460666280331999957868231188087297477032312686450940313600
127 19 -368185155304411572299520108479949894307386905074523430297530651350469284267422646272
19 127 -368185155304411572299520108479949894307386905074523430297530651350469284267422646272
127 43 1623828126110740370392373045266810928698835494973683493155884902956563222261712549477446903136256
43 127 1623828126110740370392373045266810928698835494973683493155884902956563222261712549477446903136256
127 67 -81492290007544174557803440433249398229350625448342811096344291662052896361374446080459005755392000
67 127 -81492290007544174557803440433249398229350625448342811096344291662052896361374446080459005755392000
127 91 812327313893346988374646859994329107483665913440427889040766232871453658577499101646752808005795840
91 127 812327313893346988374646859994329107483665913440427889040766232871453658577499101646752808005795840
127 115 172862400174549683524010435398033763416731311650745444938253033536348120111061614513833059259777024
115 127 172862400174549683524010435398033763416731311650745444938253033536348120111061614513833059259777024
126 20 2325877165649596419084265943637883089463205052507243704556680149819572315848479604736
20 126 2325877165649596419084265943637883089463205052507243704556680149819572315848479604736
126 44 -3551289823669186107881445051598763593832200695487290640113071571703337920212979896831428515594240
44 126 -3551289823669186107881445051598763593832200695487290640113071571703337920212979896831428515594240
126 68 38114894873997400412467738277322205428680859049599558442100333789728429922840610667727888299589632
68 126 38114894873997400412467738277322205428680859049599558442100333789728429922840610667727888299589632
126 92 -786226152869405689815562073473884458887636746671307906605135226332180532709373144469928686081015808
92 126 -786226152869405689815562073473884458887636746671307906605135226332180532709373144469928686081015808
126 116 -53237519278552329592310270605838498939653424788172811546155349556786932099803916574068908023087104
116 126 -53237519278552329592310270605838498939653424788172811546155349556786932099803916574068908023087104
125 21 -17247609060750132360273057873798772125364808399099395797458093220706968361671430504448
21 125 -17247609060750132360273057873798772125364808399099395797458093220706968361671430504448
125 45 7020766012697889495771077731667715763033084126755461301308298729924250365669568351194372114481152
45 125 7020766012697889495771077731667715763033084126755461301308298729924250365669568351194372114481152
125 69 74589136625441968429945947610150073055078972408992571039494369227369099530356937553749435314339840
69 125 74589136625441968429945947610150073055078972408992571039494369227369099530356937553749435314339840
125 93 561743352675752408086795308027532116984755606087741533705994693948904939999291657541776396439781376
93 125 561743352675752408086795308027532116984755606087741533705994693948904939999291657541776396439781376
125 117 -69627668983397578835582044403780781404056493980219568931337320498595635937016471157035397212536832
117 125 -69627668983397578835582044403780781404056493980219568931337320498595635937016471157035397212536832
124 22 173277434990370699617313440608489415820487323158217642909410575998505143868379809972224
22 124 173277434990370699617313440608489415820487323158217642909410575998505143868379809972224
124 46 -12650551973372937817545117762568722145876997632660204870828063033033210593659373239228495197896704
46 124 -12650551973372937817545117762568722145876997632660204870828063033033210593659373239228495197896704
124 70 -243962721346274409539199848748945667173457647965000247702935728242217836469115713254815659229970432
70 124 -243962721346274409539199848748945667173457647965000247702935728242217836469115713254815659229970432
124 94 -211988500377500056952448941960759384226289451358526183542731837179679349247032642123766861458833408
94 124 -211988500377500056952448941960759384226289451358526183542731837179679349247032642123766861458833408
124 118 182353852119830943410935002787079118218492010865307855055720342077391270120759634286008961050083328
118 124 182353852119830943410935002787079118218492010865307855055720342077391270120759634286008961050083328
123 23 -1746806920259884544423036939868341871749730615772165073268511865134204113901016492015616
23 123 -1746806920259884544423036939868341871749730615772165073268511865134204113901016492015616
123 47 20846689641538297896204677310904247510965834320169046255755738935637374487894601031812363677859840
47 123 20846689641538297896204677310904247510965834320169046255755738935637374487894601031812363677859840
123 71 408592749463028743452654477463741007388002088359259461837330038971926679771451462306875172691378176
71 123 408592749463028743452654477463741007388002088359259461837330038971926679771451462306875172691378176
123 95 -145403645993828870276335730234840946767187405124998711782579759765053355710036449118374798871756800
95 123 -145403645993828870276335730234840946767187405124998711782579759765053355710036449118374798871756800
123 119 -276005432547755286470803277868024748875855671838705818369599660335146688622080226213263566583103488
119 123 -276005432547755286470803277868024748875855671838705818369599660335146688622080226213263566583103488
122 24 14791357966791645157041455462487366223959213214804909718614897357837861742281782590439424
24 122 14791357966791645157041455462487366223959213214804909718614897357837861742281782590439424
122 48 -31391307665912493227196289735705239504453508688441426713833230444757460394853210503342404336091136
48 122 -31391307665912493227196289735705239504453508688441426713833230444757460394853210503342404336091136
122 72 -464411961291863951360028809100266194162023215890478041656866001074459047110228214877612972529680384
72 122 -464411961291863951360028809100266194162023215890478041656866001074459047110228214877612972529680384
122 96 401521963300523698887530802829431401913688891009690625832664107914542348841108673088558455695867904
96 122 401521963300523698887530802829431401913688891009690625832664107914542348841108673088558455695867904
122 120 340055528750589203722559270368085126098271201143327784760994357780522616090090947489026849646837760
120 122 340055528750589203722559270368085126098271201143327784760994357780522616090090947489026849646837760
121 1 2118041662165889420400999989971668971814912
1 121 2118041662165889420400999989971668971814912
121 25 -102724386126449759273060452604541075019765722346535313422667422286344678225932659223166976
25 121 -102724386126449759273060452604541075019765722346535313422667422286344678225932659223166976
121 49 42910642997962828287307740357579414677034592552871103826132482410623338849141577798444887572480000
49 121 42910642997962828287307740357579414677034592552871103826132482410623338849141577798444887572480000
121 73 299893734211871168262209643599603110623697011539738097248460194533017580551998140709658250191044608
73 121 299893734211871168262209643599603110623697011539738097248460194533017580551998140709658250191044608
121 97 -500961214761766326136951334896844390490916713532892926713044542984525775583594498018078327239081984
97 121 -500961214761766326136951334896844390490916713532892926713044542984525775583594498018078327239081984
121 121 -363132749307730469087587358823737313144381775132325429888518587887488913730292590195425606627229696
120 2 1048197023941884751449908877381622474318599938556035072
2 120 1048197023941884751449908877381622474318599938556035072
120 26 593263118795548009896733154482604947181097508379053351062498485257480165341661921219182592
26 120 593263118795548009896733154482604947181097508379053351062498485257480165341661921219182592
120 50 -52306289985400007315968459371847504358378108275464315172471882532650101458250521703053903418884096
50 120 -52306289985400007315968459371847504358378108275464315172471882532650101458250521703053903418884096
120 74 151302407044230614201247173997259786655066329300425499998875652757791347710296322073262681552322560
74 120 151302407044230614201247173997259786655066329300425499998875652757791347710296322073262681552322560
120 98 454819318900660126274790083011610936525884857482937039096111899447839384360090965661188936202977280
98 120 454819318900660126274790083011610936525884857482937039096111899447839384360090965661188936202977280
119 3 5123500873708430263181170814761863095181042340395447098540032
3 119 5123500873708430263181170814761863095181042340395447098540032
119 27 -2893051689938728645442628286769893252893983097325356275436568795189366268917495716175151104
27 119 -2893051689938728645442628286769893252893983097325356275436568795189366268917495716175151104
119 51 54237275546278924334708552158534168134972004476161569554759463367745369458613421689870261157888000
51 119 54237275546278924334708552158534168134972004476161569554759463367745369458613421689870261157888000
119 75 -868653209922082229853788318971378470847185344316502341943877939484119560260377969090753723191263232
75 119 -868653209922082229853788318971378470847185344316502341943877939484119560260377969090753723191263232
119 99 -321125060182796989044846072524060214761556659156256996343058865180430200241479421569597020267610112
99 119 -321125060182796989044846072524060214761556659156256996343058865180430200241479421569597020267610112
118 4 -5716809355999252863511721274555415262142120160583508375019454464
4 118 -5716809355999252863511721274555415262142120160583508375019454464
118 28 12023746205140662842654189149630626639683805912448304562602956710914352814727430228792049664
28 118 12023746205140662842654189149630626639683805912448304562602956710914352814727430228792049664
118 52 -40708346206669265883805854629112199689905885098623861696736589986002995411489328028257962438950912
52 118 -40708346206669265883805854629112199689905885098623861696736589986002995411489328028257962438950912
118 76 1743142310407713650131848043843144036876361873879191325781561208716625000070406767470347529949806592
76 118 1743142310407713650131848043843144036876361873879191325781561208716625000070406767470347529949806592
118 100 170198248978136894812267829351698331023254557873304573994548664818530009720550848596725729798914048
100 118 170198248978136894812267829351698331023254557873304573994548664818530009720550848596725729798914048
117 5 1044081875821623505083117328253401825514562971808433596931965452288
5 117 1044081875821623505083117328253401825514562971808433596931965452288
117 29 -42638801705908807589714059709857853308200338422963814526205770758727146712463108644697800704
29 117 -42638801705908807589714059709857853308200338422963814526205770758727146712463108644697800704
117 53 819179439598743084835103146394961545867806718107183559663693172971148322990125808526910361174016
53 117 819179439598743084835103146394961545867806718107183559663693172971148322990125808526910361174016
117 77 -2622424657325771524903654612990166235104611448834693559903269917704877389936660612597126294277193728
77 117 -2622424657325771524903654612990166235104611448834693559903269917704877389936660612597126294277193728
117 101 -53444144508571772016856835311448231973577281602963889678328799591661431673323513991008769103888384
101 117 -53444144508571772016856835311448231973577281602963889678328799591661431673323513991008769103888384
116 6 -81646601740800618158468954666054752498327752309158545982303691079680
6 116 -81646601740800618158468954666054752498327752309158545982303691079680
116 30 127654167458481907350033379162005913230005270666493354837188908020638797171069103741991911424
30 116 127654167458481907350033379162005913230005270666493354837188908020638797171069103741991911424
116 54 79130542056289233702661528287856164818793815226662471660401790132601790018616087934666457554616320
54 116 79130542056289233702661528287856164818793815226662471660401790132601790018616087934666457554616320
116 78 3374916000275881036726621735286466188973944732343011383482692685539612764865145077906050715087798272
78 116 3374916000275881036726621735286466188973944732343011383482692685539612764865145077906050715087798272
116 102 -16302990897672970246569342076900628748619201636947767956063377569152590011553842852981024382517248
102 116 -16302990897672970246569342076900628748619201636947767956063377569152590011553842852981024382517248
115 7 127278493591676576184135915788003384739278380789658894632731000656887808
7 115 127278493591676576184135915788003384739278380789658894632731000656887808
115 31 -311915923110895696688521556974296983120445795967007735891992227817570834525525610344474476544
31 115 -311915923110895696688521556974296983120445795967007735891992227817570834525525610344474476544
115 55 -214624147297875719477191058464731585533697643279299121071762386939511893456479468545356902474711040
55 115 -214624147297875719477191058464731585533697643279299121071762386939511893456479468545356902474711040
115 79 -3924377110701865301835813737402573248005607554365444156675939105966389293442934537539002035605602304
79 115 -3924377110701865301835813737402573248005607554365444156675939105966389293442934537539002035605602304
115 103 71025139623099255764935500004735807029678539908023539175329640144027619729761677826628141944143872
103 115 71025139623099255764935500004735807029678539908023539175329640144027619729761677826628141944143872
114 8 -13712797704697411288525038144799002605988184910022797950759980891816067072
8 114 -13712797704697411288525038144799002605988184910022797950759980891816067072
114 32 561293120783736252992510382803251203996160535362776385841944224131076012721370967666684067840
32 114 561293120783736252992510382803251203996160535362776385841944224131076012721370967666684067840
114 56 419880732128838055453731321362894254410185554170892134912094010684694997941053783546996581287854080
56 114 419880732128838055453731321362894254410185554170892134912094010684694997941053783546996581287854080
114 80 4223978607031238407193514029382001119183952422718940010961621608455157655834681750362340084213088256
80 114 4223978607031238407193514029382001119183952422718940010961621608455157655834681750362340084213088256
114 104 -175700022038427056522118395591786731853817889513528727175129415235919870017421594591817015347904512
104 114 -175700022038427056522118395591786731853817889513528727175129415235919870017421594591817015347904512
113 9 632855260154601077362098697491670366917846770896350071312454762598986940416
9 113 632855260154601077362098697491670366917846770896350071312454762598986940416
113 33 -421539512214464322327808068144440656481259006740279822572742951740056119147005340202569826304
33 113 -421539512214464322327808068144440656481259006740279822572742951740056119147005340202569826304
113 57 -701053792650067423472019821753129295980205884083064685461473432433037351993562961748056794925629440
57 113 -701053792650067423472019821753129295980205884083064685461473432433037351993562961748056794925629440
113 81 -4191636112033012433834682695426173278551533558210497311569733690620115611477828392107069025718108160
81 113 -4191636112033012433834682695426173278551533558210497311569733690620115611477828392107069025718108160
113 105 393709856738859094466545364389925715211287989726390176734964283275260425903318819472646848169115648
105 113 393709856738859094466545364389925715211287989726390176734964283275260425903318819472646848169115648
112 10 -17027633238667883350646086116980783764992476333815518105802944155022803337216
10 112 -17027633238667883350646086116980783764992476333815518105802944155022803337216
112 34 -1763100012301200668955232253570313353545217894404886770860831897547673125889587345547121917952
34 112 -1763100012301200668955232253570313353545217894404886770860831897547673125889587345547121917952
112 58 1043680034342606114802430049857963075375907973578829277503189652269550024806931299901150576347447296
58 112 1043680034342606114802430049857963075375907973578829277503189652269550024806931299901150576347447296
112 82 3678703014068513821878414020587577589338026966931182281491769656090067270566443587756716567757324288
82 112 3678703014068513821878414020587577589338026966931182281491769656090067270566443587756716567757324288
112 106 -738989166681379937116619132968646882790688190697031985359112978406267308759383323152346336207044608
106 112 -738989166681379937116619132968646882790688190697031985359112978406267308759383323152346336207044608
111 11 324571213429769070089251913886319353235967956799085335391357241653603648667648
11 111 324571213429769070089251913886319353235967956799085335391357241653603648667648
111 35 9680543341620081575309983229847994512544500254539251041826460947469241214592557094196989657088
35 111 9680543341620081575309983229847994512544500254539251041826460947469241214592557094196989657088
111 59 -1393259266988084575056088398978612723816984143797525598538144141873129792957233000882004259793534976
59 111 -1393259266988084575056088398978612723816984143797525598538144141873129792957233000882004259793534976
111 83 -2541267310011038309962307752507389308709446895098765975726352460716185926235245159524940501074575360
83 111 -2541267310011038309962307752507389308709446895098765975726352460716185926235245159524940501074575360
111 107 1144454467389783409007726979009069283087329374513660815545813225332862302731271294727706853857296384
107 111 1144454467389783409007726979009069283087329374513660815545813225332862302731271294727706853857296384
110 12 -5248272803005456748090301160879935021995119852173700464791762266606390220947456
12 110 -5248272803005456748090301160879935021995119852173700464791762266606390220947456
110 36 -26930901333879366530144782050360039450702142612189363798941608600579088439920842840566562553856
36 110 -26930901333879366530144782050360039450702142612189363798941608600579088439920842840566562553856
110 60 1631272666426842689702039728124218122330850022242470019183044921345051366387048723865036932102750208
60 110 1631272666426842689702039728124218122330850022242470019183044921345051366387048723865036932102750208
110 84 808665730827249963332717372388724435178176524732549144552808286710900129037842167315469477074698240
84 110 808665730827249963332717372388724435178176524732549144552808286710900129037842167315469477074698240
110 108 -1477909909321931590675345110916084005307649695543577895638197505910490422163183760693716548359028736
108 110 -1477909909321931590675345110916084005307649695543577895638197505910490422163183760693716548359028736
109 13 82422996662255156864016571611586374382384240814614707500768390271060121011355648
13 109 82422996662255156864016571611586374382384240814614707500768390271060121011355648
109 37 41810896518270627370958226522896224594206452419168352283388196860646385779552092977018475380736
37 109 41810896518270627370958226522896224594206452419168352283388196860646385779552092977018475380736
109 61 -1556241665844296441227046609684351788867997023719196406995866089612707380365743511619497278360780800
61 109 -1556241665844296441227046609684351788867997023719196406995866089612707380365743511619497278360780800
109 85 1158710960991477021935077854529590500786901810162521642869461834353803367950427674024443939450257408
85 109 1158710960991477021935077854529590500786901810162521642869461834353803367950427674024443939450257408
109 109 1607468111659610791646866447443517181194434097423295731428661778668724200204067749988052963430498304
108 14 -1255534406726658713685701013049723796055914966687217379180213242130956793883394048
14 108 -1255534406726658713685701013049723796055914966687217379180213242130956793883394048
108 38 24980853885180404628369724298507067761649675111764981668570824217387239278590511514559740641280
38 108 24980853885180404628369724298507067761649675111764981668570824217387239278590511514559740641280
108 62 889604075729905531872373990428169559215733048930918880718382539691610544010344002295117879126786048
62 108 889604075729905531872373990428169559215733048930918880718382539691610544010344002295117879126786048
108 86 -2674184858304036694539911460100188115652277372037433585432564049319984742929063413623132476021932032
86 108 -2674184858304036694539911460100188115652277372037433585432564049319984742929063413623132476021932032
107 15 16986586727258279215910244050398083106797585706081946675616015078648386256034070528
15 107 16986586727258279215910244050398083106797585706081946675616015078648386256034070528
107 39 -450826532781487624854714334942685060950226605608974381456785880212339646806617967072489324412928
39 107 -450826532781487624854714334942685060950226605608974381456785880212339646806617967072489324412928
107 63 667070141057273929694550879376642624766830365969964455172712160318463032612353696622564311176314880
63 107 667070141057273929694550879376642624766830365969964455172712160318463032612353696622564311176314880
107 87 2968517093749092579433294248196912723718111445637726777413656274523513042372246995767856401544642560
87 107 2968517093749092579433294248196912723718111445637726777413656274523513042372246995767856401544642560
106 16 -190552823883083467958877677047547435128510915821262026204053478772145273196397985792
16 106 -190552823883083467958877677047547435128510915821262026204053478772145273196397985792
106 40 1962660667274148963666617471280730290539279429075700182300088642919229461282955221308536984174592
40 106 1962660667274148963666617471280730290539279429075700182300088642919229461282955221308536984174592
106 64 -3305682192027701420918271224419296776022864719125488069379064110181637691698813662607641693827104768
64 106 -3305682192027701420918271224419296776022864719125488069379064110181637691698813662607641693827104768
106 88 -1583632599048545172569211452879054040563991996957440726924619878402218644864616161121819422437146624
88 106 -1583632599048545172569211452879054040563991996957440726924619878402218644864616161121819422437146624
105 17 1708564015486285756077221177789212617818629328083884213077110180165390759871379406848
17 105 1708564015486285756077221177789212617818629328083884213077110180165390759871379406848
105 41 -6096014205059028546779939781975142937674785552417607669340710905657715380149658063963341518274560
41 105 -6096014205059028546779939781975142937674785552417607669340710905657715380149658063963341518274560
105 65 6933279411973566394690301427031511175422535544501217669393856047668744839286141038792175524792762368
65 105 6933279411973566394690301427031511175422535544501217669393856047668744839286141038792175524792762368
105 89 -1311113936221863682209386707779210639046375897274996800599251366374135135341388613773035569487544320
89 105 -1311113936221863682209386707779210639046375897274996800599251366374135135341388613773035569487544320
104 18 -11799898508837625856683391656318075594493930051082632181023429180281381618555188936704
18 104 -11799898508837625856683391656318075594493930051082632181023429180281381618555188936704
104 42 15478905662429695751399736794575658981225893831133785533966715389557767476767350904476584921530368
42 104 15478905662429695751399736794575658981225893831133785533966715389557767476767350904476584921530368
104 66 -11016564028853676560405853218369333622193021839910428932198275414303837725632379015088754008185110528
66 104 -11016564028853676560405853218369333622193021839910428932198275414303837725632379015088754008185110528
104 90 4900312990589756309124107590640930679350522049488762214839738989035409949169367995971285467971715072
90 104 4900312990589756309124107590640930679350522049488762214839738989035409949169367995971285467971715072
103 19 56812389655382707818781042825242529360858557717034462917856330912857028742260417626112
19 103 56812389655382707818781042825242529360858557717034462917856330912857028742260417626112
103 43 -33565349014561534137033290366740196493179995028995874372036960080402105789404804622203932532277248
43 103 -33565349014561534137033290366740196493179995028995874372036960080402105789404804622203932532277248
103 67 14572917474553356127421657498533708902848038429120288589758152672651038187129258492409506374839435264
67 103 14572917474553356127421657498533708902848038429120288589758152672651038187129258492409506374839435264
103 91 -8051314125583737034657234995411235650007232892636478241295097836718609746680982096574204413929848832
91 103 -8051314125583737034657234995411235650007232892636478241295097836718609746680982096574204413929848832
102 20 -102699001531495737235423309055724627050512131875230691670279369152629425065981732978688
20 102 -102699001531495737235423309055724627050512131875230691670279369152629425065981732978688
102 44 63077157337341359389056035731526800463859524145649371414316892680332360450778988183310411713478656
44 102 63077157337341359389056035731526800463859524145649371414316892680332360450778988183310411713478656
102 68 -16420147334719460683606682465103156582895865668679519776761694693552248825216855493420798040464162816
68 102 -16420147334719460683606682465103156582895865668679519776761694693552248825216855493420798040464162816
102 92 9819950403286909965288476780167366329527782568978356683526057629879891036895330536806681991488471040
92 102 9819950403286909965288476780167366329527782568978356683526057629879891036895330536806681991488471040
101 21 -1322102267336742389837433182132069589426556482014469982238135711638188930456648031404032
21 101 -1322102267336742389837433182132069589426556482014469982238135711638188930456648031404032
101 45 -102595505209161285974206562461009325453786012551483239002532285595172947414962402632718686267375616
45 101 -102595505209161285974206562461009325453786012551483239002532285595172947414962402632718686267375616
101 69 15686847135422188108398030404344834329932513855511386967370537676251371547835014066298796253674209280
69 101 15686847135422188108398030404344834329932513855511386967370537676251371547835014066298796253674209280
101 93 -9852941465091742634203584603273211916683696518568188068171586761315392424568351692174748019312295936
93 101 -9852941465091742634203584603273211916683696518568188068171586761315392424568351692174748019312295936
100 22 18381171209773538329609872922612491235713633944604079541389573852881164755033265828528128
22 100 18381171209773538329609872922612491235713633944604079541389573852881164755033265828528128
100 46 142014866613894512638775830616303215669092983077294846111848976480973089152077238368757632458555392
46 100 142014866613894512638775830616303215669092983077294846111848976480973089152077238368757632458555392
100 70 -12399003986167376508059823543569224387454892922824992291169875354064679911297245841153855297333231616
70 100 -12399003986167376508059823543569224387454892922824992291169875354064679911297245841153855297333231616
100 94 8484863816651708406431262793449951148139805266347797325010833242018992977049300720620848994934849536
94 100 8484863816651708406431262793449951148139805266347797325010833242018992977049300720620848994934849536
99 23 -144949202367558213766303187432758714456620860518946189900578048221164726825127765264564224
23 99 -144949202367558213766303187432758714456620860518946189900578048221164726825127765264564224
99 47 -160339791154311827203924892318693488938951744149129769136856738161007317101815783767872076098043904
47 99 -160339791154311827203924892318693488938951744149129769136856738161007317101815783767872076098043904
99 71 7802239572941615207657114435785390276540021200610844649521898962010781651910677856698284738099544064
71 99 7802239572941615207657114435785390276540021200610844649521898962010781651910677856698284738099544064
99 95 -6524243462105662750150523649554224754451386745650916333433652024826072962215016093515697643421958144
95 99 -6524243462105662750150523649554224754451386745650916333433652024826072962215016093515697643421958144
98 24 873357394643961913713199820848284666620549527248607614389982207173600811789518214419972096
24 98 873357394643961913713199820848284666620549527248607614389982207173600811789518214419972096
98 48 132851287850841297010984298746652595123597386653382043532306110349313270227466735601717799087505408
48 98 132851287850841297010984298746652595123597386653382043532306110349313270227466735601717799087505408
98 72 -4097211621254056931762784357387480014637248760951334126330994747371657990170995977856568604575662080
72 98 -4097211621254056931762784357387480014637248760951334126330994747371657990170995977856568604575662080
98 96 4886351595372684458925122156239758199848205285714237358051974658244234184829969783961880791212883968
96 98 4886351595372684458925122156239758199848205285714237358051974658244234184829969783961880791212883968
97 1 -267919691961678066901027817093946797587431424
1 97 -267919691961678066901027817093946797587431424
97 25 -4343541388947122882121307213495426490869370457264347293191574196196274780336034682054377472
25 97 -4343541388947122882121307213495426490869370457264347293191574196196274780336034682054377472
97 49 -56260906834137113399281490105831638779153894264956577697530214636938265759029550275314967782621184
49 97 -56260906834137113399281490105831638779153894264956577697530214636938265759029550275314967782621184
97 73 3533540733128750532273022475361443690307415635809853632841741921050850419154298681982392007793836032
73 97 3533540733128750532273022475361443690307415635809853632841741921050850419154298681982392007793836032
97 97 -4256942118780949238968101471198557385029999452872114469900354111797504020301136925051641129735290880
96 2 47714995303448958970538214583959493245391756727888642048
2 96 47714995303448958970538214583959493245391756727888642048
96 26 18399558755551886428476323711242336969235566857189108945656180278146240868097193859954507776
26 96 18399558755551886428476323711242336969235566857189108945656180278146240868097193859954507776
96 50 -4412969041987422781666394904712849243124346729996702631001586025575002619231042677866153358917632
50 96 -4412969041987422781666394904712849243124346729996702631001586025575002619231042677866153358917632
96 74 -7229553098932295585571067035341856683503749330718250413099088845633971899747104933188492071094190080
74 96 -7229553098932295585571067035341856683503749330718250413099088845633971899747104933188492071094190080
95 3 -101407724687124302370498924266336640021090408680267581027778560
3 95 -101407724687124302370498924266336640021090408680267581027778560
95 27 -67305330225061035795728507356537861534702016724173259283310779307247436540644579476689125376
27 95 -67305330225061035795728507356537861534702016724173259283310779307247436540644579476689125376
95 51 -141422787829856707693614680098714582628627668865152557400860580664473475118159410147213430220652544
51 95 -141422787829856707693614680098714582628627668865152557400860580664473475118159410147213430220652544
95 75 14397265236797907126705117440690927522297831766309763868515241036485827862873382574708861805808058368
75 95 14397265236797907126705117440690927522297831766309763868515241036485827862873382574708861805808058368
94 4 141407957641582481260092040149119466396806620280597518098519556096
4 94 141407957641582481260092040149119466396806620280597518098519556096
94 28 213203042532356879297179297377764817413834659315976495816622777862908850078573364052232241152
28 94 213203042532356879297179297377764817413834659315976495816622777862908850078573364052232241152
94 52 843124694276621766718458323868789914875268249413089611431269621620757518194135918551392869244993536
52 94 843124694276621766718458323868789914875268249413089611431269621620757518194135918551392869244993536
94 76 -22574716333412507443319099680958795069495637294142794524835247177063283396861029732525593474786918400
76 94 -22574716333412507443319099680958795069495637294142794524835247177063283396861029732525593474786918400
93 5 7584809875604446364740147191035918886687965663240081761503641862144
5 93 7584809875604446364740147191035918886687965663240081761503641862144
93 29 -579649255501079265166660530958561400830623588445850129786231434304197558193883522793337782272
29 93 -579649255501079265166660530958561400830623588445850129786231434304197558193883522793337782272
93 53 -2564833072934912471375493215223335730340877150749971347620787597802635539406497569929508718404173824
53 93 -2564833072934912471375493215223335730340877150749971347620787597802635539406497569929508718404173824
93 77 28932083949748730827427567437141265794993103879312441158325821469099519958309999470052535411406798848
77 93 28932083949748730827427567437141265794993103879312441158325821469099519958309999470052535411406798848
92 6 4892923874956707244622442640449064324087478246804770019010958441054208
6 92 4892923874956707244622442640449064324087478246804770019010958441054208
92 30 1311784208839789693519953463954512657996468656656121963246527576170137170530022462500242456576
30 92 1311784208839789693519953463954512657996468656656121963246527576170137170530022462500242456576
92 54 5719143091877373636975552167731139786664404062231499845030166436288737955370432045752629974869737472
54 92 5719143091877373636975552167731139786664404062231499845030166436288737955370432045752629974869737472
92 78 -31993344175888352658320977720102263063878707021806661108492627100922460135184248886446800783215165440
78 92 -31993344175888352658320977720102263063878707021806661108492627100922460135184248886446800783215165440
91 7 -792386609626614690379370224375519600328903073488382366710520303843278848
7 91 -792386609626614690379370224375519600328903073488382366710520303843278848
91 31 -2245027523346753099058267804330622667344769851238737339939939738582398198802084209470283448320
31 91 -2245027523346753099058267804330622667344769851238737339939939738582398198802084209470283448320
91 55 -10387328672916511994209350801130523428405823639465319125644289307891059227822020720658390605231030272
55 91 -10387328672916511994209350801130523428405823639465319125644289307891059227822020720658390605231030272
91 79 32693352641312168097482517462564349859879063746525166589935067199432052855024286641722486909705388032
79 91 32693352641312168097482517462564349859879063746525166589935067199432052855024286641722486909705388032
90 8 42368384280164483850083759123955386107948798999771972873479482504579645440
8 90 42368384280164483850083759123955386107948798999771972873479482504579645440
90 32 1698761855750417068312824456200841049750194535120516495608630527316525969643653130744322064384
32 90 1698761855750417068312824456200841049750194535120516495608630527316525969643653130744322064384
90 56 16031704338684605811796112894839490547381624585660590361885674844325729274491622132323760151333961728
56 90 16031704338684605811796112894839490547381624585660590361885674844325729274491622132323760151333961728
90 80 -33952719885488918127993845521468376987702555282841280083839806246403402337765675929901674394063732736
80 90 -33952719885488918127993845521468376987702555282841280083839806246403402337765675929901674394063732736
89 9 -2265623841311672735553111045875070149589242500814828892323979012131273048064
9 89 -2265623841311672735553111045875070149589242500814828892323979012131273048064
89 33 6805361522812529806673999164540672669929299259154722933519512933166611024871571579898465091584
33 89 6805361522812529806673999164540672669929299259154722933519512933166611024871571579898465091584
89 57 -21400666425134135517638669405426188575755656514098640077321682256939293286973057410589351658475487232
57 89 -21400666425134135517638669405426188575755656514098640077321682256939293286973057410589351658475487232
89 81 38844479266311036258802608052943649939805608458257276938659627850146299476078760702431575196928311296
81 89 38844479266311036258802608052943649939805608458257276938659627850146299476078760702431575196928311296
88 10 109020021021129873298656261174020796242175865740252789249947088106914725232640
10 88 109020021021129873298656261174020796242175865740252789249947088106914725232640
88 34 -41962587283463456188303936117982475183591724133431286936374840988224321955344566160461637091328
34 88 -41962587283463456188303936117982475183591724133431286936374840988224321955344566160461637091328
88 58 24840853568162785142733786695679949963448084078917168898351339722545755108141283722221567246006747136
58 88 24840853568162785142733786695679949963448084078917168898351339722545755108141283722221567246006747136
88 82 -48407628290294120170249367322199436386230867038483622182335638886693265858706118488715442245320310784
82 88 -48407628290294120170249367322199436386230867038483622182335638886693265858706118488715442245320310784
87 11 -3894183620615037236865895558384135623005455940341354690684123928984640276135936
11 87 -3894183620615037236865895558384135623005455940341354690684123928984640276135936
87 35 149329263567809371550054000986919628126261323538402541208113544334078960858211667100260158668800
35 87 149329263567809371550054000986919628126261323538402541208113544334078960858211667100260158668800
87 59 -25091566400540233443720799705752330007970956141220431487815106896155589459211892031536286487652859904
59 87 -25091566400540233443720799705752330007970956141220431487815106896155589459211892031536286487652859904
87 83 60537330215956411190360021894339928299928661090851765837818723809491254494171215129826795768499929088
83 87 60537330215956411190360021894339928299928661090851765837818723809491254494171215129826795768499929088
86 12 102663831097337328768956056037813245798473685198282979132613998563454949754142720
12 86 102663831097337328768956056037813245798473685198282979132613998563454949754142720
86 36 -427636524124094702029661628135552069337617338224159383808785349636581244843421235458871645962240
36 86 -427636524124094702029661628135552069337617338224159383808785349636581244843421235458871645962240
86 60 22345897658459636795314465602600445040095558291133501687115191814178842666383782414312038407721713664
60 86 22345897658459636795314465602600445040095558291133501687115191814178842666383782414312038407721713664
86 84 -70803687281079985302261827406330301540444378609158661000973884387878696808284663663755449223954300928
84 86 -70803687281079985302261827406330301540444378609158661000973884387878696808284663663755449223954300928
85 13 -2073125832004270958255024649058303087317687184513523598417875776549502001638014976
13 85 -2073125832004270958255024649058303087317687184513523598417875776549502001638014976
85 37 1073996485306678697919585800859131234692924261081873087932386875713280568008861022092495050244096
37 85 1073996485306678697919585800859131234692924261081873087932386875713280568008861022092495050244096
85 61 -19044665119490671550114540804595248013327869037549686300442172549536819791042102279840103324849274880
61 85 -19044665119490671550114540804595248013327869037549686300442172549536819791042102279840103324849274880
85 85 74830190849038638697046228743659852828823420423927518699670145394542168372296597373656677288081620992
84 14 33223197646221156666202234274441965515249621889976647892080749859641886704391946240
14 84 33223197646221156666202234274441965515249621889976647892080749859641886704391946240
84 38 -2461876255731111571974740212251238650892732161267316910196122745726805978215613429470616654708736
38 84 -2461876255731111571974740212251238650892732161267316910196122745726805978215613429470616654708736
84 62 19743490928076242957383902621024465485327991618578071657937158787597335781173569128495547619261546496
62 84 19743490928076242957383902621024465485327991618578071657937158787597335781173569128495547619261546496
83 15 -434854950007950346981318856417005834157787345894833154766427967367321361517083885568
15 83 -434854950007950346981318856417005834157787345894833154766427967367321361517083885568
83 39 5278584169375186975812831014829558137982779136978984038015731620769127208743460883540648692547584
39 83 5278584169375186975812831014829558137982779136978984038015731620769127208743460883540648692547584
83 63 -29656728216215839819699191543655256528952780212421179924427037748900425520272470707217039280710877184
63 83 -29656728216215839819699191543655256528952780212421179924427037748900425520272470707217039280710877184
82 16 4757211337499103164879634378532681091645774422757234930112807656904726910647335387136
16 82 4757211337499103164879634378532681091645774422757234930112807656904726910647335387136
82 40 -10764933632481693682081966622770754262851776263445071229021188500199717398908446682181316095508480
40 82 -10764933632481693682081966622770754262851776263445071229021188500199717398908446682181316095508480
82 64 52141549572482766062168767940246374915009115629783208633498158511084803726122158029819521606898155520
64 82 52141549572482766062168767940246374915009115629783208633498158511084803726122158029819521606898155520
81 17 -44322442152378338375349703239311697597556268505131110974049944595224236862032612163584
17 81 -44322442152378338375349703239311697597556268505131110974049944595224236862032612163584
81 41 21101168737541132099311134248764701899475727922522397497791171556736089421955823456771167553060864
41 81 21101168737541132099311134248764701899475727922522397497791171556736089421955823456771167553060864
81 65 -86162943374542034977118789489896326060224433041168758512602793724834811624671805192237726861426163712
65 81 -86162943374542034977118789489896326060224433041168758512602793724834811624671805192237726861426163712
80 18 357198341888530208138561266601418374932326929295347770862991815359493610880114666504192
18 80 357198341888530208138561266601418374932326929295347770862991815359493610880114666504192
80 42 -39932659803070027191074757055574214843838524474444145175105552873394396685530192737445663008096256
42 80 -39932659803070027191074757055574214843838524474444145175105552873394396685530192737445663008096256
80 66 125194966206113115691840836388787866314865401488577478799582033172144318204828789142372559107953524736
66 80 125194966206113115691840836388787866314865401488577478799582033172144318204828789142372559107953524736
79 19 -2522752339030283421458755975581907602071085596269458572656050603813951601850527145525248
19 79 -2522752339030283421458755975581907602071085596269458572656050603813951601850527145525248
79 43 72880392651851139840789692280291962151626422481666424372873890949010192782734349577433649099309056
43 79 72880392651851139840789692280291962151626422481666424372873890949010192782734349577433649099309056
79 67 -158654698848790348807365166356554345758997922666089526234105355771480314421894598360493236940349374464
67 79 -158654698848790348807365166356554345758997922666089526234105355771480314421894598360493236940349374464
78 20 15787960418417627618053101302087502282506671645057102380698419109407591467110351746629632
20 78 15787960418417627618053101302087502282506671645057102380698419109407591467110351746629632
78 44 -127621101793429008138150003249357566704695693042087494133604622496359053090653077594589875408994304
44 78 -127621101793429008138150003249357566704695693042087494133604622496359053090653077594589875408994304
78 68 175812347713612617667401599983572674939028188646402678992470335133351927275230045533384053350253723648
68 78 175812347713612617667401599983572674939028188646402678992470335133351927275230045533384053350253723648
77 21 -88384992230097857134620100449965679318593936160464304073437661266644956630861775684763648
21 77 -88384992230097857134620100449965679318593936160464304073437661266644956630861775684763648
77 45 212829843709057985553534210783120125322283735839073133279300421092117717060115086745726736264069120
45 77 212829843709057985553534210783120125322283735839073133279300421092117717060115086745726736264069120
77 69 -170681867268680256421394391343370781166118687025068138031524739521637849277062429159600075584974094336
69 77 -170681867268680256421394391343370781166118687025068138031524739521637849277062429159600075584974094336
76 22 446251241308835957535228933511987183305854995708384884946308010489841034860553429172879360
22 76 446251241308835957535228933511987183305854995708384884946308010489841034860553429172879360
76 46 -335166152917842555905476310841690238575675737314521748211392384709417769815594813452556349439213568
46 76 -335166152917842555905476310841690238575675737314521748211392384709417769815594813452556349439213568
76 70 145504731783237977293978800633032074133006825463701439042556081864068669902182905529893417415662895104
70 76 145504731783237977293978800633032074133006825463701439042556081864068669902182905529893417415662895104
75 23 -2046465704480568236068475708149343697203478332795408556804434070214463954329428046253129728
23 75 -2046465704480568236068475708149343697203478332795408556804434070214463954329428046253129728
75 47 493847216530004664345039347698087984063659886338549744815184551832127023401679057710048487913029632
47 75 493847216530004664345039347698087984063659886338549744815184551832127023401679057710048487913029632
75 71 -110766387829274603504878503564377512790009549933220122048503991050455443214092300839454392159500763136
71 75 -110766387829274603504878503564377512790009549933220122048503991050455443214092300839454392159500763136
74 24 8576966783160604081003742328690760909543122164740698065348471814764744389825209288192163840
24 74 8576966783160604081003742328690760909543122164740698065348471814764744389825209288192163840
74 48 -673381655318093925746702673200742828084597953046697212279272539492460652760109821277205781536571392
48 74 -673381655318093925746702673200742828084597953046697212279272539492460652760109821277205781536571392
74 72 81256180260747685555495192405107750330272255728180207445486022969235850744597588072370389511531659264
72 74 81256180260747685555495192405107750330272255728180207445486022969235850744597588072370389511531659264
73 1 21720392260617494908345079026175051094269362176
1 73 21720392260617494908345079026175051094269362176
73 25 -33030347310825804060335427709927458730958238709469678532555410969026069137431022582907273216
25 73 -33030347310825804060335427709927458730958238709469678532555410969026069137431022582907273216
73 49 836577051631760126780184299069008214197743646026192405075844626542069933378324440861359067185020928
49 73 836577051631760126780184299069008214197743646026192405075844626542069933378324440861359067185020928
73 73 -69745186032603380823918190618676841277373426207871617680404330689683198143075489217589467088378920960
72 2 710927346191324449797235161174616047240773067990666051584
2 72 710927346191324449797235161174616047240773067990666051584
72 26 117436966089494584763582238794012762486468997643292192479816678529916408033867090433033633792
26 72 117436966089494584763582238794012762486468997643292192479816678529916408033867090433033633792
72 50 -921325336819007170976782931118019294731836118503884417541222681768715685003804235478729646543994880
50 72 -921325336819007170976782931118019294731836118503884417541222681768715685003804235478729646543994880
71 3 503202202110317519349157662255883478471058099149917262299791360
3 71 503202202110317519349157662255883478471058099149917262299791360
71 27 -387104860451928024172177797627266345436746915897897973282117743920875401407959103745350959104
27 71 -387104860451928024172177797627266345436746915897897973282117743920875401407959103745350959104
71 51 844922316137731207931536826228282232302512326723183093693648197647688241511351304600057990709510144
51 71 844922316137731207931536826228282232302512326723183093693648197647688241511351304600057990709510144
70 4 2414345555837678835081203301244537841886753600530634607625521594368
4 70 2414345555837678835081203301244537841886753600530634607625521594368
70 28 1187398541580011811323733614932606993657160123578936265241491815090708778450816476180394278912
28 70 1187398541580011811323733614932606993657160123578936265241491815090708778450816476180394278912
70 52 -518007293088547616141507873603965467697065774058434719770734302679170524666293162075887210411851776
52 70 -518007293088547616141507873603965467697065774058434719770734302679170524666293162075887210411851776
69 5 550463448004796730140502459643663967309399452323396451660126939512832
5 69 550463448004796730140502459643663967309399452323396451660126939512832
69 29 -3400486550529811281783516074417993843998255613393088489018035036006123290223683200044914180096
29 69 -3400486550529811281783516074417993843998255613393088489018035036006123290223683200044914180096
69 53 -133293018399827559813223950608861726597394722482084984514677450585793863870678875211785635213869056
53 69 -133293018399827559813223950608861726597394722482084984514677450585793863870678875211785635213869056
68 6 -9333836091367133306971395940744426434196221601296246512303370433200128
6 68 -9333836091367133306971395940744426434196221601296246512303370433200128
68 30 9118829527323678907407329476794404846282179295822896317592520614549616583401359363187998195712
30 68 9118829527323678907407329476794404846282179295822896317592520614549616583401359363187998195712
68 54 1142482988592147806701068159542712267081655082592690939863215125144837683609836982745394197018181632
54 68 1142482988592147806701068159542712267081655082592690939863215125144837683609836982745394197018181632
67 7 1029219198007100170364196600936034831832786666939486358692293639445413888
7 67 1029219198007100170364196600936034831832786666939486358692293639445413888
67 31 -22957855752030837577957698477503862196979324327565255512910537234550272491110153647945670459392
31 67 -22957855752030837577957698477503862196979324327565255512910537234550272491110153647945670459392
67 55 -2483107519632796944204880516334015999471752544348112912532799344065801505726840242376024596286537728
55 67 -2483107519632796944204880516334015999471752544348112912532799344065801505726840242376024596286537728
66 8 -80809360477003439501772729461704822483415983938810212108494726827991891968
8 66 -80809360477003439501772729461704822483415983938810212108494726827991891968
66 32 54392460491662211413293756668866826645409519152506475419239457532860818140956776525578828251136
32 66 54392460491662211413293756668866826645409519152506475419239457532860818140956776525578828251136
66 56 4061880324103196194879247361328045074439218280167058341462548256884690615411240858581873256967438336
56 66 4061880324103196194879247361328045074439218280167058341462548256884690615411240858581873256967438336
65 9 3531365683915107581934037591152744328353609460296956209238287909151863472128
9 65 3531365683915107581934037591152744328353609460296956209238287909151863472128
65 33 -121527953402940212979804319059288399718947987384112788876983838223642350895867559038926555447296
33 65 -121527953402940212979804319059288399718947987384112788876983838223642350895867559038926555447296
65 57 -5728043846729947304007444675153798952922152901644770371007243788264492504093472035663930331444019200
57 65 -5728043846729947304007444675153798952922152901644770371007243788264492504093472035663930331444019200
64 10 -96524650510235701658708834052505078094683317482936484592891139622662769213440
10 64 -96524650510235701658708834052505078094683317482936484592891139622662769213440
64 34 256545395813083292201103427400519214106489333423331646436964251110508173218834106356934075482112
34 64 256545395813083292201103427400519214106489333423331646436964251110508173218834106356934075482112
64 58 7296947628097062982954293648810099330932630012148876414649424975373283901585445835958954703464693760
58 64 7296947628097062982954293648810099330932630012148876414649424975373283901585445835958954703464693760
63 11 1795490295307289916847294315578738919723788570750082382133630075680147038535680
11 63 1795490295307289916847294315578738919723788570750082382133630075680147038535680
63 35 -512552776871813294518410258572270509232715408883661009915507960427379787040782200225679013838848
35 63 -512552776871813294518410258572270509232715408883661009915507960427379787040782200225679013838848
63 59 -8581359739019404337338095246763765955423380867699221237968003283281997577028422727514438301625876480
59 63 -8581359739019404337338095246763765955423380867699221237968003283281997577028422727514438301625876480
62 12 -24202371304784388731026616380292662502563628843735485765252064373177088066191360
12 62 -24202371304784388731026616380292662502563628843735485765252064373177088066191360
62 36 970641072044506921246368973947928551222943935669352858447068810928225348660950450014802428297216
36 62 970641072044506921246368973947928551222943935669352858447068810928225348660950450014802428297216
62 60 9422599889653628658714395781760629766550358181642149909501245313397723875360227516142557120281182208
60 62 9422599889653628658714395781760629766550358181642149909501245313397723875360227516142557120281182208
61 13 247975325024548439753737158343133644593214803711093193378605979225519171485827072
13 61 247975325024548439753737158343133644593214803711093193378605979225519171485827072
61 37 -1744675066617994829901054598425537975767962067313769266132959336358196377982733204386414814298112
37 61 -1744675066617994829901054598425537975767962067313769266132959336358196377982733204386414814298112
61 61 -9715286298341188198604126026348924670915454380660778140621175777295408326095782082834497835422973952
60 14 -2003296507282731871351643750570705954672763056193594008617237696842302524881895424
14 60 -2003296507282731871351643750570705954672763056193594008617237696842302524881895424
60 38 2980116146460971680372070583767578039365420031599344199942918773128992004525014394837888743243776
38 60 2980116146460971680372070583767578039365420031599344199942918773128992004525014394837888743243776
59 15 13125354947240435145897416148957509986113204185723193843626847189926200720595353600
15 59 13125354947240435145897416148957509986113204185723193843626847189926200720595353600
59 39 -4842655234786064733083211646446791240930997741327156604569385316052163963217032640556404735737856
39 59 -4842655234786064733083211646446791240930997741327156604569385316052163963217032640556404735737856
58 16 -71264719610798971567919398432628870135455211742994953212801723603221627802235174912
16 58 -71264719610798971567919398432628870135455211742994953212801723603221627802235174912
58 40 7493438659234169240374605226442461195994182681285921787918707051966471718248493276747845836210176
40 58 7493438659234169240374605226442461195994182681285921787918707051966471718248493276747845836210176
57 17 325858105283080935342744954871189564968642454580977318078462967572399957650985451520
17 57 325858105283080935342744954871189564968642454580977318078462967572399957650985451520
57 41 -11050754116375070458276759804061877615577826399286280926573486392272460670172340629193346575761408
41 57 -11050754116375070458276759804061877615577826399286280926573486392272460670172340629193346575761408
56 18 -1268870166404549065496847294997419327785421088545391278696324259344921077764738514944
18 56 -1268870166404549065496847294997419327785421088545391278696324259344921077764738514944
56 42 15543020315816292372937132255663439212783021455077627650638858391150812635496860938596265406496768
42 56 15543020315816292372937132255663439212783021455077627650638858391150812635496860938596265406496768
55 19 4232892909014273817884934712370880752004338664726721418628712556199554834741392834560
19 55 4232892909014273817884934712370880752004338664726721418628712556199554834741392834560
55 43 -20863525930362651961450385406491171705179494654463253932970252866427594006094906668481461763440640
43 55 -20863525930362651961450385406491171705179494654463253932970252866427594006094906668481461763440640
54 20 -12088663712208143465587326571892165251970608966835248211340877721561035915679395479552
20 54 -12088663712208143465587326571892165251970608966835248211340877721561035915679395479552
54 44 26741370329304484895448019788734420003921899509156910907448326116878577523865505565490887180419072
44 54 26741370329304484895448019788734420003921899509156910907448326116878577523865505565490887180419072
53 21 29203255857867856918574296403686955675954134041081631678044708108424655560392753283072
21 53 29203255857867856918574296403686955675954134041081631678044708108424655560392753283072
53 45 -32743033222651052874916366771348374491127794492599191514316789223430876839117906400387231496798208
45 53 -32743033222651052874916366771348374491127794492599191514316789223430876839117906400387231496798208
52 22 -57465638636796391473151656057120087700199851900630226688698937010222051917733453365248
22 52 -57465638636796391473151656057120087700199851900630226688698937010222051917733453365248
52 46 38313467096187126367397962854829741808579223313601753300917877263592405307597094938370481795891200
46 52 38313467096187126367397962854829741808579223313601753300917877263592405307597094938370481795891200
51 23 81180488027776909729109018044462631962168853366673284115279563652176992190691171893248
23 51 81180488027776909729109018044462631962168853366673284115279563652176992190691171893248
51 47 -42855139800242968880302974668045999297237343543338425648449260128137581306400964419580168050311168
47 51 -42855139800242968880302974668045999297237343543338425648449260128137581306400964419580168050311168
50 24 -29119395234346505489955015170010649171523630835082799609859463977757054732995154411520
24 50 -29119395234346505489955015170010649171523630835082799609859463977757054732995154411520
50 48 45831017324057239645878195278417367913802523024045333622099095524280764360935417793672158235328512
48 50 45831017324057239645878195278417367913802523024045333622099095524280764360935417793672158235328512
49 1 -1089725914126198899811142873392962184989733027840
1 49 -1089725914126198899811142873392962184989733027840
49 25 -298720557966922589425463448198763492439431834501376143045339105808232122540330990960640
25 49 -298720557966922589425463448198763492439431834501376143045339105808232122540330990960640
49 49 -46867593575146829015376992058468903664215644574345140512276520998976679011456972771528523080794112
48 2 2556569945655186409053713078041140687324552990443987533824
2 48 2556569945655186409053713078041140687324552990443987533824
48 26 1341982314555187793169900549991922985029138010459703955398297109979955169535175272955904
26 48 1341982314555187793169900549991922985029138010459703955398297109979955169535175272955904
47 3 -309705541645152391823162984254904496906507850239126199825596416
3 47 -309705541645152391823162984254904496906507850239126199825596416
47 27 -3903958519757143509829212678059742671858566360336434927030259125870437548778832737075200
27 47 -3903958519757143509829212678059742671858566360336434927030259125870437548778832737075200
46 4 941342476545511281813009366288059546377247545157002327326378164224
4 46 941342476545511281813009366288059546377247545157002327326378164224
46 28 9224138482577250137081408524376938167783438180178977706277567939839301256484902471204864
28 46 9224138482577250137081408524376938167783438180178977706277567939839301256484902471204864
45 5 -382669963437971728737722170738391117880319602131596979426874823278592
5 45 -382669963437971728737722170738391117880319602131596979426874823278592
45 29 -18900974505401815616608702914326458713588785081039008841204188322034673070396547629318144
29 45 -18900974505401815616608702914326458713588785081039008841204188322034673070396547629318144
44 6 39772104505026590860346206481792273751224511601966234735657197775093760
6 44 39772104505026590860346206481792273751224511601966234735657197775093760
44 30 34572814070468034865088383913593695509128904053590123264792490985808929451107546289930240
30 44 34572814070468034865088383913593695509128904053590123264792490985808929451107546289930240
43 7 -1549165121490522633234096865066572472177238492900907715791805079632216064
7 43 -1549165121490522633234096865066572472177238492900907715791805079632216064
43 31 -57340075635747047612507889570867988695118922158348689895379254870289197530129040756703232
31 43 -57340075635747047612507889570867988695118922158348689895379254870289197530129040756703232
42 8 29624652510528749734962322751294132593131565510442051992166962629944803328
8 42 29624652510528749734962322751294132593131565510442051992166962629944803328
42 32 87051168164282452046841039528072895599105962163395255466699410597798845099166327011016704
32 42 87051168164282452046841039528072895599105962163395255466699410597798845099166327011016704
41 9 -338731846425207763183510937600302201362317083325941478084213311128341577728
9 41 -338731846425207763183510937600302201362317083325941478084213311128341577728
41 33 -121721559605063263063450802851633448154373359459254054405260493062321759044367818713726976
33 41 -121721559605063263063450802851633448154373359459254054405260493062321759044367818713726976
40 10 2649441390059822054238760858883633621331520740304437032282359764351178506240
10 40 2649441390059822054238760858883633621331520740304437032282359764351178506240
40 34 157415611981831328413100323993027199094559522814123571478056887466200384161069923982901248
34 40 157415611981831328413100323993027199094559522814123571478056887466200384161069923982901248
39 11 -15474405298914307584611269727736425044754940834683713755712757797114792116224
11 39 -15474405298914307584611269727736425044754940834683713755712757797114792116224
39 35 -188816563982074274946664114300501751170808334315932536466328670864560996044190425408339968
35 39 -188816563982074274946664114300501751170808334315932536466328670864560996044190425408339968
38 12 71574852203932192959033961590117946675748885104509841659369716707808845496320
12 38 71574852203932192959033961590117946675748885104509841659369716707808845496320
38 36 210444663311563601447556643221275935112749503577858924627717672523128120418714016871874560
36 38 210444663311563601447556643221275935112749503577858924627717672523128120418714016871874560
37 13 -272941853298320974551973235359651095447354937559931844855086651912680336523264
13 37 -272941853298320974551973235359651095447354937559931844855086651912680336523264
37 37 -218166931058463535040698407612744825542634624697937739331351144947886672306900630272737280
36 14 881720328484639158790814895521770381504909625374032748937742935368466310365184
14 36 881720328484639158790814895521770381504909625374032748937742935368466310365184
35 15 -2461935899747470929948887650699438698128437458595813818552661496373531279097856
15 35 -2461935899747470929948887650699438698128437458595813818552661496373531279097856
34 16 6041656333695180899054734228937544101486009230833079268768974745555224781389824
16 34 6041656333695180899054734228937544101486009230833079268768974745555224781389824
33 17 -13194360404065637296173470513601316042513605908096561739334884150454325107228672
17 33 -13194360404065637296173470513601316042513605908096561739334884150454325107228672
32 18 25843449156346897971254006223024918267482685513648068543499560908094688263667712
18 32 25843449156346897971254006223024918267482685513648068543499560908094688263667712
31 19 -45666480258089517996137803359843268835956145103193025612826547149805131642437632
19 31 -45666480258089517996137803359843268835956145103193025612826547149805131642437632
30 20 73294265148093540301908281321179426396401391228058701897165834661812392284913664
20 30 73294265148093540301908281321179426396401391228058701897165834661812392284913664
29 21 -107524905274081853953068601530865400837778539551310372295150826565457047409655808
21 29 -107524905274081853953068601530865400837778539551310372295150826565457047409655808
28 22 144573735073576103410803297905185366610917546378333080852458609665786867624181760
22 28 144573735073576103410803297905185366610917546378333080852458609665786867624181760
27 23 -178156274944185193284639071744127956394154501616108982353213834196343736300994560
23 27 -178156274944185193284639071744127956394154501616108982353213834196343736300994560
26 24 201462329147015821855273791917289359366341573996106760662292870313830570019258368
24 26 201462329147015821855273791917289359366341573996106760662292870313830570019258368
25 1 30782878236282142714665111789086711101503079186432
1 25 30782878236282142714665111789086711101503079186432
25 25 -209757398580867243777908688675119133459245514292463400870390135305374391695572992
24 2 918515466345112968470103802090676032762999455359776587776
2 24 918515466345112968470103802090676032762999455359776587776
23 3 3880809122326561651088626660997046541317768752723130553729024
3 23 3880809122326561651088626660997046541317768752723130553729024
22 4 1565354066222666788886884519381314212285235134103987077368512512
4 22 1565354066222666788886884519381314212285235134103987077368512512
21 5 165637971744471935880330161036710679369031773401543878653322985472
5 21 165637971744471935880330161036710679369031773401543878653322985472
20 6 6895144568645954238523134681584706599781350607555205346954502471680
6 20 6895144568645954238523134681584706599781350607555205346954502471680
19 7 139415219075689297569278240436385776763008947834116500438844637708288
7 19 139415219075689297569278240436385776763008947834116500438844637708288
18 8 1551422118408230970783873524065129127053103525766961618537613717667840
8 18 1551422118408230970783873524065129127053103525766961618537613717667840
17 9 10289918896860025018461865650552070037247516112012572858849147175829504
9 17 10289918896860025018461865650552070037247516112012572858849147175829504
16 10 42880022226637830617299041615775387781524759579630229567403685975162880
10 16 42880022226637830617299041615775387781524759579630229567403685975162880
15 11 116272672117585920836947805829685097743844431811490678765506649487572992
11 15 116272672117585920836947805829685097743844431811490678765506649487572992
14 12 209798841884323439168667971057161553094934398194435909549786287319285760
12 14 209798841884323439168667971057161553094934398194435909549786287319285760
13 13 255071667375515082317013666695298801976318739911182045765516425819062272
1 1 -374144419156711147060143317175368453031918731001856
