projection.schema=oneshotsea.p125-poly-trusted.v1
projection.mode=frobenius
prime=100000000000000000000000000000000000000000000000000000000000000000000000000000000000000000000000000000000000000000000000000237
seed=202607300000
global_index=1000030
point_four_required=true
degree=281
repetitions=5
generator.counters.u_samples=83
generator.counters.u_polynomials_without_roots=58
generator.counters.x1_points=94
generator.counters.exceptional_map_points=0
generator.counters.singular_curves=0
generator.counters.exceptional_j=0
generator.counters.exact_order_27_failures=0
generator.counters.points_without_weber_lifts=90
generator.counters.weber_lifts=48
generator.counters.nonsquare_explicit_montgomery_u=36
generator.counters.points_without_explicit_montgomery_model=3
generator.counters.full_two_torsion_failures=0
generator.counters.point_four_rejections=0
generator.counters.accepted=1
generator.schema=oneshotsea.x1-27-probe.v1
generator.version=x1-27-sutherland-tate-weber-montgomery-v1
generator.formula_sha256=b63a2527b1778acce2fa7d003655d929c1687eec9902b03982e729e11a571250
generator.global_index=1000030
generator.x1_u=26704565842674153393243800331257175333015473830260526761199712838773268540061400676082648107903230541311209281133372220738280
generator.x1_v=96157628130822406025300786540039518914833220754606750652752236076454891852546684276046328015339347106357694407509933536786011
generator.tate_r=79186404514504640908489563357495132047473300985745334007027282221067042003190569848064792557022135799404560961950346708506182
generator.tate_s=97344229614753972965848250744010819753714742776083096355334483195213524714082530784026176996231290284591848472620141995851293
generator.tate_a1=49745313115319430682167218169974833061015613176636027902841318215574451297670150619771568874622136097135708138148194269717906
generator.tate_a2=27764916967061971217138878788736250964352590294260318838835671598138231183773718554058342837644993112298245089277614786400485
generator.tate_a3=27764916967061971217138878788736250964352590294260318838835671598138231183773718554058342837644993112298245089277614786400485
generator.tate_curve.a=49377142497698681595970782642862367538446121143050014905292247748068562197494249365027113748490477034970688557256456101210790
generator.tate_curve.b=1637125298347606662877013541092189648704824505709051478707161928016842100398075151326089709644266458594437977911679191272818
generator.tate_point.x=47430998343380494779385608102458782911084724411415985585504709649189020355042544900715002330689680491316888254909440364043595
generator.tate_point.y=98611032442692891450998909183515104150079751780114434594252532598928967847561603838301026465659256128210469641982396931245507
generator.explicit_montgomery_coefficient=37612961439576477422476243262538096153125956509527248198562312357931563706915176176735623844837745423875400897213336065733224
generator.weber_f=1809128800056467331602026467513268592329625093277967630958499026146673630321832367487800977065301451815067629906666058152908
generator.j=29086728336443714803772542398717971874025276695818145964301099244742489053379916095398258597239347882384093421392067341916672
generator.twist_parameter=2
generator.curve.a=24695916746375285203490140593970257817161480924700052157539187724647340231554000845239547321663901475964613358534920636619155
generator.curve.b=16463944497583523468993427062646838544774320616466701438359458483098226821036000563493031547775934317309742239023280424412770
generator.twist.a=98783666985501140813960562375881031268645923698800208630156750898589360926216003380958189286655605903858453434139682546476620
generator.twist.b=31711555980668187751947416501174708358194564931733611506875667864785814568288004507944252382207474538477937912186243395301923
generator.rejected_samples=82
generator.selected_side=twist
generator.full_rational_two_torsion=true
generator.point_order_four=true
generator.cyclic_divisor=108
generator.group_divisor=432
generator.opposite_order_residue=28
quotient.modulus.degree=281
quotient.modulus.coefficients.size=282
quotient.modulus.coefficients[0]=58703427277083833896310183152183293811448683258997450779578358941132834678353548642980834600538992860723416237338623154246857
quotient.modulus.coefficients[1]=38414040920509108313903112762135418208165019229873787549091919017650308837560435785124317811975335156824393162840455008446394
quotient.modulus.coefficients[2]=71883048306330144059297328288532779271426096941624273602272180451961056113438457113425363113440743925163877119134302856512658
quotient.modulus.coefficients[3]=37963444366699270038451521325270747891038797517310985565588492028477254652053994350075474838814412619213120791031273863153325
quotient.modulus.coefficients[4]=69131665473174200568286343699600821813334850222144706503521118985970189594858279414596059693631955010425332293796726279296279
quotient.modulus.coefficients[5]=50279779006131024942520605045815093771620569287169746006468356446703833571274334942686089601078268224035119003175005034111076
quotient.modulus.coefficients[6]=62616006383988194070300178938623876074902497004953067405015999518880618236048847208295990635080643816784186227214405592587234
quotient.modulus.coefficients[7]=88046589966209118580091347879421990968517095929349070077177197679148493379002978659506037029839261006481596904789283360436413
quotient.modulus.coefficients[8]=73859256071560509169481612265915092411609066611036375710814651934126120142634836432684091033200657393180454530844298793655172
quotient.modulus.coefficients[9]=42983472140942201993948557912036587073404750211517066603915824744110965424902112901201123324508907278832151075864914464947768
quotient.modulus.coefficients[10]=5542248933137429419807972098080353009982492701071411288580139600099481430514016287645578544911257626231026663107433456501118
quotient.modulus.coefficients[11]=39322682246959920460906249642295651928729331092309289904255877542217714006000121113996696824927229342746380748846709049434356
quotient.modulus.coefficients[12]=34847292801434812488458244659615670090373067554598058992458192193190471179062534131170826133267138242358814225203488281319396
quotient.modulus.coefficients[13]=71092737846548990879901672210516690892795738400518269277919898332859547739898846276179059743762172386152865710020940174678278
quotient.modulus.coefficients[14]=58972916779781006167619899722731290502753980303115576113505881145076558605200846860065171027813234371796478045212103354802196
quotient.modulus.coefficients[15]=26747654765654760505671434699066517420248022230509786419712584432954048218306507745447435186888817364845562627498173241257682
quotient.modulus.coefficients[16]=32616015121362050222210744964667304864811335398756579274198408257313805130295615780271461718986336794588389952691257418378908
quotient.modulus.coefficients[17]=44662620910087013508352877866640411982274442777809048254342737519666224542189370204005945867535869195904349231644445276689098
quotient.modulus.coefficients[18]=39968727703299227879226469776925392197156279086877314824874090264903651177436085412616925392593323648725703262047495070031339
quotient.modulus.coefficients[19]=87205128327899326903224884681069088577888532080968661849006070512193681086505554053636131420511556604382528175076420851915501
quotient.modulus.coefficients[20]=34038893547082208858856034600957913125599930835746612452814034733786190619245906611600391249505508985816680220816365629729761
quotient.modulus.coefficients[21]=20311718208062828430876524633864985887598225172389159526384675966312242573103887421104010915630315470046438343132174741104666
quotient.modulus.coefficients[22]=85454644889121321211629982437657066086450252665208839891519912437489533303072432171496019940728624923453522723342540136887560
quotient.modulus.coefficients[23]=46408375915289520053592637692172291964337783397934645559743639093424234841619606602927280080529486982052830883917731009085382
quotient.modulus.coefficients[24]=70991544211011336838633312852830267740455157683279984405622189607990851877655036103387891285603334365596373437553963973703251
quotient.modulus.coefficients[25]=35662359663987470166392819605374657815679202483919951824881293225593341017911051406446152690467996580172397702979028744130686
quotient.modulus.coefficients[26]=22877490600001006835826044228420432615579011581781260366784387782975123636991133735622411042507052960089859471696273185209014
quotient.modulus.coefficients[27]=75671311219891274799445789387978561094289289516922380736672471546233415854511109165929843513871973057790840420398413169542552
quotient.modulus.coefficients[28]=65962586685147928228544091499941794915427671185744319759880224243830259690307278732182778706135945484696212039902206216919469
quotient.modulus.coefficients[29]=96211211171840565253069475310276098534109089030317044752541879964094990666023933742510172624363472808672977611341493629440214
quotient.modulus.coefficients[30]=26380219019114639717961313695485484482824710548120517371702282968557451918739349866711958668707524539203224395600358324042091
quotient.modulus.coefficients[31]=15392145285264508220239634839831749238907587109823261184565957165070964655506851237201482841878695788996773569909799335380756
quotient.modulus.coefficients[32]=15171974578726400419098773917017885779891892502028387954241819786853920221161470336381967197561168579536740157720130121695641
quotient.modulus.coefficients[33]=13668630069518140083439090831609312623663531447699769496207934310323315853675058891706812825555257773662038548355069504018252
quotient.modulus.coefficients[34]=13676134955245508041773604256185903372546987532481144570970292193887595007044978984319085525489347109537039925445004357790976
quotient.modulus.coefficients[35]=41078868590285078028267803457189073096746430054756737107527205162312576082437658310046334091960417028225779204723221130533653
quotient.modulus.coefficients[36]=27393891334539902046497951449485860851699746883790376913963650331295796794207796894080175497960608668654340198747999033974162
quotient.modulus.coefficients[37]=48630215069177438856810309801067593507613357900529259554583064555925775216469162137230554312101246908588805905855774928348069
quotient.modulus.coefficients[38]=32158558720394098839505040597895749684690074787469067714781378284868915319501772827710444780235128143378507053903505286012912
quotient.modulus.coefficients[39]=51930725676093684215956335902529169459487985634925209728978112734706797286254919739736663920328598308763124358227411652648955
quotient.modulus.coefficients[40]=56556413729305547074040197810117021837190678231179230693672230603144059245304707893946196638940421636793943570421931362721086
quotient.modulus.coefficients[41]=83634116891390298187204708091210937037028554318481030063130813005722314458402230186976061693868593653145535322258180337551824
quotient.modulus.coefficients[42]=51591488637477874945463037565395887643897301461809737854602530017296862539961885306849558722083989688493162348475392856632874
quotient.modulus.coefficients[43]=30623958093837351594885761787692183814301713462490341166574069510557253835798942179103342722048119226460040141128290194286053
quotient.modulus.coefficients[44]=38803705386858398062195679712954285326682466548366637606467281244792140603255516762753188931770572221738866027915895096758504
quotient.modulus.coefficients[45]=85725725981025434763229780022083790821173096086725624522951190013769521685653489848582859320040054963485188411524305349335466
quotient.modulus.coefficients[46]=28040070609274899569533795043025245483396983146018068249145620703358397788434461809302455565583869070168235184605195969544395
quotient.modulus.coefficients[47]=73818783506076842914936335150488077659413022835947285503053062252271229665642601229765369209616784497377858450636957207208092
quotient.modulus.coefficients[48]=35812268895032892166471696182857370233778147438956709176107525646987811108110960776855718473674718936335944341069338796279557
quotient.modulus.coefficients[49]=7333152771453081002345415245008310736547950118678441709178035914261317386908087217118737938420179821475498740589927887611297
quotient.modulus.coefficients[50]=80279884794244041788442654542543460150518261397063428251892015502036126057576308568104772663043952339620165985867190094845364
quotient.modulus.coefficients[51]=82880728152652188125890237988336569782975103972180825190148902750892555920820546702089713680276006305374581021704531567959691
quotient.modulus.coefficients[52]=58499334149652027716276950393897941591726416242884145327884403629885027307501287545530421851369455757229445663524720711583495
quotient.modulus.coefficients[53]=57634965880970300705559870922833783234698897618637725770077358698532893517484259805996506970601431749981392381142463245615832
quotient.modulus.coefficients[54]=32610371684572906160090452216453051902801025765819319923589468829420505005409090805416887891685004226171552884209164094234948
quotient.modulus.coefficients[55]=51949202424463926345126237807258854341547885423797521039928902132593129391030100074842602908064500751338258032015202561023460
quotient.modulus.coefficients[56]=33239958595614932270415934531946296291454838535959497999487170514689154696117806950235728883000359747463058317981749979170346
quotient.modulus.coefficients[57]=7998983573182208449906312262546921256844028046175073649226681334787232830304697170933469062580857488075122526245075552771824
quotient.modulus.coefficients[58]=79473170778289728697126091672239060168703640898277246960886284832078558671981937572127527028465718627893742421802617267823261
quotient.modulus.coefficients[59]=76603156977573695327948362357223843474667845764908080991893801498959803362707064392317280603202604221073013754583106653460043
quotient.modulus.coefficients[60]=83352577005141260548888999514307535499474567118340300453315939051540083023747922782668312818765550394280946133971446972642543
quotient.modulus.coefficients[61]=67313342692131527572730595703402033773833704376670064143197522802459296917402260349527338304426820461249778826038072845302244
quotient.modulus.coefficients[62]=65774835656939996379096777166154516068774651505938659247905305575065769176986164979381311641534045899923792640192912950136061
quotient.modulus.coefficients[63]=21727089979120468909876027980706428167613299074149032602980868666802414681379341931552785660931361633104173487485208978991456
quotient.modulus.coefficients[64]=52121348069446692590398756892493520862300670975291013005981665956062084397363305107363462869887801235667277105503388914966957
quotient.modulus.coefficients[65]=47518207641078661838366041915954835984094709417716446474876698990246712528485685552897538560564941986453429768920346700547272
quotient.modulus.coefficients[66]=38357842986071863337006011827066739900435612159163048657333132377646540729601787243009299858156700104710969266270482116022750
quotient.modulus.coefficients[67]=15481958657574065202097478989282747150323323912899608730638081314082707924638912714043700612416545028328259023566368669056512
quotient.modulus.coefficients[68]=23957553714671241106593265502034816300573829059088221280052321726219651461062363463190265554108723962966089290928853741965370
quotient.modulus.coefficients[69]=39356642402009656054872074692309536030857707876734979022522501049465849060368932800036255305354145334536001007116563366604096
quotient.modulus.coefficients[70]=51527604050594731039357718146918043004174680152079894157819637127819123671439847477486667770719072657419097385765960001839836
quotient.modulus.coefficients[71]=82697155960022153300347265148718940961694477322779718961457545930450093472387011302868953338254171522853243539394023785001773
quotient.modulus.coefficients[72]=53501529118851087815399342949058694204038247793746222207431082378277839897128801571302658571018177068347041096096647183136218
quotient.modulus.coefficients[73]=10864347844404203294468129801107625348468377631539106815161119354113616524427898480669320302859901293383052905710570899760571
quotient.modulus.coefficients[74]=53391908527068059843610150683438710261369267925196768801905802014761458186930178045236741434779502944660866003814789149852633
quotient.modulus.coefficients[75]=29314842861374297684110069783885911243751730676876726059688049633520994470424509566412304204873548785550053476980083868759348
quotient.modulus.coefficients[76]=17985164425306869180001235809977471438684974723775237565957567684464576017756317999631969012992964895622119036035144152094421
quotient.modulus.coefficients[77]=23010405168173829863011309800640123538956288986352997401405149455031109172965964582189493035301441604088667360079952096690153
quotient.modulus.coefficients[78]=21201832421531043109243881410519561472790955866585072873054742486700752779390541549301147814556983934586215684513134445693540
quotient.modulus.coefficients[79]=34548338255113157745781661291353911376395826855112584311540436537627220012353011440565934216655881627481960405567159191955682
quotient.modulus.coefficients[80]=46176973708502392604740537418320309378107184698415802686869539334878605301584892461975776688933632890455882464613346818734014
quotient.modulus.coefficients[81]=43437979482965810486299013014092483348644918337940896762507374703127582873673443924117799442947328984718375177516798563855566
quotient.modulus.coefficients[82]=41691542474535368216170683509924055118151462878324307891773260638812805199630063255671118161843942047020077835405231193902553
quotient.modulus.coefficients[83]=58941271653224181337988586076420275975965278234039777805884135693840505634521192111933536156032866125333853196161233585819376
quotient.modulus.coefficients[84]=57742518384940767661006477724301428805034510613519424436300314888155280157814654050757312602133682037700242709499670083584330
quotient.modulus.coefficients[85]=13646649558683004376871251371503222898257798353513459663247877435948357842254076734914912834492388308357493985863606716172214
quotient.modulus.coefficients[86]=50359398744546310647332431595748371259612722538409110955977839915912242514942728429058538088387789879000623411843191406918418
quotient.modulus.coefficients[87]=1716926218258453412354253010589336437744566061635611258644306736565413761590066258455084516399646546276950001717217424926907
quotient.modulus.coefficients[88]=7997706562478538437142445540894362934384699614810540392202998023446454278375599778848355904398822487542582927134521815644521
quotient.modulus.coefficients[89]=56515594407214880449677920716257085890476932662878675635983054151632944090964544688719012978284630307756662028210151428665007
quotient.modulus.coefficients[90]=46399818964124281150584669638939105377596764347406096947928729533350922985535704725613537508151626234128221986971687755512479
quotient.modulus.coefficients[91]=49173829910290349153624131536612703917533133816716681677186685461477231056603555836773843226667838766755569642345773030820412
quotient.modulus.coefficients[92]=4611726242155343630880943817338167612656996392308259276043472322823894629830791812934030559136773910096006825176604347795336
quotient.modulus.coefficients[93]=88252159918962747500325483787922846546602038068346013844841445820302532419307017718775088344158706956031475831962109092383556
quotient.modulus.coefficients[94]=96218995366903392178842336128918270860596921839807415516275498136941733718758241237150117502066631148025066887873380339414755
quotient.modulus.coefficients[95]=63086909122467062773576931645096131615867605636627179889826382158476121482372105576707464692698279202114032544812903157177154
quotient.modulus.coefficients[96]=5027680744946213293378641328815090914855142376172445019741906307954501955956905103097481653049270358229529137278015585056147
quotient.modulus.coefficients[97]=81114282217302005301170265930686454074367911124821298226043700592041498439973008339695938600305341957377224370235938205183112
quotient.modulus.coefficients[98]=2848636311321762172180628041522068670097761484794389581561791948066911601200124841792335101426873832910134923031424799453500
quotient.modulus.coefficients[99]=69540184001896499723148374676879264444682132511142794304159731242113824224612599432473737738737144779091390851416727953442724
quotient.modulus.coefficients[100]=88352940518773254262843664821914456074604205798563351667567467902607831572035247810669259570007317464195651676919314013170827
quotient.modulus.coefficients[101]=34610893729168902383301231832701687712095805731990528142750477772842758281137699076083036456720091008706564900520043529840840
quotient.modulus.coefficients[102]=51406571642551095075964474080123673124611781740282686115829284237854906064849051917169829957237818610498781504606121474715951
quotient.modulus.coefficients[103]=1575189181341297982044297853717612492535400240754871641597101909907661989821546344526316239033906552517887297209673737947564
quotient.modulus.coefficients[104]=18796914227540354468102868849686265667197278734666491098358320653377912271160766035285809492817454928211123186003088351688963
quotient.modulus.coefficients[105]=44636541636944028940086878358235281182965855254563832160154903961278618619178860637322242045843693463053891349456911355377135
quotient.modulus.coefficients[106]=42979782460416709776420806240698930616012425511398419405076784460919677389931026612144226017479695791213698589046427147225046
quotient.modulus.coefficients[107]=68994249339201746820540466736034818014394426327054700113349975320268740643886110676685584966470773282161239402656934781815687
quotient.modulus.coefficients[108]=12218373545749815131994790827041967489081355444442389339497665874476877819065195719121823357952556905912061177579193370302487
quotient.modulus.coefficients[109]=50762335413771584221982140710280422675891331615420884138930085412683510929138215930688678542400581395371404516317776974488008
quotient.modulus.coefficients[110]=69501473165359215610227227159620616272759435510129701008921633563845769983083871128555670947198398825906708027701925759273677
quotient.modulus.coefficients[111]=18220918083590652099841427200873901445745215467039894109491505554059293448255337965316986524070551888896491969175224778550787
quotient.modulus.coefficients[112]=56753585000854466390773613329059394884228381779222676915632848629423309171708410484777671593540331920561724799988468714207302
quotient.modulus.coefficients[113]=26537336218789440763652880917135314471090300028559611555386649982822598738176207920835351518533942123342412955532930939502516
quotient.modulus.coefficients[114]=38199784567763980616087982513064577105365461782420295134341808608738982563040916156406123481514108760124891083204057083165813
quotient.modulus.coefficients[115]=82635106479904533609798454942740890816270706170328165667770004387869446610680108008969118313715718266887411155403097700151510
quotient.modulus.coefficients[116]=13559816900639231276763110852323590929508402173689445238257521383073576274312252907629051175923718636135634403353691413097713
quotient.modulus.coefficients[117]=56057612793117301251028501884278203337234394630569298589322335974627924754834071830841881666376134042213459199814166432862555
quotient.modulus.coefficients[118]=21733267450435732395985959991296822669187221931362451532370188112397155196706791484932378747365480968653581996627074858756841
quotient.modulus.coefficients[119]=61613165511725023996862951352191781923105392531843757496237215921228516939944743171771555708655570112862190514317180388083015
quotient.modulus.coefficients[120]=60889232520823786089715997173297499543925930244868402695791186964192082747222429369807543870292081832986360381725941472194389
quotient.modulus.coefficients[121]=43998681686970547837086759414712356122912855745186951772857115300629171413611479695966120405141234613296185094910033752014711
quotient.modulus.coefficients[122]=56960743797799880670340037826789760598072155393064006255820194150751675311806488683143661559357420313899559003194237585763126
quotient.modulus.coefficients[123]=26575790727644571492985405408460841789551601542867461514415088455019555534542897531565864963212120791467609674622542147402253
quotient.modulus.coefficients[124]=29915421238986267629766181490584318677977416172130105628718336005869318113737870004589416256296054986208986952917153796450098
quotient.modulus.coefficients[125]=79379675915325462710483589491715036093513839451780174220423890854497528732226732498491539060937977929013130263735457239298964
quotient.modulus.coefficients[126]=41240532178961022087124718858087142229947516996136018018196920820707796745819899817260546934543057997706209410593300842298464
quotient.modulus.coefficients[127]=27377929880997078037241992776457133193742530170334807904557090904012737911879323349392711703011790105997674871284754274788142
quotient.modulus.coefficients[128]=24629176159916470314775600694448430131517819377289612395326885364724865344419195011129316353643716499845868355032423374806317
quotient.modulus.coefficients[129]=44850600878797715123299957524451241765830513365013120202741781273165510895870069167157433776653793670157477351924165274854955
quotient.modulus.coefficients[130]=99931963984377391828682309873720374998957587678437615950524692091195632414969818425705833338278243434630228043352618069646953
quotient.modulus.coefficients[131]=80032579048686114862433156647151774936363396348318192745105606171190609841777685450195800704614688141731408136497124727970469
quotient.modulus.coefficients[132]=5701827104794500638082679647035581307192975023777483451772204901407342218822490426768025967890450251166467890627703780101633
quotient.modulus.coefficients[133]=99764555236775315735580681933848109558360160714120852300993475443523496309218147723419334635677793215877507404701940226845958
quotient.modulus.coefficients[134]=64591328559354639463519012603243169508917135112214386470270053285619871953802965279169733794594973912098627250661342966207194
quotient.modulus.coefficients[135]=97748660472711913015126865336285892014431518177333191834754501067920283422174054436994716829724940817714490242077956161437282
quotient.modulus.coefficients[136]=75220910531727461561199080758334169210017808536256894699941381573732125709824586057940552130345599643699521123871343898218696
quotient.modulus.coefficients[137]=80971992404145612295813659255799580791526259690328782088017331373333206119401812861881672989399784097670737460401180935567350
quotient.modulus.coefficients[138]=13482637021826155570032387273514100948253931615634803484974601202041573091684529035290815999170432114961406192018608883915495
quotient.modulus.coefficients[139]=96696221144415679294606417613676797464895579555019438327969765367365493224848289568731161166581029250164702896202308791345148
quotient.modulus.coefficients[140]=4418803625953639451400646104626928676700901642659071289813240020821271453967640047112801462971318207885262585610895772790528
quotient.modulus.coefficients[141]=24616410098719126918579098805366179097711514631977161342260038071666754541477289589102615881042931162572540386631813157015138
quotient.modulus.coefficients[142]=3514542208036831542318159897633956225916289931999163601715183065481597890567715174969542283538975027566194805796160651163662
quotient.modulus.coefficients[143]=75598886479611316173580213440621030290611678823289709704143602895446916173117706552954014230099397657637786818638155316542256
quotient.modulus.coefficients[144]=96792595399389546978638769343629214111573993634201631570495835222547668579367163217625275886495087774322222335413750930695411
quotient.modulus.coefficients[145]=38916540986443610120198014147631248112662116966591872305787549067487522775179293413284632134768589932125176711506074842569120
quotient.modulus.coefficients[146]=23738070058975605923097745017123948379131693167933761345949883467764062155583779466262230782507336284854615392309416206888167
quotient.modulus.coefficients[147]=64360168555152531113663274222156765490145825375620459453292441081797450396438247499605796698963337162676987630852909884397692
quotient.modulus.coefficients[148]=59236590052811702543195682815903520970552177017459909496544996720623594236661669235640304476093000421346137656405444659501267
quotient.modulus.coefficients[149]=43770666854636942132848951566566569702494629807441183366995568281948424228938009505096963810380712477155103066075412339671830
quotient.modulus.coefficients[150]=86805158689877580338614018435888532944318481863622953387281513651065893567970148156364235657104475124457707550375647239899615
quotient.modulus.coefficients[151]=34481194094819540664918345837025583313997059761980057009273150139259784480036097829020033442040663295845943379365400780063802
quotient.modulus.coefficients[152]=84919315535595395344757231318493556454344441309595313731306102445853736196875735829550837608137873874252460896665839893260558
quotient.modulus.coefficients[153]=43016298368186009576731539233850526924858262490897592033560472151275110245310351393345075677615802753281251608703626014262254
quotient.modulus.coefficients[154]=78649668745434700475154857303071181443931576441173180977863594736043809770789043249937857069127034748764580413938696984174234
quotient.modulus.coefficients[155]=97813150566616992450660746556486680291844368218303016521823413481457269197863013734618883310173282171020255263272237634560857
quotient.modulus.coefficients[156]=13365418561631955892133805740520319403925195310382668357230662438082772869577342967669771825829891787062905604552018246061099
quotient.modulus.coefficients[157]=32444551355757086800313684223272793095456644875902083153583681065568590644555852593733845942106068817065172410607208883470779
quotient.modulus.coefficients[158]=76384864956472567731434591685551443128503905815127719539413706242556158893360568776142757098551580496969491314742298177290900
quotient.modulus.coefficients[159]=32367429352960850242438770978731186015976008593293539768316203130070902160118874468156535570472935252135499997040870097383292
quotient.modulus.coefficients[160]=22500797049502301951623021439666509043119608973250770484478416880727340905203220372468364377850974484366354808880117574230511
quotient.modulus.coefficients[161]=79272369952725114583922293428246697314703716445298430288876215401983082908034399322658388097269837959908951529379371603664500
quotient.modulus.coefficients[162]=76401147665548820755428981703247214783123953672013822503564346493439393080664024824146881248016443065942976689419252131359359
quotient.modulus.coefficients[163]=34760413732665053835972665868667046456957452508652679970265415976328283299852986625485707486882832553021304699499928278623478
quotient.modulus.coefficients[164]=42208168855873514318182097728797561707069982796258195066701552559229987646253963672869916058744767143101780197802365391015881
quotient.modulus.coefficients[165]=92484588315171842984489400261811803371705287138428344188943381749724571872681589179298399472322188371745502582119007744986555
quotient.modulus.coefficients[166]=94470175130742769771521140682645336391431592564948010078134453356058175405329746027909488957027826347928189963256015512142960
quotient.modulus.coefficients[167]=78442760911278989467294757009312529055550128979995217271092376033339396123699138689642597384627283396841199948969094556467210
quotient.modulus.coefficients[168]=50026438721882161175655838210420492778862685977196848163986156562701247075997995047572216624886363859623853828419316340170562
quotient.modulus.coefficients[169]=1131299745773527475082816902729918857969674602730170659224766557381630037080215719243114063765249837805750687364958215495055
quotient.modulus.coefficients[170]=41355076944954112685858654442931924421776248265040852279199270937463866120108202042864826401078621701961685292273584745868252
quotient.modulus.coefficients[171]=86708529347383565211570443617270865178185093318550348259526647286938825226522384028562799274198615994877839348512200297031685
quotient.modulus.coefficients[172]=18178892087131314398697716110267467263710850353239584170100856746326708205091687454794514620801741062034310931134635886502723
quotient.modulus.coefficients[173]=67967206469328246694007242185731529865685833729920725298026904668449955671101857683869670759412659491271436799772345262709574
quotient.modulus.coefficients[174]=32754894626080439011082186047399296095875320655912149104746621350482165457446432545699550461677768268488243243926855780782312
quotient.modulus.coefficients[175]=13015758770239262064547784911323058133800708665494521299698694320229864586491897419393089830291896727964990719748405774281753
quotient.modulus.coefficients[176]=947796061123486674672764834390555339657905748235270645664305779041100706160447255128464679285035740426262865146876169714329
quotient.modulus.coefficients[177]=90135886355948846060459394376725590613511230105515723586337540479554288192807475336531331502504759665025306876265786577901820
quotient.modulus.coefficients[178]=35616457589251870904162419858417654244593730592522462724123825589204418686462240751065951441129836598588830160283122932907393
quotient.modulus.coefficients[179]=68955805273676187399593109536975481419169369291945767461931895098577331891757476317080785863992431858396162130702944277182184
quotient.modulus.coefficients[180]=32166774765404396926707655969982776350464191242254286380899837761459460945190919322255380237110491749737558530312354953692971
quotient.modulus.coefficients[181]=51138618982856711458470581491362004282789003260707864315484188688910935254467107615378875095858765472916728716250940305088154
quotient.modulus.coefficients[182]=80916141808372584611373011402603684624859643763011113038212248130414837056506395467504055004351969821951359882299044414896427
quotient.modulus.coefficients[183]=6685895116761739860202488930794105865632354540047262921513650956342436424521297362015004937207859781179145736577191951177915
quotient.modulus.coefficients[184]=30560381457676732044234173103919250747031646216795487093950551053258702024770840118198145833767716836326662563770186130499707
quotient.modulus.coefficients[185]=59474472125083364660691070532876413139925983644628474657132521021573716861550264071603650557596717331213903134181577774712984
quotient.modulus.coefficients[186]=34762131296309974954473870975014715821244679560637377981187040315026666802560564740155728537859970320985040444596831791470384
quotient.modulus.coefficients[187]=3282155098591032399196337572153916534153172366293584558635764205276112357848345581958760033999016169900805689672511080875857
quotient.modulus.coefficients[188]=40842415916817513334465998302923148580968767699454916140838148670622311638998331469604352317279049014467407452411922456667191
quotient.modulus.coefficients[189]=79760733092707669868979227511603062129560646574853626123772944835375610701037669999401170242859923034000846612902088400068439
quotient.modulus.coefficients[190]=99095538838979858713784092346857035683963750207675293707904025010639553122684482588675661885277314529392400059025177711682659
quotient.modulus.coefficients[191]=38797606560450720512185033757849176171358063405073448113984025724209333552241112432625027235998416346339207119869011774297618
quotient.modulus.coefficients[192]=4341571332655376344370888999909512095539160193940108150594160058053126356104666376986845980471701205587624882831488925800821
quotient.modulus.coefficients[193]=64643029142745291416887646591920223894602105737642365070451704584088627048384406699060795457419198437889173379216197085996965
quotient.modulus.coefficients[194]=40075715529020728339758901234889178545353528264881804444597420519407910515247869853412520299258795038355490879786155079754762
quotient.modulus.coefficients[195]=52004388001332638272866484913083086968807434977815063378762157282335652218116851183583730361934713258410092076358721485236598
quotient.modulus.coefficients[196]=25231487439363448762693330756497198544187698003000943822076246746057925969830754039861549903229499786636998079485154503245610
quotient.modulus.coefficients[197]=563786142496001336785317043314421945401201272462070116072661503963847616451333370822531880050054255520835631514651593345595
quotient.modulus.coefficients[198]=99233145750970928296879885133009955940800455942792412506043964631433250328106810681940321596653934834664311772824808207116281
quotient.modulus.coefficients[199]=14385896673422847384278461715039407887292323092522385424218618485269682373430393364952825525742787129886797106909015005461749
quotient.modulus.coefficients[200]=35543265701816487965828268661278299918016587103924589893416516783581963977229244184976738824707799758253301653633728411810488
quotient.modulus.coefficients[201]=31957396232077718372780411392334737748298811836557617488922504071838192940461702530862687891033361206403055520520125450711856
quotient.modulus.coefficients[202]=41301487298251909224888271637244535842680563434468643423361451590558085556790707659612944222180036892130372944142387586701788
quotient.modulus.coefficients[203]=72724645499699398764380727475251268627117014704429203438437646948047713586229116565177072361417615240740603520286902068654670
quotient.modulus.coefficients[204]=17879021685975223358463820487837983589735386050623811831621856271879496615776066058974558129093426296616213013309690002380062
quotient.modulus.coefficients[205]=89783594462083907010966797524996807263787226417176885183954642190381876925231586319665177147094932154044431641959221058933884
quotient.modulus.coefficients[206]=52720664710041226497955411795781591850497661123094405321552850122803835935025415557316413338478736226790768762622053344126147
quotient.modulus.coefficients[207]=86376821967954015899297931059352595639946706618939779832868580860973069914145966588000117526094885412984596062020633052617084
quotient.modulus.coefficients[208]=99302710859545852609231220402482052297032324689112345652417282018956421963463176323582704030488436366615822139303565039859343
quotient.modulus.coefficients[209]=67699638506347106419237640289583989744616039248237103767221973916491905625736667780815786263000805022796145495061907817906870
quotient.modulus.coefficients[210]=10120060682215233808800166856452682097038485163307119099279616544346696998514888185469603508722984158248154337260475174969988
quotient.modulus.coefficients[211]=11960066519971027924397362036905699047279104657626063624532837767810351438504543501087855864485452465396352046681050619480573
quotient.modulus.coefficients[212]=82266787252822499687670577609733614345229806376220572492880805967357800097301824131192148730800408869023639233240144292081411
quotient.modulus.coefficients[213]=1658667900811653739863582200779846216475506675514996695058180723149328821101455733565966540167787702130260554743360053470832
quotient.modulus.coefficients[214]=18756137967658659677565231529115179907878901011828219015443072568232197645214535449077067131063117662418008053320340689936586
quotient.modulus.coefficients[215]=16307315448936596276031772119120161511698865601667275964907380675790512803102373989081463006875128043760982227693034303226226
quotient.modulus.coefficients[216]=98000707759119945337808913286039660787072584880679560690489451349379593833407151219062032114734241993836261938196972192122762
quotient.modulus.coefficients[217]=39465167835093724454346780599395367937697210650287561796471359129098063390842352974035471244520786423201530807176216248669770
quotient.modulus.coefficients[218]=65599073234059633057388422655896247980299218317226121738670042004563748747022888803148489668896412004267727645198753923773005
quotient.modulus.coefficients[219]=15074470749585269828345485622246313468875445575552926958452076873178523852988535496309326662374114822482258148664972349275281
quotient.modulus.coefficients[220]=75112701201739698200702196884787515380366288300675946475009817984442104368451482463566173990242924985527377176049469205047138
quotient.modulus.coefficients[221]=19072174767455333322957767014312266513680723736846068309965032961281149542549161454617101801585036716892568967570428389404489
quotient.modulus.coefficients[222]=28681096511177576677903108124040735177615549997970895004763846629349923986033177589070844148886961307033386157029146168829780
quotient.modulus.coefficients[223]=20271149969277880717732066067095454462529219793027572929649514625127221158823787991871154385315135667746107862031207735847574
quotient.modulus.coefficients[224]=67932020976480793887774206452964767010877640232142154918538563161791020283260033459167338723452910617213801751784355080061545
quotient.modulus.coefficients[225]=13116820631325174619464690115470525651329417707135302457896195490947474920823175489733519067268793424171513646644808378643910
quotient.modulus.coefficients[226]=52964789341011611038947352480495031651912869330535422298919623914964506148661617480637527759339707722274720753937088570821214
quotient.modulus.coefficients[227]=66254089458522648736328705500001292704801908551755380204507521464999034198057796087362026051532184942620788675988978874600392
quotient.modulus.coefficients[228]=55883493229553995519631809952489917516705745570321904894920821752924095938484835012818498571982331319331423743483792879545518
quotient.modulus.coefficients[229]=35676405075193195127720799155673017200115259663761577624246050155303655769074977984394891268440759468216330122444581581421896
quotient.modulus.coefficients[230]=53215196816398879024343052274343959785584925652835177126467902351217664222548885459090389783111501255134103153265515535901147
quotient.modulus.coefficients[231]=84335228937072570785130144915244833446752052894113363937070562401697912574004590833041245442130154240863869092030603843090604
quotient.modulus.coefficients[232]=48178376852994382978764059604649655164590087431884392773918054277154358099314895396455040406724730891079414345022420694498207
quotient.modulus.coefficients[233]=160042797497714093670260014012483415873856430701503521020000245504386815545680420122882842547365091345028342249220315129292
quotient.modulus.coefficients[234]=64180480607849743966411074454441838454831554212133123376655040928832564341558477341393909619951850213100778129761915693143016
quotient.modulus.coefficients[235]=63070741905250714188267048417670171744299426232651018029707765973111502508743685815034333815718378214379052114897748952116143
quotient.modulus.coefficients[236]=65596904339698056814971816891684665922412113883093252347575325382743037717368708097089344203970007248167664277390529772370836
quotient.modulus.coefficients[237]=44260104221660464637207489886046494647917374448173741657694608715127108561937306803055185511078631592070239063202428565890485
quotient.modulus.coefficients[238]=79629381082674998720096132800845845239702129982795539810163091915735483058055553353822618611244740407493392089995709781295778
quotient.modulus.coefficients[239]=24431261791281995699679803396629179003738608553958471845626589351977830506810876204831752466478128837596234020719690120717143
quotient.modulus.coefficients[240]=1521158687067293628314874453489761826994705272481700215457807860661512891866956009812819850556201589179396151095133374314770
quotient.modulus.coefficients[241]=30251857715228529643821317763835623099200381384056403904350134959709988887271653961108136689606709830017998380913020184650271
quotient.modulus.coefficients[242]=79178847178588167618883265795492523384457105154000465500774788716896038032179995181538165111062193369796351898741255049152573
quotient.modulus.coefficients[243]=40422740033981872835483638709219550708054628697798253005626439781489717888420470367714844965157144404587737928202999797478884
quotient.modulus.coefficients[244]=77916710594577417115083362084003319322632578657918809629855750403863324976676556429740338708738831265672049926911641461323437
quotient.modulus.coefficients[245]=99327002097343593562921160037393643507336533522602645414970642266534810574324701633250769647290355791625350591866269497737109
quotient.modulus.coefficients[246]=86366936803368862489686808882531271577578749112253342445253352625154941199839843728086782553544398674144563981864674940788889
quotient.modulus.coefficients[247]=96102892304452176938652159992739325891193569151141361574493651857904266858902043917429901406616731464923927245765234990151865
quotient.modulus.coefficients[248]=47632478255775518895434639125496563793695968228728160097269461266089809929231531282617343805679919969599429367538760833903195
quotient.modulus.coefficients[249]=75039299901450669766829558766542862996031952135255926390478344780655586354649349145556754294656399191519616337122257650196099
quotient.modulus.coefficients[250]=7799162848057419012510923746007154429403923982833629764465713848348736755209901716983790215037083745797299579639603462934835
quotient.modulus.coefficients[251]=58711691876655496048891306127354174333656691291170418310242731052715559739902964735012894195643346769523113277383887966674293
quotient.modulus.coefficients[252]=14623591492321045393768481674783681008794218776071461754730280788580780224262016850008159892517430641019005050095479639406730
quotient.modulus.coefficients[253]=1659350696578107405228325518927213753170460933120996385586999649058469477074704438367156255433159181406176522774985437069908
quotient.modulus.coefficients[254]=94651076585023072845330410436838501939401413294349777703808332782980593324109398217548725434840422093303333403463089003603878
quotient.modulus.coefficients[255]=81275210594977657739349144713204180123447290479373212116035951035187532384973184498303002636575040046677173846095571591907407
quotient.modulus.coefficients[256]=65829972848994617207292766513224309229084302261444999452263291001226730554426128033948012311403006353887363463639706007160943
quotient.modulus.coefficients[257]=79526352602754155396732673131822504591368205445488003231081442057986574836823003792088625750889158490256700047743339260727389
quotient.modulus.coefficients[258]=90618105432507541504324631657646294388701791565140742192428516383746861330149659138602133058440731261992316965036048023001097
quotient.modulus.coefficients[259]=21461152403879411193570184050163019417115419209296130639513550478623370741709126061539228287676915321153516023036738661671509
quotient.modulus.coefficients[260]=24610524621322692546980671862076670072828036439809691093641976022824143306181932207814427542098719687627391510466985519605042
quotient.modulus.coefficients[261]=85764682367310738072620859235718063121621901601172121789874384262914727609703446576639727361828619384120193663247115555366010
quotient.modulus.coefficients[262]=324701142231011116050568383512410325257817901963171387124127329895505907470004330328242279562549667014255057715112817913445
quotient.modulus.coefficients[263]=64097634959340002361390598224293347352684407057566535487277939847755241382149588884743701775058039100284771787298902129655889
quotient.modulus.coefficients[264]=76799690498793604612096397988093730304741412008587924668359790210315078761245433152465773647092094317905254068527404692225855
quotient.modulus.coefficients[265]=26730323394749838104881568170549796061560808062511807154854479941675860299866080998239592137937370766024867937902095207607142
quotient.modulus.coefficients[266]=48099919106937483407446173583280363877693224832421928536042242044721645313056727304555148166965167876088002625628191743398479
quotient.modulus.coefficients[267]=26781590763659182035942745535999703706796924451985637823454615210013697605316766538887871447651540155015106584639771940806145
quotient.modulus.coefficients[268]=81190481044198794291012058049007850996957796870540089468457825968991031461038865098447204859520493908618299569761865651587027
quotient.modulus.coefficients[269]=9498816625641973635865380043586880803154854556073051693193664103245788790564985176620492223051000535933994767921774487663071
quotient.modulus.coefficients[270]=32597972173044621671690335083456548928900436712728990441293103556895640780361044878034001844048241879165236914466827476601979
quotient.modulus.coefficients[271]=7682750221375264973324269214390432290103972261495764198462802489751586130443662964695442316336127877376982185970336440797079
quotient.modulus.coefficients[272]=65975176938707391087905070137354765783618783266836559307414084026903341184207323328875780487070470685951851096276510951871863
quotient.modulus.coefficients[273]=14649688735142992187491013573774062073214897797647014487631893927287544411271777161015203637420461926772451350613639188927630
quotient.modulus.coefficients[274]=95635952210716156545424362725432653540925354722101849164774606309743803586421504291264846426472531315055731248187012113000029
quotient.modulus.coefficients[275]=71075471449091273575196324945563106590259716020631468554489379533171582796893727859710541871018887903187577133901963628124925
quotient.modulus.coefficients[276]=73607367967116295596347071613927607418308470490219730157265491068761879607150429861971587503954336624165305138429053809729972
quotient.modulus.coefficients[277]=35176779280485555580052047727500335767693719168551171975914931728369909911737322457413072771352963856785212759628765039527532
quotient.modulus.coefficients[278]=44308073077780788043367585824916249959533965835074576336838477913891303561802975674544084421523513937995904097921662939957644
quotient.modulus.coefficients[279]=69971502864047204429350247039081096376939952846675475211548953961278075654295707762909212818974513918331815985030984964039427
quotient.modulus.coefficients[280]=44300008887721179219066656278266052311836397115569997180446521965304525367347061238748793870427517298191586624843568193469059
quotient.modulus.coefficients[281]=1
frobenius.x_to_p.degree=280
frobenius.x_to_p.coefficients.size=281
frobenius.x_to_p.coefficients[0]=75739116963357171449659852023630815465414470230212339002870068601447975542987907773304491550705841240917512281960472138958540
frobenius.x_to_p.coefficients[1]=83650132940703831471024470214414322094260485772565863092941830364829627895671820031427347144634455919812660088337707067415242
frobenius.x_to_p.coefficients[2]=56504285678577340128691392780913558889207250864683843068337744105281810243575587276554861783436167395939631663358159950254427
frobenius.x_to_p.coefficients[3]=84635805688376235323875635037471423428392015061504001723418592530158213873992006759839781565408387533698980559216561051666293
frobenius.x_to_p.coefficients[4]=30060786859817914664461054268788928090155229811585633217382916809747778935708865134966646966417007497188920034609719643680108
frobenius.x_to_p.coefficients[5]=31063445261351434712024645817538793031913042862463735186599360428514587384999763115147824988982089095060738583095521453114473
frobenius.x_to_p.coefficients[6]=24381002073688244149915163471791055408020020420630111656475174466089157257881292854314482997551315610354808267266889492508261
frobenius.x_to_p.coefficients[7]=29952165060372008623143996335713273567016241614291348973931258093414624206831354934184190334327052029366060067115946922610949
frobenius.x_to_p.coefficients[8]=56235393260423932473978881134529572385339675692340470544802306722322840994599696419585773820810139899807705947830691748624770
frobenius.x_to_p.coefficients[9]=44541467192596339446403532147873308793925318972296683999955227264249162415674986867777382542337586595789576753302646010733774
frobenius.x_to_p.coefficients[10]=46722710683979180779820844763860315106859687057014386118319722859598903269290620945132358017043037142929749494081870454484280
frobenius.x_to_p.coefficients[11]=13494633182513451755503936114765367515893998793368243683139076725735389353429109404061545266759379571594162239420256657567674
frobenius.x_to_p.coefficients[12]=18424908241231454312350673763731911783004299704164234445343356949175516010669191642850464082546793391418698976967276042321050
frobenius.x_to_p.coefficients[13]=89930446023107921891404208608252381877517222718371180740751884076454517133675806253827671458042729920302954581383461266991871
frobenius.x_to_p.coefficients[14]=98631241509990821192031008513037677653107735523496211978891108987677050302106774295200279384929456795225038154970914774362380
frobenius.x_to_p.coefficients[15]=59005452612314524879355631615113623770231871604739054965859605467185641049032434187461354578912334463355021843822498692589781
frobenius.x_to_p.coefficients[16]=13031181225259719011639845894320589498905281939394647154544109218368040275346831320566923970195109878858586622412323697390715
frobenius.x_to_p.coefficients[17]=68198231977933924545471064085604296822758958434591801858208073970253275020388154346155958036196293848189457222815918974514456
frobenius.x_to_p.coefficients[18]=86890972959927099358955925933007447143771260905146190878798155073589463328620094568991370974348065292723720743919875612433207
frobenius.x_to_p.coefficients[19]=7390367999698745682616131080352016442812675882978727531823712123577802973510364812671229984860597514645809426817969648823516
frobenius.x_to_p.coefficients[20]=43982778004560671397090316041363356885617007149584080525748348075940259285802941959696920175979343644642156634425446345961408
frobenius.x_to_p.coefficients[21]=14946043468035579426185325245731097195289467823065508992377461444011887510789005636377204310080651059656706865120771422776685
frobenius.x_to_p.coefficients[22]=48156259171941192173676133848407401248063393018106577581658329509846582966011132268575665935183835172960665072842008076454669
frobenius.x_to_p.coefficients[23]=27397376293752610928189674671458575345077012608697511261187092326290522097401889017130972346527770938269850770046825090642703
frobenius.x_to_p.coefficients[24]=35084634815494989970507905572275792682786166333885504760070570281846362526348797300313357796636623885387932359017889477637637
frobenius.x_to_p.coefficients[25]=60590874064722749423935155152532642062318631690628005528016753391985107777358092759740169183771658413652492054700778114803808
frobenius.x_to_p.coefficients[26]=49678143178112417675479811032331717908311171853624497312171225209318473529269039919262364541986257137135938364405403496438257
frobenius.x_to_p.coefficients[27]=77649319884448286891247148601086301133340564036238260539551839182460211706100094575360781556787682842995547040720483554135099
frobenius.x_to_p.coefficients[28]=80571799817720575552177687105416637934651463950336748258500484776138592148865827654437372272083659674866270569995031759879930
frobenius.x_to_p.coefficients[29]=17093524437002999369930576069181245080189189471538428513809041524205572536011565633958559226799604056812837763783955811656899
frobenius.x_to_p.coefficients[30]=91394935133445839761361800714685145818430028872256870956398821151937811552743242901891792849234510280889853202996349724369884
frobenius.x_to_p.coefficients[31]=91791460895439276067179325291787121356556046918218871227567732192959603939916797341808587450620774573316532627775290115212588
frobenius.x_to_p.coefficients[32]=77888464828919675179089974854528951738069314190410785252783273203274378165901596557626454916039943891391790376853103103459181
frobenius.x_to_p.coefficients[33]=82208594097509151622062396867856559729379212833850219144503707434711735560957243243701863065812242688441803422985347530931698
frobenius.x_to_p.coefficients[34]=99800636438593753024442783608289967496105422629775328194210696204152622034436715812228368040509041122413989503030818828686213
frobenius.x_to_p.coefficients[35]=91156792069465936304535180251122623373267385967283485743283866268640059193134092871047455403537985454701336963064395521732356
frobenius.x_to_p.coefficients[36]=17332923820634196520153870275566329257230257721823896875546054591083316082803516975786942870582082220529613098278208623785360
frobenius.x_to_p.coefficients[37]=42890264305684534163710688245783195733102216227024736134396072950757420021788118204591264724813509189891082881723523052597673
frobenius.x_to_p.coefficients[38]=47003681723527622545563856533842665407883641985307158391409404776239219160096285689663472992973031965425047906933808096095251
frobenius.x_to_p.coefficients[39]=83755650908520334352675832170157297756381563443185607815668427033261640875930129638785734371516827094625998123095739805393188
frobenius.x_to_p.coefficients[40]=47289267335303699569219595963701911930679639429629119405471297078752976354940604742102530029055211063522648966132933370518827
frobenius.x_to_p.coefficients[41]=72601694202843693678087560809287122685632870372586769485753435785777176734869452745504502906097277768818095713649916654318074
frobenius.x_to_p.coefficients[42]=96743682028759328861775341660696364089181743923755485657527836600762076400033203434805255626291893462568421903181290601844452
frobenius.x_to_p.coefficients[43]=950464074554512651946610931719190175269443931494172730928636518532228562972347332932768065254728470039046078896359158659206
frobenius.x_to_p.coefficients[44]=95528970009370943259426269181701053314832825148353760864812607702058199802242378520982500886542086272568428764790700603342115
frobenius.x_to_p.coefficients[45]=48303715177755842837074928146020207875745900529636470712288313674903449210838457293750292443938837497139664550591957893814588
frobenius.x_to_p.coefficients[46]=60902386629178175550594544319613894011601406820248119125719838568639709814891623279804283670477135968992797357076959690959127
frobenius.x_to_p.coefficients[47]=35031662481165632064039945413569479416496754378695445033031003844865530533573067198016226029711572755611349013844447472471184
frobenius.x_to_p.coefficients[48]=45185196293180504578125107391235738088945944778249606030898056590030745487569470513313540405229044169799060712444564728352720
frobenius.x_to_p.coefficients[49]=6181889872147429120556618834911401976868562934822412336395149750358171349799250642444928794261384529800552912581132128819987
frobenius.x_to_p.coefficients[50]=66015356135534180856109867899591373523755490118793001661919281321339337998060673003380507226901453306460528476298290558502684
frobenius.x_to_p.coefficients[51]=14461365398849529770748738139103433945299561181170549758068898914238224206882427615902840516384696656213758741968569624133885
frobenius.x_to_p.coefficients[52]=91170962095103731732458633903561937042807986427814708370987966539229719590875565933812910297797348352980189748108557333498674
frobenius.x_to_p.coefficients[53]=86552564189140594376918598196068484666378980382327596896888650870619341972771367178381554896610013703039970843887739332492784
frobenius.x_to_p.coefficients[54]=35278504541700886422070992886278010615794538561715412532270999130501235742692704848923785617891244211485003231406004202100409
frobenius.x_to_p.coefficients[55]=34222673610390869908994646874398655907880618849435429586456441161243407838537690342747253462228114912811588199629938384798654
frobenius.x_to_p.coefficients[56]=31029802622732150860012096316281848237842054466313636010824944619588157426100084210020732874750531675298576792163226966709832
frobenius.x_to_p.coefficients[57]=28640472643716910322377952150789012419662687688602713426625625343676393116112271764771746259085629812876565223839667981744321
frobenius.x_to_p.coefficients[58]=96240324259525564282722735356094096872406903654783405513049947679960485054464484317066534372731093009501487747723339168769810
frobenius.x_to_p.coefficients[59]=51070408682022907802203200187097791659219497190740864898198005625124392493987726181321834743655457881911146066449586238059057
frobenius.x_to_p.coefficients[60]=66963884273552994512205483131226871929871646610691984642950254403317666765640339024407011511240126973241110595523442899201587
frobenius.x_to_p.coefficients[61]=97003870821585245161009303671299154764817794973077124566989541471468450344634978579587956939359865112019664291763741938528076
frobenius.x_to_p.coefficients[62]=39646137000219648300112435810291129766018712156386280449791292987615044816171224322291519210363108089697700895496789279601201
frobenius.x_to_p.coefficients[63]=12244317334553510900528315114184838133545550971561621565239319626598210828325967288588711010638011294087416838600000815085882
frobenius.x_to_p.coefficients[64]=9785605818187101841578456058987752837784645056248428367456983922665998411077538439526163927346864895189840385285759537171330
frobenius.x_to_p.coefficients[65]=63260536300083756678953330490311094604910961340681290085934673289920055329949522552309066940159666610016570232829384705154482
frobenius.x_to_p.coefficients[66]=75868085030263549058420792647481569926139875917352051180493433616243854897725027741747879277647640678962341414150926491212212
frobenius.x_to_p.coefficients[67]=36137553223815154041451661275765341805399110803418191240338095729706860636438892519080322294353990936183294726010689531697766
frobenius.x_to_p.coefficients[68]=76241692893385621893139618849555244710366541561693813872831014868432507536260424493793041606946066408342934607156284926414856
frobenius.x_to_p.coefficients[69]=49654804000328148428260601035998627713064040867369125670141559778542641146615682168044290654364056599245266238981698907286027
frobenius.x_to_p.coefficients[70]=35936259130489219063060200221665510372848736346858351418452234666055814401323221224894610006797725652807363107278497642256782
frobenius.x_to_p.coefficients[71]=74794846483821017778301179887620066419763634355434381917345793611673406347755819491812421804502995843438281694587115026562496
frobenius.x_to_p.coefficients[72]=62548587673333190992522000793639787937364654014317276832735546297993704905741484550152142262789139154819475299655535779131372
frobenius.x_to_p.coefficients[73]=10519284209970240471156538376087339973111130057807711758730390388865335791622262860251091030762098592853072048176478346126965
frobenius.x_to_p.coefficients[74]=80679234391374972643289035096724138331180776226316724819797487866241139117523404542429806236719517305435644434244582617088297
frobenius.x_to_p.coefficients[75]=72875932779324840646852986858469125270764783613131707873995645927121143841119902561726432826312932689889969256790361954252738
frobenius.x_to_p.coefficients[76]=77733179440561986237970091577274364935055430650349869593527210840274566903907414777762798289379016486834269892215699689486407
frobenius.x_to_p.coefficients[77]=36450328562080675979279714565869254525431998394831364974615940951829352034748734528417739270149699705948500416218738805605393
frobenius.x_to_p.coefficients[78]=99953410146706039533723028386912118490322691803458234138531110985439213639114384777453986255330402740407630014369589062293233
frobenius.x_to_p.coefficients[79]=84755775068063800215263341307116772079573583484060163187092682498210050908495104902107485190651277848173326953703797533254309
frobenius.x_to_p.coefficients[80]=5162052451702144388292482900593713785096927871282796744540680192340032380236776198766083462714338974635336537864172904294153
frobenius.x_to_p.coefficients[81]=38731983517932273117692934235866900352258913119586339912887656471870810253929978256935334309284067515468405933383667436904477
frobenius.x_to_p.coefficients[82]=97142582861736719264831508953248819107439851825915155055063296316633193727329768550961894857096094455665789864506905471575254
frobenius.x_to_p.coefficients[83]=53725371604163093386548770432345127335264508777205303182712689855476647538365030428809228924190974964718946800941861449229158
frobenius.x_to_p.coefficients[84]=33755946936568859560976751072499311465017633892718778733068868122912743578494665580465058205232102281276066864166543889278554
frobenius.x_to_p.coefficients[85]=4388131538868468881558538962409451743085013404805474280031856352397697257295459908411043232672213782381253206532794916982479
frobenius.x_to_p.coefficients[86]=354778639365014278797060784189395959075243343674070962893076852301637966918879386199612828896086055007522209848120528684195
frobenius.x_to_p.coefficients[87]=7874459384663558839481417066287137349740892060627128338645461606347067946087091285332916647616808953489725487118728054114454
frobenius.x_to_p.coefficients[88]=86563802063207332264078949126805182191975092600037281774168061709697621131029770297152471505113398931660796968783384048194289
frobenius.x_to_p.coefficients[89]=44717112715142495149428558772641071232030526847407474590595655557851542329515421903473784991453342296294266260130661088769472
frobenius.x_to_p.coefficients[90]=35035851356684412099403349371513165207902195708325651214616390304020741486903268489477912945599615934739177196264385405907044
frobenius.x_to_p.coefficients[91]=60588424439342064691331698987191970117659425145954113478560596819427565131591529764161361402837058343732570768498219880412377
frobenius.x_to_p.coefficients[92]=78817010515182384579725835809254530510894464149225419932651741905836461653220966412562620309489370135908772098230055943102192
frobenius.x_to_p.coefficients[93]=82782091622355269881940469798687190798356382853392011902457290399947438103217082951280159214319655250896692505782144166084648
frobenius.x_to_p.coefficients[94]=81453135409709602548301677355718559588453990083737155816362661555649196257910509969232995444860782427863219112898236048281382
frobenius.x_to_p.coefficients[95]=83306278385599223987979484720820764273955050427983935765484703150384872926901138309356279545751212218094968046708919699778851
frobenius.x_to_p.coefficients[96]=85589490911622797969661035366152656467672769712736993641091487285285348654362845210626886743254128586447183388475971948737469
frobenius.x_to_p.coefficients[97]=63850210339889475202231711027667436667130031024571268533967501393081789698194152786429843175153703755910929913163242331402605
frobenius.x_to_p.coefficients[98]=71210209237007901617912087028527801747365828320353650756326637905838386703979030265643944889877878536304109181958078360844098
frobenius.x_to_p.coefficients[99]=63050161381664319761335236723414202131945408303221309879626813691420889451688473051585724891742756506318444675732772298340860
frobenius.x_to_p.coefficients[100]=71840680730631702624826025659676918741826120628111020614583481713219351014789257659004874791693072926017693370297742847936298
frobenius.x_to_p.coefficients[101]=50888016140268951287700014457011059516850714272383775942298497906941505140178287086848305864879768447747342344329143411451923
frobenius.x_to_p.coefficients[102]=31948839161400872589443856845928946130803349408202329327012678372176808312602384128378982984376861315245438627533159338838383
frobenius.x_to_p.coefficients[103]=68100882010808569464614631501348200355475201328324097626357786924889841081591978916784439255050921517417684104914894678751162
frobenius.x_to_p.coefficients[104]=46940970365606497183000461074584301749932769612256992764461131157354772736174503023849049526366080283835558719276638658307529
frobenius.x_to_p.coefficients[105]=683265831062696608282258174145971829697440788058351026026958966037200620382416536057364222433264720308373854240162413168207
frobenius.x_to_p.coefficients[106]=56764508877047123951304530420033107177799754317958090301281913202769102912413507386793016317346027897957942878842210634079251
frobenius.x_to_p.coefficients[107]=43289197051756598544407002966474166841249903282090314361064614244311824173133550850880840603471855821302140728540630675185703
frobenius.x_to_p.coefficients[108]=33825900488453321620066946890398244913148079159669296378718550892611117352108705989214989448383529570444229110971784497732539
frobenius.x_to_p.coefficients[109]=66840419914916739696991333430666644230277717740563097750458683601006580057254478863000709351013000278945368677029061877431775
frobenius.x_to_p.coefficients[110]=8255525008125624461750768363361575996317529223757595060445925414235889709788623922781192783006486300042388478397995462270345
frobenius.x_to_p.coefficients[111]=17066368222432103507707599134812425020285426265421142944081377395298380931442042061026735054547679882546918943436197755050955
frobenius.x_to_p.coefficients[112]=49059589963111608249654633779094481951634020907538013524657244112369303703343062339036591566008718945248140907919305045138416
frobenius.x_to_p.coefficients[113]=41997762621373936313635580184401827465963041494219655921606405135162934128828437423109202812678445545208934354800850156391177
frobenius.x_to_p.coefficients[114]=79875994406070876254882188960505108959588567455349760513365676644037960836673706859101555185281550749341515495246184907829222
frobenius.x_to_p.coefficients[115]=10485143816732421078262355857413106635058767249604954229773758774895003614949224030454108174206071870974104579224529860391465
frobenius.x_to_p.coefficients[116]=64710028886534606927214811955742610702803954071617658956172815133624762628173336436830881265321130334370548543636311212538100
frobenius.x_to_p.coefficients[117]=71724035111775632595985171577865248226016037825136150803425505910734460237409104575919896195464397883465828990047932173939437
frobenius.x_to_p.coefficients[118]=62226700730888966308027671317258645450046856514030766810686259301614195676445118461666146764360400923947260165158784919575388
frobenius.x_to_p.coefficients[119]=47090252790930531575394115897871626575560461061469476806932440918966573969440782760323394662187968566628830933394859625075440
frobenius.x_to_p.coefficients[120]=11056528780450389943292895428016110395048376538458178764482531539593856079198150918392062456626935771987504044494286621312352
frobenius.x_to_p.coefficients[121]=77046549653558798509975162222059589467618177427367192762688925465097968868226093501010449788287550556350853825916854715759457
frobenius.x_to_p.coefficients[122]=69233807341796603821093762817208651881764849299149252536585873110282180588198687757664714506927257318455896399271231617769114
frobenius.x_to_p.coefficients[123]=49502101355292041331225300200472679204562075538750742764708071685666370653422404358462622169190198619601084236652232879734933
frobenius.x_to_p.coefficients[124]=12755229527175996792442161081454958246899518552336608949575733706342682340137554690008428610316834766153101370138401949261725
frobenius.x_to_p.coefficients[125]=38216823654382519791971931107293283466314197269092318699428711628220228747519602076454802574817702719189495289585815999717887
frobenius.x_to_p.coefficients[126]=35222983349338623018375524327206765014450398002954781790031870722041373645126208411111720254179865074172043347982350804473670
frobenius.x_to_p.coefficients[127]=17887971060244342246878083902007616151575967140528863691971327558801642472175550996955552246789661232551377405199346098231083
frobenius.x_to_p.coefficients[128]=8452181113066111789639453145812170219995605843465140513015075991026102846082508298531998235583196002944056406708220406266773
frobenius.x_to_p.coefficients[129]=59721932966059188158192609240590917511052469656058483284644581048519643328472622787462631205895775203517826103337913154787472
frobenius.x_to_p.coefficients[130]=10061204750958518106817819648960471297741290028817933172366356381563172812504323827977165479285729732990641868880583081588003
frobenius.x_to_p.coefficients[131]=97035207817535374738371413475653877202592747923400134741225338892413285587470711420059948466480717479809878048458863294849030
frobenius.x_to_p.coefficients[132]=95832006246918889973837053834296979729796730617504918117259875146896047381791620497712431175784436260146003908058025489464570
frobenius.x_to_p.coefficients[133]=75562448675841594903635289628542184084801850174420557331108919247677105307288698572066465000849839258946217502914643761130012
frobenius.x_to_p.coefficients[134]=62184971058941851155956843558449487695332057090571036377166391177407933903303320090314060522746850870369899957029019472166216
frobenius.x_to_p.coefficients[135]=78504859188898394540246424470557958427698283707106716993046503254497430502724011638983779342886997661464295232826583100327476
frobenius.x_to_p.coefficients[136]=14833186936997197285693385615263740715509585825307942105634050777021794618095824139507090788230165169865590770712784186449335
frobenius.x_to_p.coefficients[137]=99827574600761632767327101366185703774986861650720351624680500229054944083941437597375210177765966280650632035292406143454302
frobenius.x_to_p.coefficients[138]=69594631830994393612590984971403561599855192659470324119592810642182181594297694207406202753895803586818315823024563731616019
frobenius.x_to_p.coefficients[139]=74726776514352548095470234162382259505164559063791319220791225149132455449218743446363502697658291641731240699115305793331702
frobenius.x_to_p.coefficients[140]=89169453958073608742124219725574346362303715157659348135745242896447479778568854985172129563283028951127771858983200614954170
frobenius.x_to_p.coefficients[141]=9081910187101101582182462743800236994615588434796821668112829771215119453256205853756088431679478578816291097754330979206303
frobenius.x_to_p.coefficients[142]=44033767390630626546394244914059246939845017882381396565141262667862444044637260137548930543424962700149909228293541006953809
frobenius.x_to_p.coefficients[143]=12516702270773868641484413478607059343560293330032622347805482988863399358452852138206564610447245826697014785233795907296415
frobenius.x_to_p.coefficients[144]=96830815903647448194655656244285384152347408137958104358466068578345996529540400847646584618388732740429373685499413881138102
frobenius.x_to_p.coefficients[145]=96946141482924506716015202168597107617239089549723944168895150327182779100250265154413364213414614520919618369349463368920371
frobenius.x_to_p.coefficients[146]=79266674937434991141362000226169401951845789612506062472714892180122039549718649786551636180116356660796380093345581214171441
frobenius.x_to_p.coefficients[147]=90232890679842989592399865205501382198976730394725598284407892624873662174485818346655817396817784857235610904907636288910553
frobenius.x_to_p.coefficients[148]=71853820894633677194023425091794153362042772869661913591741764129131283754829291011889202289355762066544081994973456904046045
frobenius.x_to_p.coefficients[149]=85487081091886730696020560630337483474081259119388821077724053271174915950723227693406271672932322026162890035549712701633548
frobenius.x_to_p.coefficients[150]=76983785731561151943633932985852728345331391966599528863499084909747442036119407230531811437038408119427850467749354233266753
frobenius.x_to_p.coefficients[151]=6722820813692768531010449318337904812696416667747713114377699394051131862394266831856689765556383553078648949763367682982890
frobenius.x_to_p.coefficients[152]=63315829067056849192972329408819342662288475146409557309114863295510093824048909740679690893041988236608205009359240309436497
frobenius.x_to_p.coefficients[153]=581531822927881819279216524821989187121273958352418069527509154296536066132217187936363872711508232253577808460865696464906
frobenius.x_to_p.coefficients[154]=54097174781961116837170799703244442310931823632551416920985715792172901969640361059598283825992970678482245404165807027459438
frobenius.x_to_p.coefficients[155]=38048496342297542395314298988126601826905776065716667387885819596934681602375206687427734811589249600397829757727291406769960
frobenius.x_to_p.coefficients[156]=10523371997590553655769007266348452360921381717766855997034689338637662738123941067178917614955032304195096587247068856238841
frobenius.x_to_p.coefficients[157]=82979309582382855828597068916016656094663979096592394014846038287686555958577406146733647781187047706166097144497488027847684
frobenius.x_to_p.coefficients[158]=19531761135990729686886352262457903629212339044639419937392703912168292773713518286620395556870589218494632090768945439811858
frobenius.x_to_p.coefficients[159]=90071016596757041744122125257879822685026402456856507674808827677313894609316404824741003673405761826147390188279353000963698
frobenius.x_to_p.coefficients[160]=12057726844859629574699853963257291876023342592882714482301486328254361291184102449040944316903272173411406754096920914904904
frobenius.x_to_p.coefficients[161]=11310542854272798172206638106454771397989131890558023444460580334723931102277331787061535207209987720106935999243141316605499
frobenius.x_to_p.coefficients[162]=57333557612412637289824779671212709150407407155104581022213961301571794481563560160452938426166810721915856380397396081532580
frobenius.x_to_p.coefficients[163]=78232675729493581328078691698675301036430640443748135545879138632504071428042349874047195220188060489808686150451927041938267
frobenius.x_to_p.coefficients[164]=95754910864531697056745602526743424370678250547021364052205385483737722362513076046392763283466055548378648842322176424164063
frobenius.x_to_p.coefficients[165]=26667121862432081572461684261766912792246329069438655329294715451897151399847572900159051384791251500669929751760254518687895
frobenius.x_to_p.coefficients[166]=41444469274047804052974972426389600109718327313448820467931634479235913816696015650742072722771495797020004829233390643064740
frobenius.x_to_p.coefficients[167]=31038440655286780545997435144808141216861974904096246628051652743227562172820323377253089545196729452227636278773778412416853
frobenius.x_to_p.coefficients[168]=75505624550272040840750450934888924665265884879974123842215271302284735407478336741548721732776907309392013402608040181608697
frobenius.x_to_p.coefficients[169]=40832657020258494666874530470532289285420072743541043574456468829921512147950349102577668184399092139513981685272455244567871
frobenius.x_to_p.coefficients[170]=74048952598647267518466952436373655325974243013931026790604015160061432017502795467358591007813828302553989734860756335943445
frobenius.x_to_p.coefficients[171]=55620398602860355565970575593923432406480817785952448727565072134558663058022276712820306530476626255955143003989653936648192
frobenius.x_to_p.coefficients[172]=10056474718252887871012909776566024509292469873323769795855132369307303906235350785121941009329464680821823537367436019433615
frobenius.x_to_p.coefficients[173]=45745738098293859281100330867548518399784126046474708141876569549950356442727745290189150477009246649042342037042365369962053
frobenius.x_to_p.coefficients[174]=30260199751123717262309303602175398397209805723799557945402793834442489306767275902986251539741120535997778842427284104996059
frobenius.x_to_p.coefficients[175]=89748137705875078271554156210370277813069002516433264223737696714239728167301527110116891487727468131939343770348616843553514
frobenius.x_to_p.coefficients[176]=11033744116292218226444669479316090312872833725163046771482131807418487964235140917470335849789269783107102449368904361557339
frobenius.x_to_p.coefficients[177]=52787177851279467783923610417109238315184271063706419917488465390171796178281121796907968702737845895339160370963263549900927
frobenius.x_to_p.coefficients[178]=21637469863359438748579900888476418729989611605087859408818211830015200405466858211224121409040336169520015339009159529286169
frobenius.x_to_p.coefficients[179]=83505178823577763358081815164256263011650432652599069793672677203466273565302009130392341091300464509569665195928970660453267
frobenius.x_to_p.coefficients[180]=40153931431851502157496360157661902256567468135492275182289191543311624627523409255456576111559734406917850653200892311840231
frobenius.x_to_p.coefficients[181]=7248084231163965590307766402959805173845127677126642802110017762552460456268145930103202570731947697176402940607941884165394
frobenius.x_to_p.coefficients[182]=36563627346855275759718335076772090060628106240173608668556061811797429153005570163646654798260353381161243066691273933886624
frobenius.x_to_p.coefficients[183]=89081357813299848341551060702757044674009790904147486821763497004947186325392252986779845949055072146418551760868909544265440
frobenius.x_to_p.coefficients[184]=39680295805854959943783929353813328325503239137589866643122649450375212859623367554418989910752763415401601538336374402072657
frobenius.x_to_p.coefficients[185]=59474957871016715439139408554146568603886250143397090326522964990094111776995520397027058860795993295383528402735102829574001
frobenius.x_to_p.coefficients[186]=53920524081347559818787879808994944203903952124814344730254120262785144343629379916133473072447557667213421918154374515183631
frobenius.x_to_p.coefficients[187]=12089040629264940870797186042843295185950790591245453647677142484651953048581045375498400131804824860123057250853203503122503
frobenius.x_to_p.coefficients[188]=21328626930989138092893990998500517834887376399127608455561663107313642751778245667735042742865821126624219501502551852091003
frobenius.x_to_p.coefficients[189]=9895675459255939033559942100497635423751359380857156002705050523104075438229010043248548845486693364093008145065474030524716
frobenius.x_to_p.coefficients[190]=85061527584313511601752898581069112219347742094172538878364081493379995581836307934965984186062339618534047653930809777341826
frobenius.x_to_p.coefficients[191]=69474242360463673195359622740074269799920797554256292888968700534448484386958288814812823849208623918844033996855702412971352
frobenius.x_to_p.coefficients[192]=91145609498905454105842634659882915926348027776342567328066316701459115677428256247579268543175437265390211839211608638761968
frobenius.x_to_p.coefficients[193]=59116268819156434849636305696154253641163171668459707801774554608962209001606506655807626219973537896057732349258713069160085
frobenius.x_to_p.coefficients[194]=79339212862877286364249695365693728710912443922019859259458732416294851203650609255544517461897098903743402850618400528083690
frobenius.x_to_p.coefficients[195]=65652284790189741488408492422489157689295638855176753141391201163958213397109138261467750411056655797079361278342108305978836
frobenius.x_to_p.coefficients[196]=59435225208945005503058846679993850415617958543000779903030441983224265495449888753816075216134614879995875924777254926986683
frobenius.x_to_p.coefficients[197]=1757668063382280126402823017630945426706276501948077173092247047548328748486185227504170936469178658277701244340344928879027
frobenius.x_to_p.coefficients[198]=67197758178923049957390335654898983877403823276331475251984176018016245972354809210806166988113659807068336682817447140501485
frobenius.x_to_p.coefficients[199]=58762584772824480874754858880411407649699925049492321002891569941078489324000717110472809658966389163153995276902540458556658
frobenius.x_to_p.coefficients[200]=96451559693057743631987041586905841298252576368962422532628168364377840283861449276540074370028547161919661689617946404768890
frobenius.x_to_p.coefficients[201]=70394492815730862409247978653065307431848572982782286369870025321543859985454641440462793413482854112916722699532515869917984
frobenius.x_to_p.coefficients[202]=62961524751337785613410597711766823808656926783591481540085284804250733965077917618450335948731022801141605282495076184629989
frobenius.x_to_p.coefficients[203]=18670471900504948619977980322850878632364172790580283798588703941959997556342663050642834985781218742371962065637490592608533
frobenius.x_to_p.coefficients[204]=86163237455256551214887015386950083785045394542984753871747231678235089060528915264387615054056003883371673210255164155730007
frobenius.x_to_p.coefficients[205]=98566713834412344942178504302524290598524699076038655014529006466549948325230618881970510818948148905574193529153234730054046
frobenius.x_to_p.coefficients[206]=45075628524820941465968530253415278173708990026716520500401994167179536277721443674907356432143844904211844676343083397516423
frobenius.x_to_p.coefficients[207]=92129064751418045792682242906510625776401219403292110903119460208040119041129451425091362833970186057727328395356442303855931
frobenius.x_to_p.coefficients[208]=62835884234462653531968410188107967277141105166917488542322716162885301937784408660724032884024833927124276919838150042180074
frobenius.x_to_p.coefficients[209]=16728219700226675077855700337288833151228937250573135457350990721743337093984355071469643626496110128515237167011994907397672
frobenius.x_to_p.coefficients[210]=1327932591661769544528310601944589157777750391337140939925126258269839721241430314031052973077405289058323434694744094828561
frobenius.x_to_p.coefficients[211]=21444792087143351676647483437166467636503566411253978783360016160920486441943463583124816047198820749495245105302522717028736
frobenius.x_to_p.coefficients[212]=25966053980590628439198942373335162105620380334450554113486018693459169084586021074962720225825355558653418811972814277363172
frobenius.x_to_p.coefficients[213]=45721636809335946578759205893783971943338351078751776292760478302016053474274571030317428319249987561709341249453913797446377
frobenius.x_to_p.coefficients[214]=81480572082808220379689685760727119647444727395919463342193839080055179575037282809384966948764070396381205286589254894217607
frobenius.x_to_p.coefficients[215]=29070620760893901061350429976068226343260557504467529713924277662356668627057579267534724184519745427887330337502454311577432
frobenius.x_to_p.coefficients[216]=95535619152678917707648734769116580773370925617704672034417550142251246131514621958493621267162897152652854300858439258850411
frobenius.x_to_p.coefficients[217]=78234727962904636900271277552747094058542763565008228917649780668777648789300646535606611029623863976738568553688801905730938
frobenius.x_to_p.coefficients[218]=6528979600841225704537657358224361564911060299882170015778119184427099162591659532490809511006240529602070790990061145377680
frobenius.x_to_p.coefficients[219]=1081749361043855220843010129146778605579560634213937990288512465449038953606059952580627441234043023965856757594403160468278
frobenius.x_to_p.coefficients[220]=47786752757927001948722731750691924854950827873505990262877058002332400530953211542658833714190485182034604638400917545215010
frobenius.x_to_p.coefficients[221]=27836372470847864259236179285655026279418411172482027062083814068538467352121507024619093100048739190265590585812916278275255
frobenius.x_to_p.coefficients[222]=17382920466165810538987520484735098958197903731947768492621442359225554095175708563012947811564026476103982147426766028909555
frobenius.x_to_p.coefficients[223]=92907566659153516979116513215133709326387833702646797573341869694792335428985565091970241441761183886569202629162188491413361
frobenius.x_to_p.coefficients[224]=95688078921274651922988154976183779221323495946194605238765126873329582029750831816300914977961917945503157545802953100840353
frobenius.x_to_p.coefficients[225]=36721947070292563963538781717947476755775615540852541937963204499753166693812264466069502871523288650012355594984367776410734
frobenius.x_to_p.coefficients[226]=51549424260840333760369819350014639173734057654752085368200396350430015319699710106401600842463219534201561256676884408276345
frobenius.x_to_p.coefficients[227]=51213465575226040095624530376051677822344701522018976157166407191429641381490360023539967157501107479982579569850136212622599
frobenius.x_to_p.coefficients[228]=99971016783355657184879122928539078682706050836015771508703836295825507379247062082033477820414712227808773433825568702401472
frobenius.x_to_p.coefficients[229]=17437138728700031738193567128622687181274829870066526654497732289131423248940339495168988421987172427245313240638058709482617
frobenius.x_to_p.coefficients[230]=37549065512279780571638825719232601234774827292689342089335270654864958014106001302756823343298223045652420537638222062322401
frobenius.x_to_p.coefficients[231]=72212836957260755576374952622089939049466800733045497137545585857269282610358921829125500522894808820208690780751487804191939
frobenius.x_to_p.coefficients[232]=57168960015913553928825742196028312777042936649583147844633091863652650886550250774006915606262511280390866402853599822208230
frobenius.x_to_p.coefficients[233]=28442890926824160768022051919213181255522707601184543919112414656764205196440280283512156798064910500632209652493361327732083
frobenius.x_to_p.coefficients[234]=30945394605863741532176128281076181414985149579353931183318469216164672861656141062985469025263035555713225422364035295518591
frobenius.x_to_p.coefficients[235]=3822124295137090498956805573132336605199362399293329877890820901959406976788775944141300337064189775574742274921424917441799
frobenius.x_to_p.coefficients[236]=28286184782254298432573930259083393131987378480180591229373442493260746646636863219974252592726872563153622887041295716841435
frobenius.x_to_p.coefficients[237]=12641009866219641764522425913334294900200974207639259463817042913047054545707535337197087024542862203050581816545201326967743
frobenius.x_to_p.coefficients[238]=52165722970049302877182151806541811661592179874358690313915456092247806007248014852387511724593333995723424378809745000463430
frobenius.x_to_p.coefficients[239]=1822588249930637518054455061236330106516183264745388050861895664851746597224169065630688670053056274142919472108847666365785
frobenius.x_to_p.coefficients[240]=71791566038750350638660520109973877394759195753090543360841457024202548058895664571706284176469379412897708312263317256689172
frobenius.x_to_p.coefficients[241]=41597963290473069435199509903585159032714898556068011163496655597432905589450193544319725502356956727552064671636243974560118
frobenius.x_to_p.coefficients[242]=80634010294984044105754415330576197138548980870500508708745490888365048143368662049753225372123457076308153807529999783748197
frobenius.x_to_p.coefficients[243]=55820677429470180608318485604114315208910600894333263773989741417033238631501217016413612864768236469548888677915024942163360
frobenius.x_to_p.coefficients[244]=55716501431790682654734015349903082130129212802882318233051821556685563731951240204335426072053632670706074430016194787698608
frobenius.x_to_p.coefficients[245]=42090147895341095290486236975443258557153742531239365009682450578613492462437572233963152477326554726849087592164473113824872
frobenius.x_to_p.coefficients[246]=25006632282694095981701275728749221205414823229089505195663218109822252805846182311700966387009920322475814064128027577593499
frobenius.x_to_p.coefficients[247]=50976105799548348326641545155803074081325245023035746117597011952902089135070667726341418741558850755469896848106049801254919
frobenius.x_to_p.coefficients[248]=50996387511778530718520409632475667269356976317304741892638801007263687967066757061474599488982971392582672230178371581352292
frobenius.x_to_p.coefficients[249]=48306147254258355839780400398486242249281965414901718194663037759554837671127638746337736307123926308567240601347213795547140
frobenius.x_to_p.coefficients[250]=78689986001988911035068178526080369305302829407767120488789019142926840152091040701294696921150843128825179724777573163291702
frobenius.x_to_p.coefficients[251]=65194386004653674422525406889053743828647361820245104685689951607179897813162445366405126800053360001056246394444880277134606
frobenius.x_to_p.coefficients[252]=89907251276917952886919259147865477243586528810854396141814235668845249622990432491967674874031072892878545884156405704813283
frobenius.x_to_p.coefficients[253]=22950288597770618635751223514724550230067752117770239737024693865407734335155550653519773274785574622608930321893123624942850
frobenius.x_to_p.coefficients[254]=61872499366929862311101754009766236775225512255186681575884263529299249914010347376063208559917365145736053132463055177750629
frobenius.x_to_p.coefficients[255]=13439446384269340172722758212668092505802575859576809326130174511555784921356850695835764776920283050278627043921916973913195
frobenius.x_to_p.coefficients[256]=2290335663038043355797484620666074336388141661982521017687924597925826215120336666814845884769416952415077978635195189508556
frobenius.x_to_p.coefficients[257]=18985954335311025516888384452285590858020788981068705536574974508050226188955874235213247262829778534440336552657025260001735
frobenius.x_to_p.coefficients[258]=78799738796401791468313808086307987147809818267243063896962316026201375911099086101483894510604064723178098609841191456287357
frobenius.x_to_p.coefficients[259]=30743554891063089791870910401231564612126771718468772864048138386954693031840240035640397406105286782480212426962005668641819
frobenius.x_to_p.coefficients[260]=56652847487330056815803590591439423309972390525697654935240205627629592597301100438195464292866667598539810668396682699318502
frobenius.x_to_p.coefficients[261]=65597835092171682271725822364461224848854287228008092079781617806928357507325822863476218176403615799948540962396890918337117
frobenius.x_to_p.coefficients[262]=93080275491216474231754225291090005555895168764078379896435430721648946112336771821201408843460800695422781684685404747337970
frobenius.x_to_p.coefficients[263]=16384121464615933995753283618805165614516933750672484615794073187439018597204971016477944718397104207220090051387290591041961
frobenius.x_to_p.coefficients[264]=96497180706195312612694166387899604366206939916604823298508905379274469397576318766674846300722012700335802205235466867180895
frobenius.x_to_p.coefficients[265]=83450143167598126478499048161046613929440254731574380854333065188760994052872460376867728718632020498600800192230072567247559
frobenius.x_to_p.coefficients[266]=53274737666222535343860254054592472148380941960222320151086925763799978035670096138118329902886389542718232464557145707278881
frobenius.x_to_p.coefficients[267]=80775145431545292149937059382379715674567430174826802755208428773941786806176432321581514195229079854462545178871450082617414
frobenius.x_to_p.coefficients[268]=60771019562582615295444538308278869091987179575275461402375485630588694340470198043762050821707010900638605447883751090430453
frobenius.x_to_p.coefficients[269]=36793978492497805506161453933520866441379921120423502401580432568697727858600884912141059933110439045259502460836785392535648
frobenius.x_to_p.coefficients[270]=9408729227699715826730359848431567573363631896471217783704624948558263727562040802137043262904879716229432207053182901004667
frobenius.x_to_p.coefficients[271]=65752466991083773879703036430227834507836221244892483335882079950909591691520646234740682960422867246784077826188692214214593
frobenius.x_to_p.coefficients[272]=98824738669305800033390277232619797567155681716808383414290415871737792397691081887409585534099218026957988971308593590780687
frobenius.x_to_p.coefficients[273]=93674857809930873779560803309016775662678604015166785040120978643894961954884835526646858011457905792799757118063324781105957
frobenius.x_to_p.coefficients[274]=73865301710190953521626915308723157966289174659458792466033280656290322958636425440895701486174014587978495498737343009359830
frobenius.x_to_p.coefficients[275]=27894856110868983712660409289566433477789757945620973075916912611904322327083464571541623464488193370494581630192023853122124
frobenius.x_to_p.coefficients[276]=90345062889390844854697204627572555477018224094695215208182252586228965492308420152002744064477302755186118802545653252789530
frobenius.x_to_p.coefficients[277]=15886916572450050298775535545841601480116100806706690891354630330698083124191676379446127510181137129598869996497470029340699
frobenius.x_to_p.coefficients[278]=87165436211750351330973776096767313491661334098663512125297812361544084024824324373693712960696610807029027314117469443292971
frobenius.x_to_p.coefficients[279]=14452462852151764245114592981517274048623821689650628628093051269197498493049425213073530682715684414151973175359615729734592
frobenius.x_to_p.coefficients[280]=59545273729467645904021915298352270005944789819115553666144242222972931855210675864025045658235578916123644540727497382398163
frobenius.rhs_to_half.degree=280
frobenius.rhs_to_half.coefficients.size=281
frobenius.rhs_to_half.coefficients[0]=23413167503633504336064352515815150929389883206046988566380380879222918403591903804669502571265379107639583868772370669330266
frobenius.rhs_to_half.coefficients[1]=13657309889458463342542785299963452193092195421764890817077537141432532483679146819833741697702152059319068595027656620996579
frobenius.rhs_to_half.coefficients[2]=82276688637831578986367936595082987319466654279613733397741465168555369357421647878827670770677578787072980894487440251698348
frobenius.rhs_to_half.coefficients[3]=71889804409612519885262022189060194850012639789896414918580680570620857773140508519190321783400788948174786640723985640284886
frobenius.rhs_to_half.coefficients[4]=18109994057744084786742919712047630876387488803306207727557330983861617638093388535905874015328884948414199294324458318347352
frobenius.rhs_to_half.coefficients[5]=10863100813447036430166651291708292866332523296638300642607428430277992397567026426980605462967132596490507755934249186146545
frobenius.rhs_to_half.coefficients[6]=69272806436275932470895875467213065279182405422537040618763680447855881520429573319808766976443715335275497806216130991822100
frobenius.rhs_to_half.coefficients[7]=40735697411646835683093193411701650482171754702171746535636792845524925830875120181857438270144747734944685292388005175109603
frobenius.rhs_to_half.coefficients[8]=19702129944004982790656279738637824738576765769003070945530483049030190224632379548768154027738246587545298377877091308855610
frobenius.rhs_to_half.coefficients[9]=26251961496226698392106517773837333513381451087043504818768367515740888268831485546328573934605822384053779121851038902696956
frobenius.rhs_to_half.coefficients[10]=62720442526248948555974277772033752039167607408676810208410612611799456866056673764032107199128621131021095361939872400009923
frobenius.rhs_to_half.coefficients[11]=55252834826977122418365821589019706993187684344654070935173308935403235780276153123552614588929966215335891586469684982209447
frobenius.rhs_to_half.coefficients[12]=58614304798459285792881606486521352055516248590034826979701341039805384122333123320427638086778308907747049280712427559274432
frobenius.rhs_to_half.coefficients[13]=8485970958246618182891537837659253988539382737965175219338638828355593850306762715381942470259601818890217603864253959378108
frobenius.rhs_to_half.coefficients[14]=28775840454266627374883915703488833146800664964625732076775796811688951500774766621923078823288190494079934223348250353226757
frobenius.rhs_to_half.coefficients[15]=52424634679364180085519396451383891299857853263527961113932936581684883878426477102914361097913374668685634546597618049722626
frobenius.rhs_to_half.coefficients[16]=74857593629409820970340899455848699272436646464161450403854357673860137378345722333439779726828187740365285780480320509091866
frobenius.rhs_to_half.coefficients[17]=17864194429024013703743141360218937927728626644843239799213441569380993637882782157721436086092895162504414012145392837668042
frobenius.rhs_to_half.coefficients[18]=16333199888915806040681820253196580496115680996178422255495049725689631358621114883581155713278201093786159503239422220874438
frobenius.rhs_to_half.coefficients[19]=49614128365678920306147478122659979095585191872591535082939978313983866316870893167289212020380316193127298391368816315435810
frobenius.rhs_to_half.coefficients[20]=57173206019555436529439040110757364477406624173267835436434324752714030672770003619275408207305268254591516364878908250206891
frobenius.rhs_to_half.coefficients[21]=93806832543610346404480411365824081833380429324353660465230892862301611614349898399373800597876729214859682872416338752820101
frobenius.rhs_to_half.coefficients[22]=26615340314711396466225446097377493965788183183476256423578084069673323977183552015302955976900580302855153261980857518059918
frobenius.rhs_to_half.coefficients[23]=81404556825082256681767461455771441618634471153656802505868936896277376721210501619322032580491437619130103430945974776941850
frobenius.rhs_to_half.coefficients[24]=44357358639439389233736894131899482579589927574340888437709361580483334980737568605514558271821574530904823107475999669101384
frobenius.rhs_to_half.coefficients[25]=10428535804064446574104854298167902205181191702950350304217752861817312364751890621978705860969761955660892410708039344895778
frobenius.rhs_to_half.coefficients[26]=55414591038430498963547381027508796182735039012100092252125989632752727023148966787504264390507712724241065267742563186988646
frobenius.rhs_to_half.coefficients[27]=58028105895487969788268538087083389201801563814539419510731750993599785250206956477402421577393060511953376592643427200095593
frobenius.rhs_to_half.coefficients[28]=5673676347090908913080732702288429012264103537149803311939679699570242699461747619272935020516339611850710113615968613645449
frobenius.rhs_to_half.coefficients[29]=96865927358604848323740572020995852939033305549931310521137640638521838259311101966246748767968173698256905061833481267977591
frobenius.rhs_to_half.coefficients[30]=4317967418021014516580391691248825280809826471147973757872427691991860890900689626012817294938757396871994402888324399065493
frobenius.rhs_to_half.coefficients[31]=1056481088514227941342427826339123129718666503018276328778590242024308171572704703942290926451951528920955660128502031540092
frobenius.rhs_to_half.coefficients[32]=87311551232111241649183251907321473286903483384070983253682238355570434594327070010810640494424922104314488034816321589521491
frobenius.rhs_to_half.coefficients[33]=34854856293979929685188592466192846745859540603424117248734418775150542580160119973112349907260558546165987427024436699264885
frobenius.rhs_to_half.coefficients[34]=97277972169597158722206922111978743574855859750686476986062604116845004516127101942644036974729646457920645826891909445910696
frobenius.rhs_to_half.coefficients[35]=71087554845186527955175359448012013300228045199757363440515465770455324021507752580786292634034520501150693518235028021014460
frobenius.rhs_to_half.coefficients[36]=22939976160542302746040975487561468007363977560580993061948147852391126906990996647062174996330081504390056910365808815593508
frobenius.rhs_to_half.coefficients[37]=92172389646389635694113383515819393165562775230731494900646017316119681662677379581409970397294609978381262890572341699412969
frobenius.rhs_to_half.coefficients[38]=41571692560616896085104308051054314891586765735725109490262933728694561632024869050381054722788354158264410117331863365900456
frobenius.rhs_to_half.coefficients[39]=24418970286987016672735211691910237819767184316491420692015307445318391697127534598879185008978207128333149765045180464833778
frobenius.rhs_to_half.coefficients[40]=60230382020675125212632901282368046146016488828868484499573044066933709959174216223856220760757586345646413309998254746041389
frobenius.rhs_to_half.coefficients[41]=12121755211882887353729515985210690299221458601311214954596829880936124766863259995799319269045616769851997355469398493022496
frobenius.rhs_to_half.coefficients[42]=63842380848357037956607219732638715237000867783767160909589554106671685969809839873227639755135400062463533024811763504711274
frobenius.rhs_to_half.coefficients[43]=74163084722015350934424770302513460762319986634541661729794824551244150013345226767659093138658970461618586412226891614630076
frobenius.rhs_to_half.coefficients[44]=54658536838173872709862080499040822208452849227887515750916172762617224533505420987594839204301325842871425667081860632640272
frobenius.rhs_to_half.coefficients[45]=60489600826246123498515753451722346587824061784474930313021475999354859425783467696615172921196560547428460341533036772187226
frobenius.rhs_to_half.coefficients[46]=2305852028985659703342873501689112646978299718613256241942955539033943566608917568611510975504244207519988485343795734765717
frobenius.rhs_to_half.coefficients[47]=78125615301832193368121678862950734852516820430353484934375484691575986365463894412580134770529067848529652352385574830495506
frobenius.rhs_to_half.coefficients[48]=67989120762059944190176366788803617826451508225568776149805392711280575855684353870868430396317909703680376840611330723215490
frobenius.rhs_to_half.coefficients[49]=30828099701843121676084476658965068780113109512663455956634217389158948858480856855509735259972337151591267004562796659414734
frobenius.rhs_to_half.coefficients[50]=4385907551170724499576592102653114166127087995904073567161068008376987921457507018905410902073034679433313343028619857023004
frobenius.rhs_to_half.coefficients[51]=34167068768267802956910526208048568026752728246949779052357722706974760352079531626065615580672117625398132731210975851646805
frobenius.rhs_to_half.coefficients[52]=65259304123756614699090484251821544377527600053609568835686400732334063121679256772948531968728608963258730782448084144116464
frobenius.rhs_to_half.coefficients[53]=32066371221756937670218390667507095914313815167573144024417027894801934261757840795646444453814018019892241698112771745135501
frobenius.rhs_to_half.coefficients[54]=76341329713837608709953892975097024826637219502226936812156948009855321295088913990372633302323785584140777533138353079570630
frobenius.rhs_to_half.coefficients[55]=85241872487391188908206144942865895488675279917593507039290774515959851868124729199626543085208589976150525866119529361650560
frobenius.rhs_to_half.coefficients[56]=2243100001960896365906104373525487715443000967145334252293930594023008611214442740027750790273260054908608762689388910666954
frobenius.rhs_to_half.coefficients[57]=44864026742082806317971018793916697723471200659589584647113023233868007960714957062292622068113172880626978615661817408076475
frobenius.rhs_to_half.coefficients[58]=72430306648823211874316652603765994702147673316060129905744463853015640641900943376824411375172608381687206269952263407545014
frobenius.rhs_to_half.coefficients[59]=78635966578938517151682909275407751277081183190923442966410624288907482051458985453331363103641360218479933667173535603974147
frobenius.rhs_to_half.coefficients[60]=7870523637126914713984124662224428491141958794068521136900277265754616222744939855775412984264657221716717202320030868694368
frobenius.rhs_to_half.coefficients[61]=95406088689468988911213554817670033872501884528380008517877193342415036209422435625338795440514062719850760856004930462838815
frobenius.rhs_to_half.coefficients[62]=29171812835384698938847748859916839729164415237567053498643836369953728258306605224731838853401940741575210063653921114572839
frobenius.rhs_to_half.coefficients[63]=23728204610830493316483409582143706026169924622527400979374287539940557487799188723111079219370971904310211557799555452495557
frobenius.rhs_to_half.coefficients[64]=27413771283977823241118676281666683237934428068685515506105256567525691508119998959391884940541851978538591199002783717437136
frobenius.rhs_to_half.coefficients[65]=67510514253768882559617288987322839284025990755750741699468766883452063818338649221516449473844396177089521601395029609891808
frobenius.rhs_to_half.coefficients[66]=18666389819326023205933981249256377581668286128080585144654733538892778570358230659221980804232331152718546080966451517005570
frobenius.rhs_to_half.coefficients[67]=24394681398356506237179364009920717076769428927029252183315791117257076272731320702739641356698449264699710045558381814319481
frobenius.rhs_to_half.coefficients[68]=71569568656397141064715557941012243637187796920951380598140876245870930384861847913020656684250700275576632065128906774121087
frobenius.rhs_to_half.coefficients[69]=14290171059681469284125652871711870619679043078303992456362059278483651216647582835404770493458289685294525995771279754021821
frobenius.rhs_to_half.coefficients[70]=76689423993713547076783521072225454422116050065801640850113210007825914829525995500192360734413382585130186924542162623534702
frobenius.rhs_to_half.coefficients[71]=72479397970370564109523039309859935591066650155163943769889278172513821826442080125452355860833832522144925295358884665527130
frobenius.rhs_to_half.coefficients[72]=48151471647751771309045598650576216528619076579057246673148538011740209238524889221444725263084872309299455009978021370011568
frobenius.rhs_to_half.coefficients[73]=41363890784551999073594339092112333599985191126916118378752881283849388189446165707733753291816355244164644760013925168565756
frobenius.rhs_to_half.coefficients[74]=45999504206093627763800243663610683690563554122127331943418939381478449145453427033141787884728755014055090379804849398842047
frobenius.rhs_to_half.coefficients[75]=18635853498065450226287332354215774897364860977985581355299611647765777924203068971308371254241512209858138696687515063565804
frobenius.rhs_to_half.coefficients[76]=66503793793855805691070116525003867715142799274576483237640022424944758204270264927944739068035046868073494137690512498051283
frobenius.rhs_to_half.coefficients[77]=54271455968008841125872231878871231966611141337017718431768065879274178989446894644953464683972693414347140672051236630559387
frobenius.rhs_to_half.coefficients[78]=42633036943069078829184744759062183719424027718990856598348815529806137002223799210343201868214525089868582891100487799429089
frobenius.rhs_to_half.coefficients[79]=14998607564025929249923563006934692322581921179180258235817099395813159448601771161027299845561306095679329686483110866789642
frobenius.rhs_to_half.coefficients[80]=5247596913503548417898726515772949015847241954865068093994664235718637242478590283497735313447865666861412383407117477880537
frobenius.rhs_to_half.coefficients[81]=50304327007558302141432372621377308886564836977324176651594274832028634803490105309567893955671405367430310700152578596499200
frobenius.rhs_to_half.coefficients[82]=53708710194818521616432880062947947778152514522144357662245349641087599417457845252813078458071622013280353398990787295665133
frobenius.rhs_to_half.coefficients[83]=57248306838081919994482626862561351013413237808686062265073502375066222185491502878222096158106179371187171448207056570904540
frobenius.rhs_to_half.coefficients[84]=61326518586684638162015468419537492006447996547539972955681720898106184066661844299752573496227044983356861431226797625239514
frobenius.rhs_to_half.coefficients[85]=60142959677643888355874469036695312989053969692375274220831369388944526957010773543912529948760006594054362610036292268104434
frobenius.rhs_to_half.coefficients[86]=61778918288636522777682449397047628582610808045013074527393339824616437893444210405745389526507672243157035627214115942584498
frobenius.rhs_to_half.coefficients[87]=67483070775420216681697221795005802456627291859749286053193562860808101663450354874423540282027377653541146924220165660843176
frobenius.rhs_to_half.coefficients[88]=16837739446176947819193008743258378285743635107743086276914690464991870997097322310942141269269664237762436156079428752511657
frobenius.rhs_to_half.coefficients[89]=27634483405124864097421698621692562816284945399540237188971382558082486563737012106448559521423530331752911783731391054394145
frobenius.rhs_to_half.coefficients[90]=60159648438682752208059616440567923112410660859690579140058454904154004436582153964451042445995178077344207631514326523285801
frobenius.rhs_to_half.coefficients[91]=39153497504866368447668038203844264461648330158791695251647155163303313700917105398424605798192457015340973893863188848230098
frobenius.rhs_to_half.coefficients[92]=1284923540157339586967287254008394033167426456257892956603114664713375467510233626703395561548445500403940314905499576711698
frobenius.rhs_to_half.coefficients[93]=41865727308277944600281840237013112075103623796386672372533302489649824708981393166145829232758790654980574530965695874497846
frobenius.rhs_to_half.coefficients[94]=93563507218378596149126291276011519337272860885996254133258829067639437032425747441393007999538576195535539801365190307000407
frobenius.rhs_to_half.coefficients[95]=52972835685009969727789569704280624624385883853001760330859324008076176525339281657302816069872309187393302001572712701120061
frobenius.rhs_to_half.coefficients[96]=60994400632785250239755185648464260039726412353905342771380189058268427635919565427911386139007400434542045791393398978442902
frobenius.rhs_to_half.coefficients[97]=55285825706290782839575822575698328371085862443794178069436997432748072197649458727348080766366545011014733447783069259697035
frobenius.rhs_to_half.coefficients[98]=71996935833704357427630877212792293052005279410721124945359528535980158335338251340754203968693317249056615872611701033833038
frobenius.rhs_to_half.coefficients[99]=32686318836891855972594132238288276578992120441015678273712303630799353960752070033276573389665727127341110143168810626673597
frobenius.rhs_to_half.coefficients[100]=66058845909697293341316343844296499625503268909038464958869418396052884771619465683821457761815211193451001524083312979078254
frobenius.rhs_to_half.coefficients[101]=48097461401716545718717719925598292733374404180291075122015743816753254272508861270913296507144295192193842986744756434287003
frobenius.rhs_to_half.coefficients[102]=95041182013511523560556531548711975636329276825946846690580143681371888339298623584947166377326994632963653066967725878989845
frobenius.rhs_to_half.coefficients[103]=15905500933840876144328210563623338806859281563868624770426131225488224060837268558581246084267303245051626087255767791428645
frobenius.rhs_to_half.coefficients[104]=32875788375315718841452358259059605538002213455019140463914772267783886184376191338747750431372602653757862031156536596011548
frobenius.rhs_to_half.coefficients[105]=32005992939472747206359046768038686390875323046218291027271423427518748222128032072403753872469533819994574756136418220042464
frobenius.rhs_to_half.coefficients[106]=90366482511970121849736515506738576314022999629395618690621772432451590776791071877895241015623571807452048932354738377168871
frobenius.rhs_to_half.coefficients[107]=9418034184782051100542911341957017051004700519361620703838336240680914610002525993375336731028091502190546498988506750734009
frobenius.rhs_to_half.coefficients[108]=27773096132360825172838898869353629866557392612938511278744722565765478667336844911688161829255499560883379807607060950306474
frobenius.rhs_to_half.coefficients[109]=10080789170781547978634409540692829420253626082243010802896164025140150501427326242339226260975974823599213672530272276283715
frobenius.rhs_to_half.coefficients[110]=9278101164067655380358391915471430649399972094134656279114808530292751374295873504888549365341325328988641498034973253509809
frobenius.rhs_to_half.coefficients[111]=9031119361897749717104147719811300460673481280860939169796449504253359300990152220414496787896596558618751014148248741176598
frobenius.rhs_to_half.coefficients[112]=55658747748753068773703768207098588436831534891249888831274689120580866337980727725565994647472591795394554507439590137940028
frobenius.rhs_to_half.coefficients[113]=19156917373505586116474920238706974296980745995560574460069475524947319825562251031288265039321206302054838374391823478378263
frobenius.rhs_to_half.coefficients[114]=57892407337584643046224582927927694207594128169764348435196431845418830761729639915510896056594198059881863176933080217020103
frobenius.rhs_to_half.coefficients[115]=95714133103233972031783115990248581920242427681631159815435124353888709510030060043325406683159238181022513220919831373425986
frobenius.rhs_to_half.coefficients[116]=20714911897921308796823495220254060706271740509813144796099676386932224643424847133300704197219538515395037537024583342514161
frobenius.rhs_to_half.coefficients[117]=72303043655163594928733711104085772164364315271920428253829220809892089668177216041611382614444125026084029416870717773167312
frobenius.rhs_to_half.coefficients[118]=93559626499505905152997665013226382073270201870519003685573429349520201423519983321989939266767426372541488022277542915652327
frobenius.rhs_to_half.coefficients[119]=92863910644100888299632354730908949722349761678838655645520144912980340395033014557582079231295277164459214984079935194069774
frobenius.rhs_to_half.coefficients[120]=14440844237133257793426172912628362818226542776104027545082495471162960217762689454174320344119545065201235965051626648196971
frobenius.rhs_to_half.coefficients[121]=85032805831548921422596686345677928281596144345120043753454453276949835629712627900625429323457205736697150509057598186605822
frobenius.rhs_to_half.coefficients[122]=69926841234365687035745610198949233819467967760751383789261110960957981280331423794933489961460840180571310999208292676699087
frobenius.rhs_to_half.coefficients[123]=10109320260055243815200164121302353868883400207788650381277865073683650191024466582200325424053380920399456158383304725381835
frobenius.rhs_to_half.coefficients[124]=36726301165516169172695467136289774318523064509534610849650190804054292390389526944943269881948688478870292264773600377177932
frobenius.rhs_to_half.coefficients[125]=21229614631608456679715904643166317800136792445300411260502720745902826474636013551864329370740211239220446919710607811003215
frobenius.rhs_to_half.coefficients[126]=70588343145871738365674726119632014064417309720440633329833251842788133239638967062775427997919508110864365761588555246475943
frobenius.rhs_to_half.coefficients[127]=95298671420287454257137206455061097359648586744335012634744291440900758507754116855587039349301094802414870591771649470852742
frobenius.rhs_to_half.coefficients[128]=33845872417798779487873313482117162903800457254432066617239859030291305819647444000040881443015965893497479821471109904227950
frobenius.rhs_to_half.coefficients[129]=4976531993167750008097078821581858112060863297683187513026712750667648713393524791421893146410678393165284303671124610270154
frobenius.rhs_to_half.coefficients[130]=79058891341466405997817287728244334276055883698920441590780419314182708596111562938390900812740516645447096463641069659921044
frobenius.rhs_to_half.coefficients[131]=68376694770668419075285480836293621849207152514712339306961221371556041649412139012209597200040322573695667703129416339140063
frobenius.rhs_to_half.coefficients[132]=60468827141146258334348047921625721514342645976180736906803343178883240432908567595440387621433997031439068318886344346315608
frobenius.rhs_to_half.coefficients[133]=99506458185777104797260916172246378342281802699399450868290617875498806575559607729591455673458537808478865182736408608638017
frobenius.rhs_to_half.coefficients[134]=60082437987251490133036260415280770477752621519060608662545984289343024874548467628793149387887819883466474803285990169131574
frobenius.rhs_to_half.coefficients[135]=99996723361327205590479048358265595116368768816705513870855285251648525103187067109269327688896742110489339039166589754494000
frobenius.rhs_to_half.coefficients[136]=61769596075211594022196940619276023919257678493345127854562743126967637984260880300121497602367399972799480817998967568131622
frobenius.rhs_to_half.coefficients[137]=83448180446382369857692935556172257967458115224306861800567140895558579545743708077063612312493782987027800488870647318863210
frobenius.rhs_to_half.coefficients[138]=90383015191383659201307798124757334132684273123435746425256572714638466260742635593952446049553071647780211555249316220310721
frobenius.rhs_to_half.coefficients[139]=24873126307017655447990964864889160665784565200682152203703134976811329769564453798955868492602017112034840297445033689242084
frobenius.rhs_to_half.coefficients[140]=98621134117410324807980109941636715223352720732952152563726076616701251666415628190598291819947256313092675904085249717089695
frobenius.rhs_to_half.coefficients[141]=89056971885836339683938565318724252916102893965417611407851214929943348646799981390931705434218235142310875846745645061562176
frobenius.rhs_to_half.coefficients[142]=43280146058148240119401920232301553472884619114696635567272142029800931908302529464498925721328576769882650106939213486625444
frobenius.rhs_to_half.coefficients[143]=95218154291524948127644149347711886930347816751238382519530098321839624354957158527484331976551041989507139648498903315503484
frobenius.rhs_to_half.coefficients[144]=20776744474356909389234522635347003597448204383014704875045580787832320226193536574909319893210820613224552374742690965072441
frobenius.rhs_to_half.coefficients[145]=81311765207747362251109996228110917387521822053094920236753169391060947309583263631584036416489432266564283812370077806704179
frobenius.rhs_to_half.coefficients[146]=75073156789016420103805715955653425446898935937891165327444924935117042374529381408343147807605512598982430888468227973231750
frobenius.rhs_to_half.coefficients[147]=13521620197998801772427753292519662955960851804929463371009113559781179025834192618852965676119424974093903311554729445293447
frobenius.rhs_to_half.coefficients[148]=13984618481154162114469066386405968822526011729786900512980066021105569997486114843026280961480743002143486532979995413651619
frobenius.rhs_to_half.coefficients[149]=64219406346996807340335970726106148143430251354191244598239127991034258994373706236565945885410667051870236046617825445061189
frobenius.rhs_to_half.coefficients[150]=68559110508356883914486799267795097990107659960838550921485003944412427752876498563675004030342260276138199371659395172343675
frobenius.rhs_to_half.coefficients[151]=11033566259074889084298373765468800786544957981182207417058782512556407266989067973013939189657294159997681736256320250410384
frobenius.rhs_to_half.coefficients[152]=39033470142081093964236616769281384693318533056025009380598736895355021010827514229616797656266626315512528901046943939057150
frobenius.rhs_to_half.coefficients[153]=42557106980699740151180836536622085957100617493323199318682631421239044267470438525541976377691471069333255106650194193978395
frobenius.rhs_to_half.coefficients[154]=41532487112409215241660791056293697252550796971724621378271979580675732790757692414729648913337989886832833245868550696651851
frobenius.rhs_to_half.coefficients[155]=44135099594579694714583225771735959525696363469800578276093545576627502492069195557940751735898829253775930420803430959229155
frobenius.rhs_to_half.coefficients[156]=13428557783785528066084560850060877356627427310202011131805608305881633639352518051365277761507428410314025806963456453799215
frobenius.rhs_to_half.coefficients[157]=22605747620257209301155480111713292557949234312099395672012104753151864601288281880833885769510559826967271034542298283675437
frobenius.rhs_to_half.coefficients[158]=66134317051804737755607672470141179203467172053558575061377256063961244865557532326652099980659854809190737006843598633727295
frobenius.rhs_to_half.coefficients[159]=2325414868161132619079478118361678116247473064535821723802933124506696236111291883825262039693893413034971631038493239196966
frobenius.rhs_to_half.coefficients[160]=33108041652856577577607175346759912298623347924308893813604067573684101327351328692502265682093036400732401310966210110661109
frobenius.rhs_to_half.coefficients[161]=319225741654272687734598530537551441917665831927965676912127927654588304150609993582441230191996170979452748441200720987741
frobenius.rhs_to_half.coefficients[162]=61592612474150055450075447579906974709406216691566798644714253926818210400423664291098905634206452672309388320726795770487170
frobenius.rhs_to_half.coefficients[163]=13844952743646781938972280135089471383449475503876579540114110282772339185331553924653898253556618070689850500308315374973242
frobenius.rhs_to_half.coefficients[164]=31276154513372422936439157719993394025301680096040885932327097369072888236789696195421493039890675623854484337236647593255270
frobenius.rhs_to_half.coefficients[165]=92617116238590739328538981046576041782866444625088088455872690812501293716887898097391692636145404690875212862299324385961343
frobenius.rhs_to_half.coefficients[166]=77604996864965212931715970551749846176401322347580942576393094863746419330326847252641174028152030285413136788764062693693678
frobenius.rhs_to_half.coefficients[167]=45868750516711771526008972872891265745089322141909439634338411377651619256892909158337737991644324263372772373508642076842548
frobenius.rhs_to_half.coefficients[168]=16802758564686119597862348015052303639600209709022537648533204390021171486438648575818469781135631196714072156463734638306656
frobenius.rhs_to_half.coefficients[169]=72955037561153681135204729349562059212748052824669541121291444588037411006515780758980826723204661537674721725808415551176154
frobenius.rhs_to_half.coefficients[170]=22936435754051758983306634265041155820738602699144603869647116983528113965028886318108469689309426000352418446057555008029442
frobenius.rhs_to_half.coefficients[171]=23658055334587455078778234584645165343764028962305107833151108704328069078276503609957056580528707862800181451046866772322328
frobenius.rhs_to_half.coefficients[172]=96916590558543660626112241595715072491784162641652654753428369347453179456797641119626359186541818579567015109337220517728219
frobenius.rhs_to_half.coefficients[173]=55625560059049566678072039012208979740797068145759055720799698040705454138403093961330492173691219642017878717051709835783149
frobenius.rhs_to_half.coefficients[174]=74365590218444607756237110737201238298183341408797445492993912717124434275184612236776891542422773809819064651715445152022280
frobenius.rhs_to_half.coefficients[175]=49304110288354453399031420823376036086885595374315501573648911954549748131837175550159946638848227331197222298991565206763805
frobenius.rhs_to_half.coefficients[176]=28835767366763573681627163564170176671351965538579579241666813439384962064666103468024240818255892978044834496526117183410334
frobenius.rhs_to_half.coefficients[177]=47037337516817712319492893877435453421653244498034929805549109191560483579903429513184229254053819331670257325205063508518731
frobenius.rhs_to_half.coefficients[178]=28283541759105401147201038423599746255607298200369471784480895410138060907338160420777714214375146459620840770868851438723532
frobenius.rhs_to_half.coefficients[179]=89007373913061465726146984626613661147140260261254706565545164036342475635174624837479574724528079158100711943830061554994729
frobenius.rhs_to_half.coefficients[180]=60660746189898857547721533992082905674342164038823180313988070178926928010543122042255489814848458598436294081433640222639643
frobenius.rhs_to_half.coefficients[181]=69392570766527751096573604349883504545048097243867541541140106982656974169544730602993751159631925237864250967302493944686769
frobenius.rhs_to_half.coefficients[182]=1877284894440715237624693445792424492170915308940849645766467140531327683651381154989534227671981168007478014122835019590196
frobenius.rhs_to_half.coefficients[183]=31382873187662372002164051574650407767963850023954785998133917285275627030333051534136540318960385928799130348905825536855941
frobenius.rhs_to_half.coefficients[184]=76481239253136214732049529949009174773944238301758823952208862701561033608716720634816827981086779931755407040838384705278250
frobenius.rhs_to_half.coefficients[185]=87596283095136058062852110699270310604215866952368579848832201498248458256446188322659065590218751101988886981395486213711296
frobenius.rhs_to_half.coefficients[186]=63875523310110137615957369661989984345787527020087438525078784316807959154799575632660150306227827270717013300236682009305158
frobenius.rhs_to_half.coefficients[187]=94176465862806420788074397780985136358504283185013040011505143962758214472321939091397028665029415750153194984636289012263271
frobenius.rhs_to_half.coefficients[188]=83449956853462911296148278988358405002030051190855061600708146275532486549687840436900234484127498283713351028237832496174531
frobenius.rhs_to_half.coefficients[189]=11697090970416521281341307671564373484253566099216026298913771819411102610017253246037102786481433437778777305232764925573020
frobenius.rhs_to_half.coefficients[190]=60860152491863506826129326953575520797428051551556857692733158118400499510632639303969613710463498066578465899408679896177630
frobenius.rhs_to_half.coefficients[191]=94382839307681365858408141710023369698220908638385347512919831608424898698969888589357802831814821422679152238419553051814835
frobenius.rhs_to_half.coefficients[192]=81589636661460070796771252884987144677883082439014687928166955511341238421450505474489022440170774425687322449088002663465701
frobenius.rhs_to_half.coefficients[193]=23334083648014444023558505009203988406113835585644640860010052745670598223407226398626951678466181210160896117549219424430833
frobenius.rhs_to_half.coefficients[194]=5996741421679727200312475700253784399552638873299517760649835704251873265400404822754157919031934288692337382193113970833095
frobenius.rhs_to_half.coefficients[195]=19431547257725797231149208456030252707395968135320243361926023352964369723861663625707137965384463615877659077364712352374596
frobenius.rhs_to_half.coefficients[196]=90153311218802000401479731929069794759221121720739616432728465402153971116966875035685886124984001960293682842667737999215105
frobenius.rhs_to_half.coefficients[197]=73970557460135693182104210596559124791733105140500266097574908278259665645591008394619047924337639847971586732050082053926810
frobenius.rhs_to_half.coefficients[198]=77864938451357267170481432989570097154371009485157463475407412093560079444292422979149645261239201228141426491062051762691255
frobenius.rhs_to_half.coefficients[199]=59523319284889735998270251663291189910567363714720904113708246204156330889890350051883844302044856051725872867138075262794383
frobenius.rhs_to_half.coefficients[200]=2987436712467241127413948433738475008874053333302335472187628875561237054314126036494834746454565986696062689592329698084681
frobenius.rhs_to_half.coefficients[201]=91020953519597034757883785470416844207362344929474432569138862252694755260607342203389493284643038160689937839961521165679226
frobenius.rhs_to_half.coefficients[202]=46794162752634202780342158001137818403767128328119550385297491478272369773218497511860420526228892650938748559423557363339141
frobenius.rhs_to_half.coefficients[203]=48964190471843604478710272225654412323058193268392112182747918937430222745224061827853044541483720796521654977624955233595284
frobenius.rhs_to_half.coefficients[204]=54519039329591731459963119814994198987039499207671600619434759937599148573150749698489998560890812920606602682398019578921428
frobenius.rhs_to_half.coefficients[205]=93336303504643912525122086367971198522497535185693673737327922260215063202906872102193095411308185113229829068772880655762299
frobenius.rhs_to_half.coefficients[206]=93432609379274951325455363631348665394034677395776302142640972662223099856663910742247405095070200846208578872775809103585375
frobenius.rhs_to_half.coefficients[207]=37295277522140432385819985023425243620972071541654938737053429242978885287537717698139547642591599377799164228499066540646152
frobenius.rhs_to_half.coefficients[208]=1323675098306204525730303000432429238703590144643886371220358757252137243187961120542412166623513694176051833844173627406378
frobenius.rhs_to_half.coefficients[209]=49264663202067334350441062145563548301256495681723571945872006623732887133648159146418678541836549099794138441643747064125581
frobenius.rhs_to_half.coefficients[210]=3990709547615467482554797983151755051675686249840792980683253318705184253289402443208455953490937485079456550510096462027358
frobenius.rhs_to_half.coefficients[211]=17138782687442534569403768099801795711552405821640604043079063488013540602893733162380573019632409989546762498943845400183541
frobenius.rhs_to_half.coefficients[212]=54294557193521469032807051078057030335482882647796952573806155089831845142143849852056712401568800747905519888773430427551050
frobenius.rhs_to_half.coefficients[213]=68069404607745920729911925920780659927613273118472362498166428100095219844858588870571797922742522246884611960375219134997211
frobenius.rhs_to_half.coefficients[214]=77862051944215077799290688142505185945677503846627821472805913624667406786975605773831521235946911308356997164145309045773764
frobenius.rhs_to_half.coefficients[215]=19170024989761869790522167672504427754717178767240499596849652309806811393877584008779151928322834250685925727400854792884621
frobenius.rhs_to_half.coefficients[216]=70450318863832286076230540070769788269432018313706773624783031977453309036135895915003863828855029744435992345293724467787638
frobenius.rhs_to_half.coefficients[217]=24840004617777776258834734295695170478071780773667668972113199193710677772296209085336228379836320532419634438305205427177715
frobenius.rhs_to_half.coefficients[218]=65839364248387341634300544984387051048460755750834088203913024068567779854769656185034800061091176944324011813273473396856848
frobenius.rhs_to_half.coefficients[219]=97277530906956709916106765322525405261545775836040715434220655697133079845169454790828501103831366673072755876544466999890495
frobenius.rhs_to_half.coefficients[220]=66475811137005072759486161530166985691612512415424738005401419061675191442433778450243574355881455381910835881378305908620768
frobenius.rhs_to_half.coefficients[221]=14395138312146720975655683876495761539498945738686903045863637587843087821813724556604079643815586773118093421148427451059788
frobenius.rhs_to_half.coefficients[222]=22481744313695124551568765827402991084135830891573334493604431693733745592654782677018533134887459773961419352698113636698273
frobenius.rhs_to_half.coefficients[223]=46426523648763360940663528509587959398048710409068842302191485239223711122720322882655679396268380788252442996513528011376137
frobenius.rhs_to_half.coefficients[224]=49410658015232805972520486164321473761954429944798088678256595095221004490997714049797558458919305188678039276547728719322686
frobenius.rhs_to_half.coefficients[225]=15893432738969739213448152773446942615063497800079303731386168722287116637866278228613446601647269163569015992922050614637003
frobenius.rhs_to_half.coefficients[226]=54145266596270085378394919494873970177795616823593593179302427057951791398319307049084570802805082208485335375970189331272609
frobenius.rhs_to_half.coefficients[227]=3460214102085795745060070664458411508322710793575910388110332408223992494954262035172816515003869216476664769477128951706360
frobenius.rhs_to_half.coefficients[228]=3534291318676773473126843967813503562462426923903527328881847605270095500271007253788098978596752483095579883507915905414990
frobenius.rhs_to_half.coefficients[229]=25067628817431950878043148290362436708266789196228039523560526847154118807594108849423281009616112744725921292553720900925917
frobenius.rhs_to_half.coefficients[230]=11385185425138904789383203362121022513144011669713817171665634378212660628640112011617951018826298460692088631026472275445564
frobenius.rhs_to_half.coefficients[231]=36377846664507812843783352123809355347774677903710748111941411344532962324897471361540588114841953091386120436130276816853548
frobenius.rhs_to_half.coefficients[232]=17849147386105734040779420398514347574192871097249215584521502545253551312569909814615105268850070942618334504021812979955545
frobenius.rhs_to_half.coefficients[233]=43580764204550345922122105997592504706689827453298259737615896112773813127126197427869913482360315927199093991781662174630252
frobenius.rhs_to_half.coefficients[234]=61911098089934747306965118154924177095934321048255403695665540854595429361604049511309504605777507724624047371961027146312424
frobenius.rhs_to_half.coefficients[235]=36876299929360485108321707077145341611400082104072353581820378878877357486302093998354788739490028483997224118931720989163340
frobenius.rhs_to_half.coefficients[236]=51868344292578775679699895004383688993373848610327556418177972904343293645361478407741844244176443393701293747451781796910115
frobenius.rhs_to_half.coefficients[237]=92970866984942766464153000036791699416411510601771412781022559124775021055460629139980114877448982422294843970901309466653150
frobenius.rhs_to_half.coefficients[238]=44539764234636676460549835665131876274894534110143536578614712935825103337828296896197216480534471338847336781408793385221688
frobenius.rhs_to_half.coefficients[239]=90165934259634523025100715885702007622321780497861721267405775005801086534440086440517995007246871227681892959413148403308647
frobenius.rhs_to_half.coefficients[240]=722696435553795931969302060602343784464941575800415979275195735714577511796650702511781955299210263199287567595631860074907
frobenius.rhs_to_half.coefficients[241]=33206454406309262416811142200113083275722138680517651820715679030530474083164304048701627319939500244160788383732633504148489
frobenius.rhs_to_half.coefficients[242]=15854507771492155862465577247233147521045744571387600693757667767066446339616655962059600084193800290824523421475292630158548
frobenius.rhs_to_half.coefficients[243]=21453809377765023869424875757103506461554722188220174364977018792096727989886796976941766952590880141545514247416276439534918
frobenius.rhs_to_half.coefficients[244]=76022218784194636103661416137761633618903997711978535554683495844494313378912932711572298234586614459462111926683672245805322
frobenius.rhs_to_half.coefficients[245]=50740310221202522706197352600143728620703882095814056454988201772425730207159363945644745819262311668756908408491233999298317
frobenius.rhs_to_half.coefficients[246]=40432201973667202688868410301122905499642230877827864311805679886263558575558309815580647492336387393804415276000104748640004
frobenius.rhs_to_half.coefficients[247]=58516425885488756977404168341646139291876875165488476458370932716630841097483664882246423372368130201499799099523821310574202
frobenius.rhs_to_half.coefficients[248]=91056370873627037767346321798394184832615429830897352924975550386332807620510230409130293464064977438451838681992076315763175
frobenius.rhs_to_half.coefficients[249]=11800723539530770791803743435207572105657371485338749347825584989697992330786584220341293189853772052903233368255792562097038
frobenius.rhs_to_half.coefficients[250]=52900703815370625795580124165438138556211582137749800350508246578096513327507858271290135984825459119401684801814027617253111
frobenius.rhs_to_half.coefficients[251]=82879811849330214631406736155477907689396625863578512214800096999753005771310068564908133598000542789575266589377980937206751
frobenius.rhs_to_half.coefficients[252]=22424638500559015753644527103692558556522830921214022303687641857898806316996094631457831976873622034249446361702846744166957
frobenius.rhs_to_half.coefficients[253]=39921181154279422265085779835691484919287385812663339865784978596157255887155123460326039560293322154774221253871276662037219
frobenius.rhs_to_half.coefficients[254]=579796228126739344017054649759235431462595511822998758396931989335987709639982274491550947976534756734024979913335702732509
frobenius.rhs_to_half.coefficients[255]=76732177088768858029726737969590100241152654284304584371805741908732940416764853177264116004121106263298351757413645320227162
frobenius.rhs_to_half.coefficients[256]=14525509894637897205171942622688017771719822837467970169532538836425978062538642257098362279793996440778310592193732006239769
frobenius.rhs_to_half.coefficients[257]=38874599749455704413356401931231150672850740235761523271627734088610289966659255728054631888767183102905457688818693465016721
frobenius.rhs_to_half.coefficients[258]=26198510327305449299260804471957203395723642998560361239952868717762409878646164970914444951483815939542060127020137765820597
frobenius.rhs_to_half.coefficients[259]=1169561183697629315900846970755650070507533918846700502674496465817207129896497984007442594686645148433513813809088428329987
frobenius.rhs_to_half.coefficients[260]=49760711402600368167815417676668979120796700643077551423508092797217190537249031593445504279904510459162611099189191902952358
frobenius.rhs_to_half.coefficients[261]=61168333195540812030603093969295813622621188159585798814148806052909807143163637875917882680316620119272596315050835861740281
frobenius.rhs_to_half.coefficients[262]=37702643123771631304110165750267245866863631190661375367686792503012929422728841668759860367008235415850389936751595160251331
frobenius.rhs_to_half.coefficients[263]=18830490435100246568442296098049132824892961369350528800783856493740495183444288740542156217327303718407747377172371187025915
frobenius.rhs_to_half.coefficients[264]=93344448892913925582228943380298351641373886386839488745808266497483025595870870280616217554794278119841497162070348640204289
frobenius.rhs_to_half.coefficients[265]=40198968176596222517824590377365755359378614399946931093350223704362565198198865144270358730036049905771376420346033511856496
frobenius.rhs_to_half.coefficients[266]=98307709147290580596863427302752684317052200870993058672763990167534948972971677660042930219374263790881973559809063485718209
frobenius.rhs_to_half.coefficients[267]=95527370956428146723083862776259424004723766632576299901841682956812505463829094544785823689002733769512276762018715650407211
frobenius.rhs_to_half.coefficients[268]=60162945702059721287604610383049117644831654250364222032389291668101187539390313405177738980861032012585646220716693176518498
frobenius.rhs_to_half.coefficients[269]=91616898409486544505300825887956324328020460370453734379920223544816062620642859650209934576659225268270171990591799858717124
frobenius.rhs_to_half.coefficients[270]=37922598376996194297180730140505347082275513505047059136498394558566949073789530324212242545655445633753022297261802067503665
frobenius.rhs_to_half.coefficients[271]=82733502735522485697637878683849490711083629109923828535689965778472561268038372628241757631490153796455327059741903447950939
frobenius.rhs_to_half.coefficients[272]=49186509972806797109247026713910286053802852302780975381245550788799385643461084698583190310348371903336071537579806653218736
frobenius.rhs_to_half.coefficients[273]=80847602170394997232771460342081515057715186728590128922466697974046187985754621696100822127764056836046984968350420331906717
frobenius.rhs_to_half.coefficients[274]=8917847789271925490900665499391015725258746834249033777423439767713637541907266971034896221090795289993250199969992313802771
frobenius.rhs_to_half.coefficients[275]=48927429423669854191330595343485865596284902017655501614691150707425944499273466258866530598125542994694194909350658156005583
frobenius.rhs_to_half.coefficients[276]=49835464023019851358564832846760531902004137378229247432925075321403116705975936655444896826459351579995960119935578615999312
frobenius.rhs_to_half.coefficients[277]=81364854499952808433282162482516035129522230673630785594381781932839628747280749209906723306553472995066805437184578154567388
frobenius.rhs_to_half.coefficients[278]=28787452311224732148583721719668076179924774301440125425721801550754832558947145771670669062205376753708452393275141051682694
frobenius.rhs_to_half.coefficients[279]=80317985627657382553678576354026491429564538464154593970898012317001542617969424237102930683779504991965401889217858664061331
frobenius.rhs_to_half.coefficients[280]=72841277606241838394901274723926464743029097749419856826379935306352312906876267611497439532702953731116913667653108218982079
