projection.schema=oneshotsea.p125-poly-trusted.v1
projection.mode=frobenius
prime=100000000000000000000000000000000000000000000000000000000000000000000000000000000000000000000000000000000000000000000000000237
seed=202607300000
global_index=1000030
point_four_required=true
degree=401
repetitions=5
generator.counters.u_samples=83
generator.counters.u_polynomials_without_roots=58
generator.counters.x1_points=94
generator.counters.exceptional_map_points=0
generator.counters.singular_curves=0
generator.counters.exceptional_j=0
generator.counters.exact_order_27_failures=0
generator.counters.points_without_weber_lifts=90
generator.counters.weber_lifts=48
generator.counters.nonsquare_explicit_montgomery_u=36
generator.counters.points_without_explicit_montgomery_model=3
generator.counters.full_two_torsion_failures=0
generator.counters.point_four_rejections=0
generator.counters.accepted=1
generator.schema=oneshotsea.x1-27-probe.v1
generator.version=x1-27-sutherland-tate-weber-montgomery-v1
generator.formula_sha256=b63a2527b1778acce2fa7d003655d929c1687eec9902b03982e729e11a571250
generator.global_index=1000030
generator.x1_u=26704565842674153393243800331257175333015473830260526761199712838773268540061400676082648107903230541311209281133372220738280
generator.x1_v=96157628130822406025300786540039518914833220754606750652752236076454891852546684276046328015339347106357694407509933536786011
generator.tate_r=79186404514504640908489563357495132047473300985745334007027282221067042003190569848064792557022135799404560961950346708506182
generator.tate_s=97344229614753972965848250744010819753714742776083096355334483195213524714082530784026176996231290284591848472620141995851293
generator.tate_a1=49745313115319430682167218169974833061015613176636027902841318215574451297670150619771568874622136097135708138148194269717906
generator.tate_a2=27764916967061971217138878788736250964352590294260318838835671598138231183773718554058342837644993112298245089277614786400485
generator.tate_a3=27764916967061971217138878788736250964352590294260318838835671598138231183773718554058342837644993112298245089277614786400485
generator.tate_curve.a=49377142497698681595970782642862367538446121143050014905292247748068562197494249365027113748490477034970688557256456101210790
generator.tate_curve.b=1637125298347606662877013541092189648704824505709051478707161928016842100398075151326089709644266458594437977911679191272818
generator.tate_point.x=47430998343380494779385608102458782911084724411415985585504709649189020355042544900715002330689680491316888254909440364043595
generator.tate_point.y=98611032442692891450998909183515104150079751780114434594252532598928967847561603838301026465659256128210469641982396931245507
generator.explicit_montgomery_coefficient=37612961439576477422476243262538096153125956509527248198562312357931563706915176176735623844837745423875400897213336065733224
generator.weber_f=1809128800056467331602026467513268592329625093277967630958499026146673630321832367487800977065301451815067629906666058152908
generator.j=29086728336443714803772542398717971874025276695818145964301099244742489053379916095398258597239347882384093421392067341916672
generator.twist_parameter=2
generator.curve.a=24695916746375285203490140593970257817161480924700052157539187724647340231554000845239547321663901475964613358534920636619155
generator.curve.b=16463944497583523468993427062646838544774320616466701438359458483098226821036000563493031547775934317309742239023280424412770
generator.twist.a=98783666985501140813960562375881031268645923698800208630156750898589360926216003380958189286655605903858453434139682546476620
generator.twist.b=31711555980668187751947416501174708358194564931733611506875667864785814568288004507944252382207474538477937912186243395301923
generator.rejected_samples=82
generator.selected_side=twist
generator.full_rational_two_torsion=true
generator.point_order_four=true
generator.cyclic_divisor=108
generator.group_divisor=432
generator.opposite_order_residue=28
quotient.modulus.degree=401
quotient.modulus.coefficients.size=402
quotient.modulus.coefficients[0]=21428560624047640434179462868127276486927958227440148606803372810965035303535674093079301229762175145404795057959862665581898
quotient.modulus.coefficients[1]=61625475650727191957252239072507527092006330103098390860033119686100645511836651878003347554691221639195840051490778780834260
quotient.modulus.coefficients[2]=86097510901364307238779851673364627305247981987315834593623509423906216833859022491132115121755855307985868287756716867407321
quotient.modulus.coefficients[3]=22287475979438236702860752797427684958859670319270059247904779270065286959682924455601891839677540052731905014456747418700880
quotient.modulus.coefficients[4]=96982967469183799299534158920528294989411925642355873911486410464489800989902106115236184396788146806757768161409408372602594
quotient.modulus.coefficients[5]=91074832347865378317218637428556313565551579491824902288336439138624308301222055256977181439822748555823942127580762913621026
quotient.modulus.coefficients[6]=87772008095700393121768008087967277913767244770690332468449476008043696640054395242570811225146303938333431693838000051487374
quotient.modulus.coefficients[7]=92549408230281957570153003189991330115339171301251279457795158459992237730146431686929739384955024329437805076382829273092184
quotient.modulus.coefficients[8]=81206563507776402862245144695973810474671261574520476333979224798279322863377973248500033475288002310991659372082593732608618
quotient.modulus.coefficients[9]=14662487114542641012803278852553849285120928534569087265651824173095494283068877725472946849045245673358025578764421838868918
quotient.modulus.coefficients[10]=84837234738220932213628840559877560031031680055997933694981019060693802594644287283139312255808321036263007424462742109921277
quotient.modulus.coefficients[11]=26093896320231540640496291777660552267027688918165603654587368449457911611532216830778934784675978747145933928074448017959490
quotient.modulus.coefficients[12]=54380498834592990370724901330821616379590951674289311592691822278592536577334558044280360693222913891126046006496215731758778
quotient.modulus.coefficients[13]=95297832083612805316558358962717410362428914710150954700498022556036422155406583872470132816068460147867121919652210575660136
quotient.modulus.coefficients[14]=3306247766465856424984880716835936222121928520703948475353866368590641949269920789072723176852613378759119636002873339250643
quotient.modulus.coefficients[15]=9118855264572092739780328841992353089197217595799308565970151663118352316618784843350284910116334531639469144977751774420341
quotient.modulus.coefficients[16]=97492347107139002049599841741833894820392771158071458572213096020652519601186632105118793069317382043329756173638480166211812
quotient.modulus.coefficients[17]=43130868248357436383767423978969108398153653927433106750210967000100130758532974341150550834033055818392747179195464538473118
quotient.modulus.coefficients[18]=57873187020382970649773328280865962832713235511310264926535470323296392535478280474468698360040975229024496554134529578260837
quotient.modulus.coefficients[19]=24891265369943282979021865215559366416843389940268188232054059857693578787333651012068408375065687869401119559356574939901902
quotient.modulus.coefficients[20]=5904142613841108548775488998501614202853827967113117980337648028138262904393156503131364568737896739849807066631071931683103
quotient.modulus.coefficients[21]=44004704622027756879919364197425140779727062437508753166825576150095312219240163400076732369140959379776662124292130911148344
quotient.modulus.coefficients[22]=93503522695804020271830920995532192396272273477347354276639103071040235265712201586109902896469777736659863012737697591930660
quotient.modulus.coefficients[23]=15394139118533243037121837170752864269216576303618357867894796273078367612276298750238478629667796950400176334352834671989827
quotient.modulus.coefficients[24]=82533652284331386228551951960345698916410661436911792241470957164006483002311209476466706814893284190944288586555451085399866
quotient.modulus.coefficients[25]=48513497740115359154844630780411056048954330865568068684041425912491559617126781519837433753457175711695067823453322889505640
quotient.modulus.coefficients[26]=76985675594740949628733163122008564875876742677985981925086785693664473979344507963465451834682020390339634081829080787683808
quotient.modulus.coefficients[27]=77520960076660039413800907971836823978528977610551266203513669195065902389774735048186244483615623140601306140730431797337768
quotient.modulus.coefficients[28]=51986052332762193138224907447517158766823624134606682000157579550338718698829222557812599893938498115989554105408842364301367
quotient.modulus.coefficients[29]=14554679654249517133388708608124290445933563228935591677006566499683745995751644064236970878095601625871711079031592780916032
quotient.modulus.coefficients[30]=59194948173260584960653361870573800319760312585574871327132351799601715118054881628617291329874196198753095102530221634742502
quotient.modulus.coefficients[31]=74070816185279969286838122316885766305780209180990486896019762568330759668050193906421925027297554554396992371794011405823593
quotient.modulus.coefficients[32]=6771213028325667979769702960394865920851134286650568206919510704280025834834290283421274632858526151996893091557950543743088
quotient.modulus.coefficients[33]=57869818928741811982422589816386733573305403876206596010951218299135183397518630986954668706126129497900859108541464114332535
quotient.modulus.coefficients[34]=9595046819784686240487575260842243104466766895061840211842930757854040866970039259586416703032728741106971561730341706621924
quotient.modulus.coefficients[35]=93531984359290000948864778417006761115835513152338591578721750615286812193764460109865777667946227027785134946286764584801940
quotient.modulus.coefficients[36]=17514865686874600752985877754807351239460591630828061058012902433553683322789140177041071309680333955492462866688279598652373
quotient.modulus.coefficients[37]=26791667105775328725310887025694026161557032272737683968289465565862319736936183419032329364834754891515684947817743588214619
quotient.modulus.coefficients[38]=12555765944994636259269822494133500888609947171698845546504850737906090177535921552212704991979339112656734436759474301721597
quotient.modulus.coefficients[39]=20855468358547815161432789809574425321350224036507852834516600619736186300380798485596063708745655920839362940537960871818440
quotient.modulus.coefficients[40]=72729671116938587205305825798042402552756321318964785654127622936164769282847930755740750666492293455472952961170908917223216
quotient.modulus.coefficients[41]=519641520032958492084428274938312739353784547737002614855888109699501171443079693627156531577540374432286755021436557049199
quotient.modulus.coefficients[42]=68153076824473096815299579011358894567651250188874524799842852687141944635519536506463323569945666525367331736061972680788304
quotient.modulus.coefficients[43]=15710916433338229738639525498512197099796638058796514257872014319419156539008088179365356127224964807701336979504230629092796
quotient.modulus.coefficients[44]=98855077629033152629216093517481410369678085035071685133454458542522243825584203055637791050691459748569190428656748913828746
quotient.modulus.coefficients[45]=37239842782234048026940708215205526995238960686801872439320159150307857583980381266852718484814840776278249508180838755167089
quotient.modulus.coefficients[46]=89751362524931941983039605437917814924557696932430631178527025297124332211880122900089581001813851768544305065585391274948227
quotient.modulus.coefficients[47]=75484940581961366978225082211092096378893396264692347904888429603216670682409352772145814391650503434911794894220264210300610
quotient.modulus.coefficients[48]=13260375396462542598928594566251178644436907880521028197696226104975502860226912805339555693624943391087297704291470871086268
quotient.modulus.coefficients[49]=441601485498554726174118839600709516010705241970024314863879043953598013866148386508260631843181853992579044278799125072746
quotient.modulus.coefficients[50]=90632159800940049669028393850704730871662613737180264049347430660834121622478902006609251202599249443797477397533583641263596
quotient.modulus.coefficients[51]=48778285459672040340604244955308129698120691559514380875863547942232366191712608349727385537912359638799790130517716982102313
quotient.modulus.coefficients[52]=47324632457362380418670135707702722799769375093828340087434640352869914412996946031815039575655196865025061831595444474875536
quotient.modulus.coefficients[53]=31791760652694580421938600120889653268944256532709548252079928907489515832727757157944810006314621641562281222209328363505890
quotient.modulus.coefficients[54]=65845324810158875867354984643600151373987569112563571812949884021177777938637026175527181968296091814345842981062258760021402
quotient.modulus.coefficients[55]=9916350259262399878039703932283094303361769668821214788744790430153692909843312295060922567200852097449826501463644021906451
quotient.modulus.coefficients[56]=78892602190575846109697315357323191711548794785760178909289995363148982358837248840203919094885262152991703126214158222254931
quotient.modulus.coefficients[57]=18074664486875053760147366384986776799143307666352593462800566534612918189523932031839150441290843536903235048953329116474901
quotient.modulus.coefficients[58]=89503164633633930507554999794558528940695751300801456596303391383111579253899812425048630251932164878320956148083220875588949
quotient.modulus.coefficients[59]=52026552174860305898672717758237451764162623321598087510715782008590103032040798887812439244063905151312340209746534401182836
quotient.modulus.coefficients[60]=22549930333047304245154437484845487612754652283964983591440019466583504779010186197048479221555424259883927107275797082833950
quotient.modulus.coefficients[61]=66875402031885010581033527174144795607262358907684273791844408816498768616755448987752216338091472836264385937453166273839371
quotient.modulus.coefficients[62]=99681094299483293473708535134250411759927963662982947063492464271514749854029989838184225447814073246741450688080423826346286
quotient.modulus.coefficients[63]=885529231872400746690360215564689653938880026698305552972703324054673467453570154731019447398032667185647953092853390821807
quotient.modulus.coefficients[64]=62721159063250418205125229697738936399294483503051497051896486709636562651031734182407331373924745283080359011002967173682357
quotient.modulus.coefficients[65]=6116722418332386308519754150143530230321802874176720722575590521097764460502498059750756071847351511437043993498568357062856
quotient.modulus.coefficients[66]=13597678627938570443451679218033302431430676878690229133096479143108998775717558863165591898636638839024178539567720666653949
quotient.modulus.coefficients[67]=67025241053950510563395121432495578656327996930095132877361152325304158596276629739663145265680663693573148232733365191217468
quotient.modulus.coefficients[68]=82650099630159112969035004264283179467096185561937987446148091432910914993792207600830613660505211500782387361703483981644633
quotient.modulus.coefficients[69]=2088544869078216538694172413515450960447543369008588648845755852686857951213334743176570884251982353092580463762371668628050
quotient.modulus.coefficients[70]=40871655707373851269170529242294657243664274239907526996207705364508734965297891725041574432509153514420272833712482908063525
quotient.modulus.coefficients[71]=19696956051199751996182055301972189535527635480985119567151705497711077032614901854971234625377693443741643146622228733529495
quotient.modulus.coefficients[72]=43470851737111472574222469938453391791973808933869201679209752677995335751793900216175535387387113710120626023657606036102681
quotient.modulus.coefficients[73]=88929168397242325519743018761324591264001274697957676844564157368276014316027439791548872561552987226924128980744227842150830
quotient.modulus.coefficients[74]=10267337107335002480774598147000792185933970466213604035466817953741561722480290965381675852951382286132260436946705067366578
quotient.modulus.coefficients[75]=19466356441059563802037868418618294939073126428777974950121025334868834263029744439098840521680326178038642654045751951637164
quotient.modulus.coefficients[76]=22085327342130473228966386131265149806215744671655295862822431606146291392246998352300343888577581879369621457524264641521703
quotient.modulus.coefficients[77]=9185655821302218216205195100281030752271667143488234169683567461011185100190850835833138379909957338294249599639597894410218
quotient.modulus.coefficients[78]=26766702716665232737481782205777653454583556860492302425260232892369185562504551546750381702334964340617358167658509680505598
quotient.modulus.coefficients[79]=17190318403251908675494493953565185936624600351887397545738790691633974695901864359156120425864698548479181034169248428805925
quotient.modulus.coefficients[80]=53069273941323225497900841755822115920366175935739576252589533738462444528706455830726649647476203064561924464045251389371708
quotient.modulus.coefficients[81]=27552509379955096959602131929664501855157700285746989383700015178572005778007050202243813637361013618265561300640592023523494
quotient.modulus.coefficients[82]=65955536111581627812604401208063024694864823771680463571873253417592462533022103573352785781732912554477477067536770371595427
quotient.modulus.coefficients[83]=71269125672789323365678258304463910544431633336550690002433321520476940484388493528844785823619654643456968513166449442601142
quotient.modulus.coefficients[84]=45286986762331649458645819915188168964681778672301751966701954998271687917233129201129246383355244499102520083250957452333990
quotient.modulus.coefficients[85]=61447568980580785403413822329326979852789274134976525670488383169483342058497911668183224308182406699279368557616863282921483
quotient.modulus.coefficients[86]=90317558466726425939189442808553780631650380419221862859111497264364201077372450945391760953682026236965782131544679964607942
quotient.modulus.coefficients[87]=54371659437690046787328469924351848104191078443546217206568902374881598321088813215692256685527682962982470378575155924510916
quotient.modulus.coefficients[88]=92891190080718375730317587254093973772534951979320955174093863197793918526807517006565182637280913218690956356875262843374074
quotient.modulus.coefficients[89]=79946522723088413400887724804874243536283586801625733932596576728310546378282623308659231042918585347529742701668441207475793
quotient.modulus.coefficients[90]=44040217446257002266825469678177261565493142660330078359203580503305596585486235835060446548209155479474192485472731588440935
quotient.modulus.coefficients[91]=72806614096092403041206000288039696921703043346138693943140080986281455112110760602287203761968663061208032394298216177029132
quotient.modulus.coefficients[92]=73058604032536583860576438065977893405882050649925072127116330121183266878073260981068371253986883030291343521147291133044363
quotient.modulus.coefficients[93]=20876410603793098703979089733434554481255189814221876221684505233658393997812014562750892334614892009081684833702530656952792
quotient.modulus.coefficients[94]=58029084459624566807694610018415741132796401363443944026057704742706732604753903853295457287989480325670969637958193057425039
quotient.modulus.coefficients[95]=56973057219157396537295418271073058687211279739658542602788483528474530485146643091025658338373426036710201830425742605400294
quotient.modulus.coefficients[96]=13880261258294504170546895653358343324224443289169291745391861490156092006577885180629478493472556003952166281179842669891204
quotient.modulus.coefficients[97]=9074832491293268659196500909159782920749840599144587110453318331742418375939309666044775363818460741416707698045320169265809
quotient.modulus.coefficients[98]=36343179546906248555771741566850015085972967184778896131024323564768288561735822842122140545585115588292030949238311005019370
quotient.modulus.coefficients[99]=61742946424934189653487296872507583224684349465249107990343892419412718751514177746729119423885359845854783601396228935211206
quotient.modulus.coefficients[100]=48533446883449973140243379948444028429087858654474840339052442560218183904450196887163438782586854595712965080085099552329109
quotient.modulus.coefficients[101]=11022091104332084806555767973346141749559024545188802724012664885102185121763392740041708679173284470477505681266579427912260
quotient.modulus.coefficients[102]=53995715428854757808707383178088735439869108213011730793971585844271118305367270156199333535358256229415226035726642602815171
quotient.modulus.coefficients[103]=61812388785457772354006654922011415748822202716421910107345588574834647903032897319956164952375321196074036132984698337154390
quotient.modulus.coefficients[104]=67464408551402889970175478381484698401363306751540172224305935309561989708662819148506537880979327583322062537778198842218083
quotient.modulus.coefficients[105]=38528621922448530397729445869974159277634610112390256970091098350631675958780278368928221007169275220205451436431005898291856
quotient.modulus.coefficients[106]=17401454273673032311188841132136197727873534665744334588256119392992251111424904319202642673823327951963271942887535660158765
quotient.modulus.coefficients[107]=68271448723372947559245945014347227710199283272239258562381762451484085591686131131282560469173301892846405428263529188397835
quotient.modulus.coefficients[108]=5486560615740349077003149943756987552836428937068188727106578289317012417649690698716644811136904894346357614326989991195797
quotient.modulus.coefficients[109]=85627372812014514172668922505693891178137027688345978693010343460426872529532908099758558378287346142334274338037755009612524
quotient.modulus.coefficients[110]=739380452790754058100262988998836067324812089789259267112387879301966909524560738368812849872124376327666914834981203366815
quotient.modulus.coefficients[111]=49826120727973799801247327183950887107234006665854362877546996696663770787688093175723080315585567479008154897721548582305168
quotient.modulus.coefficients[112]=26597343338426360537404229137862761442789023389991572642589412232841809682508139675478286381646590943627469519492712593896002
quotient.modulus.coefficients[113]=68081804012276452237864721562442098908391535340431674938262967204172961929787278136382217972215765246821017155911289958923269
quotient.modulus.coefficients[114]=51653352694935983049220808469013333362583429059352944813284808582450164564530332361376962486978470976690156998116795367896870
quotient.modulus.coefficients[115]=79278383048462836341040998507169401962576658226590940314425078122776222556220599840461066941333284360582805632280240695065976
quotient.modulus.coefficients[116]=67683452139208714434014718568362603208559137395374472003446950810385274329724948883735740366352784770093323618896693387394781
quotient.modulus.coefficients[117]=2772013000780070193881270878785768918582628738113959402308971441652402575467254597222057354443966092351398240715858334280496
quotient.modulus.coefficients[118]=78438213194232013678844893693544536111316210913346837660051893023723077711694236126584424807795503844514335187775092211238963
quotient.modulus.coefficients[119]=19314904643808253793442430290899670794613511868408113620559709076660744468613323982377563271139373954844377687447753927542
quotient.modulus.coefficients[120]=8446426114362359629734866950905480272897176186506232952441217859565785708756861801741072357385291275079305664895251312461683
quotient.modulus.coefficients[121]=41188572833936205736622083589352992793141632791194053433918002328777681679441752078136287313666838824786243272524038777413663
quotient.modulus.coefficients[122]=11893975831507239201826471179016069463082159712499313806197331180490307297828094287809776004623521403330194450740618341615571
quotient.modulus.coefficients[123]=90452582544370654069323047467377657252371804669537969561823496136607633100744865834469888118226881526689599242081348926159675
quotient.modulus.coefficients[124]=64058454275706514918532572349468518319792380119529063321742858088358573838229253754962558927046170678919040676414822749750852
quotient.modulus.coefficients[125]=93535470855895481822963244158433780046777530690774875498446264743386072087505922489185382673539482905988382979507966494501509
quotient.modulus.coefficients[126]=93632544456262478996951221362776289722759018597602618909764689709692906218896712489017781716502013462354599069238694558261547
quotient.modulus.coefficients[127]=38786073297773122798704980788945868619162238746566384138421091798163898296706960028061448845463467002821863536168135690123533
quotient.modulus.coefficients[128]=71279830301578227240070481813601131669575618080120258736458823160239361387040936797853436228924946796275023550486536526376941
quotient.modulus.coefficients[129]=54996330109827314977926458367551005466827236588283916769091103760412690929489308484889028410240578572615518141023127099900840
quotient.modulus.coefficients[130]=91294619678076332625005055862224853427537657673271818556371145219831508163092192011854302408022105177316046714318944553471497
quotient.modulus.coefficients[131]=1471819600084415326971866556074059817326405222334625372893895110283257553685957310716864612686151122962339201048772509162554
quotient.modulus.coefficients[132]=35400552070146027202046613208998680356504952740297614371912055578644790490062437686926746215830938796314606637669890682276704
quotient.modulus.coefficients[133]=80720977027254746713544907836369723403294626548834707072446648453592856797503528873922914258879371996749676908032033772921403
quotient.modulus.coefficients[134]=61659676145603521728181271180175345202206798735062360830752655221055061118013909093778895313128692020153157440804121592558814
quotient.modulus.coefficients[135]=50995301252839223219892682598771270365161186301351072808182576353581263303032328268278399225391401531235334695553468864707570
quotient.modulus.coefficients[136]=31713365314656421937795619115388265671504777022197039751514873053622459229753480639746198482593171082088714225648119485849145
quotient.modulus.coefficients[137]=86465751004486121931133785052489852591202136240491297798045790515694250356993673138174236468680676278202740895098537697803321
quotient.modulus.coefficients[138]=53639976572448689795837673705141099789001704873171830524767347150048239416997615042092446220988063223995017453385705090020258
quotient.modulus.coefficients[139]=39413470144830283056224031108985499036146606975702378364601082267451208984374867974230040417271807155223499139428137683478934
quotient.modulus.coefficients[140]=86953917850592147890204920590744028169768314196559179300362891771048595740950537103251942319370033910227427419041774052925027
quotient.modulus.coefficients[141]=79261359478158145003363612571669548579331946169781485371338898582399541622211858427605924268510382085979450535927112301263165
quotient.modulus.coefficients[142]=20933512606777691972891261376021102015098782822262204817500147115207309250856974119825272911027859611270311055501982766047575
quotient.modulus.coefficients[143]=19205777633125651934685455092522589378019061744358521714387339152910090960879655660181666857979884042381331513207333118092600
quotient.modulus.coefficients[144]=86038894253032549652610692834969701836704161304044128655225866069933639390500296851095275514262836024807804448061620450463743
quotient.modulus.coefficients[145]=87953668108944719739636445743041528138824956578129648684496851391804143510313475769654157458318829793759306274818118865233374
quotient.modulus.coefficients[146]=31597405456446275076483589547564908761077308069898451960671502176494454973449662049834062956103551101998176860490563693812723
quotient.modulus.coefficients[147]=45651342553260192748656888869671014491478737043840417077410040026885386639762434499504030617438023741286805950411083060342354
quotient.modulus.coefficients[148]=90991068411354539813053799563403636055529054218217530675060009312877012241321015819688118232691772974247354629955986821944220
quotient.modulus.coefficients[149]=78479746609056951288940739922222637449933200604846590496629985812467327539400395680186599793860930553368917772391812649072138
quotient.modulus.coefficients[150]=45731514131848176174124193497548559138373621585987517731824844349762210818352415078576482265983690046680115571157828241461506
quotient.modulus.coefficients[151]=37075606780486364218096758742667983864626377845432980646176336062656094421756173208192998012920096638440746240862115573031307
quotient.modulus.coefficients[152]=85860556653221075667595715123385341705310480766128063278743659417521812303849195021417409174984230850587474019975037070448609
quotient.modulus.coefficients[153]=76636330496676519974682335333201690470786442031565651343469280711687183781656172811750269425057598467686974286030975724411769
quotient.modulus.coefficients[154]=18071254617449114927935158408939444619833735714835716841457923173478878303782676284294999164959878164724902652820471557248571
quotient.modulus.coefficients[155]=19801424720169238658530428433411516483076012888952109501164140765906127679780322088832001087663993199891322529661460011287800
quotient.modulus.coefficients[156]=90108218415834434329382579769569799526256427418030852662757874839159212263645712130151567186468135143847473864299854921907261
quotient.modulus.coefficients[157]=38148887923756247416392360026928288519142316547650460407414476163331504576288163590971819755826796315944179571438779095485408
quotient.modulus.coefficients[158]=4125214833240323641830628938947594139782540592312337003301051238506621269492099815881508812505954347488589427370927751701299
quotient.modulus.coefficients[159]=23162265468466745654371228424352898955665246762681401580761845286058645890857559170140343062578654948562911109743572611042768
quotient.modulus.coefficients[160]=48932201539793821364105166803596195253306004082192088143370707451314264776709106971838519793403882491924173368335498422655677
quotient.modulus.coefficients[161]=67596555639767766459846975736185855517083303387213437450945489481183580835770829859556363720514601995623500120505875223599243
quotient.modulus.coefficients[162]=91108341306149391185812208994894462135477937161616471767960989590657610757757732727581454763221994469724815931106555792384393
quotient.modulus.coefficients[163]=54635842229704170355003777478703322150002631484773091255642465609312482041856810866345891026807725593263529816113781537904214
quotient.modulus.coefficients[164]=47609449379928701254002373057345199798631348156994995075305874460058097667136138886624588498619379607749008370607180185641305
quotient.modulus.coefficients[165]=72759985099241944945539403522320037535067218330101997490051564126757887846898185870790169771646468210831885265088446184042329
quotient.modulus.coefficients[166]=63106735057564123520383731852668714935574538575596650638041189608271253429218107527786186127622402434564653452094478367950291
quotient.modulus.coefficients[167]=64441016582824072556310329194929892470636185580012874320671551586696302835703874600950364308748020776958272171488864316193893
quotient.modulus.coefficients[168]=16561729863302454174691451179034398976218597628627755708364619493944158476095812528169180710711060146243465305364571202008197
quotient.modulus.coefficients[169]=14672153364023098145163285814308845869075170204810332159481050903019229985025720881098720151680214761943907399960813750722988
quotient.modulus.coefficients[170]=66211003266560832683059083704999870550827006452491539517490283578166526334300714325667633326080784781982359273138354143
quotient.modulus.coefficients[171]=79556303423847898522647436250451338791524611169963525592434012107229993062980238439844215110968041965896762966244061522014008
quotient.modulus.coefficients[172]=36077375408429474750072999505133471112114035162478800502141770582045742113663305880153731982832585060967546078373440768134737
quotient.modulus.coefficients[173]=63742611017560731509493723285545552473601009739598714499601728694995514313482151334631466498863001729202090538697898547820510
quotient.modulus.coefficients[174]=93953840621768458832703197214584999974759645744708369487693931501814796896156861105603618120880754025766834880411284766718971
quotient.modulus.coefficients[175]=11527169958126815734623659938908501354469531870451290028654100631798829576866554689908419826454563212498770071578527675591316
quotient.modulus.coefficients[176]=55423604423325033729321068113540214253051601108241566283923454945519044375410198047831112327386944107053228751667844871177401
quotient.modulus.coefficients[177]=89274367006311052630085494907961003643214723213009970727922462997935828033447891048657092277976330264380309497807153578992589
quotient.modulus.coefficients[178]=27005169531043189344076946200737728114714681277061349954677580114312901074175209489439359828826968965281055234958458620492702
quotient.modulus.coefficients[179]=34903530692711720276686411817500102646138159629991264575887303490729004466412852977533590868899542320917481756452688979887785
quotient.modulus.coefficients[180]=96835629403930236907719785071493056613229045656371021951339642031854206025732534187906272176314325111488026626779786711895444
quotient.modulus.coefficients[181]=56123484342390419669772149270622532575363729552522255133219352964740773460176724775700740142138532414363528072929612125953087
quotient.modulus.coefficients[182]=8656317802905873682844807442055828989796913905410790246613692927449960218727938657861193260860562893464796153617160942560431
quotient.modulus.coefficients[183]=93716818051904036520480858548993780812344715412112194626841923290042723571124053292016709073778620553342080360053419703839742
quotient.modulus.coefficients[184]=83465897810031912954841315153836779076783560051127827532983977081837070662224777590877266882259341933246684737331739115760880
quotient.modulus.coefficients[185]=27828971634700926550052552882040032586840228765798947634131500848349131868585856513126337191808922986988715135110887318870479
quotient.modulus.coefficients[186]=13972656896848844179448976127673133564604039574880786835723898314433523797562914222100891363972010917782247219174893729960347
quotient.modulus.coefficients[187]=8971445704810543285449810690617587466219697278375681464250563729145257705020373129130745246721600847070125387947091419374619
quotient.modulus.coefficients[188]=21009378285763078823462698954128469283537316481736782645072224679817302082788900785769134948337060279736743449682949991623908
quotient.modulus.coefficients[189]=37404259858362802888325835991534242191948281336801511262810213385883067052425711808144370351043329781121407900173210286539087
quotient.modulus.coefficients[190]=28132103147318224317112464611751751575645362854841892705119414858151577458912599309699394592619751234777132155014231475472857
quotient.modulus.coefficients[191]=57744290854533227657078003207484652456068103239735341663189184169451284738488719035291853691840171894842464039325234405814201
quotient.modulus.coefficients[192]=45805952644593098735351621559352543967292469057648393858440406096494630271147138198395019681449758570752512093510128433935629
quotient.modulus.coefficients[193]=43460683381226108636728687301359815382754743620074157133661001064633768053364783967830476464934661410810923395816105224925244
quotient.modulus.coefficients[194]=62429879412970863057149245021443747680150277837723446419536825967328006757803395821048894249331719023891151319456782942997407
quotient.modulus.coefficients[195]=88478546612591499710187238708516126845774833610714661609938299802320694151013240619092751076874946895875414312249821086578913
quotient.modulus.coefficients[196]=12074364120158664596650342868495897571008966350456812454300400582101803507430237327642058739370806103472230125955361827838661
quotient.modulus.coefficients[197]=64948580179885405924295073085251702106753775115412299585781398396869883848930150197081680255114577839962718760579411539604409
quotient.modulus.coefficients[198]=39606419531688754663643891095414231180815924812664342354664114467360738326805782580761543331269423110171176889760058169852537
quotient.modulus.coefficients[199]=57879029662858552930913102759546915316195960347644623923120933040527243543119717470859491591720175335994077421967011946130063
quotient.modulus.coefficients[200]=16034570026002814058009315452869001618531038834590809377382502139115942587960896752469049942544040604856662579990669222464991
quotient.modulus.coefficients[201]=89838453922669600100060566070704506164996622228998243796592318511949708303062876714107296804023886449425441127817125421727908
quotient.modulus.coefficients[202]=23246305022012803651085892549406038115666747367967552876864256415536271547316819209031166428420072764504143334150481889788346
quotient.modulus.coefficients[203]=21223823794655930289066200138476769998230614979022397007627248140761891252432788519613576086811368299548726781969901046430164
quotient.modulus.coefficients[204]=3451999305905719624098703090845285191579837364335150487376346280542191534430738521368225593505030057613338776586500414956137
quotient.modulus.coefficients[205]=29426501597599501118134230632674363456357803492171931697082172426378057382940807798838046853696868746137103569204893005356958
quotient.modulus.coefficients[206]=92813775560188982534059664402071920695243620176362221910846550499309025995339422711409166881406954571823777981267179145157450
quotient.modulus.coefficients[207]=28048637749184690718216622557617171196332098220843387328233711202538553231241545002577001446790944607306795165959561570540526
quotient.modulus.coefficients[208]=99449406481255052773188908055162096723934796767275160741781543962179475393860197504094169379593430906246059353182065156819024
quotient.modulus.coefficients[209]=99763113027226497353360325845800052093912290398799912497522823028473271131838905048072514372345546837963572350726905441431123
quotient.modulus.coefficients[210]=30518087362409757702848873803652456939367230872013716341158387860256349349218999168823595725752874491680798546790861555246174
quotient.modulus.coefficients[211]=32085282143294182918093246260889365746815702634632924521859640752866509353274828704248765906407299059801352704487563315043040
quotient.modulus.coefficients[212]=36797826667550950226036176219577498532266630286039813201319585712720741047493948025089066820027162107198143146419720443580750
quotient.modulus.coefficients[213]=72649523593239266945962979169016316387922362635534697870148877958047689324797612704244924568191483710666042193393248516637873
quotient.modulus.coefficients[214]=54313187608621760378882913108962694969916826626822630493453309327017663864821030163622798270511243661468263097151620309168982
quotient.modulus.coefficients[215]=28490559423217792376874596730679576261842252723014496872692865103526013845942864718149054351148153164610637642467288652059866
quotient.modulus.coefficients[216]=24470846730625940668823805528010943113844114677572579768204841132434176008119776323425983204535232552037471295289514746573438
quotient.modulus.coefficients[217]=37925828605272947333681917672272822586129740721795616644900629997248725007534326749621908261745003776915562472159792155945492
quotient.modulus.coefficients[218]=30847724258573638713722866461508808242761070114611108522066703368780510799321488558058995074982800138297069341792577947096491
quotient.modulus.coefficients[219]=89697259375512075473188617561462244415269898272826807914874847465071309955130579888728535204892984174633353454362753438583655
quotient.modulus.coefficients[220]=14987461242948351277354080993599955072860548890590857476340894787192329117739489625299640366894845760406859263539932819265886
quotient.modulus.coefficients[221]=71767625737847664803000642556265671633661589905251192034392241595842038096093676159571837357462192385596401586909254252951206
quotient.modulus.coefficients[222]=23644904721427875401885787669202953733385197656394616899447108823367692920136654845964488608337319780902401683565663262166371
quotient.modulus.coefficients[223]=90113395106053763628183024935927306328026166112097851490183162524000667141597736159654366101174790630235936029208108850017865
quotient.modulus.coefficients[224]=74253238095168338009398891304198277518149392936671053387412357184602188442952887595614273215878589469041405757461691643783929
quotient.modulus.coefficients[225]=37637296268659286082308983081175278662600786248160619851602116977182860980483117355738705362648643191652104556029593786211210
quotient.modulus.coefficients[226]=62273440036829494316320003967239839860963126164071899593029952581880173589374910535896651646590843121794300285826543416920776
quotient.modulus.coefficients[227]=10967503353428588901522466717453207249414623649299942141883365878106595814376443063230885101189288145180951484249095256012574
quotient.modulus.coefficients[228]=16297657233108018663975242188838617754418667092132960628744406356494348693179813199529071272735307083609368670505866045123941
quotient.modulus.coefficients[229]=59797560166416958985228146506324695533867354816919150831552457615051377796561310032116100710827407063817473826423965474809038
quotient.modulus.coefficients[230]=33203350668805484496731889383468219426529631362383072334000616358776529818180792482962855473025277816227885135389096048768697
quotient.modulus.coefficients[231]=71935434361080017804040740989715464576764551295946633172922382328472516283805182512626752426959897255684276100214048810199179
quotient.modulus.coefficients[232]=31602796493327217249945006425447467942485965277218056551491847075612316043478144448147673484297010827627592802003366301150508
quotient.modulus.coefficients[233]=45743236642622921103980703425905194023752903081766439274513263191935700245054405978772823511561145663607672575685846389966432
quotient.modulus.coefficients[234]=46008345301626767875922152123380708704736234091438765955293400640701027906840549365707017308973161746497983330850634283808746
quotient.modulus.coefficients[235]=48450438652964937753882267987109416215378238434480258718088782900533581663564391488659933328297608140611650870315843070604393
quotient.modulus.coefficients[236]=60220868652612195394237738460378306085587293210894435631382290621002434164121278452602199955624811584996450401873517163637215
quotient.modulus.coefficients[237]=54858513637572005532042573623846967664449258654256481514160217433273387009632639623925343896458351316628887383225636786988968
quotient.modulus.coefficients[238]=56143365150537559127616190605075543943700596109116609767340967190574752209291501919827116722826281797510773786933775601511272
quotient.modulus.coefficients[239]=85950542428335953855229651578181701079346113462185405366303747357525446826586346611752992788714584371245722273834259482269732
quotient.modulus.coefficients[240]=53376417853482871651427362836139683850507382638324262533073188306835915943461179026950290867724715026552819181998544923842411
quotient.modulus.coefficients[241]=12508229568976880124158156458156042266884867863987611058688200257440599148661220547898322274231693545535150336486137245513441
quotient.modulus.coefficients[242]=26721412802659952806375842180100701881446323293511088219385395235689232725999520013981675437030058096649924553082845003421351
quotient.modulus.coefficients[243]=66252155185724015244614345079568529331451282280264623541858551211932750348096162378631014930032574863695873567116078819802026
quotient.modulus.coefficients[244]=15948075147786533267169013567611090291661200207547072898854834260110826626760743257226871037017112769480395261571278128564972
quotient.modulus.coefficients[245]=48513978227229427089436866486502429521609727384980187312946743870106096442369128148615511196209193736744990006672201295144407
quotient.modulus.coefficients[246]=37954647541019669442491170494272039057343612579391643570039843329785520938096654722793229434775069912496661028850793202998244
quotient.modulus.coefficients[247]=698088983899043681479688983888011605192999467709479593094125483778786548062912791139041409378217175750085350831798303509374
quotient.modulus.coefficients[248]=86773871635851967816271007602806481516696909338667675806873658212253146306704709291236645875036729428491285754905823651664255
quotient.modulus.coefficients[249]=92918759716214683009195744734739014954389596807261431083560392557941441979895399751631626787881289731594921210379611912408385
quotient.modulus.coefficients[250]=84305554375167093637449794352002747172070848911152156743494154582502975975054192741405780921679249514314850325476261468077928
quotient.modulus.coefficients[251]=67536487425712362212735687547572009730891831731106203871254233410865641319644414010592843681660041047403027205475725363099692
quotient.modulus.coefficients[252]=38209383479634277086204349539713754208813443764132933337393999017966996605855210114929705481145243459702727769552300556695567
quotient.modulus.coefficients[253]=6406864092524640506841830244343462167300986549940224989570294593227845031088783428239507185865854049024016506404224786464763
quotient.modulus.coefficients[254]=44629172178727355538831933832795124235014802431456944164038097003702470519949275161656298183469712340925400296481047147100957
quotient.modulus.coefficients[255]=37371910772556126059425847895502052955230688269862680025109807599466234808335601621085630760773036717247752322544776796125255
quotient.modulus.coefficients[256]=74886988709964776483849967315803325002129647923451661985029110574474971254721038474971165065061319394931372793774967332585901
quotient.modulus.coefficients[257]=45094205599307852239653048807240046328610181933857452857442014267306246322570020660376927880429299071932530785683181810556129
quotient.modulus.coefficients[258]=45383005746043425604282481102613594413979118508861333246589668729514583236294302506418925875201514277804506271077987565554893
quotient.modulus.coefficients[259]=34861535104289730929684847057015646507170950267949613581774490048488957349728772351375610354168522004648195427991973516269451
quotient.modulus.coefficients[260]=58020556174451788067423924752965515131001721223106095809200637569723850938258329015314274881223118611863026156046908709884206
quotient.modulus.coefficients[261]=34728371721057900027433674584683155129686781043499230363830435824282153553206293835186529109136637336020253284995090246722495
quotient.modulus.coefficients[262]=54248065968420004814141703964662948750067423156243498089466571795674437539933705280046396223107474940203415499667383314707829
quotient.modulus.coefficients[263]=625767780539140694536828172886113071611532280608216843073172259739762162358705589829876391397773810896188532239355197218255
quotient.modulus.coefficients[264]=59803331174438376607435212149257004138446980482398772128568017656665972625510502217825924840869820377631310380669370025673219
quotient.modulus.coefficients[265]=83997868923891388136862722492917450353021101297430381572409432466405610005278034918395063392781910865564204295508473947963546
quotient.modulus.coefficients[266]=99866110569610923991545581483287524815671603259316062771058337451273878164643233192223081467181098090895765601423467750136724
quotient.modulus.coefficients[267]=85650243837010697280093471296181578353319867445379221832629705136314916250484343381712469623603532403234004320263209270869964
quotient.modulus.coefficients[268]=44112108100935614778014265444229681125395508801334350624020411953796585689840712155032641772357416743657033668827332259109410
quotient.modulus.coefficients[269]=72481123901995866941243491651729378939299915060577571931978930486216975935738971838233023483239499553942248537176257416953562
quotient.modulus.coefficients[270]=12594717517211495541590167566969305487197407147161316010162567564356579823744767474551416491832496290511737378952385049742676
quotient.modulus.coefficients[271]=81780883078487203543105838394754888391483678689888137482749481730645973616961828096450582851376542829776317013233952920753026
quotient.modulus.coefficients[272]=79521580848992732193813356862055565266855552530541151219787169146340116124288096998762497923327956166211354944726568924160318
quotient.modulus.coefficients[273]=35716764663695324228803546814418706706004467181492526000825308972460528600073880636328523008680288666664031281018282063711571
quotient.modulus.coefficients[274]=56894728753146122853801177032141765374579448396176129555209714675857409003614060426851059198726397006413729331374051905165409
quotient.modulus.coefficients[275]=29359367525871161176108115478636210940096004835986903693112540509168435458558291902455611355385849898441438796120652945292404
quotient.modulus.coefficients[276]=33114606036463381527539127598636801361686882553359791259110193583080965035840092132004447124511404630800372186554984835992634
quotient.modulus.coefficients[277]=31810324621842410643104352918031751531111450038245452078761890324156985881448851837944745162012482744657547169855505229394738
quotient.modulus.coefficients[278]=4149926659268453104334672830912818657907398677215401910221534842674932950208187259866893639770795378622583588008892119033685
quotient.modulus.coefficients[279]=21235719588448140244335315238119848898140159126150348570879550680333152297539665689609234380685772049511317232113395981795336
quotient.modulus.coefficients[280]=75073255384021113197612006397989789454740250830478178745551024117328858206842660826882307883928529423582252945404113464477073
quotient.modulus.coefficients[281]=39627895401352587152284130881049171256944440672403643031663877515323487831840079183969971631945302613094772279182259921785854
quotient.modulus.coefficients[282]=88873587478797609011258915284127386394395790225810632116609830965738027150196398833919175839879162588200687074008756791728886
quotient.modulus.coefficients[283]=30309656067927242910835839158515387821211485064625601517612397644725280609222379335911960008361303286253786756304336917149451
quotient.modulus.coefficients[284]=40873840745782649363357722114667064493312323617707054197144129749387281175967736115990197388511647856016484611718719905883420
quotient.modulus.coefficients[285]=62307455389296002464689002716661742386631388453438564502819918294788692068086957183148946973624417981989467445323778939819000
quotient.modulus.coefficients[286]=29542919488001989835470507462681398563494902447962328149426133313445218503726635884403121979848108309049234766731590779235071
quotient.modulus.coefficients[287]=11990051563704976645639789198564089499980809745143933370604098992291592988033996218403400260593336073867383191291316475990458
quotient.modulus.coefficients[288]=67329036016129914549271716819105641487297472464172211758799993751431116027385942979985767952082309340275806431537214112149581
quotient.modulus.coefficients[289]=86120769101674696496754067364259549750186418235320365237998299463257312760261648371437591506062513814937356713807120121371294
quotient.modulus.coefficients[290]=22182950784132881679531528593247452803565417947199083504815375457283227816393128978294115669694534960858572797261682208988109
quotient.modulus.coefficients[291]=69270444583653370615756169302329352115283893886119480852091601540275562818261636937155228811615601391013744070265835560241987
quotient.modulus.coefficients[292]=47145440868757229857194221491746419348907256030280268580959455519228334900457011779590682062399993208575014753981217385253058
quotient.modulus.coefficients[293]=98572530092871220968717219293043129574775774928237825689477060130050257079126133219206131537903449441097914720879281361507138
quotient.modulus.coefficients[294]=83022565157812769835717723888229328280542581685545583722428377533389572640673969518349093948401679010651373201341179402560158
quotient.modulus.coefficients[295]=44105199418264858406430987868319036872858926595391321161331192924184278399826413585426044157794820928937529858990863688315526
quotient.modulus.coefficients[296]=69205804325188998705658980306484198151795050700231191871290896377458330383344561908492318052919924949802482973415607628387268
quotient.modulus.coefficients[297]=29478357794053409229338884480400668755553818362192433339695380489834263931305134553969274926770356655016626890015760686669719
quotient.modulus.coefficients[298]=75327771683500071948306349939535606188658030553870059869651950827958792096128237016294163675060144957624026534336935531032536
quotient.modulus.coefficients[299]=83086449892443280119510665999020830258407847520050822442583270452985439952925826551932732210759917880833019984929542129825650
quotient.modulus.coefficients[300]=12058163829900360163716755878680911440394403495495090916602855473076237897958563037078784717138931098322043953505317673123964
quotient.modulus.coefficients[301]=74725065802566564027777743560700435095863709073957561113645743070769258002581743312442716869697111251884950073323118755258401
quotient.modulus.coefficients[302]=80312339073376121175567616621461608215519349057863051810812427194651335843220028804886494205141861336715312594948753128830365
quotient.modulus.coefficients[303]=92323491389335810787421511090292888908577108168121749686583501106069225849880194935516224853745685058160210256591825015945749
quotient.modulus.coefficients[304]=82580662738348547184869389893857354853648360059313282408555472411110792216958843443886360018179799191504072279408317533761608
quotient.modulus.coefficients[305]=38785306395065847427020173563311566039235298115140774289616027025968510891186040224890262219720100232168882632245644439806668
quotient.modulus.coefficients[306]=83718177039367523913906628168284122005194966241131096554721755316225855413101279139036796279638990339006245450464372667786303
quotient.modulus.coefficients[307]=750765891961227975800862254500210976658670761813797446792196651159218823606378542701265925649741734213731801903531618430368
quotient.modulus.coefficients[308]=26160740428562737083953087460853274903006052990605307957463697088804718363930763356829313188501769605288254886175565722140565
quotient.modulus.coefficients[309]=56879632672470360771341787579237671021823648556383922141398021111716331680138198387314520008755606546153134772084576629198296
quotient.modulus.coefficients[310]=87998574195605562931442809570097239792447529536511734528228923331922665786444698407120671426380899232077623735255678928078594
quotient.modulus.coefficients[311]=51154225618128399162287504735531672011416441344573975450956386190731332832661500143670105512352298916829044660870734337968920
quotient.modulus.coefficients[312]=21711093562824228517363450539498129417770116812980852120898333318414709047852627211135403442234521245876546946485916532031048
quotient.modulus.coefficients[313]=73345585448214939737664518321713230991676330854462825564246239145353010455256879976014020646695806769032208437584905637563863
quotient.modulus.coefficients[314]=25494052291708421987490249926004204499915371044295883718886815762103780558545673452549315048452271799205889508950583012109611
quotient.modulus.coefficients[315]=52611525821570551853507343446782842924915742344211427087142853677775057330684396689119880738255799878580619490488929469108009
quotient.modulus.coefficients[316]=47190509559703961245940038964366451433905428496771652544143906686678323721168166313410237562681650068310603475475954545953903
quotient.modulus.coefficients[317]=27705671175282119453264759215764164554959284222571294685891043007110167046832168799762883999299127902612115827320543328372866
quotient.modulus.coefficients[318]=81583471363288287390601443857781157363880811947226237263447659055021848260807159273823098529371872552099493742916840722985375
quotient.modulus.coefficients[319]=29077437838989649431264740282085952153107780827862631783934161599084768799188148670035039824363898226525491942038127122598120
quotient.modulus.coefficients[320]=23557605113892988624825576045479494108127859041912010516403094967338465781117368432209043045373544100486266970266585761673015
quotient.modulus.coefficients[321]=93587580338370899276071241140481012526893968636977079806834566688390022137615448764316316017463727450081297076944947957089493
quotient.modulus.coefficients[322]=85586339731013514112287082523263083778719714996124343650868970531613455778134564819041138198650067266425979886103167421145128
quotient.modulus.coefficients[323]=28490237223504488437069927515569776110764296971960742321903982542131234141540654383770478651652659472129843618080133973418899
quotient.modulus.coefficients[324]=41532611726168876063106743933698040030539333956164719348862077947020608112198422404456465443347965383649618046962465530838551
quotient.modulus.coefficients[325]=47862973657717658237402462894321094725574905457240905421581975909645306312706068320124538285178125264026301453598409663166676
quotient.modulus.coefficients[326]=56218540075669906365552016040019670429950742328860420292343422807934416861825182683813934001258206199638479201175242102250405
quotient.modulus.coefficients[327]=51072723849019926562619424924178296066502798057761729400222996939105779547093586816424469696566803187667957180866543635338160
quotient.modulus.coefficients[328]=99491571533303647364720743597270288795235681209988974204730600269544165467600097078241046774878949788595955542385985590622511
quotient.modulus.coefficients[329]=39941671935026992382989758093970066398467054865136432140455508628837404890756651877579011972789501252946262562540737142133757
quotient.modulus.coefficients[330]=59191204231421034630501522184991428734705157073591538114884978992899903030628691391050127173876530469664132859878950599750655
quotient.modulus.coefficients[331]=27827995726230597714607136423659113093946458079744935387581336988512765610824509909126063756878189718925336176857732629875753
quotient.modulus.coefficients[332]=23926343143341801469744526402365611314094072845944848180210655822693348413038236021229592409024910987706287627852777466627561
quotient.modulus.coefficients[333]=33816875666630787386913026748750055970590755276233407433437310718579523075311368839632830813848733223631051701859197412017676
quotient.modulus.coefficients[334]=30721095596492404318120094981884940899669828133886117254434749760637057607545356374022823134015087765097741545824402351288267
quotient.modulus.coefficients[335]=88066079015651911267673634838027682793820544332534998711525208211740789433358913562726936813862441430393253525145654203794802
quotient.modulus.coefficients[336]=95114276856111165105705850045011524223139255138182174893879242062646969398308529735245947441805728390978779125922709928703714
quotient.modulus.coefficients[337]=62880127605640010406180594685909402515873486922048736178684385201445567977636535801063267481774554139966854917369101527692912
quotient.modulus.coefficients[338]=64100995846993506828614456619173469908652646559588338916768768625191927783838318518587270856605068875696428601396724293284755
quotient.modulus.coefficients[339]=42694058481019273184745886065759612147335643019073020859203155403155234239532407501750741806322185152203109101192893709058354
quotient.modulus.coefficients[340]=50607914995854712257047198120061508512426163051761973466814583069442725381236462120452390735043950946524303546345878747188553
quotient.modulus.coefficients[341]=32167062576859208614527487344175459440806210534751416106235624899788884721605483962343896641411385714800778614335072901416662
quotient.modulus.coefficients[342]=89764895763851468470651322578981983059744923917444484889881591132380534151818065780678877093749007133836324797379588096783070
quotient.modulus.coefficients[343]=33219506179706082959146660533016295692693718351327136904288183991293780156250730786115853991960743976822030905981267406010110
quotient.modulus.coefficients[344]=91349618728840716012756802749194956023865274748950687631183353248983250951173745206321234395344596798819656397444731432211830
quotient.modulus.coefficients[345]=23291471756790316908958278648422941356234179018754923494732923940725588911896495602822017815036437482079952687714316948620903
quotient.modulus.coefficients[346]=89365469531039154573853658218233156359984893393061874420528974782481450808845285043359016360043940768503623279263387202718500
quotient.modulus.coefficients[347]=91121608574936169507378099657795753017809362890723937905527055534161557588733425882416241843327268487326290213609955191093795
quotient.modulus.coefficients[348]=89179843499246530825680586007367604741763249629423948865701265640725229025779129447676093094421770285852643035809141003119655
quotient.modulus.coefficients[349]=22066088081778212483628163936633320560782719707356369018343065732023505043728745348232997351763864573994057125241349595474567
quotient.modulus.coefficients[350]=50443607992365680225723092443205404949391772340188075846795526701768367284742932571689759093725423051219890260228662777229904
quotient.modulus.coefficients[351]=60556970626767875483237721371407851758840518486477997826112152686425902309510759052215256229428511812034070242203030248016165
quotient.modulus.coefficients[352]=2482358861598513346692047632081869476424312204125451320269804897850345319330960668024841842501639201971566398648788768110515
quotient.modulus.coefficients[353]=29936426485596841254581969226860412708439491726609633456928975231271530362779981040921716748563661606320651818072370356503232
quotient.modulus.coefficients[354]=75030212249176273904965955534469802247503981558175389755193904981444973283096392333373297528422197929758541421352815202461848
quotient.modulus.coefficients[355]=18484763127084380229972717984357231535334496285592317628294754502768597634162595588927770943718967100710620256409253330421087
quotient.modulus.coefficients[356]=84139701748091383461280266092952473952553127373743664091317540520468935611234893895645931299668143874813201227449195576210585
quotient.modulus.coefficients[357]=52915998335131273471444990651528270762515329050177877629950260090774505011712751961072995355392215485248434245996330774589961
quotient.modulus.coefficients[358]=73107613808005839643142644885648457453584099400757400779314953783161266016610320684764963944970769253591805397080028077304413
quotient.modulus.coefficients[359]=70176744314291262224725480870716332554554497956940052757944367684795994427563157133699041468745095884638596772328128808433032
quotient.modulus.coefficients[360]=87130792054560682686145837035656649405051809690222205330287386174973127304911149328388792513084971575326458396516670623550733
quotient.modulus.coefficients[361]=6543410653983043598975085947554418103064050299232561847927687840123290349032926135993919797116555932153120218333478839691786
quotient.modulus.coefficients[362]=53894378662700645196637696276125229007581215938289383985944043754244499370486602068564445052396032052181962985346506309587609
quotient.modulus.coefficients[363]=85847758658704401739599778593930379224967871423765073587893777378219471481298195908351589257496253856150230280100852838186324
quotient.modulus.coefficients[364]=43364154579909308641538713298876755187714677539019482253300668911892816048704125623100257596421470342223267147474566145851105
quotient.modulus.coefficients[365]=36715529563691287255350288546047162739150031129728861038857216926752540601132952316397469958368731291616907445361664029577945
quotient.modulus.coefficients[366]=69195212899346228945050965398165373255757611711570687415947732974334933210084096872091698115066362256370841832984999923936712
quotient.modulus.coefficients[367]=9377379234450299029423916527013188880121396755502291668678806427153788848436261539327891873133149087481570643656471763812302
quotient.modulus.coefficients[368]=34973393085369019209423809708501879536891394453237503606028546185342121761500674646739979921632965859061540094808394456547947
quotient.modulus.coefficients[369]=72795870060303107282260173200464979567429123650501769799671295317143311608677407862325759099593278400768130859009036442138823
quotient.modulus.coefficients[370]=51483626494946021319041211579894506248676231751518197588841069066548660723062122686543876619987393221432150427633104526840393
quotient.modulus.coefficients[371]=77196610919752867730145409323296664881163342589759973035092423100553146165687180263389785528896869497109202275399856230300950
quotient.modulus.coefficients[372]=17795537764068533992415977526311272738952688639665494638639877707058989230084912801416635933489590612192034394418148343150038
quotient.modulus.coefficients[373]=49228365968745386947121877684753652497645723302413292934480577918078959067582778677854068715206728290872821125674663928406111
quotient.modulus.coefficients[374]=80724211029217868020586018897572505426146910156659136067760482201929886176180638820719107213724560756826997457830447640605216
quotient.modulus.coefficients[375]=5156624985522277381533078099295688229529448358767028451599756951381540544284017768607834216090339432335790956288187816684421
quotient.modulus.coefficients[376]=21089717123328900223413277801035613429653880521206162197646092221832559909193480420694444896927180900389230857858998658082720
quotient.modulus.coefficients[377]=64970158115598944360052744687666666651557215223135618813135213252704474263317158568291592941440545407261568840061607467523269
quotient.modulus.coefficients[378]=27024223490699600269602347576380392555680423341631404023960782316965474432760024635478753385146564157818621676565189618948760
quotient.modulus.coefficients[379]=22023932332532083267366928982492791314768713611356663688301639368003140993148812127250186373722474471105351968506078412877620
quotient.modulus.coefficients[380]=37791783159880877026847192510801176973593979430092009493343339410938995835135665746636764907606675522318073168679344608624023
quotient.modulus.coefficients[381]=64780520313603391926769185188588904414197989327792061434496576542906769242275499828149836163394949202319076964373401817992547
quotient.modulus.coefficients[382]=5135363130483290080899291151898854925247444027836385915998716186222648169453192968158188996582720071438695293807273972224255
quotient.modulus.coefficients[383]=91250619339583315095482595382449650205316027383784342263891965592524179087039129637102638457994907715082440763641760615681557
quotient.modulus.coefficients[384]=27963940188974453615215292660166261775433917848986894821677124713775475073052615505839618857419251195547867713738036852294575
quotient.modulus.coefficients[385]=62523080877661157898125228287192871081654202370104688615087956694667499211916979963196958587647735612267765142886647713280097
quotient.modulus.coefficients[386]=35385048984253073196214260181325017654213424571380925116130148531177453081973371801438856173912390366909241379080165034328521
quotient.modulus.coefficients[387]=83068150844011794539320606826861115341044564441625903509401747342402611616532658594784992149323455033598499799437103510377350
quotient.modulus.coefficients[388]=15174225390508262664661309819256160850800241108610915290846724034916244658011399130685757483099063652383487695212061032823937
quotient.modulus.coefficients[389]=59224813765718968390179502900214453580848986730003659079562865988312373409773638165928056887789943845862258841760357562990952
quotient.modulus.coefficients[390]=89422324937011152528594818577230883955248077879178818882647172357071319252856211213148093381527779240192872481357011959523218
quotient.modulus.coefficients[391]=21859156912975163359515884837239899986802165273635343011031689298172023327689433905602204487772109288831574908888773831377662
quotient.modulus.coefficients[392]=17785091524690024856899466549875522921320660954779466292405228338310677775260401999743765888034751654769497824063532174210567
quotient.modulus.coefficients[393]=4207368955789658395804476530074380994372878577856058187925245137299350097231651061102222024520753756929223170738242071229660
quotient.modulus.coefficients[394]=74646166660143211927961150918936527742839828437790059789637092800052618631368891796350942862335006540586742810350683074215897
quotient.modulus.coefficients[395]=39332026703686770649683262558770810771204156749824054200660071379133645183783609680870576555338904202781782599303118795286177
quotient.modulus.coefficients[396]=95016973764529533612411934582296826519015557970588113687676018491371615067995998849640252298509017464976441385586360365203080
quotient.modulus.coefficients[397]=32124902880828203017290242006858303560758956681509251013053409489589194416797376377058392400993521866587823671004356166177243
quotient.modulus.coefficients[398]=10755186270099745719594115074537642205716325887637328613796225260656928971296925567910455148709055659839702627821134126692310
quotient.modulus.coefficients[399]=86874529004028286211271683662680450863627938004571906068793605666654074296313204259830110445921098369473853768537224260889126
quotient.modulus.coefficients[400]=10312451599233483446201109036949062972599984931639604144798385294242918757407108264597160827706559105434915013191006814035472
quotient.modulus.coefficients[401]=1
frobenius.x_to_p.degree=400
frobenius.x_to_p.coefficients.size=401
frobenius.x_to_p.coefficients[0]=16955401582423614098579074916212216354872792088460537080470279486332682463786968612027582165604920609432824785867819049695608
frobenius.x_to_p.coefficients[1]=23117156628200431969431318611694422758999937739832521649551426905651567119362763439817320942783017374204591044989506665171934
frobenius.x_to_p.coefficients[2]=37971598709742622502360945336517211761075243706193756514800175474834327957237004173808899306700663915734633650388951222813261
frobenius.x_to_p.coefficients[3]=81708432586187053020903626579757128188067383204642110561874905439207941003056485386433201214628138829041168954750657336836774
frobenius.x_to_p.coefficients[4]=96571276813391950525884411876027336478105399415056717809297422857352098322866510389099946505786425236833964199703951038152263
frobenius.x_to_p.coefficients[5]=50504987267147180573345198668511140564508293438839350526473048547604736835344811549705592735094713853307440973427129836360034
frobenius.x_to_p.coefficients[6]=44255798376195230422338221237045946044133384887767629843161263264577946189487689019437367722074303773551234981690767726658889
frobenius.x_to_p.coefficients[7]=8411557233064009472709727030566228018837346743134326718772480150355787338484126104901610440875231297455462065486117581097427
frobenius.x_to_p.coefficients[8]=86041201060635073869093648065180729403427974311703620681873004155016404787087935471422296133987434360657118893126149634830973
frobenius.x_to_p.coefficients[9]=27527824023198969786825667144548125448849117308455576636794097040538262028008123819599302572339802427138875312041423345655230
frobenius.x_to_p.coefficients[10]=27126055725208245232417084026188150118472507886199265011318057249451439602283924997484699005785250098074417136835884948229633
frobenius.x_to_p.coefficients[11]=44407263962919025879511633115297907686453475719220590963680115565390622580873016220551500728594079738846095827995033241859010
frobenius.x_to_p.coefficients[12]=67276706524163927364242925965189387876895393382292749044636794932213115756027496251661560348966155826691409558516265090196891
frobenius.x_to_p.coefficients[13]=94985827153943699558287061245304928349354750979810360103452925647787576276802379295905367479282430321742448025093668803071813
frobenius.x_to_p.coefficients[14]=34599050409713547579851014914916083079454885162946913872945224666550625122012220223185945517596511331642286814788822318700229
frobenius.x_to_p.coefficients[15]=23542435933330512126757967277540896036792264875580782631854833229799411314252669783592304432444053015632386713234730269462833
frobenius.x_to_p.coefficients[16]=31290865032142121788414400575248043593076548087908789256519408125244288667848777822057010543673417965867447176006640622846033
frobenius.x_to_p.coefficients[17]=40420438701562155335400631390498048846564550465382266341721919822632696468003592563690051390370376223363603912690694924152803
frobenius.x_to_p.coefficients[18]=90685131502601931482270962823079416219654774079000640608144644863255786612215169938363098503722574983880270295447297400094029
frobenius.x_to_p.coefficients[19]=42239991332666739319536087847376534967872948356074634112822936812612445590857430254022917056853048565419260627453130162335684
frobenius.x_to_p.coefficients[20]=79040620252867712121054658265237155231297681159337871073330739303975785326210433051985650003703688909615490351408644389256373
frobenius.x_to_p.coefficients[21]=57088973708601816118960787613847695960149051653281563553387694635164559267272069736893727558033620008309196621561084321595454
frobenius.x_to_p.coefficients[22]=23151251263804572165889947275929184052793091258414226293697330088447761573927682631956060102574970021287441341064195161567965
frobenius.x_to_p.coefficients[23]=47415245694308691977525823515972052339856896390980199768595539211965721074501595198349057418765718376273759851614385072828844
frobenius.x_to_p.coefficients[24]=69679388488709886285186801236106774585057181482682764950728033731440425674591503545077994479138537204580769291687104900117656
frobenius.x_to_p.coefficients[25]=4621454255395407901221718082807552502080428694148717275455415179872188204129524978177815576914081215391755283318560916438212
frobenius.x_to_p.coefficients[26]=69518983742984374709182883138012550643842887101074019818767178510282572153020284384347623612366102762734735513528965669574584
frobenius.x_to_p.coefficients[27]=6437210223079232159620816204201055211084307820985485362652910719375871299372161745742574225525559483864671792305625542371664
frobenius.x_to_p.coefficients[28]=15336912336657482966605782412214488841179711244018386611172299018709696203788379923811567247694001123399038410220534901597058
frobenius.x_to_p.coefficients[29]=49637393973953146176146630882153209115906492390936588167377293598930978462042822372916294271337995145163847107555788063643374
frobenius.x_to_p.coefficients[30]=68898359312678076504775961510666613220239436598646368667989859040711345644211865060039508024022780574721076193487029547946963
frobenius.x_to_p.coefficients[31]=407941466025978121381588600911110916446748805917011859545059209464157841786532419722990369505919302377214317005123934387304
frobenius.x_to_p.coefficients[32]=16925309672086087778796535296771233408100658205299988301780713501999096367309658110625065756080953862058262524397922160472956
frobenius.x_to_p.coefficients[33]=94785827253542499369552515224177529217606592696804513208905671083522081873293997641517566042974903035984278277180076197906100
frobenius.x_to_p.coefficients[34]=4559566692407993081911851027383874811530695188194557513625294620131614057423748460873610389908337462231302921299388926764487
frobenius.x_to_p.coefficients[35]=13790200465347240983973278880661658377898121544952177695375587195569376590359274129538080780684667485908263947849366092770310
frobenius.x_to_p.coefficients[36]=16932079153739948193465890387935571451968266233213680491164265982808274385147378586211339617031544499185816614013139392276863
frobenius.x_to_p.coefficients[37]=15782725156486381665952663978744630522422109542297140577947554509519438629906176092908291096205328671553160427369263654176316
frobenius.x_to_p.coefficients[38]=89828096861174134934844907559540044065280557086155525463566137703179788155559393802972156229402735324298585865885875473987684
frobenius.x_to_p.coefficients[39]=99669225358825270861043486171427836896743994477972001078519752264005061935558065225390285117458235819203417948632956886326040
frobenius.x_to_p.coefficients[40]=87074797893459811453693075661589910661349324089812511638712135099376122277119826378124657015122980443691687261177594724831517
frobenius.x_to_p.coefficients[41]=36395910923794305989267996136092800697853758377516280645752303536913072972474763068157223842505152849986871520353022327423596
frobenius.x_to_p.coefficients[42]=25585865099152175045975699250855461294744007281636718407538943646154554466482111643393039178152628161466573365054874708660189
frobenius.x_to_p.coefficients[43]=79887287908359352030177848012722928497678411693528029323126562024842401603754204551988480823986775039790866440380603446960853
frobenius.x_to_p.coefficients[44]=99376447690978242338797685595341649354974709383397898824910008616826195407509378229578621546068365809320460881294124162136443
frobenius.x_to_p.coefficients[45]=98888576382842269366137760114032980022092870350877600611732192330952067968848171140694234390328433562695756051387995764977686
frobenius.x_to_p.coefficients[46]=61461681569688324456353471333254982680937441976705640190508778030087064512430359889245281813315601484356629370730165999796888
frobenius.x_to_p.coefficients[47]=54645845763342105945764433747649929635832841067736325539984226087219758215482067878681705449975606447407821435651907508830041
frobenius.x_to_p.coefficients[48]=1398839820428591856145035357658760602678946451617475908064843950934419240638894271222208994707461655700139862713253454579808
frobenius.x_to_p.coefficients[49]=71516190630199144994530599718565967058741246139137514576863067195624840826426312259753525166759339420490258920943496924217122
frobenius.x_to_p.coefficients[50]=24639736279312913492501423887793348283882813793988304749406747007199664400674255542005757014383307476315576412001163233496614
frobenius.x_to_p.coefficients[51]=34229695798255442763573757623837370825759063765686626880403182221769377531839417117598799367290305596111053183330061246905814
frobenius.x_to_p.coefficients[52]=71883626842856486964222310362900786078582425923557082177498872296262086879481929318312411819542131140013616262229282781867290
frobenius.x_to_p.coefficients[53]=22576227256028607163716333784501075528820593084918194680190613902430515371987506031630954469854832082555543965749719315935892
frobenius.x_to_p.coefficients[54]=91729654481194141124421918019368692969817779533046271125796449231790912570919444866016546916671323655917407880802011635429043
frobenius.x_to_p.coefficients[55]=44997910703350104965113745569603724779645829628712662681878153936662144057374207853119729833690867853692501047910155573887206
frobenius.x_to_p.coefficients[56]=10229996495206382585516801434910238012982064429170477098703656674330939057724233303676031224451453324760448101484873323952847
frobenius.x_to_p.coefficients[57]=50091030150646969223803158035867341949969372466074564967311869864243404821456664438332607624393458054539341524768613705950720
frobenius.x_to_p.coefficients[58]=99152322331033663413609918666592730089032371661357144031639926048009109622728965815633358891728086959241116081652125917503619
frobenius.x_to_p.coefficients[59]=32149661502595229766108195526829757063499966977132971683477850276392220544968759784992418313696609233490741307254053370615896
frobenius.x_to_p.coefficients[60]=77840038940052683808389472942370719984548874700168811346926493846508240783850268192008509014330133011999815095801163949236800
frobenius.x_to_p.coefficients[61]=24699324637416048015439935733206184207729906905714853747369433269736726853380654262412288263985147005841515744342332241089119
frobenius.x_to_p.coefficients[62]=10409280782341851523736603366564725828781132793954404321259252193424202938162047531422206359147035048206689926440050112505460
frobenius.x_to_p.coefficients[63]=99237332353551078900334220473878155351012370873022741509346552263306430684221922170956567730649805088183101889889534640730459
frobenius.x_to_p.coefficients[64]=14997005305554199722134504075185709849622035690714496260498358101052308837528778959975122439722673338456304417291169597766064
frobenius.x_to_p.coefficients[65]=32763203716023675180921979857172955714018369355165964387795333156366821198891886642498438779414657262577462016784934369485071
frobenius.x_to_p.coefficients[66]=7304315880718957929338669581739621358221463871931054004903130010103087990393028291096342707071807136253474924447011920728934
frobenius.x_to_p.coefficients[67]=89223094902565640832748399658576714705789226616389149883511034888479725291231563648340839504527947979153865001648610210386352
frobenius.x_to_p.coefficients[68]=71234787494800717093689574030035778985742526230118513002917915335106489854461720910437662013740995148016631025001000224647966
frobenius.x_to_p.coefficients[69]=40323905124875459855798222798980212809806717451068212690347349134998597194233594643109286249686045802192360472126978652751737
frobenius.x_to_p.coefficients[70]=83400936483849645989759860380629076715013231746927283718818679265032319432260501359112232751455113552272177411277471738875432
frobenius.x_to_p.coefficients[71]=31532287895651130723503355150469928918296697231922907870858060020351751573956170592019703736995647975270800577762143665302476
frobenius.x_to_p.coefficients[72]=6481397792610410068151084869125539488344801725029144680127670280390050250326771875678449937616117070777626610056839327117302
frobenius.x_to_p.coefficients[73]=31249492585449280404712523173961226066620079918422943330618306739199771481489822638711426223522835407401840084305675657743049
frobenius.x_to_p.coefficients[74]=84058096143561095370798105728408050092731114851185766927671455784166390479496766063420131098148477742974177051326959579524087
frobenius.x_to_p.coefficients[75]=64994939376043618718516879438527751077610470927347283559949572126817336899710828911574098848037934520474171668011176506074741
frobenius.x_to_p.coefficients[76]=96830856595819135088454151902409025586107133423557707070075847754021508792453328637058486473642677239594957098702793820164721
frobenius.x_to_p.coefficients[77]=46387351801743171932370419633434341215027040268290619371976724550619947123935623947001458987335894167638982226416246915359117
frobenius.x_to_p.coefficients[78]=40738447427096421978397730609594767222602944365979730027920372225051315769549180570049794812476640691919435003882453102774560
frobenius.x_to_p.coefficients[79]=27132524544428428101897434517849142924207046172029992986625727690416044411325509492724428477659599526187267698761979168808738
frobenius.x_to_p.coefficients[80]=89644501322417702478271685485791010003114699276646670873586054927870449320997565509165331962724875226099600121518813962328460
frobenius.x_to_p.coefficients[81]=85785163489130230847589961637613819312822923633135704965446245855369916270149988002962503739920503316113727663479815767804262
frobenius.x_to_p.coefficients[82]=96748944386265757212391746092342450212783692105547997037257082802970682418824363399562505500632587333767192179294699231334782
frobenius.x_to_p.coefficients[83]=35943724697836894787135977982338675901289443258366203576281095285270379736885884385864163482861783029293225173718057589904729
frobenius.x_to_p.coefficients[84]=62199050588011314435674491365252176773075812095404501363110613394348929478935360875753446050001494059741224493421868162240349
frobenius.x_to_p.coefficients[85]=9219003828973493987054530549492582111667608139327303933952955163162509429206367339040625788371894233257355511123143164458152
frobenius.x_to_p.coefficients[86]=71906950169515788367134081830501408534899154725385423985272399050218644000693018156421904487207301906983315324402149279896726
frobenius.x_to_p.coefficients[87]=10343290534477839508009077177143454731158375666378464767463943756785340829387952229616402307132765143060123665929407978380939
frobenius.x_to_p.coefficients[88]=84887163543550151212938567965708655475210186264648728180149068972143436473857195634946250471450571021334812110862472383086788
frobenius.x_to_p.coefficients[89]=27697063277964772357355617772055854115553025867458806730179158706289829268303944411620928425355003320857394298655328441715666
frobenius.x_to_p.coefficients[90]=76403757031300738952878710372144520065656891624902514322274764833659365068911144315377057537143621711555691717591437034447961
frobenius.x_to_p.coefficients[91]=1203290122183474155841027966223121371846593273903459277772542359145687935249344503417618413436628803311454688418060667575681
frobenius.x_to_p.coefficients[92]=69872840588605890704962516459813164258022686784322599621187474366410997944697485372648028500453871492031207865879260610825127
frobenius.x_to_p.coefficients[93]=45428573377730796825577843416079264824140318063194995394929787862694261017934100073069314035339428253143745192118809707351454
frobenius.x_to_p.coefficients[94]=44948597063263246619859794530764326173914556762435736141582679560338597347395722602182967975924534338277658817855817012253038
frobenius.x_to_p.coefficients[95]=31057388132728242967236408342056597199396028786622668968578762754956992469135998993222525898077068460064013207939368738385746
frobenius.x_to_p.coefficients[96]=55009656888260604324200992741462875617696202618002442773171323716770790592557931981836407394625522555066294404110604440547469
frobenius.x_to_p.coefficients[97]=44531103446037349068336702650362655303615523709570748677102055606315140045997307043234262574233456952743941052608542369212458
frobenius.x_to_p.coefficients[98]=52547294443809619739315805729955793894506143865693258777072778092035912921159653091792551328365941190276648308742925082171370
frobenius.x_to_p.coefficients[99]=1401662194581795109619662905894162523967813047400309062215523075393395125441664285622081261142369637176730187796493143007670
frobenius.x_to_p.coefficients[100]=21625115754478150119210305923328687919895399965225528098890481791479139136246766441106918429110556999807329531021576214104560
frobenius.x_to_p.coefficients[101]=3705871109560959252985461855766670565093682660764489914808144042162833027911613779485942135903823677792012871040500072882189
frobenius.x_to_p.coefficients[102]=47879477949833953714157397059134778986316355155055271082971098252159844218592030983494375140053189942584251355614435583756366
frobenius.x_to_p.coefficients[103]=59810756373578537985796736950823150153275284403798181027297365580999831360126334980197072237787033059394865128268520245748354
frobenius.x_to_p.coefficients[104]=53054210933814777324976836639119271555679665283358977511775295416297474095897205276265994266070694420371000356327208004388
frobenius.x_to_p.coefficients[105]=30264925547259116879893546028564254888902578535684718265826354339130995197063738648260681779942278648131144158633443061826879
frobenius.x_to_p.coefficients[106]=6415536046325808065423302552754379215025426342874525222418090121341924138505928537603409850643561692171207440460719858381898
frobenius.x_to_p.coefficients[107]=10375427102522028492463235777294722195092123709827973877152984033684548148936480262424663187673656091000792724240954645469447
frobenius.x_to_p.coefficients[108]=49097449594038573347469741973923617728793081930304639807141863129025218566388061069922887731174343756483878074237330273542073
frobenius.x_to_p.coefficients[109]=96306327960238750258480897590426900289841767836166906089214349852686219430377362995971683844615213845300686355513953035171929
frobenius.x_to_p.coefficients[110]=63130056063787317476022621811325035931841738545917834481346729080767214224653657658125925902030342000968835319712790312422362
frobenius.x_to_p.coefficients[111]=64220239520083877057102825190903220577047926149560128207250620511634803369342548468132737922563868030993687948852190436255755
frobenius.x_to_p.coefficients[112]=64672902189514439778009657138959138699922849199535819824851868455991917947165042954336367144296414307184400756595944924684781
frobenius.x_to_p.coefficients[113]=88176888346092665637742670412583978064756718145934912883569334087596983926571797926189437028722224300523167018088731899659612
frobenius.x_to_p.coefficients[114]=41464671585190304425825621082272901404557637760293433822003706717110661709456768317205337803266006927286431627657212852746592
frobenius.x_to_p.coefficients[115]=31796890860125493436957440336711648487667024690574599488782494901863823540925121463956581651622004509350208406529275784311016
frobenius.x_to_p.coefficients[116]=37360769047314973953281660949454521191645941850446492886233693626910690203828338585412658965777874121703895448515221154148459
frobenius.x_to_p.coefficients[117]=67847193933970585306916006050405505018949702926093179259410763207965378232311531520470296681217983881894147293135509354999916
frobenius.x_to_p.coefficients[118]=50130218365246438995622191644002575726541786971332719998610723351334610272982449356469376416596568429102834384680133270558254
frobenius.x_to_p.coefficients[119]=6915738398593338524862318714917736100445961120490368034655616611291837141963699035882417477961283686006538598865876171967460
frobenius.x_to_p.coefficients[120]=33378982827248722074625097757527929402751171956209883672308970984370731613717460535745603035368161546650609489161219229435969
frobenius.x_to_p.coefficients[121]=38283206937984293007699142282169399885202986400616485435414572686199585613488740949186358710593746873049313543220472037768418
frobenius.x_to_p.coefficients[122]=69585973111789006480363151511099342036597306901612462369349628397725494865058871720849645886145197809281502421878125634352493
frobenius.x_to_p.coefficients[123]=42496826319997946323177390563962814752574241894684287380655941633630739498007549178513117783061530014152031233884859103523713
frobenius.x_to_p.coefficients[124]=598552397308491147886516242462175724470914674298765082835441031524619281440726330166368083511370544040478063580386708153086
frobenius.x_to_p.coefficients[125]=96045017066043538338002920873752824077363789235020672449312894688055258854262212323053907888361127962921521883326785887010743
frobenius.x_to_p.coefficients[126]=38926288108213215870249279002942712712330154854826029324498957957052067488366930060821812820845136124378152376945315462554726
frobenius.x_to_p.coefficients[127]=71037717207611659775661073058034671288230081380434816108816516299905028546531334929383895092016733610566838363910223821032983
frobenius.x_to_p.coefficients[128]=63017531493761143568437164327194570161517528605644149150589340427426707886097588715785506100114469446489294217784569824493567
frobenius.x_to_p.coefficients[129]=67312190281046439156449114255311553624993306414848693892972880571302371375709532992341007346617722146000442625653958688292663
frobenius.x_to_p.coefficients[130]=57066865332363531256519241909211722991228503194549077508590246928099498228794864548481570255721326673375514751411869730401510
frobenius.x_to_p.coefficients[131]=34971325541021676213075252139965995294114696997509547508468682545376032243834242951352740166639633128587377832212918566665021
frobenius.x_to_p.coefficients[132]=78264644054605882086976124116932737351919126372743686750134204330963848861544544775711611109149272814519350727223890274488532
frobenius.x_to_p.coefficients[133]=75057888114997811625484746482591815120227669384354078603072866441798419477667257590251184645739157367169861988034462716269566
frobenius.x_to_p.coefficients[134]=95195947240377154511893330990136430170687457336368878302702806852407749152248170454154832255454619697246374939670069115673449
frobenius.x_to_p.coefficients[135]=66751524160333886835727594515454222763447401917147537941990961969111989757624767281310818300840518022121964442715966032917224
frobenius.x_to_p.coefficients[136]=3311645796534716398767573815801834304567718218445824042011926997715365322852239723915625796725762635678398569154084314482227
frobenius.x_to_p.coefficients[137]=99960250926140061735872058155040799612539409651276619501931272394159775829584507519568357628875510498326416999215249396864361
frobenius.x_to_p.coefficients[138]=25029777238432037154019200292111456993218709288129561953441512499425381493759900429954595317411943424414463427339491671077907
frobenius.x_to_p.coefficients[139]=54689380891835046734289393806755660875526363518273171334694869078478744778324311141112198987256856343840181411550014018297920
frobenius.x_to_p.coefficients[140]=1941636052805429855292462450494259573482552353275514776987828961984965006037272310564995873403250000487419261145823943187085
frobenius.x_to_p.coefficients[141]=48781891014864953555660349707910578441979469867722977437009452358645643562289483018041824269490159906706647692856177945577744
frobenius.x_to_p.coefficients[142]=4330274354361488749788118268541526813242662032800147611123754199352336597548844183018102615861027996146295460839736956626954
frobenius.x_to_p.coefficients[143]=11753533354823897796172002509973973797248391845438343722918665202585272246274372837262752601272364650385151991648058611949595
frobenius.x_to_p.coefficients[144]=71561579071456043870300498141069823306503480393671440338692855511862865863656531454427581894299941578681099887779157428223016
frobenius.x_to_p.coefficients[145]=92782260084131900921248215248787900792924089019963897344054432051512554213291029817979683706326360174153251384372766620931922
frobenius.x_to_p.coefficients[146]=57288697619134279695039048694204022476784848004562178216746416709770195262330299402410416664235120820566828922205250893118320
frobenius.x_to_p.coefficients[147]=41493753806382466837018482717245985291741552921421474784558643381751773368068248594615939724571537270664554116439320530235977
frobenius.x_to_p.coefficients[148]=80648547689588189172697848856503980818501964788749994005092769988390649590028833635657074094789887828189751093232062657651807
frobenius.x_to_p.coefficients[149]=88643328366927018817113126475307783591490979873115161095541616313477507504573731593954282155154671653736195765964190025929168
frobenius.x_to_p.coefficients[150]=71702032740373739069289828398596333019341792806137470194278273389108970887462272409684823219772284756839502339657846271263692
frobenius.x_to_p.coefficients[151]=57402264646456777412148656236443162147541079832325693070301234211861655934406076162473097192649616280026974894987322791117701
frobenius.x_to_p.coefficients[152]=73294917745020374008738065522635599092195276790496811804446109802595830689154761830218124590060586715381082589991055139396497
frobenius.x_to_p.coefficients[153]=28115446810498565289006591327148926750307506082807301803332961476787261156395145978934530794297898787024941987388031546366234
frobenius.x_to_p.coefficients[154]=55410943335430840659118087043221714035921074584129447328468184677970089075654972294094696245237725386980218979112126946781281
frobenius.x_to_p.coefficients[155]=81775846066664005291126029324523409473017804402796848270473920287556460842610030495328755959992851838716636738471951083803384
frobenius.x_to_p.coefficients[156]=508246825516847822367204166915906318621645147130517742871293652659796917420412582051215115596696975646267094581693592870883
frobenius.x_to_p.coefficients[157]=64695155631922615491600522265545609720636307117139545113001119298495974556424104901316741740466945895740007925864526009705538
frobenius.x_to_p.coefficients[158]=1758343904778490117733635493616984890791407907568323074126876544741292755546151745340405156780939079274399960772979589894888
frobenius.x_to_p.coefficients[159]=3728749276834415121232337374061979416710800619237510384364981511638298999642556921478266495028141489261713711043715845071602
frobenius.x_to_p.coefficients[160]=20606256514089191999443978682841764386143609102061607470087863013965716710063110103833896662252739337053287554497914200845966
frobenius.x_to_p.coefficients[161]=30441919184448386618086179014491703004456729078812890009130397660075139808100306391912706003010892497006307769551995190298373
frobenius.x_to_p.coefficients[162]=2720650596365709110898802114433579957999492614832330937965941217769007151706115676266141586473658665786876721896899697204796
frobenius.x_to_p.coefficients[163]=75239426346677539815624875155742680019761967752650471559635895008675352072765501522066919990106609637634272909182209834842760
frobenius.x_to_p.coefficients[164]=64419020800690645275452074660749148159705008471108296155386836474918804709828376651463920565882302260425225640490425403452607
frobenius.x_to_p.coefficients[165]=84532290129879380855108048533459795390682195910783646614826653083429150770839415322927902863601437963610579681309794251666503
frobenius.x_to_p.coefficients[166]=75613430281024014080437054310998789568927520892124537968597966347231746950138953758701085924531393719317707172984530811102429
frobenius.x_to_p.coefficients[167]=33373984128572562333655604634026512050844266760477221724930331320017250757689856830964600096290996974084222063283119568650432
frobenius.x_to_p.coefficients[168]=35559961659202145206582638362763405861468165885873496711292259645820434934023161315823563062978125102356133702784293169841340
frobenius.x_to_p.coefficients[169]=37375247438821960643112497485087088520142776539979558234531252630645730086640445249469297284834483128380614064591035205448409
frobenius.x_to_p.coefficients[170]=98167069578984090900486542051555946188165547484773387999034380446713618175682678864145007707900297429170081958282407294566248
frobenius.x_to_p.coefficients[171]=7258356254067681263432041150133295362572637537139629940955291440791481364609772603575277533917241141814137551691822389230535
frobenius.x_to_p.coefficients[172]=88224373984082919038368508782960872330096458578899996477003604493496129130347411885770270287806906543931888793076068315176447
frobenius.x_to_p.coefficients[173]=16024917690983226033860733656289301295472244900517190013327384711644832007702584721118081848243770039952240165395269322146567
frobenius.x_to_p.coefficients[174]=95506175404250010199896632921203326143220191340812982103472029735934280481597746751715427195390545757177761644884205281467069
frobenius.x_to_p.coefficients[175]=32076117647045526418186304482049917722876155172072699187400006105095660925295659081796520553450472240550396295944360794925618
frobenius.x_to_p.coefficients[176]=67437987142673725501423798190363044381906486058921122009885263055831290699270263138951460568119858517321031697029267452419461
frobenius.x_to_p.coefficients[177]=38356900378288932190963666257571788844625832463319648493552412177389834463699764097447110918191075549201893923761644690785271
frobenius.x_to_p.coefficients[178]=29661768410273943704983978115919451744909940614311957475644480153195811826686197739903523225456507347909683992507171445042223
frobenius.x_to_p.coefficients[179]=85502810334568341437762235154027380148648001537731423171766446561594140492056538958607386714090863290385913175185483919214724
frobenius.x_to_p.coefficients[180]=57844037489150173254080720107563127561481630258977727528440166094096202794042647181785554328396886948831964673529798142421356
frobenius.x_to_p.coefficients[181]=45941773312692155606527286462834192148106870682628552471832570698521768813644425905945090010944277270749347603252890901047516
frobenius.x_to_p.coefficients[182]=46074314676405703231154103212673970027752594245840539492980891522667458234404515111271934188174127472949811335327627693308749
frobenius.x_to_p.coefficients[183]=77263218224082854534212471893025418708691043797197656314164955293302518173384890662776295609118107298926550255387576874647075
frobenius.x_to_p.coefficients[184]=11635576874374834030936327117325227480669307941824206783870357817188755210250260672226591752070461753951348181174525627609412
frobenius.x_to_p.coefficients[185]=73627770766491215861630127058826677902812187233460053896316237839737115064517689824733762597857980173395745277387278048882238
frobenius.x_to_p.coefficients[186]=56389941469125043113908290455484580437827236370552788406081290151206089051764778337631344537696727844327089224901328511597847
frobenius.x_to_p.coefficients[187]=37627787677168622022729615908520414273861463185737397980316632995378691633933966595234448774582109465765058641304709451861454
frobenius.x_to_p.coefficients[188]=34267031422443286762864438325446995396941001505788225881034137657502785918273276231926305262356572555435770254031845091334111
frobenius.x_to_p.coefficients[189]=8581462576840132199713131430558917012438341284977109138440160938161239346503694462385686119376422881337914359027714740316356
frobenius.x_to_p.coefficients[190]=73443484485346045203507815268489405782462763048975270595512262356673104625112880511457743940312741518640535349078819287045466
frobenius.x_to_p.coefficients[191]=88610404320678776136980294386041331936201688243780744433052971950829973672657791719847109264037995468234345380209695854152555
frobenius.x_to_p.coefficients[192]=68796951050552023923619862224689542178449712731280856882658784179642271795334105878590468755774182334540590796647726730086220
frobenius.x_to_p.coefficients[193]=48935531585223336986339689311328981469225637476086243375368125767385186097204637408414102144566854813461975157912346772393983
frobenius.x_to_p.coefficients[194]=43287319469834817860794007071912838269112759691683963399438664027989560043927297915523006079778441544942384391416015506449696
frobenius.x_to_p.coefficients[195]=26779507660048925799416681755214682480476590407451390486417051669167108476903031318408524629113861616546172930476837158227939
frobenius.x_to_p.coefficients[196]=38939130716198732291428201082669692197245863566399484322404749582474478940395618483400853253996457254239668665357791630835324
frobenius.x_to_p.coefficients[197]=5620439726470367498232787527526148828652990648548939711534135730417992629161373916608561801680073478331653118269832488100530
frobenius.x_to_p.coefficients[198]=65800983714954377295305837360932933053117230853715319706689298366370593947628896411004244193584839414122094785675325800048902
frobenius.x_to_p.coefficients[199]=2968757792299978309502566427333787827857237669410322773365511881351873350192713058137168991989504427282329612924262979625545
frobenius.x_to_p.coefficients[200]=35395343606908574070416608181193357827787637782516413004468509565941861117437699315217757900857892566705885964985538042619549
frobenius.x_to_p.coefficients[201]=54736390463782079555352600165132762960019340102501022123305522555438615562356401923977555951532818657252716359315433406767912
frobenius.x_to_p.coefficients[202]=42285594557479579100797797144329910040744214337826407868635371213477291588870200058581488256579348109521725593887650135062240
frobenius.x_to_p.coefficients[203]=57870732930684286247051652218236680422088508870695220330936961027809823979568941484132402058757808694090967819224006560324339
frobenius.x_to_p.coefficients[204]=27860175807178257694128792102418129742568490954995219451117050224840644965847890455386366457778287476355116820148264396106781
frobenius.x_to_p.coefficients[205]=90819022885223865513734267806382709751579396175484661891694189724891822593544937431464098409145180114310938493754833308346665
frobenius.x_to_p.coefficients[206]=35901265937339718765850831928107542678265151558124455713838796608989173595199938180470981994294338222324494792926855949679340
frobenius.x_to_p.coefficients[207]=88052727979812599332500270281380922693446018618739421409596969857622690539072335933019829362967206632861893169814309513628389
frobenius.x_to_p.coefficients[208]=23384830549086469885762952188740796399999111340505278420941135976197461001595499747211183627451134483868958497028175665213502
frobenius.x_to_p.coefficients[209]=90360624350995589769912582767262238379242002465790127456650045170266381711211941667277716965859609686839117538786946334971309
frobenius.x_to_p.coefficients[210]=43654311893398391870785421374886980833553894544083113423693467532509115106366026254793219212146570962063653479640261825876185
frobenius.x_to_p.coefficients[211]=58849018848740605642633302419819652525887865739738553572160067985095120411231559411463817775806187316285169958704976489801959
frobenius.x_to_p.coefficients[212]=56421256610709194877543462683892994430153911525588990688323459179867364641270069534823359203562613132715044487279637491030742
frobenius.x_to_p.coefficients[213]=55748580500100351222225719543435842358133103663469399832778583503391094050960438844058468529026743647884255989505103365749128
frobenius.x_to_p.coefficients[214]=31670422451829933334788231375195549565438184212926063527864775836261554044495923686119226223110956830905674675929029976578532
frobenius.x_to_p.coefficients[215]=66699530231663004896984528792034221009425969594980828800094796077656854997656841920641883353626854042293102803814433544643613
frobenius.x_to_p.coefficients[216]=81677358211652717497678270010040326219384267459360784189346525665702886637011869447746602829784055940627375282137959914052990
frobenius.x_to_p.coefficients[217]=43714217914777703074340705138788471206511245328098015151166257987543843019292767573381448031613863268723305680020514630492327
frobenius.x_to_p.coefficients[218]=57832975541159864711735498219949839279390195583237733469312328222543771564978067967431014312529708458774229813242593036469497
frobenius.x_to_p.coefficients[219]=25027334378288338259504901393816313429315591545508000019428213870940372023342707430908573798290359006903579301799393050886581
frobenius.x_to_p.coefficients[220]=89748497578493804094414447400930619825112489851358409069733268394252050070854945717046912532774391914746339970816701699137938
frobenius.x_to_p.coefficients[221]=80489092515887182647721125804382008137728432238030390591919227091695933512770135711641237866252411802729252566222188190825125
frobenius.x_to_p.coefficients[222]=28624936384164035602503458203713420503222818436907304176130222895161610994130091039997636718058552773396209139326283100735857
frobenius.x_to_p.coefficients[223]=36468790171010257441924150097265460538967376316051684250798912537721295748024325779279216016137949092295868399076572121073402
frobenius.x_to_p.coefficients[224]=85082013049690044045097058426046475970605142496670541390068335847121441948682518852335347350649055959418786449653238426064449
frobenius.x_to_p.coefficients[225]=24008417386948192429877485351540250176597815910659527138955278672666341939301382055590793772982098473680314935983814725273024
frobenius.x_to_p.coefficients[226]=63782746460722562483314864563057036669302389378235663949170194374024992161130055240566222792577702907079693287625653892068910
frobenius.x_to_p.coefficients[227]=53058324111632198203426966868639075992819648721533057102737519876449216425749924275159271696020443491795060196001970082606972
frobenius.x_to_p.coefficients[228]=96600107469613391481722712052734322599900087092803768902880278881737655755918761988009548427249394755708652311291706545556737
frobenius.x_to_p.coefficients[229]=82497350209651648279746373162019160165208111402691460661466487612115737705372861394833912382486747707333931502193585211481221
frobenius.x_to_p.coefficients[230]=52259024453121543189920202818339660433278014628578540564352843602815426196875544268813037582840814970007301266876927443616328
frobenius.x_to_p.coefficients[231]=34898478204863547614354832070473177243068142530771615300706518931429290677599252560843164970151316290823869998565964824557986
frobenius.x_to_p.coefficients[232]=41434851824841183683281365841588193536497286918617173920023331608780996003445817105882730463308910811618434085354926772861514
frobenius.x_to_p.coefficients[233]=24779976062029450762498321464116540270084590991237623092326014406302472654697957219171153560812214551910505555603859626505779
frobenius.x_to_p.coefficients[234]=35463208699805922915224587435566448947374946502534228389771310205973451808338846724091467214537892233752301358817482698556713
frobenius.x_to_p.coefficients[235]=29069991776426239527767297268149759299293399514887970248736320011304176757056822911743769592293205724437939716701639128843693
frobenius.x_to_p.coefficients[236]=42317406280491308337799012370038547835173777491115753508116339441314769398850430384993447635090237373781133545118208427050785
frobenius.x_to_p.coefficients[237]=35845000119500736466640351993775563153262591749970026185045387284966076331964147199030308171549185383998611196845241300613013
frobenius.x_to_p.coefficients[238]=92190008692401015652146008604256850597688336188985053476629439605574174446305842391814745776577475930050180751582137284338237
frobenius.x_to_p.coefficients[239]=92316091803007567506838075591309761029330053112571333497636397870923380716306538799806405815790352787355873338339643879349446
frobenius.x_to_p.coefficients[240]=27154511142373990848628905517021314493038472783922634750877473870672454930428610656590970050476241131237476339240621277540804
frobenius.x_to_p.coefficients[241]=96591687035259994295168306104069541572442263827192112742814871919276835255254048937713856207275333372121078231856893870849167
frobenius.x_to_p.coefficients[242]=10237266355989363429528379687493534427972037857340211388825953975531668302198476721894529970897288093677273105773824475593581
frobenius.x_to_p.coefficients[243]=34213215795133359438975457589330116738202989547882287089502356000476185495673990002496684736630537094264671283302434017118480
frobenius.x_to_p.coefficients[244]=13755709694234553347203732755589359074347668909953945567322865983367936340738016219963172742766424344633949902144547238946311
frobenius.x_to_p.coefficients[245]=57968773955068086622733071598700200632132785707235225227828587634949124872680691075113265280971859492468035901032735689534513
frobenius.x_to_p.coefficients[246]=43489588467115565592319800491459019909020996064880224335739927364949725202639938950012928747923034264948381937163419910414595
frobenius.x_to_p.coefficients[247]=56404924651708580291968440796793686496300563078206670126666717455359460419385954200208859436740231938891088432401670758993504
frobenius.x_to_p.coefficients[248]=72740580127090000491715930044617015413688150641656154433987116748626386406698157528962103539061926801661143781038318963122998
frobenius.x_to_p.coefficients[249]=75315129067327103113506668627108936389435296375842838566157031175026331140267525073405369261994785319480212918231165725610462
frobenius.x_to_p.coefficients[250]=18217033498507231093886416729178518977457871141746733709066715526091355535351499324192672137304939956426824806023429127901708
frobenius.x_to_p.coefficients[251]=53194389204075785967578911165679737453381102476773106411316206679659389751914285036760187921476839702868661870410181829955184
frobenius.x_to_p.coefficients[252]=38177290365123628848792528190649253785332908365027624459669202518223319515328306627333870100328868039056446062927928570889588
frobenius.x_to_p.coefficients[253]=7667568096006177917921577842402729108805671243944039394887246613616984566686391995803262599820339946326898788737116201170192
frobenius.x_to_p.coefficients[254]=2524295905561761521064859749611544111363961472201041490883403522521440348325204481180633968247558964050641619247777929767178
frobenius.x_to_p.coefficients[255]=15343275158966633143738965743791078973976259391270698037368075949486330183980296124764378779243642708787990882494688208266330
frobenius.x_to_p.coefficients[256]=30148363574194977946203715915197568908389309862351389562427081131885644101033927056403000141907686738063138899418407163086335
frobenius.x_to_p.coefficients[257]=70891214685961890646743943922852199617854445139359334601428744342769487085809520734048560272552484453509820057010501246834531
frobenius.x_to_p.coefficients[258]=81941928953986189000419360419131747159596037311612637621855182155338051914704523261228254108778807792119588386470594431842826
frobenius.x_to_p.coefficients[259]=58320651540356635076661402423606718399893157727032508439047231757381665844972472731319709471394987254214461694532155926146466
frobenius.x_to_p.coefficients[260]=74742982838522969922103214222694371778787313539009663289128849769609131684437874633592907080759361907232902399962844285625496
frobenius.x_to_p.coefficients[261]=36503785695430420476889344237424489467735539751346880571802570946758685024968913781980817800879133656526797340847369728792538
frobenius.x_to_p.coefficients[262]=16942725845699197715358792001774303154028497114191668679264350997915073418649733013012226845108137243574721509540810763617407
frobenius.x_to_p.coefficients[263]=27897228011059409231668850355440777517653380192152436528340268775300022997659825622660943133306219733154618931546008975352341
frobenius.x_to_p.coefficients[264]=48671571187764974909316140287850281236458994044054462867934947841225104066349362448325387715616675035659055760079679660957403
frobenius.x_to_p.coefficients[265]=87432793067042509598159099588279443614511634714022174831773085106376761397527137741047088834098363604240438940887744122012216
frobenius.x_to_p.coefficients[266]=41800336556727963518251364681312886161371250620578168284329310653552784091589985159845651593543201755611408089686745146731897
frobenius.x_to_p.coefficients[267]=53832384648829812749520900616184130892123985420343414330865393988123261550276155218143312239762024107410126904328605998573348
frobenius.x_to_p.coefficients[268]=1676598504840251503874332045057628654255643511417419409558662855400855078421642141759985173827453244155238553770575416878475
frobenius.x_to_p.coefficients[269]=79388055853793744059549673492081117343431854290104672697201143004017520050938546305982753269031414805936655015784824776037657
frobenius.x_to_p.coefficients[270]=47370957422197073493257537716444583583921661940094555698574763481914019945399187638166230413574774958908437049119159700589087
frobenius.x_to_p.coefficients[271]=87061687595391123791629463624534327495911530908767361857966671095531920403595315782168486410138198345001694301447473602381208
frobenius.x_to_p.coefficients[272]=11514937519356605030137258580630584029759392702528316441218801664423027447744282660119971246845067828177817453629266208679945
frobenius.x_to_p.coefficients[273]=38132370521644113620785450028919426731418527069848828262843149868297668065804461095444620098101288277256077020153749825288130
frobenius.x_to_p.coefficients[274]=2864388476457541223080211046042203628740500155029773108181447063911334296144121240986397069118844326040373833056747782405376
frobenius.x_to_p.coefficients[275]=18129020441453725383745258289996624550795893785480073081616098342384549840481405305926674295731508970221580262713784713679379
frobenius.x_to_p.coefficients[276]=37333141176274417373410642555597825164600351036892195627486247513156789637633351408283127526283503041918271040935785751907395
frobenius.x_to_p.coefficients[277]=74169661364592636872096553756047668041527733329396600431993679319638296099522573066049419998407973964061989988669240640811635
frobenius.x_to_p.coefficients[278]=14503603485808833807274876627122188521918635825482452822183091182682815189917323914201748984956172237914478243844221298106020
frobenius.x_to_p.coefficients[279]=45327691373264653983029330395963946317256984697284252411988866489217375958293295064498640201553576310299221703082475679071356
frobenius.x_to_p.coefficients[280]=10929014374030784241030267350489265725229805920654844571462316245450883280114745696229184737540209206912073026881492728092164
frobenius.x_to_p.coefficients[281]=59503000432195893645734696793251033529753044378439674526952244935361393624209407069174561869638841786148193108751257599611824
frobenius.x_to_p.coefficients[282]=61608222877355637836089608265863766989696186519041877492195952600515787367443249009124214842550836748761901599447547749931315
frobenius.x_to_p.coefficients[283]=28932293156305863180702608607109932675686001893200833767113434065906380571323122578815323110219777028520282956651695180911323
frobenius.x_to_p.coefficients[284]=27877559788592315553800852393682659059925496467395249067417890742650777489258175225333255741965345558891638689636985203358627
frobenius.x_to_p.coefficients[285]=94534815419684375310576555269118059267896150219912906835040890171421830026353897042589692446267318318447070391068971176008741
frobenius.x_to_p.coefficients[286]=69605884793481113877675274016408560352104714875288928787812513526501352776851529826692040415399771780645018811403140350265127
frobenius.x_to_p.coefficients[287]=82884837175844200438053884905668346846582398999418066569682999531157106560098631056956732286093601305526849885931456330643316
frobenius.x_to_p.coefficients[288]=12566157755844373126436438616086345056229929507402831180828699041959480494504037069294715318323060678801041204137303937141623
frobenius.x_to_p.coefficients[289]=29553464891662146606982638730534349471660972043800166789982733274649505976463822507487741246680010491491999687319237391317836
frobenius.x_to_p.coefficients[290]=85758122800833588611898674279645051458277314347490862336194635690466516601928146776859833296523985237877876567642354519476887
frobenius.x_to_p.coefficients[291]=23606130664025575382395106992059110957120230832544801725424881799553727021489346043655971083118235243438686709015561640851828
frobenius.x_to_p.coefficients[292]=78997427101557835529784013940284518522738070884625712987968190158262262926740987977450439948427995470003668405908667873320183
frobenius.x_to_p.coefficients[293]=13572485921985839320740486266236237762666268474517736174963253139606391067663310202930055185034792082433755291657987238754110
frobenius.x_to_p.coefficients[294]=60604518575260050221264205298927751336346781867486044338084098396573409870907164111979516227369830405734843211624444794922523
frobenius.x_to_p.coefficients[295]=97657283475658472429558362290475253584852653325444652654408503388620120429167842983313561001996242209028463895060874038835249
frobenius.x_to_p.coefficients[296]=1018829550209911086884907754938266003284377303899826692517165891839163454755864592264409202554374304167968292344647040367606
frobenius.x_to_p.coefficients[297]=60341695027268142946819603366900265351423419934524687645455754661059844774965001560217907213199436088814109383023019003913330
frobenius.x_to_p.coefficients[298]=28682737986033145697422674316395374068284250427783916268250883915239026828140867632751851549071109500617070608227183888324216
frobenius.x_to_p.coefficients[299]=96100348770751100106644481097872162570414106413201151522561993696368710472085739568165015437537361079140590346474939606229477
frobenius.x_to_p.coefficients[300]=72927392194099549809416369366105112408587746832727269690699062601432034495421365484829644902728071796486457525190808554613748
frobenius.x_to_p.coefficients[301]=99101814217419686183281774319919718388544598627086935563198966097729618511278959521072559357271298610386407669956152170117431
frobenius.x_to_p.coefficients[302]=7668563119799985290221064715849861904020891595882891426804240968441227393757364670698727965198773524620520115057293898753697
frobenius.x_to_p.coefficients[303]=34883908265458909549062279861070512990382326806734948234613936435792422475816763131927871786587973805051879183190459651612714
frobenius.x_to_p.coefficients[304]=9892375019593689791297963506514926168524200772510729834166353118978391706602762916802408864271529188039695560154279190396948
frobenius.x_to_p.coefficients[305]=64241333594983000415457564163247269067137056508057341350112603693248255467721919514286461662720205247706661592784053298746760
frobenius.x_to_p.coefficients[306]=29030257372548079124080013892382692156234536848618365937550821800299290507496895915570397510692024694764200968081952153579695
frobenius.x_to_p.coefficients[307]=956077429957329186363670121061216625355375723551020690176314454903158943409200568085503885771801966632961454498643124690347
frobenius.x_to_p.coefficients[308]=96725873054100656925939226800141130075693490515253907758977698028680251646301538455107463504636947360868970811941672248498964
frobenius.x_to_p.coefficients[309]=12169057866001325771845069928692271354440385013949073889285674400779261324440324417821240635739689737904343952074116417848397
frobenius.x_to_p.coefficients[310]=6010300439177240614187851830873538260777735687434797907047831788746236947494641097447023413340518371037970576167977264135618
frobenius.x_to_p.coefficients[311]=80945765520176267367052780223073048391708225365468756817589154751369878445280316879262351869686241189290217875171013112522675
frobenius.x_to_p.coefficients[312]=47222023582563270948847231218268818511395790438744991109748488539958414215791398384597205511678528404780869644906392144984604
frobenius.x_to_p.coefficients[313]=80249363474175971779933786039575338746818113089268568363006464167205015840844471802642923184591238347522167109580774128686598
frobenius.x_to_p.coefficients[314]=96465821472127417858938002650442042468411870009711220299697817231285293043515661610010153601440115956978686937865920403316057
frobenius.x_to_p.coefficients[315]=16155040618146080725434821411507615519501344621966924472615307669294084732496160937976835157922055858407305373658406850763577
frobenius.x_to_p.coefficients[316]=19152799800890380043735321000711306022040904338880731913020198571822971349271881424115730948891883190174026289925145195777511
frobenius.x_to_p.coefficients[317]=40336719199026376546923090720482158477702515403567673922546836073622687005582634913933087659085910530841170917070521576814733
frobenius.x_to_p.coefficients[318]=24387536651643301225940818493944831046460953172125120157631202193854077006100637503367017774984526737713978089130027197363895
frobenius.x_to_p.coefficients[319]=88579114301336744235065637829704337457103172390597521008031559229722051407202780339351673065726447152561796349771160734843859
frobenius.x_to_p.coefficients[320]=79956925071422776254800345690349457003180648445099929064686584586814199666409656083194572420853800383269428407948300872097793
frobenius.x_to_p.coefficients[321]=27653579092700264036886355998851574293535438516310044908565486258504886437989715704530466426526183169017408185941801752830877
frobenius.x_to_p.coefficients[322]=66466687999247981101176850136223803341645830616638574238175903916850307752662286895282509405934135305379624244918275693693192
frobenius.x_to_p.coefficients[323]=31664840355411819072524392314456315746457913669371409611680967221804438993012742013633996546758930448437564335195463163732369
frobenius.x_to_p.coefficients[324]=79926240435350350935506491873346871643696632710005633316264348258466151502224197666951020084272687296677804789868335672148613
frobenius.x_to_p.coefficients[325]=2506576476675164929563646954169010301560648389045715009005743120211412272740439169759411417271621806151824971170855838321485
frobenius.x_to_p.coefficients[326]=42892543487994805784734662045367710573507090761608584330299045133326225625444400360871541114841732218448211783748570778772025
frobenius.x_to_p.coefficients[327]=86532197022943619398090287758004433817393036636432975157460344762205070276347624290204978648124168334330898468283204073319445
frobenius.x_to_p.coefficients[328]=37622066452059558235930642010078256850792570491109048245989117788873270202983931381079302944495702971250279152731350306067177
frobenius.x_to_p.coefficients[329]=6382046119821548142836530234072880271811080564175441555401406727885679614093317799235061293602782295201706244704471595578939
frobenius.x_to_p.coefficients[330]=67093794953754209688641052931299463469770126425948497863682291970698724021333349888665745306218744731014518340025191820398274
frobenius.x_to_p.coefficients[331]=13309116507910188244293832614974345715155370617861850073870702149524142579804902339667810773836271791604424512837086541761514
frobenius.x_to_p.coefficients[332]=5807257119874682201833744466388773782829147340602846039703372854537287702258568462617323577224779921945476374600512099314357
frobenius.x_to_p.coefficients[333]=11849962687772394225806764033777090407953995727955306519033898181021260172135514855912362183908726156966444227211002051552956
frobenius.x_to_p.coefficients[334]=22228774091033683155244659645206462498698559711702778882879749982191087143171102659313611092266039096192053363303194586270177
frobenius.x_to_p.coefficients[335]=67393222430230765428478942935054839078301835279762732646626088735928179132435118614675482034537635957960248801416599881601991
frobenius.x_to_p.coefficients[336]=98096450218604933298511575290301246606083378599654020836342965122932880371223282947422888646194983911360476627766585001845690
frobenius.x_to_p.coefficients[337]=6500581639156293510323867815509149567248872632237003460707822167362744224326310213466241461924508877276347979496157134653973
frobenius.x_to_p.coefficients[338]=18899628368600898026351229819227668432842051272615730800433054313916163294461027917699788367026753925721762598478470199358389
frobenius.x_to_p.coefficients[339]=71275137452145324573137044826023183894509245643410031072525143036501636545168735830945800770957496529912880262266081487330117
frobenius.x_to_p.coefficients[340]=67013180363464549010654342140952535264561648536339762205635900809145789579350909743652686084334546160814467485710470385325064
frobenius.x_to_p.coefficients[341]=48397580884779499825087607436383205533379539967385106470302288006126790405438943242916073054805388150627828928530991277211201
frobenius.x_to_p.coefficients[342]=3850513609325582578914175347343710157459513907741759925694201227824853294251520346958599448477866388066853513066042243014139
frobenius.x_to_p.coefficients[343]=23161648204424411071006468539537077998447912146255842993309440195940451602303654146922120224271390373590395745491897932022999
frobenius.x_to_p.coefficients[344]=42348918537898722662237711075945742496655459714361713741888953503549310083964068061268148388773581517792007313817463427236911
frobenius.x_to_p.coefficients[345]=85845739643426871309247410955997635282107446324606716871960257571263505921553782224664458288807546283445775423889084687326290
frobenius.x_to_p.coefficients[346]=63612359309969580660459008677687391204629400459484778724680547059486616475951718101498589255117407019046504311455046780734654
frobenius.x_to_p.coefficients[347]=71651110124461754294938024742391960043228199642522493473380148457747260040304861005678031384204930134666552170810831959620680
frobenius.x_to_p.coefficients[348]=41239213516478128540360890377070749549082270217168673599691156609454124062189774592115232537787093215063057229447811725610314
frobenius.x_to_p.coefficients[349]=49133330310451370479050245385607625338972366547366618681686543424371342301918395425160373241201612872060070294549467170903940
frobenius.x_to_p.coefficients[350]=44346177484186346663260172682021657443236891764932726703122110496069433293507694416280548753608783408276372343150192202151080
frobenius.x_to_p.coefficients[351]=17472105415233187912904383769557185902523300543860109246886141949719388542636425210725140785331135095141630099018250034604257
frobenius.x_to_p.coefficients[352]=72198652942496386558863481792833299087557883742042420074577586883392042814569307465073311234432238292337608858469970654722092
frobenius.x_to_p.coefficients[353]=87484145021683325174600039656282812147842165117890045747834371406481606295730683631771571548325020690614802929159779697514572
frobenius.x_to_p.coefficients[354]=33652549039292773293967904637783798668775251751045897724852736379703405954197496649055913229785297929728509027514953642027263
frobenius.x_to_p.coefficients[355]=42039183563529029026683981029509025679443714382232802965596559923555456234031894971740380937021714766792008551128530649746950
frobenius.x_to_p.coefficients[356]=64344846530651903506194551201243972729151460296958892396504372456603971859191284547377274598365731696911232160223750214719830
frobenius.x_to_p.coefficients[357]=35305894028272659525535734437451895454316734559269062634428947049945866499874783437661645271170088614751345561888156100185980
frobenius.x_to_p.coefficients[358]=62016457388022454431423703402707320655788403725381239675987702588866830063020327977076011523563503130768080840230715827169404
frobenius.x_to_p.coefficients[359]=21007835479033466954449768246948991166331348305969257491444381440178983438469710900916336065710291528115977676073162541528114
frobenius.x_to_p.coefficients[360]=63700108874507801571341863874387675729943968915891178440098571107392844134238620624448237892182252913523754150216912532383673
frobenius.x_to_p.coefficients[361]=67219503643100211050727737383940429147804212926432323721901550514039711351765372387129740405059577063905596359555190753972813
frobenius.x_to_p.coefficients[362]=82594895473349344309848000045827190726096238552340274473209245605413224872038160311517144276481978547169614735037058265924012
frobenius.x_to_p.coefficients[363]=2904529186772230837048028038393156834887566003401883282569063212435679313721767380024458737423107777058557730123985143186395
frobenius.x_to_p.coefficients[364]=92750124594656589423034587202302656637402774485606184183276994958943773307287284774489448893349757899456202999836480839492280
frobenius.x_to_p.coefficients[365]=20353301115037032316708860101295008271281522050372029378902915401021245558460389730484071345279269622516904904579027298389844
frobenius.x_to_p.coefficients[366]=82662202778023871781557882400445343841719946383482069297050261194944370131393189493240688071248273151729925610120870270438939
frobenius.x_to_p.coefficients[367]=93484292578075743469576648108330305033121272080480145920683530896992443355525536338651303928888217819798411502528575164486193
frobenius.x_to_p.coefficients[368]=66641579987635952981969170442011350540636936104083839283835552298507502079160460551711557119450717041407422395939366359182614
frobenius.x_to_p.coefficients[369]=48302427989165977923239834964373866247789255204113749867417917295980849522540850044425730453440117457366533793494979848638268
frobenius.x_to_p.coefficients[370]=31611662483717856158273669196497517548786176526818205894662466380934726416382915766031146034450126737386024691200559942679188
frobenius.x_to_p.coefficients[371]=5380937277071674200486969006762009682127916155436851589631918266865190912433058116767702798811933872744540154226261773746278
frobenius.x_to_p.coefficients[372]=89730010971712851720801046471789387904705884520538023419931784509620963439890591414209087417712234745758221881688114483313771
frobenius.x_to_p.coefficients[373]=19658728956005093677063858338712338827749604825678186087958563991809359046293563697801448024332617935356697763430899765918884
frobenius.x_to_p.coefficients[374]=69692006575199774071774491963796014463507718808369021727293349914056143839748506512449361941301145471730001907803581183465668
frobenius.x_to_p.coefficients[375]=85990003357283934810181020989731132014778664193542187744706897575398225465248862232806385374177466877459734533719154360198341
frobenius.x_to_p.coefficients[376]=73205078269408688868063382346559589708003085686788087783904633501922987944680492960505828526781171356337205436849677269762911
frobenius.x_to_p.coefficients[377]=83249546674097514041667524940245211985040995863836819656743459206131370985660283821502569838429487907519428668325912675594265
frobenius.x_to_p.coefficients[378]=39659094336991506382926034389350181024458227321140172826143569283469676292944664501428130631987479463863572021746854064022499
frobenius.x_to_p.coefficients[379]=60830333640137726804319656609202846288149251663555598812310726360739370178365685631833882966962304726902560895368809105846655
frobenius.x_to_p.coefficients[380]=41849046521477793076109207089240750279447594019804654201337824685917469234902408047725699518524194847494131291450273612339723
frobenius.x_to_p.coefficients[381]=62590638401568124171009439141653952939690436590662793696291980325421321563893631405391889374783565251994037116636844562455158
frobenius.x_to_p.coefficients[382]=20093937079875174200715706523534648687035836065895530513380109584285833992869720072974619638777386366066027132864270589977506
frobenius.x_to_p.coefficients[383]=52073979010692573584856889600390109844477759061262958138682181522786012253108155566646819919694864574870812749608579175114170
frobenius.x_to_p.coefficients[384]=10073273217258913513340083466410113005090784191320264652296867420226815800401575789082434732826699007747719760284538214809522
frobenius.x_to_p.coefficients[385]=14077041363424678408634722211136733335540312459029994124427536624351569199928914773181349518551676460117738566699713994633216
frobenius.x_to_p.coefficients[386]=3745931086216944097000272610284860675033832664115262921653137675589362414969514209908214249716277829609807865969086554180041
frobenius.x_to_p.coefficients[387]=41844266847117062527132548551096645241812367802375282513077468990549694210625591738127950464917870981601065410039315214224530
frobenius.x_to_p.coefficients[388]=15058627861066261670254048174152110850984384202516379794775392936859004340522078300733140845618332928055829359691340027435617
frobenius.x_to_p.coefficients[389]=55043059750352024544686437761402469758735573319420154978273678257339859801654553971120170810891811241496778300494770785344549
frobenius.x_to_p.coefficients[390]=93557802502532493749255743662580996277102835992249156608061277456232734349220632643305081910226954960048501983113966413983687
frobenius.x_to_p.coefficients[391]=95231349747550199672509075080294004849508134725820437489117711867601732194380474463183367174809070079810464921455233925327207
frobenius.x_to_p.coefficients[392]=66844707730496172494459365079335415424933793545382088000890374782143043514417053098360390391009913547980867259956513720695603
frobenius.x_to_p.coefficients[393]=13787113506099296035770522947108493448249734226364481944267661149446489532308441037085845972882822483290029899833089635433117
frobenius.x_to_p.coefficients[394]=87747258579714783733468614446381773679904000454753219374505215726852072451559995627016456415830893031088532307800895114848670
frobenius.x_to_p.coefficients[395]=43332449616670939961536350383712845502055482310914310774595967202728898540216513124472188255972854621231255225020171800511749
frobenius.x_to_p.coefficients[396]=41266531711975738731501717228789493533701157095317206488164786962402883557880311456361188326990938556459627788885009170206554
frobenius.x_to_p.coefficients[397]=21107343666124917298823823554948091204425056850318152271954663093244695484259070173239133458204427468993346934581000898052649
frobenius.x_to_p.coefficients[398]=45198101561551501704819267910468882115430672331294064904951240720284663057227040461290460441389143522733441415134510827401477
frobenius.x_to_p.coefficients[399]=30067641888176363809169471728593884831220725368216447983710041700112805049065690899772766468305256124992719779488283098051795
frobenius.x_to_p.coefficients[400]=78624230247828331075665360299522956080329006243412108629038542989441815486868507587575562722773982555723942866887021117736076
frobenius.rhs_to_half.degree=400
frobenius.rhs_to_half.coefficients.size=401
frobenius.rhs_to_half.coefficients[0]=14542577855935774854688614345254487789039480891017074529548940945545905815754820590957279194672681852799306780986683336481463
frobenius.rhs_to_half.coefficients[1]=32273598494209447284302426819345084673843197082544925909650111385453541726178251819215756964710446551273541059160643011803004
frobenius.rhs_to_half.coefficients[2]=296440235828102783552304302779654187626892620470289114884359535426674542874451621498601662997373762306709055862939277714848
frobenius.rhs_to_half.coefficients[3]=60271199417957476827307476886200256941922709787962330777501937441066638779503287132360194909602795648037230700191858138190714
frobenius.rhs_to_half.coefficients[4]=64467145442605894904407984388898024075409656280280380606010830449393345699704016457272677483669015670400253206996881820978255
frobenius.rhs_to_half.coefficients[5]=23080580614628957336783610149364817571885280732002967659737292423547717445590761889541227037071376683429219751864358911467743
frobenius.rhs_to_half.coefficients[6]=83906465122599577445741066818197684786204372387877543602406674362403833930622673957658715918182526215937950307300566522216451
frobenius.rhs_to_half.coefficients[7]=67995544399101275136425539998427853198516302192823740249178371909071428795234497432947503245090358931465756476727978745543111
frobenius.rhs_to_half.coefficients[8]=71035181737484060292147451235651555990950211419170663749250849109857918966845291826987324873119512344622694476884733016111479
frobenius.rhs_to_half.coefficients[9]=77233624939564556953352654121289628090406804541414104248782184388807959467075472908476311930787606106747710796184993366484280
frobenius.rhs_to_half.coefficients[10]=93254629317880254085819678028757429380109204406346386433339570375813442523483544932722373305764468677468682909294857673791849
frobenius.rhs_to_half.coefficients[11]=5097410279624858007323147837896287384131697358477591908597318456375408060064201632807134783861194774435108920145955953970919
frobenius.rhs_to_half.coefficients[12]=32928629217022067577948221441310887700319406760282164521591536790311130584415648544988676166669842939549800837640951658060813
frobenius.rhs_to_half.coefficients[13]=72512480542998574506545991699759456135540217550871558463500331180097417335739046458260472219693595719479348129108833656085477
frobenius.rhs_to_half.coefficients[14]=53878538310031710464583612774203546364349833701886068167867994900449240664574278095363590375705713955435483826076110415781253
frobenius.rhs_to_half.coefficients[15]=19715831651544938686443780462121657168230551374787036333986765215555003900465402457163111608773960231012487478322669961852905
frobenius.rhs_to_half.coefficients[16]=27048799205609507109910582819705950196942720059674721798641295303192215006200417429818790447581915550112538618926607374915956
frobenius.rhs_to_half.coefficients[17]=45041343409962141903526280144632478664584127385705518777827604186388966202804531816928788107823942504876276417371070386160425
frobenius.rhs_to_half.coefficients[18]=45132142549898204961572130485650478096933969514749005982566103832062819013827740662519258069044703522883759029625815923795442
frobenius.rhs_to_half.coefficients[19]=60256489813429974834994624485269577623465824757671213833937220997646539951191783475144933891077498398149361072744987711335861
frobenius.rhs_to_half.coefficients[20]=54514052865819029468662171731189682585572634304341343164318208498093160317526425446289398005098443495018341841157114759032273
frobenius.rhs_to_half.coefficients[21]=32684122482204270270344535644692642608355656966060426491853081358467625958398969942638691070649928071700141114631449448301205
frobenius.rhs_to_half.coefficients[22]=4367183887677901861657334171305119860942401099724138662311467238997719763925954768864012716984926443200039654927038716320457
frobenius.rhs_to_half.coefficients[23]=11743279023785156308568833859439664444185609215104877728941528553102919996536327075482088271956508109122344743661393414229499
frobenius.rhs_to_half.coefficients[24]=74167468225307328311194859315264308371798698750920969439085801495076776263193569202305252196968146883025751886348541108131060
frobenius.rhs_to_half.coefficients[25]=19176570732855177498914420408767407649743016155521153891637472906107181376160535688633712536653579202994418326773114632353641
frobenius.rhs_to_half.coefficients[26]=66275654047791702767584757188075658852436051675185628260222650153871605446046849085989268457648949081769243404558011702841153
frobenius.rhs_to_half.coefficients[27]=88108314803324707904725990166115562678668547416795827177763907782159683835750539755707822820944292528702166960791080730783421
frobenius.rhs_to_half.coefficients[28]=75983463305151362176344303472908262100276936766473333088256021527202921451725795867922045433624315285849831427171272494615732
frobenius.rhs_to_half.coefficients[29]=90039188322040043038656873300658111918497976496710047093813735421565408073545836208227812631866413172732354002349773878949061
frobenius.rhs_to_half.coefficients[30]=69153633381541131967921875213862374884314321486896332560493081460645449907911910361156200546937363240957245849694809405560592
frobenius.rhs_to_half.coefficients[31]=15070295806312698208835314145728263381761579277628309564523379972337948131948379852222961804882831354262898835277324583111163
frobenius.rhs_to_half.coefficients[32]=40202507333179168993957149520562655597287095833892390530823129506603935725942328912799635750405970785696031637136548262693601
frobenius.rhs_to_half.coefficients[33]=89611710120499423198629696871144352992522087145287520145168045760268464645675868919535001906020715715561137550224041648741702
frobenius.rhs_to_half.coefficients[34]=54055754742133163473860260948791715584538487683080806919895438347040748080160279825824303569495722323396175580987314686373411
frobenius.rhs_to_half.coefficients[35]=50328040133956927096464592963258934335887552361508424302583198117760079443812737140833453456951377055274227684276309989906769
frobenius.rhs_to_half.coefficients[36]=35553900034778745289584896959919559759230851716850646172778815379360871740909481800858426006825348032253048102911449316895061
frobenius.rhs_to_half.coefficients[37]=2022130857500185123534980030212850779215270695524871100702914960849516833835585795266136791109082521410839482480030007457105
frobenius.rhs_to_half.coefficients[38]=39145635690324671941681981348929329949382848041358715070891133686817698883348951272080585189384883645396185701755691144402000
frobenius.rhs_to_half.coefficients[39]=16419681975788970537536927453749198256689662206318708913242540544969396629747735702346296434255783395724971292323219838679337
frobenius.rhs_to_half.coefficients[40]=39671014426807221644477999271496249231327393965588532248213047735182059024469770282281342634425030173912567093239273034060213
frobenius.rhs_to_half.coefficients[41]=93126775466400922565174897503223972972244189936471146413636045135816179209448420280630685233307445875524318743996949666981358
frobenius.rhs_to_half.coefficients[42]=37704884970403533776331517415499963172088100327735436269132068773080674554839320793135796567014178393425192260932991954107335
frobenius.rhs_to_half.coefficients[43]=49406010752954788000949949809461851702801002793535234144896884605082945525623646171986463646327824059040380164199576420088968
frobenius.rhs_to_half.coefficients[44]=22820271086142829705526257668831323035067367167722463386305748689722016645866052837885823374259607100158643729379849797124578
frobenius.rhs_to_half.coefficients[45]=12567130993253292982248362140410980680031778327620188354749800111023293545378039153032816740095065059210385634384776364586561
frobenius.rhs_to_half.coefficients[46]=6655591020352051899439995301677748678373651136379544505893625856315574198467030662720189246147963697282307804894035400314452
frobenius.rhs_to_half.coefficients[47]=48802214702113977749177610653506377803497480989609298290274579461773369130331533497487362715813001720657777559832525476349330
frobenius.rhs_to_half.coefficients[48]=41031710563260125224066754135077246871358039458142388045344570875987989684621042763814627616941760715980938889263918492135847
frobenius.rhs_to_half.coefficients[49]=90704705551583831319324299841987174250948747379257886126521635811583553296874450582889048294480577349377029687046551704412368
frobenius.rhs_to_half.coefficients[50]=97699090121784513688175233330854085122230622764399869914613158898231221063118880662032434225641697865049217065371471380317517
frobenius.rhs_to_half.coefficients[51]=7789353773147240465760936295256338752763447454043827170668805388854061377579907613777898244782441934757807673562587491320592
frobenius.rhs_to_half.coefficients[52]=18544959429721752161994927461922545808684865254780560466713992121111072101493582543580077016454880490843869179328546974349815
frobenius.rhs_to_half.coefficients[53]=63095995506251969996536060518880239268523334726043010638173329466450919848783168148446990726969952812848751972537146382730547
frobenius.rhs_to_half.coefficients[54]=93651291618433865596989043530059244771675775926445459127109138216366921228797819473773684598229785810490117814298000713105033
frobenius.rhs_to_half.coefficients[55]=55167415629091335450053901455036853821229201007116902455919231441382980954796622487351499373600003291845811310683246190760210
frobenius.rhs_to_half.coefficients[56]=94531432273776595243016655856976013825531907023427449359999027364763021122510482742213317150084772200935532854249733677782809
frobenius.rhs_to_half.coefficients[57]=32548919830104951589023286643383734267276389231801857525522372923057558777370140414100416151242151908877764157086486178552039
frobenius.rhs_to_half.coefficients[58]=84050452974753331740894302261200781105862104652729811382668965436153456581212168013219394558475218677172999879201388434066054
frobenius.rhs_to_half.coefficients[59]=24058233018332921829049988956152775538267027171435499062403238246709266518093041158653897115137659088735745830092526050372128
frobenius.rhs_to_half.coefficients[60]=85597881712521055446842755484171044791496972602949379195761506320872246554251689413760897389744658050953630844443703199712776
frobenius.rhs_to_half.coefficients[61]=80005151022656622132204264217771312259909974137043680603754046399366009660651082784182652236440336360498451491054358318003442
frobenius.rhs_to_half.coefficients[62]=18891217526197275416447825977273266584039044783893467064986802818313860259099046417355629394252794119763799217638022057813560
frobenius.rhs_to_half.coefficients[63]=61219539415120067193085157395181314646363735658273007727128547290004347012804018732526877607804472076051379370574929164099053
frobenius.rhs_to_half.coefficients[64]=21282532369284015821572750067388223677736227309709067109390034661647917608413676654968669260395661670729859322469885811690509
frobenius.rhs_to_half.coefficients[65]=16944012006802566658814410262433804018726197230824800399901033983885464889669507444202827042747194240368440066624536745180074
frobenius.rhs_to_half.coefficients[66]=47320394659222057481756665427831414393664495238102176676556183351689623496037080126675196346242515605481548869254473153452363
frobenius.rhs_to_half.coefficients[67]=60712370258669710439699702404533020713519856634661346250703123798370746038374911342494259323533303997235861028481794966206733
frobenius.rhs_to_half.coefficients[68]=68963613437675350990297543827522445848590198870488585174415728365675110600813441553316903562946624425397873496656210379126896
frobenius.rhs_to_half.coefficients[69]=10624443713967100670073075815658669163687046737176898912075375003796899076745906024189241855924959439446810713598262725519999
frobenius.rhs_to_half.coefficients[70]=50050946468108372356944366277488871706468191126024854892887580877055451312650412338928291679483073446749658616900933835535555
frobenius.rhs_to_half.coefficients[71]=4249551312234937205193571067684500136973780526958167331288525468160995369678225940952798441238618994548891645959219979239954
frobenius.rhs_to_half.coefficients[72]=7548388771911576643393076762363598069758977095514121925497604408390967229593985417486934071719896386275724611945934159855251
frobenius.rhs_to_half.coefficients[73]=8819854168999717214162110263279308225371726267071495337864855988582113244770528903312816572305234147601882752124168589169261
frobenius.rhs_to_half.coefficients[74]=91281650661922122073811819731077912882148594673555813760630848716026350608061314959968484575261223288041870140176590919045312
frobenius.rhs_to_half.coefficients[75]=76974005377263710577418574192905855113284428797331881912588367633279295063010952830233698468475116816988763317506717928441813
frobenius.rhs_to_half.coefficients[76]=16546385567800308932109382486520123967437660925939803542989002004457656331279149199350365393338393532841481178404521785998816
frobenius.rhs_to_half.coefficients[77]=90671437013108453262439220845149607631235867878338094546324462572057355826716832001283518981245909096674366983385748352204058
frobenius.rhs_to_half.coefficients[78]=85867835448240249984235520424318799453381140965714907956971052545271525123399802399956431458183186486412608114786197666053710
frobenius.rhs_to_half.coefficients[79]=40279211566060152425730463919418440362035202348548975627822450246561028877541279319508471042803731626749111233566184391800195
frobenius.rhs_to_half.coefficients[80]=6864780571042310200562359351047522055631830694118653085968438284077943199007037190427819303236928475535251429368348963747221
frobenius.rhs_to_half.coefficients[81]=65796609693969883079820635559436738061637036061330048341551574967068651965476251907289986079783418837676166917442366220143693
frobenius.rhs_to_half.coefficients[82]=73356227219048173975712538410220740172045422037954682345459411759960326182190656111874880355323803406235819094772413186483729
frobenius.rhs_to_half.coefficients[83]=25504684932101500686789799327510552467875074345822474215187354569527625674454445350758552682504468444047885031212900749584258
frobenius.rhs_to_half.coefficients[84]=42470367792207118138164724424121554707297877017172237326947808869273882785825894060604503071955608339813715973333506123088533
frobenius.rhs_to_half.coefficients[85]=80553566359392371551707686718581920469224847694540142157482726111970126640729084066052664401399115204930126984282539899888328
frobenius.rhs_to_half.coefficients[86]=37012762758437377052235378650793334606129522638334080688228728009233813482797323390682415436031504093625742306638466276461505
frobenius.rhs_to_half.coefficients[87]=52527815794767160103151410446829778720561558960582194271554610463297863642545740971310232770162601452775867619990217676367419
frobenius.rhs_to_half.coefficients[88]=8676720996711576166461614111014153024590552552520853831152208853667895582196606519883642245495037648958963055324875134472022
frobenius.rhs_to_half.coefficients[89]=76988716892149121384129850216642746980873927131167228391466703023086420276981113742574380496686558238126868278966505606195299
frobenius.rhs_to_half.coefficients[90]=14363636614652381182063360938987952376410369556416970442006142893396016704382636577293964594646624543479419972515288116021363
frobenius.rhs_to_half.coefficients[91]=16200242159180501310341455342223944020151826485823184530252987455347851217343820790474951415571068202567177376735118242684679
frobenius.rhs_to_half.coefficients[92]=38072752260600032553524245103397618300567279982114629727010332278468389925751283613944808090488524904752356405889685061084991
frobenius.rhs_to_half.coefficients[93]=26603465842409766018993002909224701813767033886467908308274144866802112281679626274935625146559174278563764555334485152436797
frobenius.rhs_to_half.coefficients[94]=92577028601662622538424268513562385891843001532209285809958626030390410952780631623641641898508335095731430025280827740216808
frobenius.rhs_to_half.coefficients[95]=55186955025296621660418958799435781761490935459087689342814215704646018110486972804038450203569087649626654965233416820210700
frobenius.rhs_to_half.coefficients[96]=46047582575951633929681409707848585016893543541857524852668787016100028377250830374177435739753333821631508659761503344084840
frobenius.rhs_to_half.coefficients[97]=95288123079383454638526429409339026840013581734913550500909938894793467047084790086573711865646335711369775685431219345564346
frobenius.rhs_to_half.coefficients[98]=85752670771828091785950141686499121990961461347113559316661454211589356180551189361381301489542455694286266496926193027967781
frobenius.rhs_to_half.coefficients[99]=46209669255510663675181144115998283715328501216347730989052618730841463595162839492642965453978909594886037269979487574368127
frobenius.rhs_to_half.coefficients[100]=41417787986270126439871326857754943292264755776126084885637457469092498313737825926291812292907809179649342918141468525239891
frobenius.rhs_to_half.coefficients[101]=24190212930504846447927623240186205330703445338532298639672381929087382760498765720652610922251546275035427163243330587228758
frobenius.rhs_to_half.coefficients[102]=6405293835996867087413249215421373000497036382737218402409462801129888818159790344006213572425160056602872481697506430094369
frobenius.rhs_to_half.coefficients[103]=92954872212197348471763253078202589801071867506385820768392924128395516659002245176035854260142417977774156727495502252547798
frobenius.rhs_to_half.coefficients[104]=3383031964729736889770358856057815715547758796136125990815183075620480645254062942712890466969083988217903894055593827872983
frobenius.rhs_to_half.coefficients[105]=55372691711199795681908149627757336137707327181355595099085065821433077361884101816820902445880604272497209294213659775991216
frobenius.rhs_to_half.coefficients[106]=16448872301197215388321025075902448743262120963512160869215472544731572438284055945471659338581881695523305923445729974816458
frobenius.rhs_to_half.coefficients[107]=87306943823205038301051990001729875874656211462206629964045718411868468329323634843392390528650865937724485454905613601376851
frobenius.rhs_to_half.coefficients[108]=3846732952441502751617661419540486833311936688028665431528043527192156261537850349206309519211321601952134876903059332700681
frobenius.rhs_to_half.coefficients[109]=74217871546390663404170080252900063346050278265204616372306302429533693617932769234173249060697279068447210579492030303352094
frobenius.rhs_to_half.coefficients[110]=35769616355020946971252796102452390224672890447014376185127561566600547295896481340462662540759545357084937162408926599916084
frobenius.rhs_to_half.coefficients[111]=81502188997086764728666792405209041750793941105111578317186232245230156382135065021217256610719981084911190834956583273366235
frobenius.rhs_to_half.coefficients[112]=13599624501108983997561138710225927979139399787699587013704016482062687867723722070182441841793237990482318495570712987757375
frobenius.rhs_to_half.coefficients[113]=23914772965491516218547375951468093722780768628233696060675630010383230256927556173481209446115854234983456047006888848105741
frobenius.rhs_to_half.coefficients[114]=65086821506671312461449727991065187830529817353059469080027116332624603225902875967732059570582079714527769169369586517438817
frobenius.rhs_to_half.coefficients[115]=25201062340113977024421097448057702853019515103670170674950644192107440391649639980113154671512626279742128452642500025807866
frobenius.rhs_to_half.coefficients[116]=84648789338789450598275059764274146490471930118834761717968053569050313206057132322348604632401105895285814416813606872491166
frobenius.rhs_to_half.coefficients[117]=46924570804497224244087967269299156177331760456047954606356888830617033253483138538586201415568785303899011365981556210779873
frobenius.rhs_to_half.coefficients[118]=75469825965646076817459052442975943160596975625938091619506770974120004476590634663945384927373417114267843769192909196639677
frobenius.rhs_to_half.coefficients[119]=40432448540732988241532987714592293325571979026338360381047018254902221561542567948803925029674441632716735462545961885762648
frobenius.rhs_to_half.coefficients[120]=98796805598124417605473026517498709689588149369390966577327090428124899831310578270254139324402466423667952139629437261245909
frobenius.rhs_to_half.coefficients[121]=32133240326673550042238691475207582223645046856931664216019272127184723126199873510213674344407190930211749757408125286232379
frobenius.rhs_to_half.coefficients[122]=41090979304868489325804456392635614765340878135231377325726938949873651735760001426888458279155035372397538627974880613925062
frobenius.rhs_to_half.coefficients[123]=9572977378118911495297081458426366700196709615061674129788033936561444108372898499196290940190025535028469163811617164832885
frobenius.rhs_to_half.coefficients[124]=11222352341378136657909282317156396465545405090301063527079790991099011153797319388830292322620311731585544881443623938934327
frobenius.rhs_to_half.coefficients[125]=72578253860813401683720422297627251391954822638557051982949068495345229762807345441828364696942828892705394997893394954876102
frobenius.rhs_to_half.coefficients[126]=44624510177694861498157942570464237102987868838131185676811084447270115321019673270761420720895710011554257702100301926970503
frobenius.rhs_to_half.coefficients[127]=54689959033018103972314973849521237061811820255396368919566356539296209372073758551161451909006682838568856869242026306411643
frobenius.rhs_to_half.coefficients[128]=95970087037220637518972372669068418266541450027039603486229438964734824307363358843096172607933839218690261396731590512282244
frobenius.rhs_to_half.coefficients[129]=93652805611989922228774389873807258178874168450973050485022888872342694040840044246407247862718297560255419485371549666148993
frobenius.rhs_to_half.coefficients[130]=63888559909994659681843752528713036779368517777048381370972754252265718099565038243312815934293096027566421909504860923631306
frobenius.rhs_to_half.coefficients[131]=57843109852669587842267425288841421367701886704470076521547440369838820638028096028710650061765323957474742345062419228382187
frobenius.rhs_to_half.coefficients[132]=69161142482193154169424536425017508960404303993177208062331124958731762728061016461016885291801876260239789589958604840849351
frobenius.rhs_to_half.coefficients[133]=25445895462711567908368054913418536979020257345610324472569419466317415209728491759224925305974890133775741411740663454072408
frobenius.rhs_to_half.coefficients[134]=55891274921466195125048504074963310346436537444409764568798096946553615126809700869391918138637958597241274714355094982198638
frobenius.rhs_to_half.coefficients[135]=56702575039601938958263473514084118610862631102875359052709721615693554059261190919060301890574003039444256026710258247624246
frobenius.rhs_to_half.coefficients[136]=22011885820353375038663323129755396552630822108893085302078272693290588273887788466019299303105089956263480342155374030374583
frobenius.rhs_to_half.coefficients[137]=89607978817700849241188399356349632083027861213166399577173395645968249636829532499451970854144114954833447759638587389560547
frobenius.rhs_to_half.coefficients[138]=50557479486316270635086649215685734381602797316566658373104917508812518888073607559344867876138848268676618989020444960999718
frobenius.rhs_to_half.coefficients[139]=13835690804451339440669514492587835570737226472600688836463534383511440606452046368039809402781474374832953883254085727369677
frobenius.rhs_to_half.coefficients[140]=66903289369063972828285314319323180327618657091933344201133652206189281648137011715341875892754747888440907840375023920361331
frobenius.rhs_to_half.coefficients[141]=31659810211839442784595381406167802699118297455449594718332004320641942991059407263525776627373783981550383793087415301803275
frobenius.rhs_to_half.coefficients[142]=50056421800426783291683415041834115901886033328026892269535051755693145616412785402836917611688218133059625960954778202298717
frobenius.rhs_to_half.coefficients[143]=17815786133001055740759981552947127276308915954541864954684662099302767133865806979016454994452672006872583404969952685366125
frobenius.rhs_to_half.coefficients[144]=69231183398097133721179451682443006257151193920427835133951501367842452518204921508521095386317016984692881394497893435203539
frobenius.rhs_to_half.coefficients[145]=39886968549224040682596492954118598228990914867801368165686975335302020935584184390929286682657257359331842679190117346409168
frobenius.rhs_to_half.coefficients[146]=39849049598685223016176732456754517288393849965094613483952050511555310143174094382701870943044064005383160170590671673736682
frobenius.rhs_to_half.coefficients[147]=63150631623175642107602744626521604510858677293004229148746008031088046354176416853490167573096105440290036918838450033367491
frobenius.rhs_to_half.coefficients[148]=73407450982402530669268962816795987643042034781474769160076188004049988142901224975104544491903573264826100407439472486988846
frobenius.rhs_to_half.coefficients[149]=35905143281963285592064123753080062735313350370488808202697349968479484057757071782495157055984260548527356730334383650036768
frobenius.rhs_to_half.coefficients[150]=89692999319217903918930746774515941812290133163073423248024363033406922858899319533014900842799207025377970886755883640782399
frobenius.rhs_to_half.coefficients[151]=7518416300468181322794296495342794283761043243164603197509476684220557794200123981094478552830006198678755283618206520639104
frobenius.rhs_to_half.coefficients[152]=89672078117924006852182839544564067533108586704253279233039837756660720998388730872516296579461370885604821512037154979904928
frobenius.rhs_to_half.coefficients[153]=8706942261889667227316093377816458372413583417137361128797313386964284104974396484857220520163878552038258707802023592078990
frobenius.rhs_to_half.coefficients[154]=9516111639034481023673540147231116220835331945416932621620755710567873100279167834775174641080823046460737480494004940684067
frobenius.rhs_to_half.coefficients[155]=56312574273748631153788347503603374126563074265900297017929128611587765456356806509357041743317967379783710874594920574736823
frobenius.rhs_to_half.coefficients[156]=45661941857654834448708099363066058552153902438308470786691010195187448064404748148344928395697822674088185066025722531700727
frobenius.rhs_to_half.coefficients[157]=76870449160170493767938306617934143790129405980059580122990843636550793895656195404900953846729971167764843530368739090053966
frobenius.rhs_to_half.coefficients[158]=30258032784129838538932548770236483099996778101615848643212833610628684242345518591974564027948469113914083713318697433814858
frobenius.rhs_to_half.coefficients[159]=68216949442374785662925419732749657747577220537986682825205450225242095704223768830788301152215402649060687436281988294306600
frobenius.rhs_to_half.coefficients[160]=97888381488397320009258789123966703718004078134897768432523275811811912946813492675134117129595313707590829427272989412650097
frobenius.rhs_to_half.coefficients[161]=79871837547952867877535310573441710257218550940579924028309110635019783933530782809402798636563178317036449988813243014790269
frobenius.rhs_to_half.coefficients[162]=35874170697512577857889970806733131554132926978187454809233995189387136527957670707699425422734798428062588939323035341210643
frobenius.rhs_to_half.coefficients[163]=36007779323079562977314097588260327027326936878983620145319673772692937462692315463536228962662610313799974691772688842290629
frobenius.rhs_to_half.coefficients[164]=50796111676510438379726214610339265130621522917881329181677678295509042988305482187494403731047560215881166384903671455003061
frobenius.rhs_to_half.coefficients[165]=87305157994757531793169307335131286176258039327164013894973881161203334710164973529490802112773355219637569839864218005193529
frobenius.rhs_to_half.coefficients[166]=56936014371901198486868874266934766635466262562944632755016175453900528566765483263937993569238767906515162637398672127679838
frobenius.rhs_to_half.coefficients[167]=32922095306279831999955048725592788915393273827526699932157382450804641962579874553789539837400276672265461574283482453213903
frobenius.rhs_to_half.coefficients[168]=90243496173414458969298691120110784613265698920079754727776414232238360421054589208831730454618224673709069954611854845567481
frobenius.rhs_to_half.coefficients[169]=70528629726986559264142633117709722612277365981072154107761161368267709235764792921090045591593522282260688111278535621322644
frobenius.rhs_to_half.coefficients[170]=34341868192302310856286889435468833870525452525892496261334185640472413791862589724057441435609659177377214495387809429386261
frobenius.rhs_to_half.coefficients[171]=37421829024227698783915050979519243878266481666627614912749848220775588231465034359958788116015688437209815702439582008153762
frobenius.rhs_to_half.coefficients[172]=15680028117501036181153294971988059166901400049010151758191146566862891286536768974893965695382995415742045166636282248427026
frobenius.rhs_to_half.coefficients[173]=14532903235363130391874529734886829451629759489250103172051045287477052041078962361334532727689392827136069698511129445965580
frobenius.rhs_to_half.coefficients[174]=85555289872183231448021876252780270928384515494797731682755406599046797599927748242710826162936518683027207930204541580765655
frobenius.rhs_to_half.coefficients[175]=70370845614999259277660474655109171662379142090241008816249869048795773670708593819746308655650898327119257075997086215334726
frobenius.rhs_to_half.coefficients[176]=21073398608976946886209913486867378531836652424829291102236653640099480465951351217045912765797814324171009138658118127977887
frobenius.rhs_to_half.coefficients[177]=17296852519784388665125702204270397372786100719089586292867358898484246131348818372956710876259020911276643423011719678426054
frobenius.rhs_to_half.coefficients[178]=40391139967006698020610110425255717416986757570183193146156646734594733263143428927951216785636416499774370426143334790572779
frobenius.rhs_to_half.coefficients[179]=44782019455315532503135067073927511279528151433514755292667939713214557081481311836897012619422078840590364724232760377856086
frobenius.rhs_to_half.coefficients[180]=56384908068101145372806544821238025478958870307244684969676168195267239178662474039289023270049756536713739762834219732017859
frobenius.rhs_to_half.coefficients[181]=2182683790691335709646735138704834667156968850373507243979805333917899992258846884623259058243371898359383763118665097510086
frobenius.rhs_to_half.coefficients[182]=6772244575092927091702789374346574081066286953531205244496178952565130246614816878598202124373561266202614008415784911948813
frobenius.rhs_to_half.coefficients[183]=95824401406554835602239873324629888696694786714234988043263575371639743929194523530420254442070695556563577460327607907599113
frobenius.rhs_to_half.coefficients[184]=16210241954653900935272409992291593906760397194865421196044217370153694059273661133376642553014700826816611508321361642170924
frobenius.rhs_to_half.coefficients[185]=8098923380663679340657810025384237902888829750372057389232657216743321814433807897552273228357772084323484239859678016964869
frobenius.rhs_to_half.coefficients[186]=58462265420425408925641942850615924004774005126592727030969056394363644268033687444179352361853894048470103096965855852511799
frobenius.rhs_to_half.coefficients[187]=54436371401664793471016673077598528941597948070478753233476288829820169244068907198037028855292426778478125451543911446583295
frobenius.rhs_to_half.coefficients[188]=67933080069867045511821705399062168637132224843822887189789004456985287370185462117784516339489607083426324458965288694129585
frobenius.rhs_to_half.coefficients[189]=1187892690140541403042175069699400646402279808734674644223929805484318200111455060992002891463110013860699399538696784018976
frobenius.rhs_to_half.coefficients[190]=78461910573679296051794017026150389309330243350242157834567966369449956470937690759959876230597764558870321865624915127038630
frobenius.rhs_to_half.coefficients[191]=8494491719804316942448448707853795878328573759321564942809077613800085648507393810614888320259107460361750051928500360283146
frobenius.rhs_to_half.coefficients[192]=18643571420648148759575324378136616334720037616245132856218871597481407348157962587825806271543370721970968080396055543935970
frobenius.rhs_to_half.coefficients[193]=20488629660270043058068072782104571121195544649256860924099929622463043439995680759309501814809657205359125173627245241283225
frobenius.rhs_to_half.coefficients[194]=40347383733000115189734467861160439695285402927099916717224992447079463326484976937818186860114328079634253494576358159794950
frobenius.rhs_to_half.coefficients[195]=27817754277630885282900654543111717717600345662701074046970197697719525808978679534078451242108913676700047683968509108133973
frobenius.rhs_to_half.coefficients[196]=56427154936496732242975192308350177404894304491662206623000005488654676054366863937042078802763746460831944963852667722133588
frobenius.rhs_to_half.coefficients[197]=15769766810007688877477425576040524998578773304789448660298618597869693799125750939264267269578129725124894600856102850772288
frobenius.rhs_to_half.coefficients[198]=36436863575478573470560536315385513105827635542473457989155650652991402235845801638622109910906552478413068365001561334227860
frobenius.rhs_to_half.coefficients[199]=57486682283611367964567791158743755132262260648820707710134439439797463831527389476046647892648634848714299383906429035256114
frobenius.rhs_to_half.coefficients[200]=58627650946369419509666751059927191029890921002115577696408540311950058255645709861692161950791057259782172093837273856988962
frobenius.rhs_to_half.coefficients[201]=46823626830631540291119769965182262509079563548189514126467968445562579311964786630783890147348564799077209061679155418099966
frobenius.rhs_to_half.coefficients[202]=55710517910922524551101782698504033200312020640936879196774997084117239872978237522034174035860915566201037450765891243724978
frobenius.rhs_to_half.coefficients[203]=24020887410313828292992376044333554128414466655010327501389798433807268927056035286764999018267222187546513956499230469622378
frobenius.rhs_to_half.coefficients[204]=19426558769468554810040741593947068900249795011558964757073587728151536266785568529057746190802923496847649673589033791937861
frobenius.rhs_to_half.coefficients[205]=74225226954812503093525246037529943758726103863254657097824455911144678441639649863115281115293808115846333021252336373148330
frobenius.rhs_to_half.coefficients[206]=10784262291514560754488129056458744304670723066628568140059022259464561711205808483007125260382328399734128713390894426596283
frobenius.rhs_to_half.coefficients[207]=7403720551457719873827961516097028718250367883615852276749461458535797487187943720732955540485818828058177380708526677476839
frobenius.rhs_to_half.coefficients[208]=94616386050707706092237174494641076548739403783322832930940675449567790345840991301190494142655728038686943940178921577185163
frobenius.rhs_to_half.coefficients[209]=81811709292939544169451313623591548730452645970719687758884773390653153111657519023784891777259700762353858544143639791102344
frobenius.rhs_to_half.coefficients[210]=65988431315201514452817628788663134819099737868149964894725803619688726612163287803209754695429025643857062688613686434887006
frobenius.rhs_to_half.coefficients[211]=18551290510820654817872249869919140617003370416832035128784174702343478649927001101276270016294037192589762209593687297765576
frobenius.rhs_to_half.coefficients[212]=93682792484739430183606470266994181568243513928665155170818887064698494216817530453151186086073558034842031435257122644347550
frobenius.rhs_to_half.coefficients[213]=21911632823255316869660915254705593255960123973878890730442444301766099390952590608174796795321788614767453821121600486295914
frobenius.rhs_to_half.coefficients[214]=62054182783770638384500517476666591113188720708380685981079077866043203192970022337429695810993496006855414529693025521548081
frobenius.rhs_to_half.coefficients[215]=64673190882161875487871135711549556552444440981810962465412429763540862635549915267832437443230680832265575174008097627614384
frobenius.rhs_to_half.coefficients[216]=29521282817599523172736415978278307639398885571315241828027047765119645517007490312776858744868105524009839105870585389229708
frobenius.rhs_to_half.coefficients[217]=18900545578846907566923905655882299199625245004451006136805587466634620438659628335581862188481793887534232997297339459783498
frobenius.rhs_to_half.coefficients[218]=921603774406280369713404235650951092997313946374073861320200788399123123391962803815354387593020660082469662173362145904073
frobenius.rhs_to_half.coefficients[219]=64436270518980662249925064233615664315622036662425631804967871159591925980783819492661892041625996410949666157879938183131357
frobenius.rhs_to_half.coefficients[220]=46602285864234281214482015720819245183615628336615786353669193819266318605942011287292012760215092255601251531226117408408361
frobenius.rhs_to_half.coefficients[221]=32633777912860889024771837466522787767490079493015621104424698007550101473261964846648239159194618187534354692516471121042787
frobenius.rhs_to_half.coefficients[222]=68215118604253346830668417170766903559682498911917090387699097678940441015334894191452309733832104704686114959266317165134254
frobenius.rhs_to_half.coefficients[223]=29898912236225719829362381160207058005014733822213722465874303414493533743613397425484752917370265171610106355630506989270676
frobenius.rhs_to_half.coefficients[224]=32448455900626005025765964477946287726865181166408073049873190403219823816951668523409347441176859550203247626232732166289941
frobenius.rhs_to_half.coefficients[225]=7452422887772229469543625522272727281287615202509981060487073094532233503694589998406311244907340662705629569218854573876339
frobenius.rhs_to_half.coefficients[226]=11312097968544097232683406540391610465735030035813713085900574883193316718568818997835970397656417697330849084391292299461028
frobenius.rhs_to_half.coefficients[227]=6797567172545106631702538346158482785394856084338358427019615195119761429938747649255732202193965451628788926500173356927390
frobenius.rhs_to_half.coefficients[228]=16433338164212548276041091655812327075876809790776929166509138104562437202757539405749550183013637062406393742670382794501224
frobenius.rhs_to_half.coefficients[229]=26978668478894157639860792683582182448726846602225170526762364885295686998195798420831877621700200078567018749025831185535785
frobenius.rhs_to_half.coefficients[230]=30351578073940099517019232741659963586569902781280676159133737099073479875681474180864082333773139181527514603614993835084374
frobenius.rhs_to_half.coefficients[231]=48449232609815402980124781619688056507173742531666821942074441784343245733858799539184719876068558908308877335923743524078298
frobenius.rhs_to_half.coefficients[232]=14229142160858897211637379123258138507588726681492723975620477183583677448670199432250735916126596227034342127351832147454282
frobenius.rhs_to_half.coefficients[233]=65356502160220906897158148356842262844924584796361815163103232333802278899175542556904663224562759902450895155497448728263900
frobenius.rhs_to_half.coefficients[234]=61533692832521013311257035409699714561069233163211560848456618737792668993922004473542801794930368132447162881258756016866908
frobenius.rhs_to_half.coefficients[235]=75408154198659650199145813943416283874037334123300407521881532827865419262216288429089155079178087449748119570522938469804480
frobenius.rhs_to_half.coefficients[236]=860738308158742562407920253973056840658916029658676460702064367499622104756610084875630645676209779808482464458012429314206
frobenius.rhs_to_half.coefficients[237]=24633127464223213081371009885606999709749707921895829337189270631504447441014407306461153532323369057572838066137203736896450
frobenius.rhs_to_half.coefficients[238]=989704435320164180951001842321598951351549910830241568074820345283392190411684302343494638831592393810162831898237955168994
frobenius.rhs_to_half.coefficients[239]=67110190399929465517309509154101622607965500498311270506654354259550376661698826554219866924578542733233017316633652499316531
frobenius.rhs_to_half.coefficients[240]=12536704668659891124018585676113462358000652725671464201361574661540829052498107585779758204776175076277046391920145180276100
frobenius.rhs_to_half.coefficients[241]=6846993617498141319756519057370982257534741807124808885283158437543134974311864575598930620422202496380437030929010478526593
frobenius.rhs_to_half.coefficients[242]=69934650716031137490781893369785989143785955283532157864685191832239121719853665520882615508492729583049739050039895909410723
frobenius.rhs_to_half.coefficients[243]=69959831054225704156505770486628596107482670960545496254908925342204279503123936745802169738167009850199315616981030001201495
frobenius.rhs_to_half.coefficients[244]=67289391825698070869520407404671345664424785188563024480457413259562898210612759652131146268252714763018217747213612407122752
frobenius.rhs_to_half.coefficients[245]=8488291681931159372975981897136467972460893387345258460406283363566923233767605407080155238105959808639854323426875894347213
frobenius.rhs_to_half.coefficients[246]=91668321036175471279951572607954307415470233728937329793278413162371979739345084912133255467058304614471606536622846305665110
frobenius.rhs_to_half.coefficients[247]=60581759857208646591754642904152920357631538771707771439936512710171029309828829666020113144811535652311390239764268269732920
frobenius.rhs_to_half.coefficients[248]=71781054230547494331185824516783687093231623183225388226503660665292221758767269038624224651386182864878875829531447713045409
frobenius.rhs_to_half.coefficients[249]=30878132581965656177608481832906558551129628007925001482752698138441508604448528159058548498785530573560281390027993873654788
frobenius.rhs_to_half.coefficients[250]=65452064852486080717445505824442527166952830425868464887922057511564504940728274436739285033009262573928181364146310940236987
frobenius.rhs_to_half.coefficients[251]=10179663382336405831579121011045353254974472759010377712617668770124295184982582539455486346519659164951503032466220871323025
frobenius.rhs_to_half.coefficients[252]=37485525465075387702519980767999714564395112573933803418704230995017968629747811886347212550890522844743312578027514516862898
frobenius.rhs_to_half.coefficients[253]=85104127150442257970035146944265778678738394310504260991692208842708062469161348702046557071785673301553371388330944891972791
frobenius.rhs_to_half.coefficients[254]=22355206389629710025674003362863562404977129119972456195658017392086697467352900267939773200211184920854329172728006738320562
frobenius.rhs_to_half.coefficients[255]=64451127847076276930129344385131376644419813208160874634920701907693639685335561943955079280188965490846238676889045139542506
frobenius.rhs_to_half.coefficients[256]=64023516727060834106121200482509998611398427190308325501348235007712069801537848247695463020285274637290602599973288269595952
frobenius.rhs_to_half.coefficients[257]=19455283098653340135635883362412029796658343256267667768864098945033048950461039412475413405707320796751886061937454864155174
frobenius.rhs_to_half.coefficients[258]=23221701659831900587143330671868118107499305241575190198055515508992941187808339006316658303585228245841856071489007867985168
frobenius.rhs_to_half.coefficients[259]=26882532186741516256577984017584108380048839179000950070918008092204007669128654831845491921022441943349648922375119022535889
frobenius.rhs_to_half.coefficients[260]=42733242596308826312584223054835476309124817818588167825115523729520436905635032707305924235671280768574582378338181853300269
frobenius.rhs_to_half.coefficients[261]=9864518191208999093797692391807736040174215078014943406511105248219095266409847761306944195304814521490775872489791666658070
frobenius.rhs_to_half.coefficients[262]=42477261608636799790844906771755913439099167175878968812378264718310123575800164013963962319360247360345359465833810920268169
frobenius.rhs_to_half.coefficients[263]=29434568533458904668748865262356813923441587782204233069083906077644294718352520942577473968490929159298625254831599666309268
frobenius.rhs_to_half.coefficients[264]=63830644246395670110493831690409230023063704987402459825867190675617971692122408615869867207265941068887620793014243642092412
frobenius.rhs_to_half.coefficients[265]=57285630820062172335574195503842851686511815320282815826489290269142551708251990824728540688897174218992542867171756928849361
frobenius.rhs_to_half.coefficients[266]=62363247440749778256715086688404903787458351843586810133201259959439050322184910706669378848672474904704689487336911086639793
frobenius.rhs_to_half.coefficients[267]=4819979974130217250517036055854305664639239453974205692725986589180453588414275979241945653194522790625774031544172328726048
frobenius.rhs_to_half.coefficients[268]=7679336889638071787303300972677253570489797161677521629325857881776378735160055147793563680176458360573405468557278681648799
frobenius.rhs_to_half.coefficients[269]=88019430891905849190411581880795396226791581827589705975557095247089268121917006995139889026611235123675430259900940936434314
frobenius.rhs_to_half.coefficients[270]=50473057643096043677635666164951669034245992406132088655999105686965367075929992675067319117292963983679084091389588427931567
frobenius.rhs_to_half.coefficients[271]=13620439170686296212128582601191522538900174184461792294550100191657172322670521497623954508205979837225782837683400624953953
frobenius.rhs_to_half.coefficients[272]=60085318930927834358740982969924666612335665852296194843231060421675799372166698861720630007102796170564440118100150706817391
frobenius.rhs_to_half.coefficients[273]=57189893239584465200758810358170499995712381377436412787904183588793748444963392629903729753646535415335634428195839547147648
frobenius.rhs_to_half.coefficients[274]=27909599377471891799557408748829838528592183335146174882778037853430564240497650890472517703772017273348415154947749939987389
frobenius.rhs_to_half.coefficients[275]=4329908048410267438905866273896780594662329240266212595619526753509982907406095117492289651208759145974499459415878224771709
frobenius.rhs_to_half.coefficients[276]=61709689159363608031174587752356367183494915631214423157149975918623474715042760388895847362926594454853358390262820694549667
frobenius.rhs_to_half.coefficients[277]=19727538711948085746682046956908223577252039015421676628428047257212049783642364637786665156397708056927208617000806820069362
frobenius.rhs_to_half.coefficients[278]=10556622004706882540473107904632544300309441019300980649653424594791282145099420675098460643314252939904536918746656966272183
frobenius.rhs_to_half.coefficients[279]=55561842942809481553248077693746381697809541252908180168595140149190851492950157608869473059423091194731176092139363416053493
frobenius.rhs_to_half.coefficients[280]=44075690198301392802541939272918736429413364685472545924258582195890465630451845230627786306399473148547158392290555356341008
frobenius.rhs_to_half.coefficients[281]=22826683692911598209036767148090089488962851340969675628580410106947059546871389486230372982032276204168214012286821358076783
frobenius.rhs_to_half.coefficients[282]=65913490559723877108208986994476428378385902189366278388521540279916358263025862853978964350570041278554035628766347898407042
frobenius.rhs_to_half.coefficients[283]=14030892892335147085790438853422647827224064442855203106172562486063017118764725012729339757130170166742960917020094727086050
frobenius.rhs_to_half.coefficients[284]=42837274982634297577466349790344099345679767566498404328235922120161890730382792620774938445565475878890165430550493611506449
frobenius.rhs_to_half.coefficients[285]=19187359159177292059341394388773063433631931464223685075390953054088362482781407014977723936102327927929937156607115152962720
frobenius.rhs_to_half.coefficients[286]=52832380584630115087628682684533984041110600397424514344202275229882646782836834759656561825075465469628394245130189205626935
frobenius.rhs_to_half.coefficients[287]=95268735142739428438686757781610187902995926033358018547215938287250158836329279779822107980288002105330815198832656871954655
frobenius.rhs_to_half.coefficients[288]=21562948927931183888135201813300248302863996408622840746567660247991887493747796466790442396707711394966866210364887303232861
frobenius.rhs_to_half.coefficients[289]=12084113573822332672022945511783712803372520709949912124789626327309579937392188518146974559810244086429658330419937023608409
frobenius.rhs_to_half.coefficients[290]=52982065872175838846632897226155014304865437716037497619979371378936136922646654276323199045505480497000739124737468942545410
frobenius.rhs_to_half.coefficients[291]=92520727667872202912355235879040474753398464289736184141119679982526438367688238875325079979661095040483665811396140908692679
frobenius.rhs_to_half.coefficients[292]=34041252893710968929897684468083847423809233960684885920235241871860376920538312685696099310636601489232384581444036800867916
frobenius.rhs_to_half.coefficients[293]=70243162463209616864425971976591208381952935341208716600180968895332373732666279211655294008597572905192472470256505405030331
frobenius.rhs_to_half.coefficients[294]=83327175624637249973671140527773654940822558990307962850692423376524083067787915248970479200068284952796294200132902612771495
frobenius.rhs_to_half.coefficients[295]=48596234304564673883250769908002848502244161322405871629030495814074790223434668202747187776913045172382309473364105843060024
frobenius.rhs_to_half.coefficients[296]=99335228873957242667472080880246668309690934115916919330888608728378703711167795642590614832154676731650836815150342468521371
frobenius.rhs_to_half.coefficients[297]=47466877647693182571149591764675958862821988446010865621393995048472111172260190462159215998689817946136902376126393589554195
frobenius.rhs_to_half.coefficients[298]=39018773696366760686234922318447072021824982751904413048498014382938713348968998849453267649811758942017711642202661078082652
frobenius.rhs_to_half.coefficients[299]=31821064860438297018693624179789982388889320674567250024975338773389815281254738366515984040165273543489357654527759959169092
frobenius.rhs_to_half.coefficients[300]=57885749215037492276801894147244027381706511383641940051656457634899295957869657962995902099161274830948611922150507849820988
frobenius.rhs_to_half.coefficients[301]=4986190539313331467420231400898502235810285405202477802864663100863122944191081784975773577801270864315714453170225363789203
frobenius.rhs_to_half.coefficients[302]=20504778519790971206099849343481384168678837198962179641707287236296304534827054379358685539037542454499617635788316856195939
frobenius.rhs_to_half.coefficients[303]=95697218075519400584144430705836359617745299299796469243554426492879929250405223066078942660727041087825529649077026819917219
frobenius.rhs_to_half.coefficients[304]=90689635441844271230954482787587349771261423569926622921066296425076250390257688564907666121973116176044238445533729945973956
frobenius.rhs_to_half.coefficients[305]=80198672777007032982791087579514178387111625513276023648464633808192988401817162842037567187064442519760060710921721123006665
frobenius.rhs_to_half.coefficients[306]=25026458267502744375100269905255143730608465372095963745612512478999845341465036948659614830268521075877942804902729479410478
frobenius.rhs_to_half.coefficients[307]=43819662448720859399834730182282358329248457865480292090393778574664080658571539993080331603160459433961609998971624470196920
frobenius.rhs_to_half.coefficients[308]=51100654210211457721662010209422692341516158470757994103116585049515317727444976272772484726949382531011779550827822325644087
frobenius.rhs_to_half.coefficients[309]=90535953865062674537601708538155902076696482469649889669740194748448898882293618442959046622695301699906758598634609065318775
frobenius.rhs_to_half.coefficients[310]=50636497703035945529096487049401488352369516883945560689482870189392185985816776305505286103172410325108875503182485171458213
frobenius.rhs_to_half.coefficients[311]=17097534550458978704835002975848859935248788384964404686067031845360347003105677733555863227278577992569417127279674867381811
frobenius.rhs_to_half.coefficients[312]=21447261388292366040899430683373829152362607742376608269977406937985061042684005930243945573483265917698313964561445657933288
frobenius.rhs_to_half.coefficients[313]=21572824186076771238137560080596714314662706921553612206893257483662628038039225146045666189479968307960080649438162475393955
frobenius.rhs_to_half.coefficients[314]=4125461612989877123884457705920064419660919581785815148062703022930257703968912521508629605040558147572817727315501648139096
frobenius.rhs_to_half.coefficients[315]=44112261780486678908480144408038183891958892179672213668653525252559949746658872664214512016483953604129730913320706333964747
frobenius.rhs_to_half.coefficients[316]=34303458347685770413733754533120931720631744862680959580451561338906804921828568645983561366817422015130129710517959231564667
frobenius.rhs_to_half.coefficients[317]=43544011221555883067335873234732462311691813912175932644558207408222981676479892754253891717283555470959997516612120953036912
frobenius.rhs_to_half.coefficients[318]=27406829939704419048848160106863415169827917805243374610078821868544356182240715674064498827535027789839175879592178521916720
frobenius.rhs_to_half.coefficients[319]=5572866247393302504908703534077801385930894602188576431994871817106937249279654146949799093607707068515433669071337625722052
frobenius.rhs_to_half.coefficients[320]=23025919716374268449259123308892686827482288926579677671583780880786019661121943918431552844835203448312299968537138820408412
frobenius.rhs_to_half.coefficients[321]=85919541365922528129186557289036719670362873612052190030750268759376350613304605361855825210623173220176412891754374207048620
frobenius.rhs_to_half.coefficients[322]=12720064084139917099384864581446434535951255334610949454704687260766122608130796213036887674287760901194734457239857948443350
frobenius.rhs_to_half.coefficients[323]=1071983459864272809795781115489538532725302792241312838452934256740587340880766802058057095318260614628806765033315391488456
frobenius.rhs_to_half.coefficients[324]=52298278291961280848005271058113270328726175028214414598835199841473126929214325676884075877637393371974502974415070276543930
frobenius.rhs_to_half.coefficients[325]=24608533857560043749647312557634429272878153129178125542859882189377027167840755543939942678992608198386590595825974218681437
frobenius.rhs_to_half.coefficients[326]=81340441626646379068088878705629253533001478840169781717826034146460700581489080510679003972889144299398362635914732557275503
frobenius.rhs_to_half.coefficients[327]=62218632055370488267584803610419391358212410964055407985661572673072259972903986080828268315398143835663958499554523889514501
frobenius.rhs_to_half.coefficients[328]=52065503175560027202867275310997788179918018003407576330056031101695509420717971887249297424126676494942810271508877221750712
frobenius.rhs_to_half.coefficients[329]=39529170363900660476250572500002728020462954142696041366330514322270044446531002302001367364935980589520834996206751921741502
frobenius.rhs_to_half.coefficients[330]=25928066066618301741433356224818334110723069607135505468002810319761644112506123467042500061271732404473765985959161292664168
frobenius.rhs_to_half.coefficients[331]=26952813964707564175630461537816928159545126731272097036769335583645378642696173266699422782988996246887070415212331400315704
frobenius.rhs_to_half.coefficients[332]=94098203387334939478365231875956120978968524571114250024054896189224065561897707640001495881260105965004443433515968399602703
frobenius.rhs_to_half.coefficients[333]=17087750960366643125556340878731694667779086416020020982321891095083414528899304366895729465676933943528724572752853634834220
frobenius.rhs_to_half.coefficients[334]=10775754496714913281520060326908080840669592829513967327204543758873572648711872688103049883244078174198354485679269782936743
frobenius.rhs_to_half.coefficients[335]=91072047083895020731081283201586641542745111702238007505103163323659466998849510190795115869864639406186180480855565799203836
frobenius.rhs_to_half.coefficients[336]=50105995623920031254249440916191081857571271591133955970210936084391381409723781363492916889957383811742102953536466997244962
frobenius.rhs_to_half.coefficients[337]=37395868456054142031767460821548562651932108873284190705600579152751011213114159069305611812670904732528825932716597916101687
frobenius.rhs_to_half.coefficients[338]=41094013655404066734396187533254568977085678470366911471795193428003705174945626621112597878766977281961858755140805787461612
frobenius.rhs_to_half.coefficients[339]=83164805004558750708861764340961113730624380714965376707776673053394264005180578874247952352570272923142141620673158385314705
frobenius.rhs_to_half.coefficients[340]=3501375711575248568858873383589188364710264955127330235994748945664995060079362292324250148242767422809251980220778193375076
frobenius.rhs_to_half.coefficients[341]=76139753649268376361737887124890266211024887602700697656503296997282613985074490103290509548152264492394109481801909895352385
frobenius.rhs_to_half.coefficients[342]=94239794310911884020163178270287140263230313121588111748801386961810023048521350294235037775669818372827490009691849371797242
frobenius.rhs_to_half.coefficients[343]=89861426104812168523232207256296035054067512195191692334601506029774868700068285075854618717362427947111898532356054253179310
frobenius.rhs_to_half.coefficients[344]=23680281059012744023537883944757127331389097997063681793514743375122558127778622969897075208011835023715137335955835723336382
frobenius.rhs_to_half.coefficients[345]=80577044822765046244007603341549992015643609671567070052139144751133557013669735141301477651440637736532113696090574157161013
frobenius.rhs_to_half.coefficients[346]=51949969439296842027635228885044859322450105682451728761875074213089325935224359914017013372871626684354076897521662231130067
frobenius.rhs_to_half.coefficients[347]=44243004400911767757363991617441420055158760454991467358459212000312337596420015565103904103939208642218002474448048659289455
frobenius.rhs_to_half.coefficients[348]=63437414740386153365420397885908583808566970052723728272615587519903203142822211861503439038959388684238926664362023529571851
frobenius.rhs_to_half.coefficients[349]=99595416686940440021152799804949443150722240509807293794304985043804791919844951086057410951713698062907155164112704034002829
frobenius.rhs_to_half.coefficients[350]=56952989008442725081560935263238208410255842947355027653986947101345029778378038750386379205343848025249481907690831807519460
frobenius.rhs_to_half.coefficients[351]=5211598071386382209077792162092317528623958320478642607192334248845707285650275317343706030075531609316412493898189638777116
frobenius.rhs_to_half.coefficients[352]=91191297822873467873627095428924506494397540399353033066497292899240008399780518499609494198528030062275300703063472551593389
frobenius.rhs_to_half.coefficients[353]=33837170153752078196232927614976744296076700648066388896673566629670114240264677617411002030911588195240288504832551776650600
frobenius.rhs_to_half.coefficients[354]=77973119305232621954609241239479797206722833054889069820379467170825355098638503492341513739293400415837509362028967551256149
frobenius.rhs_to_half.coefficients[355]=17633782020484890651743525578495579142238131703622906431751732840376266896850422993150870170107785790892830880570030345794049
frobenius.rhs_to_half.coefficients[356]=71509964365810672106059992950002827841411577933595146684185883159783696516739317733613816949187809501231676505509441153865025
frobenius.rhs_to_half.coefficients[357]=69232833530550070041741992287668681920691885448333901992818140922337437913925808976255727679136015436427385506799511981025426
frobenius.rhs_to_half.coefficients[358]=79957821278779381116671050158539580771971343645480793058279895978569597434560991017959602196461816375953057772050148877833938
frobenius.rhs_to_half.coefficients[359]=29405487218225259059539484437122788346888124591854366095633077818233593975564519523150113212975456307397105095104895906476941
frobenius.rhs_to_half.coefficients[360]=24339500419142195721924002529299339451207641951630468352176636076399762676741037220493592311262439712838200635339057753483813
frobenius.rhs_to_half.coefficients[361]=64903445494907430877212861150846549351851542951164402653852575597330801036414315582798507629928605564448431385310611031825076
frobenius.rhs_to_half.coefficients[362]=53548718973551568081268430037284710859606328234758154088095040280394726554868386643463879173757490781309054839756997019474075
frobenius.rhs_to_half.coefficients[363]=42048813654964660461050280590038681403866963043028606055593789197224727129396998570296779845939291418988569165558189592744639
frobenius.rhs_to_half.coefficients[364]=39010086758379136162648437787513577494668324991085867893714301778945542877098522809551540756758670893398899568758888502050021
frobenius.rhs_to_half.coefficients[365]=67922579757904083577951360107672813307986969589542422185346834892932242086087334761151858248908610515572827229723420640111401
frobenius.rhs_to_half.coefficients[366]=46288777034714419575788091528848662890553567426663917165528959362172004183449443657096828404278948928919650331508684687017681
frobenius.rhs_to_half.coefficients[367]=1478013686080004762260602923430104096542460468691350144397814548994451622025261262299807147204133901420151613158566531927982
frobenius.rhs_to_half.coefficients[368]=47655174960667466453115336636893679914865161137199109908723590249581370629848251042549964887074608914998836523391981384741559
frobenius.rhs_to_half.coefficients[369]=5939089055809052972256759830250723909411082352884082837109552181121175371135495931282144805660454607856298634398769687141415
frobenius.rhs_to_half.coefficients[370]=88539686389143331505129155300723384562795280056922984121057772732158224318506682130968167345803058446719882364599485612316014
frobenius.rhs_to_half.coefficients[371]=76293161371784576434677173138451560542971411777965008947135030196327884014655963900447242480919423034661368361795852093322432
frobenius.rhs_to_half.coefficients[372]=60164817033377456242339037001033167266713132822460048951253250734403815216513530871532528631356509875556550353493502505119618
frobenius.rhs_to_half.coefficients[373]=1060690093242508431346550059523690872265863924840485943884257322737453279568115473341964031598070270881262043224340672601005
frobenius.rhs_to_half.coefficients[374]=38383926377475891461665742593040884370221933058631799107001487131713661530135672443681733679974918639419725695992523668715767
frobenius.rhs_to_half.coefficients[375]=89438238411912285755855580697171865972484644654998271139103646137835824062342697301409337075444440414870961634071934352832635
frobenius.rhs_to_half.coefficients[376]=41754546211848773457092396496087187614588175335923191406281298393924471873654290705297412131558222090330334744426904529818340
frobenius.rhs_to_half.coefficients[377]=26209080573317461998099843178569136286998826528672039922965507711967751767809283861925560594373992689301550051105540779126299
frobenius.rhs_to_half.coefficients[378]=46530210876136174652800763015851252882485082366139199482966793626949477281661086358622446602388714726504654391870089114836552
frobenius.rhs_to_half.coefficients[379]=12482377618182474524734939666858719979873448678820113032723814286556913944750174827300185886972899377425980559418810862510184
frobenius.rhs_to_half.coefficients[380]=51845321175865621019830266575829531629274474859622292382933425454973680673725783799487905707711475430739521807382071365473963
frobenius.rhs_to_half.coefficients[381]=63592863504897721430906922807474368900489290764217899127990502336631161735880576186034227928641759984879314946147677131544170
frobenius.rhs_to_half.coefficients[382]=48200173465161256440452031979056904302350040865794228642266411903358604675130880017843987157973541833790070384835261566460547
frobenius.rhs_to_half.coefficients[383]=68539239468651448967430944722050614708943154828441595920047887493258360983533454763302940746566766292940706908989565648725198
frobenius.rhs_to_half.coefficients[384]=83020807775346093994754474711612194274582986003441428850019351181186514578740099410660752187030665427179143515155866887681477
frobenius.rhs_to_half.coefficients[385]=20264354084936845251006218488571434059091877502252954083089312744284490066683379189621802372636347551579938707257741814977964
frobenius.rhs_to_half.coefficients[386]=36567028073612758931941715930518676781508156299444645365972070835582523980789483685376105478319984129387410680203762685075012
frobenius.rhs_to_half.coefficients[387]=67242148655607169529416348955820902295231571543375358147703583933268082584297187799834086578625699930472161239640822149710570
frobenius.rhs_to_half.coefficients[388]=50169673646637449733889758870201820022220701724455858870689636184008996049898283944292281078785603188612800720189430489893611
frobenius.rhs_to_half.coefficients[389]=61384883477420036552488470651537761565883671078645366417622118782704662552852284233478112259655095221462664677289291958422545
frobenius.rhs_to_half.coefficients[390]=55187142788038547271019315617847550739110235948602315366629834316718598342580461351857314445649210030432839369897602322039228
frobenius.rhs_to_half.coefficients[391]=60465321630517273627242929962164320635182987622190988732827716048570443082278908168273856052126651868863451665773507389374035
frobenius.rhs_to_half.coefficients[392]=66894751859433526063875735223500236410520628935670202235821336873950864765130763900055899730719387519075790224819287612823332
frobenius.rhs_to_half.coefficients[393]=22215837252800221777257684121826432958710780115284808047663674013334360830604443670173996473309033480276019069257816231709417
frobenius.rhs_to_half.coefficients[394]=31619703481062377823108916892137508881511075301376253866358611972277497679689036722569664372896251100221277439030401180700224
frobenius.rhs_to_half.coefficients[395]=45689113292812346197764054089189930667708508335256487944683952807454912146614601217557748878669260617504124159063089619602696
frobenius.rhs_to_half.coefficients[396]=63466942037499179033971489768957462971312600225350836068500657181611125886601864750465998742579352603702093252352520987816221
frobenius.rhs_to_half.coefficients[397]=6418612795322932447774543359173003253047297380903085370857956914944478263234592619420244743358914190514149673044704974850794
frobenius.rhs_to_half.coefficients[398]=52535484086366838315426533782745355818731875445295127237664073428030245811034370199087368552291028678291631621746873791542176
frobenius.rhs_to_half.coefficients[399]=47329597876151770936937381297216760205422295573548755441162079244226888819582093101595870212734316959057283928565318610832162
frobenius.rhs_to_half.coefficients[400]=66475406286152769803337114871000566529270922301062251806979610317047788068056212708777509850144456458131919738075987229560805
